"Model","Panel","Trait","CV","Repetition","Fold","PA"
"M2","genome-wide","DTF","CV0","1","1",0.51995
"M3","genome-wide","DTF","CV0","1","1",0.5193
"M2","haplotype-tagged","DTF","CV0","1","1",0.51565
"M3","haplotype-tagged","DTF","CV0","1","1",0.5156
"M2","genome-wide","DTM","CV0","1","1",0.3393
"M3","genome-wide","DTM","CV0","1","1",0.33705
"M2","haplotype-tagged","DTM","CV0","1","1",0.33695
"M3","haplotype-tagged","DTM","CV0","1","1",0.33925
"M2","genome-wide","HSW","CV0","1","1",0.67475
"M3","genome-wide","HSW","CV0","1","1",0.67555
"M2","haplotype-tagged","HSW","CV0","1","1",0.67765
"M3","haplotype-tagged","HSW","CV0","1","1",0.6789
"M2","genome-wide","PH","CV0","1","1",0.5976
"M3","genome-wide","PH","CV0","1","1",0.59955
"M2","haplotype-tagged","PH","CV0","1","1",0.6009
"M3","haplotype-tagged","PH","CV0","1","1",0.5954
"M2","genome-wide","PPP","CV0","1","1",0.14195
"M3","genome-wide","PPP","CV0","1","1",0.11985
"M2","haplotype-tagged","PPP","CV0","1","1",0.10615
"M3","haplotype-tagged","PPP","CV0","1","1",0.09735
"M2","genome-wide","YPPlnt","CV0","1","1",0.18845
"M3","genome-wide","YPPlnt","CV0","1","1",0.17775
"M2","haplotype-tagged","YPPlnt","CV0","1","1",0.1688
"M3","haplotype-tagged","YPPlnt","CV0","1","1",0.1615
"M2","genome-wide","DTF","CV00","1","1",0.30655
"M3","genome-wide","DTF","CV00","1","1",0.2757
"M2","haplotype-tagged","DTF","CV00","1","1",0.09225
"M3","haplotype-tagged","DTF","CV00","1","1",0.08615
"M2","genome-wide","DTM","CV00","1","1",0.159
"M3","genome-wide","DTM","CV00","1","1",0.1394
"M2","haplotype-tagged","DTM","CV00","1","1",0.1254
"M3","haplotype-tagged","DTM","CV00","1","1",0.01705
"M2","genome-wide","HSW","CV00","1","1",0.6671
"M3","genome-wide","HSW","CV00","1","1",0.67595
"M2","haplotype-tagged","HSW","CV00","1","1",0.5196
"M3","haplotype-tagged","HSW","CV00","1","1",0.4788
"M2","genome-wide","PH","CV00","1","1",0.46785
"M3","genome-wide","PH","CV00","1","1",0.45215
"M2","haplotype-tagged","PH","CV00","1","1",0.4251
"M3","haplotype-tagged","PH","CV00","1","1",0.52065
"M2","genome-wide","PPP","CV00","1","1",0.23715
"M3","genome-wide","PPP","CV00","1","1",0.2218
"M2","haplotype-tagged","PPP","CV00","1","1",0.2551
"M3","haplotype-tagged","PPP","CV00","1","1",0.2077
"M2","genome-wide","YPPlnt","CV00","1","1",0.16075
"M3","genome-wide","YPPlnt","CV00","1","1",0.151
"M2","haplotype-tagged","YPPlnt","CV00","1","1",0.11965
"M3","haplotype-tagged","YPPlnt","CV00","1","1",0.1848
"M2","genome-wide","DTF","CV1","1","1",0.471711111111111
"M3","genome-wide","DTF","CV1","1","1",0.417333333333333
"M2","haplotype-tagged","DTF","CV1","1","1",0.350811111111111
"M3","haplotype-tagged","DTF","CV1","1","1",0.275888888888889
"M2","genome-wide","DTM","CV1","1","1",0.355688888888889
"M3","genome-wide","DTM","CV1","1","1",0.351633333333333
"M2","haplotype-tagged","DTM","CV1","1","1",0.327311111111111
"M3","haplotype-tagged","DTM","CV1","1","1",0.284888888888889
"M2","genome-wide","HSW","CV1","1","1",0.612155555555556
"M3","genome-wide","HSW","CV1","1","1",0.589133333333333
"M2","haplotype-tagged","HSW","CV1","1","1",0.561377777777778
"M3","haplotype-tagged","HSW","CV1","1","1",0.577611111111111
"M2","genome-wide","PH","CV1","1","1",0.462255555555556
"M3","genome-wide","PH","CV1","1","1",0.460888888888889
"M2","haplotype-tagged","PH","CV1","1","1",0.474322222222222
"M3","haplotype-tagged","PH","CV1","1","1",0.466711111111111
"M2","genome-wide","PPP","CV1","1","1",0.180588888888889
"M3","genome-wide","PPP","CV1","1","1",0.143511111111111
"M2","haplotype-tagged","PPP","CV1","1","1",0.148766666666667
"M3","haplotype-tagged","PPP","CV1","1","1",0.0648666666666667
"M2","genome-wide","YPPlnt","CV1","1","1",0.0733888888888889
"M3","genome-wide","YPPlnt","CV1","1","1",0.0751888888888889
"M2","haplotype-tagged","YPPlnt","CV1","1","1",0.123922222222222
"M3","haplotype-tagged","YPPlnt","CV1","1","1",0.0589444444444444
"M2","genome-wide","DTF","CV2","1","1",0.633044444444445
"M3","genome-wide","DTF","CV2","1","1",0.586155555555556
"M2","haplotype-tagged","DTF","CV2","1","1",0.617988888888889
"M3","haplotype-tagged","DTF","CV2","1","1",0.621544444444444
"M2","genome-wide","DTM","CV2","1","1",0.460822222222222
"M3","genome-wide","DTM","CV2","1","1",0.460177777777778
"M2","haplotype-tagged","DTM","CV2","1","1",0.4382
"M3","haplotype-tagged","DTM","CV2","1","1",0.455422222222222
"M2","genome-wide","HSW","CV2","1","1",0.809433333333333
"M3","genome-wide","HSW","CV2","1","1",0.789166666666667
"M2","haplotype-tagged","HSW","CV2","1","1",0.803466666666667
"M3","haplotype-tagged","HSW","CV2","1","1",0.795788888888889
"M2","genome-wide","PH","CV2","1","1",0.631677777777778
"M3","genome-wide","PH","CV2","1","1",0.625
"M2","haplotype-tagged","PH","CV2","1","1",0.623133333333333
"M3","haplotype-tagged","PH","CV2","1","1",0.624433333333333
"M2","genome-wide","PPP","CV2","1","1",0.198188888888889
"M3","genome-wide","PPP","CV2","1","1",0.216955555555556
"M2","haplotype-tagged","PPP","CV2","1","1",0.157022222222222
"M3","haplotype-tagged","PPP","CV2","1","1",0.191955555555556
"M2","genome-wide","YPPlnt","CV2","1","1",0.122933333333333
"M3","genome-wide","YPPlnt","CV2","1","1",0.0999555555555556
"M2","haplotype-tagged","YPPlnt","CV2","1","1",0.0895666666666667
"M3","haplotype-tagged","YPPlnt","CV2","1","1",0.0884888888888889
"M2","genome-wide","DTF","CV0","2","1",0.68995
"M3","genome-wide","DTF","CV0","2","1",0.6702
"M2","haplotype-tagged","DTF","CV0","2","1",0.67995
"M3","haplotype-tagged","DTF","CV0","2","1",0.6827
"M2","genome-wide","DTM","CV0","2","1",0.52115
"M3","genome-wide","DTM","CV0","2","1",0.5092
"M2","haplotype-tagged","DTM","CV0","2","1",0.49685
"M3","haplotype-tagged","DTM","CV0","2","1",0.48945
"M2","genome-wide","HSW","CV0","2","1",0.8065
"M3","genome-wide","HSW","CV0","2","1",0.80565
"M2","haplotype-tagged","HSW","CV0","2","1",0.8034
"M3","haplotype-tagged","HSW","CV0","2","1",0.8024
"M2","genome-wide","PH","CV0","2","1",0.6531
"M3","genome-wide","PH","CV0","2","1",0.6506
"M2","haplotype-tagged","PH","CV0","2","1",0.64825
"M3","haplotype-tagged","PH","CV0","2","1",0.64235
"M2","genome-wide","PPP","CV0","2","1",0.24825
"M3","genome-wide","PPP","CV0","2","1",0.21985
"M2","haplotype-tagged","PPP","CV0","2","1",0.22125
"M3","haplotype-tagged","PPP","CV0","2","1",0.19985
"M2","genome-wide","YPPlnt","CV0","2","1",0.1578
"M3","genome-wide","YPPlnt","CV0","2","1",0.16295
"M2","haplotype-tagged","YPPlnt","CV0","2","1",0.1588
"M3","haplotype-tagged","YPPlnt","CV0","2","1",0.15985
"M2","genome-wide","DTF","CV00","2","1",0.3388
"M3","genome-wide","DTF","CV00","2","1",0.3517
"M2","haplotype-tagged","DTF","CV00","2","1",0.1893
"M3","haplotype-tagged","DTF","CV00","2","1",0.1102
"M2","genome-wide","DTM","CV00","2","1",0.425
"M3","genome-wide","DTM","CV00","2","1",0.3795
"M2","haplotype-tagged","DTM","CV00","2","1",0.3627
"M3","haplotype-tagged","DTM","CV00","2","1",0.31325
"M2","genome-wide","HSW","CV00","2","1",0.49495
"M3","genome-wide","HSW","CV00","2","1",0.51235
"M2","haplotype-tagged","HSW","CV00","2","1",0.36345
"M3","haplotype-tagged","HSW","CV00","2","1",0.32885
"M2","genome-wide","PH","CV00","2","1",-0.00735
"M3","genome-wide","PH","CV00","2","1",-0.0243
"M2","haplotype-tagged","PH","CV00","2","1",0.02355
"M3","haplotype-tagged","PH","CV00","2","1",0.05075
"M2","genome-wide","PPP","CV00","2","1",0.0729
"M3","genome-wide","PPP","CV00","2","1",0.0867
"M2","haplotype-tagged","PPP","CV00","2","1",0.13955
"M3","haplotype-tagged","PPP","CV00","2","1",0.0519
"M2","genome-wide","YPPlnt","CV00","2","1",-0.15905
"M3","genome-wide","YPPlnt","CV00","2","1",-0.1843
"M2","haplotype-tagged","YPPlnt","CV00","2","1",-0.19445
"M3","haplotype-tagged","YPPlnt","CV00","2","1",-0.09195
"M2","genome-wide","DTF","CV1","2","1",0.506677777777778
"M3","genome-wide","DTF","CV1","2","1",0.468233333333333
"M2","haplotype-tagged","DTF","CV1","2","1",0.308944444444444
"M3","haplotype-tagged","DTF","CV1","2","1",0.340933333333333
"M2","genome-wide","DTM","CV1","2","1",0.339333333333333
"M3","genome-wide","DTM","CV1","2","1",0.340155555555556
"M2","haplotype-tagged","DTM","CV1","2","1",0.264411111111111
"M3","haplotype-tagged","DTM","CV1","2","1",0.233544444444444
"M2","genome-wide","HSW","CV1","2","1",0.702477777777778
"M3","genome-wide","HSW","CV1","2","1",0.692433333333333
"M2","haplotype-tagged","HSW","CV1","2","1",0.665177777777778
"M3","haplotype-tagged","HSW","CV1","2","1",0.630022222222222
"M2","genome-wide","PH","CV1","2","1",0.506788888888889
"M3","genome-wide","PH","CV1","2","1",0.520166666666667
"M2","haplotype-tagged","PH","CV1","2","1",0.4846
"M3","haplotype-tagged","PH","CV1","2","1",0.459677777777778
"M2","genome-wide","PPP","CV1","2","1",0.230377777777778
"M3","genome-wide","PPP","CV1","2","1",0.2716
"M2","haplotype-tagged","PPP","CV1","2","1",0.150477777777778
"M3","haplotype-tagged","PPP","CV1","2","1",0.216255555555556
"M2","genome-wide","YPPlnt","CV1","2","1",0.161533333333333
"M3","genome-wide","YPPlnt","CV1","2","1",0.141333333333333
"M2","haplotype-tagged","YPPlnt","CV1","2","1",0.173577777777778
"M3","haplotype-tagged","YPPlnt","CV1","2","1",0.119055555555556
"M2","genome-wide","DTF","CV2","2","1",0.5992
"M3","genome-wide","DTF","CV2","2","1",0.5786
"M2","haplotype-tagged","DTF","CV2","2","1",0.589077777777778
"M3","haplotype-tagged","DTF","CV2","2","1",0.578555555555556
"M2","genome-wide","DTM","CV2","2","1",0.515655555555556
"M3","genome-wide","DTM","CV2","2","1",0.501844444444444
"M2","haplotype-tagged","DTM","CV2","2","1",0.499666666666667
"M3","haplotype-tagged","DTM","CV2","2","1",0.505955555555556
"M2","genome-wide","HSW","CV2","2","1",0.7564
"M3","genome-wide","HSW","CV2","2","1",0.751644444444444
"M2","haplotype-tagged","HSW","CV2","2","1",0.753188888888889
"M3","haplotype-tagged","HSW","CV2","2","1",0.754766666666667
"M2","genome-wide","PH","CV2","2","1",0.618633333333333
"M3","genome-wide","PH","CV2","2","1",0.623311111111111
"M2","haplotype-tagged","PH","CV2","2","1",0.6009
"M3","haplotype-tagged","PH","CV2","2","1",0.619133333333333
"M2","genome-wide","PPP","CV2","2","1",0.274022222222222
"M3","genome-wide","PPP","CV2","2","1",0.182733333333333
"M2","haplotype-tagged","PPP","CV2","2","1",0.221922222222222
"M3","haplotype-tagged","PPP","CV2","2","1",0.195388888888889
"M2","genome-wide","YPPlnt","CV2","2","1",0.154044444444444
"M3","genome-wide","YPPlnt","CV2","2","1",0.144133333333333
"M2","haplotype-tagged","YPPlnt","CV2","2","1",0.125522222222222
"M3","haplotype-tagged","YPPlnt","CV2","2","1",0.103844444444444
"M2","genome-wide","DTF","CV0","3","1",0.6452
"M3","genome-wide","DTF","CV0","3","1",0.64405
"M2","haplotype-tagged","DTF","CV0","3","1",0.64185
"M3","haplotype-tagged","DTF","CV0","3","1",0.63825
"M2","genome-wide","DTM","CV0","3","1",0.52755
"M3","genome-wide","DTM","CV0","3","1",0.53315
"M2","haplotype-tagged","DTM","CV0","3","1",0.535
"M3","haplotype-tagged","DTM","CV0","3","1",0.52685
"M2","genome-wide","HSW","CV0","3","1",0.7269
"M3","genome-wide","HSW","CV0","3","1",0.7269
"M2","haplotype-tagged","HSW","CV0","3","1",0.72575
"M3","haplotype-tagged","HSW","CV0","3","1",0.72455
"M2","genome-wide","PH","CV0","3","1",0.7151
"M3","genome-wide","PH","CV0","3","1",0.71425
"M2","haplotype-tagged","PH","CV0","3","1",0.70785
"M3","haplotype-tagged","PH","CV0","3","1",0.70675
"M2","genome-wide","PPP","CV0","3","1",0.32665
"M3","genome-wide","PPP","CV0","3","1",0.28325
"M2","haplotype-tagged","PPP","CV0","3","1",0.2733
"M3","haplotype-tagged","PPP","CV0","3","1",0.2623
"M2","genome-wide","YPPlnt","CV0","3","1",0.1279
"M3","genome-wide","YPPlnt","CV0","3","1",0.1299
"M2","haplotype-tagged","YPPlnt","CV0","3","1",0.11155
"M3","haplotype-tagged","YPPlnt","CV0","3","1",0.10865
"M2","genome-wide","DTF","CV00","3","1",0.28585
"M3","genome-wide","DTF","CV00","3","1",0.2645
"M2","haplotype-tagged","DTF","CV00","3","1",0.2136
"M3","haplotype-tagged","DTF","CV00","3","1",0.28845
"M2","genome-wide","DTM","CV00","3","1",0.27245
"M3","genome-wide","DTM","CV00","3","1",0.30155
"M2","haplotype-tagged","DTM","CV00","3","1",0.16125
"M3","haplotype-tagged","DTM","CV00","3","1",0.08445
"M2","genome-wide","HSW","CV00","3","1",0.6667
"M3","genome-wide","HSW","CV00","3","1",0.66585
"M2","haplotype-tagged","HSW","CV00","3","1",0.6219
"M3","haplotype-tagged","HSW","CV00","3","1",0.6626
"M2","genome-wide","PH","CV00","3","1",0.45475
"M3","genome-wide","PH","CV00","3","1",0.4714
"M2","haplotype-tagged","PH","CV00","3","1",0.387
"M3","haplotype-tagged","PH","CV00","3","1",0.3997
"M2","genome-wide","PPP","CV00","3","1",0.30695
"M3","genome-wide","PPP","CV00","3","1",0.2952
"M2","haplotype-tagged","PPP","CV00","3","1",0.26965
"M3","haplotype-tagged","PPP","CV00","3","1",0.1667
"M2","genome-wide","YPPlnt","CV00","3","1",0.0822
"M3","genome-wide","YPPlnt","CV00","3","1",0.00165
"M2","haplotype-tagged","YPPlnt","CV00","3","1",0.20195
"M3","haplotype-tagged","YPPlnt","CV00","3","1",0.1564
"M2","genome-wide","DTF","CV1","3","1",0.479955555555556
"M3","genome-wide","DTF","CV1","3","1",0.493177777777778
"M2","haplotype-tagged","DTF","CV1","3","1",0.401322222222222
"M3","haplotype-tagged","DTF","CV1","3","1",0.355722222222222
"M2","genome-wide","DTM","CV1","3","1",0.353
"M3","genome-wide","DTM","CV1","3","1",0.340444444444444
"M2","haplotype-tagged","DTM","CV1","3","1",0.248022222222222
"M3","haplotype-tagged","DTM","CV1","3","1",0.223711111111111
"M2","genome-wide","HSW","CV1","3","1",0.560111111111111
"M3","genome-wide","HSW","CV1","3","1",0.569622222222222
"M2","haplotype-tagged","HSW","CV1","3","1",0.373455555555556
"M3","haplotype-tagged","HSW","CV1","3","1",0.376711111111111
"M2","genome-wide","PH","CV1","3","1",0.450055555555556
"M3","genome-wide","PH","CV1","3","1",0.447577777777778
"M2","haplotype-tagged","PH","CV1","3","1",0.446422222222222
"M3","haplotype-tagged","PH","CV1","3","1",0.455122222222222
"M2","genome-wide","PPP","CV1","3","1",0.171422222222222
"M3","genome-wide","PPP","CV1","3","1",0.182311111111111
"M2","haplotype-tagged","PPP","CV1","3","1",0.134755555555556
"M3","haplotype-tagged","PPP","CV1","3","1",0.159511111111111
"M2","genome-wide","YPPlnt","CV1","3","1",0.122055555555556
"M3","genome-wide","YPPlnt","CV1","3","1",0.125622222222222
"M2","haplotype-tagged","YPPlnt","CV1","3","1",0.0994777777777778
"M3","haplotype-tagged","YPPlnt","CV1","3","1",0.00207777777777778
"M2","genome-wide","DTF","CV2","3","1",0.592066666666667
"M3","genome-wide","DTF","CV2","3","1",0.5716
"M2","haplotype-tagged","DTF","CV2","3","1",0.585933333333333
"M3","haplotype-tagged","DTF","CV2","3","1",0.583277777777778
"M2","genome-wide","DTM","CV2","3","1",0.5173
"M3","genome-wide","DTM","CV2","3","1",0.494733333333333
"M2","haplotype-tagged","DTM","CV2","3","1",0.509688888888889
"M3","haplotype-tagged","DTM","CV2","3","1",0.514288888888889
"M2","genome-wide","HSW","CV2","3","1",0.725755555555555
"M3","genome-wide","HSW","CV2","3","1",0.722844444444444
"M2","haplotype-tagged","HSW","CV2","3","1",0.722166666666667
"M3","haplotype-tagged","HSW","CV2","3","1",0.723244444444444
"M2","genome-wide","PH","CV2","3","1",0.504177777777778
"M3","genome-wide","PH","CV2","3","1",0.492788888888889
"M2","haplotype-tagged","PH","CV2","3","1",0.492922222222222
"M3","haplotype-tagged","PH","CV2","3","1",0.494922222222222
"M2","genome-wide","PPP","CV2","3","1",0.100333333333333
"M3","genome-wide","PPP","CV2","3","1",0.129066666666667
"M2","haplotype-tagged","PPP","CV2","3","1",0.0587333333333333
"M3","haplotype-tagged","PPP","CV2","3","1",0.106433333333333
"M2","genome-wide","YPPlnt","CV2","3","1",0.1123
"M3","genome-wide","YPPlnt","CV2","3","1",0.0625111111111111
"M2","haplotype-tagged","YPPlnt","CV2","3","1",0.0880555555555556
"M3","haplotype-tagged","YPPlnt","CV2","3","1",0.0495888888888889
"M2","genome-wide","DTF","CV0","4","1",0.59465
"M3","genome-wide","DTF","CV0","4","1",0.59565
"M2","haplotype-tagged","DTF","CV0","4","1",0.5971
"M3","haplotype-tagged","DTF","CV0","4","1",0.599
"M2","genome-wide","DTM","CV0","4","1",0.49635
"M3","genome-wide","DTM","CV0","4","1",0.49865
"M2","haplotype-tagged","DTM","CV0","4","1",0.5004
"M3","haplotype-tagged","DTM","CV0","4","1",0.48985
"M2","genome-wide","HSW","CV0","4","1",0.7092
"M3","genome-wide","HSW","CV0","4","1",0.71115
"M2","haplotype-tagged","HSW","CV0","4","1",0.7072
"M3","haplotype-tagged","HSW","CV0","4","1",0.70805
"M2","genome-wide","PH","CV0","4","1",0.6981
"M3","genome-wide","PH","CV0","4","1",0.69555
"M2","haplotype-tagged","PH","CV0","4","1",0.6903
"M3","haplotype-tagged","PH","CV0","4","1",0.6867
"M2","genome-wide","PPP","CV0","4","1",0.15755
"M3","genome-wide","PPP","CV0","4","1",0.1337
"M2","haplotype-tagged","PPP","CV0","4","1",0.12765
"M3","haplotype-tagged","PPP","CV0","4","1",0.11445
"M2","genome-wide","YPPlnt","CV0","4","1",0.242
"M3","genome-wide","YPPlnt","CV0","4","1",0.2205
"M2","haplotype-tagged","YPPlnt","CV0","4","1",0.22305
"M3","haplotype-tagged","YPPlnt","CV0","4","1",0.20415
"M2","genome-wide","DTF","CV00","4","1",0.3454
"M3","genome-wide","DTF","CV00","4","1",0.35905
"M2","haplotype-tagged","DTF","CV00","4","1",0.2724
"M3","haplotype-tagged","DTF","CV00","4","1",0.37095
"M2","genome-wide","DTM","CV00","4","1",0.2951
"M3","genome-wide","DTM","CV00","4","1",0.33175
"M2","haplotype-tagged","DTM","CV00","4","1",0.1411
"M3","haplotype-tagged","DTM","CV00","4","1",-0.0023
"M2","genome-wide","HSW","CV00","4","1",0.29005
"M3","genome-wide","HSW","CV00","4","1",0.2658
"M2","haplotype-tagged","HSW","CV00","4","1",0.2265
"M3","haplotype-tagged","HSW","CV00","4","1",0.2425
"M2","genome-wide","PH","CV00","4","1",0.4903
"M3","genome-wide","PH","CV00","4","1",0.47765
"M2","haplotype-tagged","PH","CV00","4","1",0.45225
"M3","haplotype-tagged","PH","CV00","4","1",0.4142
"M2","genome-wide","PPP","CV00","4","1",0.0627
"M3","genome-wide","PPP","CV00","4","1",0.0525
"M2","haplotype-tagged","PPP","CV00","4","1",0.07195
"M3","haplotype-tagged","PPP","CV00","4","1",-5e-04
"M2","genome-wide","YPPlnt","CV00","4","1",0.09995
"M3","genome-wide","YPPlnt","CV00","4","1",0.1034
"M2","haplotype-tagged","YPPlnt","CV00","4","1",0.1956
"M3","haplotype-tagged","YPPlnt","CV00","4","1",-0.0524
"M2","genome-wide","DTF","CV1","4","1",0.461522222222222
"M3","genome-wide","DTF","CV1","4","1",0.450988888888889
"M2","haplotype-tagged","DTF","CV1","4","1",0.286255555555556
"M3","haplotype-tagged","DTF","CV1","4","1",0.253333333333333
"M2","genome-wide","DTM","CV1","4","1",0.442755555555556
"M3","genome-wide","DTM","CV1","4","1",0.4394
"M2","haplotype-tagged","DTM","CV1","4","1",0.355077777777778
"M3","haplotype-tagged","DTM","CV1","4","1",0.253888888888889
"M2","genome-wide","HSW","CV1","4","1",0.549944444444444
"M3","genome-wide","HSW","CV1","4","1",0.5497
"M2","haplotype-tagged","HSW","CV1","4","1",0.525288888888889
"M3","haplotype-tagged","HSW","CV1","4","1",0.539544444444444
"M2","genome-wide","PH","CV1","4","1",0.446711111111111
"M3","genome-wide","PH","CV1","4","1",0.442588888888889
"M2","haplotype-tagged","PH","CV1","4","1",0.520411111111111
"M3","haplotype-tagged","PH","CV1","4","1",0.460877777777778
"M2","genome-wide","PPP","CV1","4","1",0.275733333333333
"M3","genome-wide","PPP","CV1","4","1",0.218655555555556
"M2","haplotype-tagged","PPP","CV1","4","1",0.2385
"M3","haplotype-tagged","PPP","CV1","4","1",0.122422222222222
"M2","genome-wide","YPPlnt","CV1","4","1",0.164577777777778
"M3","genome-wide","YPPlnt","CV1","4","1",0.134766666666667
"M2","haplotype-tagged","YPPlnt","CV1","4","1",0.0845444444444444
"M3","haplotype-tagged","YPPlnt","CV1","4","1",0.0564222222222222
"M2","genome-wide","DTF","CV2","4","1",0.549111111111111
"M3","genome-wide","DTF","CV2","4","1",0.563644444444444
"M2","haplotype-tagged","DTF","CV2","4","1",0.547177777777778
"M3","haplotype-tagged","DTF","CV2","4","1",0.547777777777778
"M2","genome-wide","DTM","CV2","4","1",0.494955555555556
"M3","genome-wide","DTM","CV2","4","1",0.483822222222222
"M2","haplotype-tagged","DTM","CV2","4","1",0.501077777777778
"M3","haplotype-tagged","DTM","CV2","4","1",0.502188888888889
"M2","genome-wide","HSW","CV2","4","1",0.752822222222222
"M3","genome-wide","HSW","CV2","4","1",0.7436
"M2","haplotype-tagged","HSW","CV2","4","1",0.753744444444444
"M3","haplotype-tagged","HSW","CV2","4","1",0.750622222222222
"M2","genome-wide","PH","CV2","4","1",0.635588888888889
"M3","genome-wide","PH","CV2","4","1",0.634411111111111
"M2","haplotype-tagged","PH","CV2","4","1",0.633788888888889
"M3","haplotype-tagged","PH","CV2","4","1",0.627266666666667
"M2","genome-wide","PPP","CV2","4","1",0.1945
"M3","genome-wide","PPP","CV2","4","1",0.157777777777778
"M2","haplotype-tagged","PPP","CV2","4","1",0.157988888888889
"M3","haplotype-tagged","PPP","CV2","4","1",0.154955555555556
"M2","genome-wide","YPPlnt","CV2","4","1",0.154955555555556
"M3","genome-wide","YPPlnt","CV2","4","1",0.127522222222222
"M2","haplotype-tagged","YPPlnt","CV2","4","1",0.1196
"M3","haplotype-tagged","YPPlnt","CV2","4","1",0.0959666666666667
"M2","genome-wide","DTF","CV0","5","1",0.64515
"M3","genome-wide","DTF","CV0","5","1",0.64385
"M2","haplotype-tagged","DTF","CV0","5","1",0.634
"M3","haplotype-tagged","DTF","CV0","5","1",0.6303
"M2","genome-wide","DTM","CV0","5","1",0.4925
"M3","genome-wide","DTM","CV0","5","1",0.48525
"M2","haplotype-tagged","DTM","CV0","5","1",0.4766
"M3","haplotype-tagged","DTM","CV0","5","1",0.47535
"M2","genome-wide","HSW","CV0","5","1",0.7508
"M3","genome-wide","HSW","CV0","5","1",0.74775
"M2","haplotype-tagged","HSW","CV0","5","1",0.74655
"M3","haplotype-tagged","HSW","CV0","5","1",0.74615
"M2","genome-wide","PH","CV0","5","1",0.6125
"M3","genome-wide","PH","CV0","5","1",0.60665
"M2","haplotype-tagged","PH","CV0","5","1",0.6023
"M3","haplotype-tagged","PH","CV0","5","1",0.5975
"M2","genome-wide","PPP","CV0","5","1",0.23405
"M3","genome-wide","PPP","CV0","5","1",0.2021
"M2","haplotype-tagged","PPP","CV0","5","1",0.2003
"M3","haplotype-tagged","PPP","CV0","5","1",0.165
"M2","genome-wide","YPPlnt","CV0","5","1",0.1157
"M3","genome-wide","YPPlnt","CV0","5","1",0.11745
"M2","haplotype-tagged","YPPlnt","CV0","5","1",0.1046
"M3","haplotype-tagged","YPPlnt","CV0","5","1",0.1017
"M2","genome-wide","DTF","CV00","5","1",0.3384
"M3","genome-wide","DTF","CV00","5","1",0.3192
"M2","haplotype-tagged","DTF","CV00","5","1",0.23965
"M3","haplotype-tagged","DTF","CV00","5","1",0.30895
"M2","genome-wide","DTM","CV00","5","1",0.086
"M3","genome-wide","DTM","CV00","5","1",0.10765
"M2","haplotype-tagged","DTM","CV00","5","1",0.06895
"M3","haplotype-tagged","DTM","CV00","5","1",0.0884
"M2","genome-wide","HSW","CV00","5","1",0.65395
"M3","genome-wide","HSW","CV00","5","1",0.6454
"M2","haplotype-tagged","HSW","CV00","5","1",0.51755
"M3","haplotype-tagged","HSW","CV00","5","1",0.5364
"M2","genome-wide","PH","CV00","5","1",0.40745
"M3","genome-wide","PH","CV00","5","1",0.4091
"M2","haplotype-tagged","PH","CV00","5","1",0.4132
"M3","haplotype-tagged","PH","CV00","5","1",0.4035
"M2","genome-wide","PPP","CV00","5","1",0.25105
"M3","genome-wide","PPP","CV00","5","1",0.26195
"M2","haplotype-tagged","PPP","CV00","5","1",0.2011
"M3","haplotype-tagged","PPP","CV00","5","1",0.2163
"M2","genome-wide","YPPlnt","CV00","5","1",0.13935
"M3","genome-wide","YPPlnt","CV00","5","1",0.205
"M2","haplotype-tagged","YPPlnt","CV00","5","1",0.06085
"M3","haplotype-tagged","YPPlnt","CV00","5","1",-0.0799
"M2","genome-wide","DTF","CV1","5","1",0.376266666666667
"M3","genome-wide","DTF","CV1","5","1",0.350288888888889
"M2","haplotype-tagged","DTF","CV1","5","1",0.217522222222222
"M3","haplotype-tagged","DTF","CV1","5","1",0.164077777777778
"M2","genome-wide","DTM","CV1","5","1",0.301555555555556
"M3","genome-wide","DTM","CV1","5","1",0.289322222222222
"M2","haplotype-tagged","DTM","CV1","5","1",0.204044444444444
"M3","haplotype-tagged","DTM","CV1","5","1",0.172288888888889
"M2","genome-wide","HSW","CV1","5","1",0.6475
"M3","genome-wide","HSW","CV1","5","1",0.6204
"M2","haplotype-tagged","HSW","CV1","5","1",0.619655555555556
"M3","haplotype-tagged","HSW","CV1","5","1",0.585322222222222
"M2","genome-wide","PH","CV1","5","1",0.326444444444444
"M3","genome-wide","PH","CV1","5","1",0.352811111111111
"M2","haplotype-tagged","PH","CV1","5","1",0.3213
"M3","haplotype-tagged","PH","CV1","5","1",0.331633333333333
"M2","genome-wide","PPP","CV1","5","1",0.253177777777778
"M3","genome-wide","PPP","CV1","5","1",0.245288888888889
"M2","haplotype-tagged","PPP","CV1","5","1",0.212077777777778
"M3","haplotype-tagged","PPP","CV1","5","1",0.210588888888889
"M2","genome-wide","YPPlnt","CV1","5","1",0.146111111111111
"M3","genome-wide","YPPlnt","CV1","5","1",0.123933333333333
"M2","haplotype-tagged","YPPlnt","CV1","5","1",0.103711111111111
"M3","haplotype-tagged","YPPlnt","CV1","5","1",0.0414555555555556
"M2","genome-wide","DTF","CV2","5","1",0.678511111111111
"M3","genome-wide","DTF","CV2","5","1",0.647988888888889
"M2","haplotype-tagged","DTF","CV2","5","1",0.669977777777778
"M3","haplotype-tagged","DTF","CV2","5","1",0.668455555555556
"M2","genome-wide","DTM","CV2","5","1",0.538233333333333
"M3","genome-wide","DTM","CV2","5","1",0.4852
"M2","haplotype-tagged","DTM","CV2","5","1",0.512288888888889
"M3","haplotype-tagged","DTM","CV2","5","1",0.502033333333333
"M2","genome-wide","HSW","CV2","5","1",0.724277777777778
"M3","genome-wide","HSW","CV2","5","1",0.724722222222222
"M2","haplotype-tagged","HSW","CV2","5","1",0.715588888888889
"M3","haplotype-tagged","HSW","CV2","5","1",0.718944444444444
"M2","genome-wide","PH","CV2","5","1",0.530277777777778
"M3","genome-wide","PH","CV2","5","1",0.524511111111111
"M2","haplotype-tagged","PH","CV2","5","1",0.530555555555556
"M3","haplotype-tagged","PH","CV2","5","1",0.5358
"M2","genome-wide","PPP","CV2","5","1",0.202788888888889
"M3","genome-wide","PPP","CV2","5","1",0.202944444444444
"M2","haplotype-tagged","PPP","CV2","5","1",0.169311111111111
"M3","haplotype-tagged","PPP","CV2","5","1",0.157011111111111
"M2","genome-wide","YPPlnt","CV2","5","1",0.107088888888889
"M3","genome-wide","YPPlnt","CV2","5","1",0.0943
"M2","haplotype-tagged","YPPlnt","CV2","5","1",0.119733333333333
"M3","haplotype-tagged","YPPlnt","CV2","5","1",0.0947666666666667
"M2","genome-wide","DTF","CV0","6","1",0.55105
"M3","genome-wide","DTF","CV0","6","1",0.5494
"M2","haplotype-tagged","DTF","CV0","6","1",0.5509
"M3","haplotype-tagged","DTF","CV0","6","1",0.5528
"M2","genome-wide","DTM","CV0","6","1",0.36985
"M3","genome-wide","DTM","CV0","6","1",0.3697
"M2","haplotype-tagged","DTM","CV0","6","1",0.37845
"M3","haplotype-tagged","DTM","CV0","6","1",0.3777
"M2","genome-wide","HSW","CV0","6","1",0.67015
"M3","genome-wide","HSW","CV0","6","1",0.67
"M2","haplotype-tagged","HSW","CV0","6","1",0.6712
"M3","haplotype-tagged","HSW","CV0","6","1",0.67055
"M2","genome-wide","PH","CV0","6","1",0.59445
"M3","genome-wide","PH","CV0","6","1",0.60205
"M2","haplotype-tagged","PH","CV0","6","1",0.60155
"M3","haplotype-tagged","PH","CV0","6","1",0.59965
"M2","genome-wide","PPP","CV0","6","1",0.3005
"M3","genome-wide","PPP","CV0","6","1",0.2465
"M2","haplotype-tagged","PPP","CV0","6","1",0.27085
"M3","haplotype-tagged","PPP","CV0","6","1",0.2347
"M2","genome-wide","YPPlnt","CV0","6","1",0.1034
"M3","genome-wide","YPPlnt","CV0","6","1",0.0864
"M2","haplotype-tagged","YPPlnt","CV0","6","1",0.07015
"M3","haplotype-tagged","YPPlnt","CV0","6","1",0.0632
"M2","genome-wide","DTF","CV00","6","1",0.5737
"M3","genome-wide","DTF","CV00","6","1",0.60685
"M2","haplotype-tagged","DTF","CV00","6","1",0.44205
"M3","haplotype-tagged","DTF","CV00","6","1",0.4048
"M2","genome-wide","DTM","CV00","6","1",0.47075
"M3","genome-wide","DTM","CV00","6","1",0.46855
"M2","haplotype-tagged","DTM","CV00","6","1",0.294
"M3","haplotype-tagged","DTM","CV00","6","1",0.2052
"M2","genome-wide","HSW","CV00","6","1",0.80895
"M3","genome-wide","HSW","CV00","6","1",0.811
"M2","haplotype-tagged","HSW","CV00","6","1",0.70745
"M3","haplotype-tagged","HSW","CV00","6","1",0.71015
"M2","genome-wide","PH","CV00","6","1",0.33755
"M3","genome-wide","PH","CV00","6","1",0.3406
"M2","haplotype-tagged","PH","CV00","6","1",0.4106
"M3","haplotype-tagged","PH","CV00","6","1",0.38245
"M2","genome-wide","PPP","CV00","6","1",0.2264
"M3","genome-wide","PPP","CV00","6","1",0.2269
"M2","haplotype-tagged","PPP","CV00","6","1",0.1912
"M3","haplotype-tagged","PPP","CV00","6","1",0.13795
"M2","genome-wide","YPPlnt","CV00","6","1",0.08055
"M3","genome-wide","YPPlnt","CV00","6","1",0.1237
"M2","haplotype-tagged","YPPlnt","CV00","6","1",0.03975
"M3","haplotype-tagged","YPPlnt","CV00","6","1",-0.0531
"M2","genome-wide","DTF","CV1","6","1",0.354366666666667
"M3","genome-wide","DTF","CV1","6","1",0.3586
"M2","haplotype-tagged","DTF","CV1","6","1",0.324844444444444
"M3","haplotype-tagged","DTF","CV1","6","1",0.148266666666667
"M2","genome-wide","DTM","CV1","6","1",0.238188888888889
"M3","genome-wide","DTM","CV1","6","1",0.214233333333333
"M2","haplotype-tagged","DTM","CV1","6","1",0.121455555555556
"M3","haplotype-tagged","DTM","CV1","6","1",0.0835555555555556
"M2","genome-wide","HSW","CV1","6","1",0.694688888888889
"M3","genome-wide","HSW","CV1","6","1",0.693722222222222
"M2","haplotype-tagged","HSW","CV1","6","1",0.572022222222222
"M3","haplotype-tagged","HSW","CV1","6","1",0.487955555555556
"M2","genome-wide","PH","CV1","6","1",0.554044444444444
"M3","genome-wide","PH","CV1","6","1",0.5432
"M2","haplotype-tagged","PH","CV1","6","1",0.495311111111111
"M3","haplotype-tagged","PH","CV1","6","1",0.512855555555556
"M2","genome-wide","PPP","CV1","6","1",0.268222222222222
"M3","genome-wide","PPP","CV1","6","1",0.163922222222222
"M2","haplotype-tagged","PPP","CV1","6","1",0.218155555555556
"M3","haplotype-tagged","PPP","CV1","6","1",0.126811111111111
"M2","genome-wide","YPPlnt","CV1","6","1",0.152955555555556
"M3","genome-wide","YPPlnt","CV1","6","1",0.121533333333333
"M2","haplotype-tagged","YPPlnt","CV1","6","1",0.0222666666666667
"M3","haplotype-tagged","YPPlnt","CV1","6","1",0.00522222222222222
"M2","genome-wide","DTF","CV2","6","1",0.657833333333333
"M3","genome-wide","DTF","CV2","6","1",0.619422222222222
"M2","haplotype-tagged","DTF","CV2","6","1",0.645566666666667
"M3","haplotype-tagged","DTF","CV2","6","1",0.641355555555556
"M2","genome-wide","DTM","CV2","6","1",0.471388888888889
"M3","genome-wide","DTM","CV2","6","1",0.510966666666667
"M2","haplotype-tagged","DTM","CV2","6","1",0.456644444444444
"M3","haplotype-tagged","DTM","CV2","6","1",0.489122222222222
"M2","genome-wide","HSW","CV2","6","1",0.729766666666667
"M3","genome-wide","HSW","CV2","6","1",0.719222222222222
"M2","haplotype-tagged","HSW","CV2","6","1",0.726322222222222
"M3","haplotype-tagged","HSW","CV2","6","1",0.725211111111111
"M2","genome-wide","PH","CV2","6","1",0.518333333333333
"M3","genome-wide","PH","CV2","6","1",0.524788888888889
"M2","haplotype-tagged","PH","CV2","6","1",0.508022222222222
"M3","haplotype-tagged","PH","CV2","6","1",0.523777777777778
"M2","genome-wide","PPP","CV2","6","1",0.213555555555556
"M3","genome-wide","PPP","CV2","6","1",0.208822222222222
"M2","haplotype-tagged","PPP","CV2","6","1",0.168288888888889
"M3","haplotype-tagged","PPP","CV2","6","1",0.190533333333333
"M2","genome-wide","YPPlnt","CV2","6","1",0.216777777777778
"M3","genome-wide","YPPlnt","CV2","6","1",0.206133333333333
"M2","haplotype-tagged","YPPlnt","CV2","6","1",0.221688888888889
"M3","haplotype-tagged","YPPlnt","CV2","6","1",0.209466666666667
"M2","genome-wide","DTF","CV0","7","1",0.7334
"M3","genome-wide","DTF","CV0","7","1",0.7312
"M2","haplotype-tagged","DTF","CV0","7","1",0.7287
"M3","haplotype-tagged","DTF","CV0","7","1",0.7253
"M2","genome-wide","DTM","CV0","7","1",0.6532
"M3","genome-wide","DTM","CV0","7","1",0.6358
"M2","haplotype-tagged","DTM","CV0","7","1",0.62665
"M3","haplotype-tagged","DTM","CV0","7","1",0.61615
"M2","genome-wide","HSW","CV0","7","1",0.7717
"M3","genome-wide","HSW","CV0","7","1",0.7703
"M2","haplotype-tagged","HSW","CV0","7","1",0.76015
"M3","haplotype-tagged","HSW","CV0","7","1",0.76135
"M2","genome-wide","PH","CV0","7","1",0.72735
"M3","genome-wide","PH","CV0","7","1",0.72145
"M2","haplotype-tagged","PH","CV0","7","1",0.71095
"M3","haplotype-tagged","PH","CV0","7","1",0.70555
"M2","genome-wide","PPP","CV0","7","1",0.2491
"M3","genome-wide","PPP","CV0","7","1",0.24125
"M2","haplotype-tagged","PPP","CV0","7","1",0.22275
"M3","haplotype-tagged","PPP","CV0","7","1",0.2052
"M2","genome-wide","YPPlnt","CV0","7","1",0.14215
"M3","genome-wide","YPPlnt","CV0","7","1",0.1311
"M2","haplotype-tagged","YPPlnt","CV0","7","1",0.1207
"M3","haplotype-tagged","YPPlnt","CV0","7","1",0.11165
"M2","genome-wide","DTF","CV00","7","1",0.32945
"M3","genome-wide","DTF","CV00","7","1",0.33275
"M2","haplotype-tagged","DTF","CV00","7","1",0.2624
"M3","haplotype-tagged","DTF","CV00","7","1",0.32085
"M2","genome-wide","DTM","CV00","7","1",0.2869
"M3","genome-wide","DTM","CV00","7","1",0.273
"M2","haplotype-tagged","DTM","CV00","7","1",0.2741
"M3","haplotype-tagged","DTM","CV00","7","1",0.2591
"M2","genome-wide","HSW","CV00","7","1",0.35565
"M3","genome-wide","HSW","CV00","7","1",0.3642
"M2","haplotype-tagged","HSW","CV00","7","1",0.3287
"M3","haplotype-tagged","HSW","CV00","7","1",0.3109
"M2","genome-wide","PH","CV00","7","1",0.53935
"M3","genome-wide","PH","CV00","7","1",0.5385
"M2","haplotype-tagged","PH","CV00","7","1",0.49185
"M3","haplotype-tagged","PH","CV00","7","1",0.48515
"M2","genome-wide","PPP","CV00","7","1",0.0561
"M3","genome-wide","PPP","CV00","7","1",0.0473
"M2","haplotype-tagged","PPP","CV00","7","1",0.0474
"M3","haplotype-tagged","PPP","CV00","7","1",-0.08885
"M2","genome-wide","YPPlnt","CV00","7","1",0.0116
"M3","genome-wide","YPPlnt","CV00","7","1",0.0157
"M2","haplotype-tagged","YPPlnt","CV00","7","1",0.3171
"M3","haplotype-tagged","YPPlnt","CV00","7","1",0.20295
"M2","genome-wide","DTF","CV1","7","1",0.520555555555556
"M3","genome-wide","DTF","CV1","7","1",0.489677777777778
"M2","haplotype-tagged","DTF","CV1","7","1",0.3728
"M3","haplotype-tagged","DTF","CV1","7","1",0.326177777777778
"M2","genome-wide","DTM","CV1","7","1",0.321777777777778
"M3","genome-wide","DTM","CV1","7","1",0.307622222222222
"M2","haplotype-tagged","DTM","CV1","7","1",0.224877777777778
"M3","haplotype-tagged","DTM","CV1","7","1",0.2357
"M2","genome-wide","HSW","CV1","7","1",0.598744444444444
"M3","genome-wide","HSW","CV1","7","1",0.5916
"M2","haplotype-tagged","HSW","CV1","7","1",0.493911111111111
"M3","haplotype-tagged","HSW","CV1","7","1",0.475111111111111
"M2","genome-wide","PH","CV1","7","1",0.391433333333333
"M3","genome-wide","PH","CV1","7","1",0.414377777777778
"M2","haplotype-tagged","PH","CV1","7","1",0.338433333333333
"M3","haplotype-tagged","PH","CV1","7","1",0.340677777777778
"M2","genome-wide","PPP","CV1","7","1",0.163311111111111
"M3","genome-wide","PPP","CV1","7","1",0.134777777777778
"M2","haplotype-tagged","PPP","CV1","7","1",0.116644444444444
"M3","haplotype-tagged","PPP","CV1","7","1",0.0746444444444444
"M2","genome-wide","YPPlnt","CV1","7","1",0.073
"M3","genome-wide","YPPlnt","CV1","7","1",0.103322222222222
"M2","haplotype-tagged","YPPlnt","CV1","7","1",0.190688888888889
"M3","haplotype-tagged","YPPlnt","CV1","7","1",0.111233333333333
"M2","genome-wide","DTF","CV2","7","1",0.626455555555556
"M3","genome-wide","DTF","CV2","7","1",0.6353
"M2","haplotype-tagged","DTF","CV2","7","1",0.616266666666667
"M3","haplotype-tagged","DTF","CV2","7","1",0.636377777777778
"M2","genome-wide","DTM","CV2","7","1",0.4785
"M3","genome-wide","DTM","CV2","7","1",0.460322222222222
"M2","haplotype-tagged","DTM","CV2","7","1",0.456366666666667
"M3","haplotype-tagged","DTM","CV2","7","1",0.4629
"M2","genome-wide","HSW","CV2","7","1",0.768544444444444
"M3","genome-wide","HSW","CV2","7","1",0.770933333333333
"M2","haplotype-tagged","HSW","CV2","7","1",0.7596
"M3","haplotype-tagged","HSW","CV2","7","1",0.761155555555556
"M2","genome-wide","PH","CV2","7","1",0.604855555555556
"M3","genome-wide","PH","CV2","7","1",0.587577777777778
"M2","haplotype-tagged","PH","CV2","7","1",0.601611111111111
"M3","haplotype-tagged","PH","CV2","7","1",0.594677777777778
"M2","genome-wide","PPP","CV2","7","1",0.243011111111111
"M3","genome-wide","PPP","CV2","7","1",0.184066666666667
"M2","haplotype-tagged","PPP","CV2","7","1",0.203944444444444
"M3","haplotype-tagged","PPP","CV2","7","1",0.170433333333333
"M2","genome-wide","YPPlnt","CV2","7","1",0.131311111111111
"M3","genome-wide","YPPlnt","CV2","7","1",0.120755555555556
"M2","haplotype-tagged","YPPlnt","CV2","7","1",0.112777777777778
"M3","haplotype-tagged","YPPlnt","CV2","7","1",0.109177777777778
"M2","genome-wide","DTF","CV0","8","1",0.4926
"M3","genome-wide","DTF","CV0","8","1",0.49325
"M2","haplotype-tagged","DTF","CV0","8","1",0.49525
"M3","haplotype-tagged","DTF","CV0","8","1",0.4914
"M2","genome-wide","DTM","CV0","8","1",0.38895
"M3","genome-wide","DTM","CV0","8","1",0.3935
"M2","haplotype-tagged","DTM","CV0","8","1",0.388
"M3","haplotype-tagged","DTM","CV0","8","1",0.38115
"M2","genome-wide","HSW","CV0","8","1",0.6948
"M3","genome-wide","HSW","CV0","8","1",0.69685
"M2","haplotype-tagged","HSW","CV0","8","1",0.6976
"M3","haplotype-tagged","HSW","CV0","8","1",0.6983
"M2","genome-wide","PH","CV0","8","1",0.6195
"M3","genome-wide","PH","CV0","8","1",0.6171
"M2","haplotype-tagged","PH","CV0","8","1",0.6176
"M3","haplotype-tagged","PH","CV0","8","1",0.61465
"M2","genome-wide","PPP","CV0","8","1",0.1277
"M3","genome-wide","PPP","CV0","8","1",0.127
"M2","haplotype-tagged","PPP","CV0","8","1",0.119
"M3","haplotype-tagged","PPP","CV0","8","1",0.11025
"M2","genome-wide","YPPlnt","CV0","8","1",0.14375
"M3","genome-wide","YPPlnt","CV0","8","1",0.1376
"M2","haplotype-tagged","YPPlnt","CV0","8","1",0.14235
"M3","haplotype-tagged","YPPlnt","CV0","8","1",0.1399
"M2","genome-wide","DTF","CV00","8","1",0.40065
"M3","genome-wide","DTF","CV00","8","1",0.3772
"M2","haplotype-tagged","DTF","CV00","8","1",0.38545
"M3","haplotype-tagged","DTF","CV00","8","1",0.24175
"M2","genome-wide","DTM","CV00","8","1",0.42455
"M3","genome-wide","DTM","CV00","8","1",0.3988
"M2","haplotype-tagged","DTM","CV00","8","1",0.3687
"M3","haplotype-tagged","DTM","CV00","8","1",0.10545
"M2","genome-wide","HSW","CV00","8","1",0.64425
"M3","genome-wide","HSW","CV00","8","1",0.64565
"M2","haplotype-tagged","HSW","CV00","8","1",0.49855
"M3","haplotype-tagged","HSW","CV00","8","1",0.50755
"M2","genome-wide","PH","CV00","8","1",0.60585
"M3","genome-wide","PH","CV00","8","1",0.5812
"M2","haplotype-tagged","PH","CV00","8","1",0.5462
"M3","haplotype-tagged","PH","CV00","8","1",0.45205
"M2","genome-wide","PPP","CV00","8","1",0.23055
"M3","genome-wide","PPP","CV00","8","1",0.18115
"M2","haplotype-tagged","PPP","CV00","8","1",-0.0411
"M3","haplotype-tagged","PPP","CV00","8","1",0.0325
"M2","genome-wide","YPPlnt","CV00","8","1",0.2485
"M3","genome-wide","YPPlnt","CV00","8","1",0.2163
"M2","haplotype-tagged","YPPlnt","CV00","8","1",0.19015
"M3","haplotype-tagged","YPPlnt","CV00","8","1",0.05795
"M2","genome-wide","DTF","CV1","8","1",0.497466666666667
"M3","genome-wide","DTF","CV1","8","1",0.508944444444444
"M2","haplotype-tagged","DTF","CV1","8","1",0.432622222222222
"M3","haplotype-tagged","DTF","CV1","8","1",0.429711111111111
"M2","genome-wide","DTM","CV1","8","1",0.351777777777778
"M3","genome-wide","DTM","CV1","8","1",0.336155555555556
"M2","haplotype-tagged","DTM","CV1","8","1",0.312233333333333
"M3","haplotype-tagged","DTM","CV1","8","1",0.315966666666667
"M2","genome-wide","HSW","CV1","8","1",0.540644444444444
"M3","genome-wide","HSW","CV1","8","1",0.547588888888889
"M2","haplotype-tagged","HSW","CV1","8","1",0.4653
"M3","haplotype-tagged","HSW","CV1","8","1",0.477944444444444
"M2","genome-wide","PH","CV1","8","1",0.414588888888889
"M3","genome-wide","PH","CV1","8","1",0.427688888888889
"M2","haplotype-tagged","PH","CV1","8","1",0.4913
"M3","haplotype-tagged","PH","CV1","8","1",0.448488888888889
"M2","genome-wide","PPP","CV1","8","1",0.255188888888889
"M3","genome-wide","PPP","CV1","8","1",0.190111111111111
"M2","haplotype-tagged","PPP","CV1","8","1",0.252088888888889
"M3","haplotype-tagged","PPP","CV1","8","1",0.1723
"M2","genome-wide","YPPlnt","CV1","8","1",0.114855555555556
"M3","genome-wide","YPPlnt","CV1","8","1",0.0600222222222222
"M2","haplotype-tagged","YPPlnt","CV1","8","1",0.00236666666666667
"M3","haplotype-tagged","YPPlnt","CV1","8","1",-0.0122
"M2","genome-wide","DTF","CV2","8","1",0.621477777777778
"M3","genome-wide","DTF","CV2","8","1",0.612611111111111
"M2","haplotype-tagged","DTF","CV2","8","1",0.607544444444444
"M3","haplotype-tagged","DTF","CV2","8","1",0.614822222222222
"M2","genome-wide","DTM","CV2","8","1",0.468266666666667
"M3","genome-wide","DTM","CV2","8","1",0.480011111111111
"M2","haplotype-tagged","DTM","CV2","8","1",0.455055555555556
"M3","haplotype-tagged","DTM","CV2","8","1",0.4805
"M2","genome-wide","HSW","CV2","8","1",0.757633333333333
"M3","genome-wide","HSW","CV2","8","1",0.7481
"M2","haplotype-tagged","HSW","CV2","8","1",0.759222222222222
"M3","haplotype-tagged","HSW","CV2","8","1",0.7574
"M2","genome-wide","PH","CV2","8","1",0.593166666666667
"M3","genome-wide","PH","CV2","8","1",0.577055555555556
"M2","haplotype-tagged","PH","CV2","8","1",0.585733333333333
"M3","haplotype-tagged","PH","CV2","8","1",0.593544444444444
"M2","genome-wide","PPP","CV2","8","1",0.174411111111111
"M3","genome-wide","PPP","CV2","8","1",0.164733333333333
"M2","haplotype-tagged","PPP","CV2","8","1",0.136155555555556
"M3","haplotype-tagged","PPP","CV2","8","1",0.163322222222222
"M2","genome-wide","YPPlnt","CV2","8","1",0.0660444444444444
"M3","genome-wide","YPPlnt","CV2","8","1",0.0641111111111111
"M2","haplotype-tagged","YPPlnt","CV2","8","1",0.0466222222222222
"M3","haplotype-tagged","YPPlnt","CV2","8","1",0.0408111111111111
"M2","genome-wide","DTF","CV0","9","1",0.77885
"M3","genome-wide","DTF","CV0","9","1",0.7812
"M2","haplotype-tagged","DTF","CV0","9","1",0.77825
"M3","haplotype-tagged","DTF","CV0","9","1",0.77645
"M2","genome-wide","DTM","CV0","9","1",0.6948
"M3","genome-wide","DTM","CV0","9","1",0.68545
"M2","haplotype-tagged","DTM","CV0","9","1",0.6642
"M3","haplotype-tagged","DTM","CV0","9","1",0.64615
"M2","genome-wide","HSW","CV0","9","1",0.82385
"M3","genome-wide","HSW","CV0","9","1",0.8204
"M2","haplotype-tagged","HSW","CV0","9","1",0.812
"M3","haplotype-tagged","HSW","CV0","9","1",0.81055
"M2","genome-wide","PH","CV0","9","1",0.766
"M3","genome-wide","PH","CV0","9","1",0.75575
"M2","haplotype-tagged","PH","CV0","9","1",0.74945
"M3","haplotype-tagged","PH","CV0","9","1",0.7422
"M2","genome-wide","PPP","CV0","9","1",0.2191
"M3","genome-wide","PPP","CV0","9","1",0.19065
"M2","haplotype-tagged","PPP","CV0","9","1",0.18565
"M3","haplotype-tagged","PPP","CV0","9","1",0.1666
"M2","genome-wide","YPPlnt","CV0","9","1",0.16615
"M3","genome-wide","YPPlnt","CV0","9","1",0.1617
"M2","haplotype-tagged","YPPlnt","CV0","9","1",0.1566
"M3","haplotype-tagged","YPPlnt","CV0","9","1",0.14585
"M2","genome-wide","DTF","CV00","9","1",0.42185
"M3","genome-wide","DTF","CV00","9","1",0.44455
"M2","haplotype-tagged","DTF","CV00","9","1",0.18055
"M3","haplotype-tagged","DTF","CV00","9","1",0.3454
"M2","genome-wide","DTM","CV00","9","1",0.3329
"M3","genome-wide","DTM","CV00","9","1",0.3471
"M2","haplotype-tagged","DTM","CV00","9","1",0.20785
"M3","haplotype-tagged","DTM","CV00","9","1",0.15115
"M2","genome-wide","HSW","CV00","9","1",0.5266
"M3","genome-wide","HSW","CV00","9","1",0.5391
"M2","haplotype-tagged","HSW","CV00","9","1",0.5845
"M3","haplotype-tagged","HSW","CV00","9","1",0.56885
"M2","genome-wide","PH","CV00","9","1",0.21455
"M3","genome-wide","PH","CV00","9","1",0.2304
"M2","haplotype-tagged","PH","CV00","9","1",0.21365
"M3","haplotype-tagged","PH","CV00","9","1",0.26965
"M2","genome-wide","PPP","CV00","9","1",0.23255
"M3","genome-wide","PPP","CV00","9","1",0.2475
"M2","haplotype-tagged","PPP","CV00","9","1",0.15585
"M3","haplotype-tagged","PPP","CV00","9","1",0.0829
"M2","genome-wide","YPPlnt","CV00","9","1",0.25635
"M3","genome-wide","YPPlnt","CV00","9","1",0.27655
"M2","haplotype-tagged","YPPlnt","CV00","9","1",0.18825
"M3","haplotype-tagged","YPPlnt","CV00","9","1",0.096
"M2","genome-wide","DTF","CV1","9","1",0.472044444444444
"M3","genome-wide","DTF","CV1","9","1",0.438066666666667
"M2","haplotype-tagged","DTF","CV1","9","1",0.218033333333333
"M3","haplotype-tagged","DTF","CV1","9","1",0.272122222222222
"M2","genome-wide","DTM","CV1","9","1",0.345533333333333
"M3","genome-wide","DTM","CV1","9","1",0.314566666666667
"M2","haplotype-tagged","DTM","CV1","9","1",0.320066666666667
"M3","haplotype-tagged","DTM","CV1","9","1",0.112588888888889
"M2","genome-wide","HSW","CV1","9","1",0.456977777777778
"M3","genome-wide","HSW","CV1","9","1",0.458355555555556
"M2","haplotype-tagged","HSW","CV1","9","1",0.329922222222222
"M3","haplotype-tagged","HSW","CV1","9","1",0.430288888888889
"M2","genome-wide","PH","CV1","9","1",0.439744444444444
"M3","genome-wide","PH","CV1","9","1",0.388133333333333
"M2","haplotype-tagged","PH","CV1","9","1",0.390088888888889
"M3","haplotype-tagged","PH","CV1","9","1",0.344222222222222
"M2","genome-wide","PPP","CV1","9","1",0.215955555555556
"M3","genome-wide","PPP","CV1","9","1",0.213988888888889
"M2","haplotype-tagged","PPP","CV1","9","1",0.1936
"M3","haplotype-tagged","PPP","CV1","9","1",0.103688888888889
"M2","genome-wide","YPPlnt","CV1","9","1",0.186611111111111
"M3","genome-wide","YPPlnt","CV1","9","1",0.136944444444444
"M2","haplotype-tagged","YPPlnt","CV1","9","1",0.134777777777778
"M3","haplotype-tagged","YPPlnt","CV1","9","1",0.142611111111111
"M2","genome-wide","DTF","CV2","9","1",0.603466666666667
"M3","genome-wide","DTF","CV2","9","1",0.608911111111111
"M2","haplotype-tagged","DTF","CV2","9","1",0.592177777777778
"M3","haplotype-tagged","DTF","CV2","9","1",0.599288888888889
"M2","genome-wide","DTM","CV2","9","1",0.527133333333333
"M3","genome-wide","DTM","CV2","9","1",0.532866666666667
"M2","haplotype-tagged","DTM","CV2","9","1",0.502155555555556
"M3","haplotype-tagged","DTM","CV2","9","1",0.516711111111111
"M2","genome-wide","HSW","CV2","9","1",0.771866666666667
"M3","genome-wide","HSW","CV2","9","1",0.757866666666667
"M2","haplotype-tagged","HSW","CV2","9","1",0.774788888888889
"M3","haplotype-tagged","HSW","CV2","9","1",0.7727
"M2","genome-wide","PH","CV2","9","1",0.573188888888889
"M3","genome-wide","PH","CV2","9","1",0.553988888888889
"M2","haplotype-tagged","PH","CV2","9","1",0.560166666666667
"M3","haplotype-tagged","PH","CV2","9","1",0.559955555555556
"M2","genome-wide","PPP","CV2","9","1",0.199122222222222
"M3","genome-wide","PPP","CV2","9","1",0.266155555555556
"M2","haplotype-tagged","PPP","CV2","9","1",0.182055555555556
"M3","haplotype-tagged","PPP","CV2","9","1",0.2224
"M2","genome-wide","YPPlnt","CV2","9","1",0.0319777777777778
"M3","genome-wide","YPPlnt","CV2","9","1",0.0499666666666667
"M2","haplotype-tagged","YPPlnt","CV2","9","1",0.0344888888888889
"M3","haplotype-tagged","YPPlnt","CV2","9","1",0.0450555555555556
"M2","genome-wide","DTF","CV0","10","1",0.6884
"M3","genome-wide","DTF","CV0","10","1",0.69055
"M2","haplotype-tagged","DTF","CV0","10","1",0.68415
"M3","haplotype-tagged","DTF","CV0","10","1",0.68375
"M2","genome-wide","DTM","CV0","10","1",0.53575
"M3","genome-wide","DTM","CV0","10","1",0.5392
"M2","haplotype-tagged","DTM","CV0","10","1",0.5247
"M3","haplotype-tagged","DTM","CV0","10","1",0.5159
"M2","genome-wide","HSW","CV0","10","1",0.76615
"M3","genome-wide","HSW","CV0","10","1",0.76655
"M2","haplotype-tagged","HSW","CV0","10","1",0.7622
"M3","haplotype-tagged","HSW","CV0","10","1",0.7618
"M2","genome-wide","PH","CV0","10","1",0.759
"M3","genome-wide","PH","CV0","10","1",0.75525
"M2","haplotype-tagged","PH","CV0","10","1",0.7523
"M3","haplotype-tagged","PH","CV0","10","1",0.7443
"M2","genome-wide","PPP","CV0","10","1",0.3389
"M3","genome-wide","PPP","CV0","10","1",0.2978
"M2","haplotype-tagged","PPP","CV0","10","1",0.29275
"M3","haplotype-tagged","PPP","CV0","10","1",0.2439
"M2","genome-wide","YPPlnt","CV0","10","1",0.17475
"M3","genome-wide","YPPlnt","CV0","10","1",0.1619
"M2","haplotype-tagged","YPPlnt","CV0","10","1",0.15625
"M3","haplotype-tagged","YPPlnt","CV0","10","1",0.14975
"M2","genome-wide","DTF","CV00","10","1",0.28175
"M3","genome-wide","DTF","CV00","10","1",0.2994
"M2","haplotype-tagged","DTF","CV00","10","1",0.15035
"M3","haplotype-tagged","DTF","CV00","10","1",0.05725
"M2","genome-wide","DTM","CV00","10","1",0.09505
"M3","genome-wide","DTM","CV00","10","1",0.1061
"M2","haplotype-tagged","DTM","CV00","10","1",0.04465
"M3","haplotype-tagged","DTM","CV00","10","1",0.05335
"M2","genome-wide","HSW","CV00","10","1",0.21875
"M3","genome-wide","HSW","CV00","10","1",0.2221
"M2","haplotype-tagged","HSW","CV00","10","1",0.14585
"M3","haplotype-tagged","HSW","CV00","10","1",0.11195
"M2","genome-wide","PH","CV00","10","1",0.339
"M3","genome-wide","PH","CV00","10","1",0.33215
"M2","haplotype-tagged","PH","CV00","10","1",0.46745
"M3","haplotype-tagged","PH","CV00","10","1",0.4132
"M2","genome-wide","PPP","CV00","10","1",0.3037
"M3","genome-wide","PPP","CV00","10","1",0.3043
"M2","haplotype-tagged","PPP","CV00","10","1",0.1488
"M3","haplotype-tagged","PPP","CV00","10","1",0.09055
"M2","genome-wide","YPPlnt","CV00","10","1",0.15635
"M3","genome-wide","YPPlnt","CV00","10","1",0.11135
"M2","haplotype-tagged","YPPlnt","CV00","10","1",0.0219
"M3","haplotype-tagged","YPPlnt","CV00","10","1",-0.0126
"M2","genome-wide","DTF","CV1","10","1",0.402277777777778
"M3","genome-wide","DTF","CV1","10","1",0.432544444444444
"M2","haplotype-tagged","DTF","CV1","10","1",0.213533333333333
"M3","haplotype-tagged","DTF","CV1","10","1",0.253122222222222
"M2","genome-wide","DTM","CV1","10","1",0.36
"M3","genome-wide","DTM","CV1","10","1",0.382788888888889
"M2","haplotype-tagged","DTM","CV1","10","1",0.237088888888889
"M3","haplotype-tagged","DTM","CV1","10","1",0.2169
"M2","genome-wide","HSW","CV1","10","1",0.640677777777778
"M3","genome-wide","HSW","CV1","10","1",0.619466666666667
"M2","haplotype-tagged","HSW","CV1","10","1",0.485511111111111
"M3","haplotype-tagged","HSW","CV1","10","1",0.506422222222222
"M2","genome-wide","PH","CV1","10","1",0.303566666666667
"M3","genome-wide","PH","CV1","10","1",0.3412
"M2","haplotype-tagged","PH","CV1","10","1",0.307188888888889
"M3","haplotype-tagged","PH","CV1","10","1",0.299766666666667
"M2","genome-wide","PPP","CV1","10","1",0.1691
"M3","genome-wide","PPP","CV1","10","1",0.181466666666667
"M2","haplotype-tagged","PPP","CV1","10","1",0.156588888888889
"M3","haplotype-tagged","PPP","CV1","10","1",0.103322222222222
"M2","genome-wide","YPPlnt","CV1","10","1",0.123333333333333
"M3","genome-wide","YPPlnt","CV1","10","1",0.123266666666667
"M2","haplotype-tagged","YPPlnt","CV1","10","1",0.0660777777777778
"M3","haplotype-tagged","YPPlnt","CV1","10","1",0.0937444444444444
"M2","genome-wide","DTF","CV2","10","1",0.624244444444444
"M3","genome-wide","DTF","CV2","10","1",0.612666666666667
"M2","haplotype-tagged","DTF","CV2","10","1",0.607366666666667
"M3","haplotype-tagged","DTF","CV2","10","1",0.6138
"M2","genome-wide","DTM","CV2","10","1",0.483477777777778
"M3","genome-wide","DTM","CV2","10","1",0.5069
"M2","haplotype-tagged","DTM","CV2","10","1",0.465922222222222
"M3","haplotype-tagged","DTM","CV2","10","1",0.493811111111111
"M2","genome-wide","HSW","CV2","10","1",0.719244444444444
"M3","genome-wide","HSW","CV2","10","1",0.724911111111111
"M2","haplotype-tagged","HSW","CV2","10","1",0.719155555555556
"M3","haplotype-tagged","HSW","CV2","10","1",0.7222
"M2","genome-wide","PH","CV2","10","1",0.585977777777778
"M3","genome-wide","PH","CV2","10","1",0.5525
"M2","haplotype-tagged","PH","CV2","10","1",0.583788888888889
"M3","haplotype-tagged","PH","CV2","10","1",0.5682
"M2","genome-wide","PPP","CV2","10","1",0.202077777777778
"M3","genome-wide","PPP","CV2","10","1",0.174833333333333
"M2","haplotype-tagged","PPP","CV2","10","1",0.163577777777778
"M3","haplotype-tagged","PPP","CV2","10","1",0.155577777777778
"M2","genome-wide","YPPlnt","CV2","10","1",0.123911111111111
"M3","genome-wide","YPPlnt","CV2","10","1",0.170744444444444
"M2","haplotype-tagged","YPPlnt","CV2","10","1",0.117355555555556
"M3","haplotype-tagged","YPPlnt","CV2","10","1",0.130844444444444
"M2","genome-wide","DTF","CV0","1","2",0.63285
"M3","genome-wide","DTF","CV0","1","2",0.62665
"M2","haplotype-tagged","DTF","CV0","1","2",0.6257
"M3","haplotype-tagged","DTF","CV0","1","2",0.62055
"M2","genome-wide","DTM","CV0","1","2",0.4584
"M3","genome-wide","DTM","CV0","1","2",0.4623
"M2","haplotype-tagged","DTM","CV0","1","2",0.45985
"M3","haplotype-tagged","DTM","CV0","1","2",0.46165
"M2","genome-wide","HSW","CV0","1","2",0.79135
"M3","genome-wide","HSW","CV0","1","2",0.7908
"M2","haplotype-tagged","HSW","CV0","1","2",0.7888
"M3","haplotype-tagged","HSW","CV0","1","2",0.788
"M2","genome-wide","PH","CV0","1","2",0.28095
"M3","genome-wide","PH","CV0","1","2",0.28425
"M2","haplotype-tagged","PH","CV0","1","2",0.2858
"M3","haplotype-tagged","PH","CV0","1","2",0.286
"M2","genome-wide","PPP","CV0","1","2",0.1629
"M3","genome-wide","PPP","CV0","1","2",0.14475
"M2","haplotype-tagged","PPP","CV0","1","2",0.14565
"M3","haplotype-tagged","PPP","CV0","1","2",0.1071
"M2","genome-wide","YPPlnt","CV0","1","2",0.10435
"M3","genome-wide","YPPlnt","CV0","1","2",0.09415
"M2","haplotype-tagged","YPPlnt","CV0","1","2",0.08175
"M3","haplotype-tagged","YPPlnt","CV0","1","2",0.08855
"M2","genome-wide","DTF","CV00","1","2",0.0162
"M3","genome-wide","DTF","CV00","1","2",0.003
"M2","haplotype-tagged","DTF","CV00","1","2",0.03635
"M3","haplotype-tagged","DTF","CV00","1","2",0.0664
"M2","genome-wide","DTM","CV00","1","2",0.1647
"M3","genome-wide","DTM","CV00","1","2",0.16355
"M2","haplotype-tagged","DTM","CV00","1","2",0.21835
"M3","haplotype-tagged","DTM","CV00","1","2",0.2644
"M2","genome-wide","HSW","CV00","1","2",0.46555
"M3","genome-wide","HSW","CV00","1","2",0.44325
"M2","haplotype-tagged","HSW","CV00","1","2",0.44305
"M3","haplotype-tagged","HSW","CV00","1","2",0.4562
"M2","genome-wide","PH","CV00","1","2",0.1298
"M3","genome-wide","PH","CV00","1","2",0.1129
"M2","haplotype-tagged","PH","CV00","1","2",0.14405
"M3","haplotype-tagged","PH","CV00","1","2",0.155
"M2","genome-wide","PPP","CV00","1","2",0.0371
"M3","genome-wide","PPP","CV00","1","2",0.0513
"M2","haplotype-tagged","PPP","CV00","1","2",0.0649
"M3","haplotype-tagged","PPP","CV00","1","2",0.14435
"M2","genome-wide","YPPlnt","CV00","1","2",0.14725
"M3","genome-wide","YPPlnt","CV00","1","2",0.062
"M2","haplotype-tagged","YPPlnt","CV00","1","2",-0.05385
"M3","haplotype-tagged","YPPlnt","CV00","1","2",0.00765
"M2","genome-wide","DTF","CV1","1","2",0.506144444444445
"M3","genome-wide","DTF","CV1","1","2",0.5221
"M2","haplotype-tagged","DTF","CV1","1","2",0.218688888888889
"M3","haplotype-tagged","DTF","CV1","1","2",0.269244444444444
"M2","genome-wide","DTM","CV1","1","2",0.425277777777778
"M3","genome-wide","DTM","CV1","1","2",0.435288888888889
"M2","haplotype-tagged","DTM","CV1","1","2",0.252677777777778
"M3","haplotype-tagged","DTM","CV1","1","2",0.337955555555556
"M2","genome-wide","HSW","CV1","1","2",0.667988888888889
"M3","genome-wide","HSW","CV1","1","2",0.654488888888889
"M2","haplotype-tagged","HSW","CV1","1","2",0.594266666666667
"M3","haplotype-tagged","HSW","CV1","1","2",0.573833333333333
"M2","genome-wide","PH","CV1","1","2",0.456488888888889
"M3","genome-wide","PH","CV1","1","2",0.469988888888889
"M2","haplotype-tagged","PH","CV1","1","2",0.438711111111111
"M3","haplotype-tagged","PH","CV1","1","2",0.448544444444444
"M2","genome-wide","PPP","CV1","1","2",0.260188888888889
"M3","genome-wide","PPP","CV1","1","2",0.198544444444444
"M2","haplotype-tagged","PPP","CV1","1","2",0.219655555555556
"M3","haplotype-tagged","PPP","CV1","1","2",0.135977777777778
"M2","genome-wide","YPPlnt","CV1","1","2",0.116855555555556
"M3","genome-wide","YPPlnt","CV1","1","2",0.104322222222222
"M2","haplotype-tagged","YPPlnt","CV1","1","2",0.0158333333333333
"M3","haplotype-tagged","YPPlnt","CV1","1","2",-0.0618777777777778
"M2","genome-wide","DTF","CV2","1","2",0.605477777777778
"M3","genome-wide","DTF","CV2","1","2",0.601822222222222
"M2","haplotype-tagged","DTF","CV2","1","2",0.602533333333333
"M3","haplotype-tagged","DTF","CV2","1","2",0.607366666666667
"M2","genome-wide","DTM","CV2","1","2",0.4662
"M3","genome-wide","DTM","CV2","1","2",0.470811111111111
"M2","haplotype-tagged","DTM","CV2","1","2",0.4539
"M3","haplotype-tagged","DTM","CV2","1","2",0.465944444444444
"M2","genome-wide","HSW","CV2","1","2",0.669611111111111
"M3","genome-wide","HSW","CV2","1","2",0.6687
"M2","haplotype-tagged","HSW","CV2","1","2",0.666433333333333
"M3","haplotype-tagged","HSW","CV2","1","2",0.667777777777778
"M2","genome-wide","PH","CV2","1","2",0.571755555555556
"M3","genome-wide","PH","CV2","1","2",0.573022222222222
"M2","haplotype-tagged","PH","CV2","1","2",0.566233333333333
"M3","haplotype-tagged","PH","CV2","1","2",0.565344444444444
"M2","genome-wide","PPP","CV2","1","2",0.161888888888889
"M3","genome-wide","PPP","CV2","1","2",0.177744444444444
"M2","haplotype-tagged","PPP","CV2","1","2",0.128666666666667
"M3","haplotype-tagged","PPP","CV2","1","2",0.166666666666667
"M2","genome-wide","YPPlnt","CV2","1","2",0.0916333333333333
"M3","genome-wide","YPPlnt","CV2","1","2",0.0634555555555556
"M2","haplotype-tagged","YPPlnt","CV2","1","2",0.0727777777777778
"M3","haplotype-tagged","YPPlnt","CV2","1","2",0.0952
"M2","genome-wide","DTF","CV0","2","2",0.64285
"M3","genome-wide","DTF","CV0","2","2",0.64535
"M2","haplotype-tagged","DTF","CV0","2","2",0.647
"M3","haplotype-tagged","DTF","CV0","2","2",0.646
"M2","genome-wide","DTM","CV0","2","2",0.5321
"M3","genome-wide","DTM","CV0","2","2",0.5333
"M2","haplotype-tagged","DTM","CV0","2","2",0.53145
"M3","haplotype-tagged","DTM","CV0","2","2",0.53825
"M2","genome-wide","HSW","CV0","2","2",0.7792
"M3","genome-wide","HSW","CV0","2","2",0.77895
"M2","haplotype-tagged","HSW","CV0","2","2",0.7761
"M3","haplotype-tagged","HSW","CV0","2","2",0.7758
"M2","genome-wide","PH","CV0","2","2",0.6701
"M3","genome-wide","PH","CV0","2","2",0.66675
"M2","haplotype-tagged","PH","CV0","2","2",0.6588
"M3","haplotype-tagged","PH","CV0","2","2",0.65745
"M2","genome-wide","PPP","CV0","2","2",0.1174
"M3","genome-wide","PPP","CV0","2","2",0.11325
"M2","haplotype-tagged","PPP","CV0","2","2",0.10555
"M3","haplotype-tagged","PPP","CV0","2","2",0.08865
"M2","genome-wide","YPPlnt","CV0","2","2",0.19975
"M3","genome-wide","YPPlnt","CV0","2","2",0.18285
"M2","haplotype-tagged","YPPlnt","CV0","2","2",0.18525
"M3","haplotype-tagged","YPPlnt","CV0","2","2",0.18755
"M2","genome-wide","DTF","CV00","2","2",0.63745
"M3","genome-wide","DTF","CV00","2","2",0.66055
"M2","haplotype-tagged","DTF","CV00","2","2",0.4164
"M3","haplotype-tagged","DTF","CV00","2","2",0.4058
"M2","genome-wide","DTM","CV00","2","2",0.16175
"M3","genome-wide","DTM","CV00","2","2",0.17185
"M2","haplotype-tagged","DTM","CV00","2","2",0.1363
"M3","haplotype-tagged","DTM","CV00","2","2",0.3164
"M2","genome-wide","HSW","CV00","2","2",0.6487
"M3","genome-wide","HSW","CV00","2","2",0.64785
"M2","haplotype-tagged","HSW","CV00","2","2",0.59755
"M3","haplotype-tagged","HSW","CV00","2","2",0.62855
"M2","genome-wide","PH","CV00","2","2",0.27225
"M3","genome-wide","PH","CV00","2","2",0.27565
"M2","haplotype-tagged","PH","CV00","2","2",0.20835
"M3","haplotype-tagged","PH","CV00","2","2",0.1713
"M2","genome-wide","PPP","CV00","2","2",0.0846
"M3","genome-wide","PPP","CV00","2","2",0.0739
"M2","haplotype-tagged","PPP","CV00","2","2",0.1123
"M3","haplotype-tagged","PPP","CV00","2","2",-0.1356
"M2","genome-wide","YPPlnt","CV00","2","2",0.0327
"M3","genome-wide","YPPlnt","CV00","2","2",-0.01545
"M2","haplotype-tagged","YPPlnt","CV00","2","2",0.0139
"M3","haplotype-tagged","YPPlnt","CV00","2","2",0.02575
"M2","genome-wide","DTF","CV1","2","2",0.492844444444444
"M3","genome-wide","DTF","CV1","2","2",0.518277777777778
"M2","haplotype-tagged","DTF","CV1","2","2",0.289433333333333
"M3","haplotype-tagged","DTF","CV1","2","2",0.3317
"M2","genome-wide","DTM","CV1","2","2",0.388788888888889
"M3","genome-wide","DTM","CV1","2","2",0.359133333333333
"M2","haplotype-tagged","DTM","CV1","2","2",0.286077777777778
"M3","haplotype-tagged","DTM","CV1","2","2",0.226855555555556
"M2","genome-wide","HSW","CV1","2","2",0.516844444444444
"M3","genome-wide","HSW","CV1","2","2",0.529533333333333
"M2","haplotype-tagged","HSW","CV1","2","2",0.361266666666667
"M3","haplotype-tagged","HSW","CV1","2","2",0.320055555555556
"M2","genome-wide","PH","CV1","2","2",0.465944444444444
"M3","genome-wide","PH","CV1","2","2",0.459366666666667
"M2","haplotype-tagged","PH","CV1","2","2",0.408944444444444
"M3","haplotype-tagged","PH","CV1","2","2",0.456344444444444
"M2","genome-wide","PPP","CV1","2","2",0.122266666666667
"M3","genome-wide","PPP","CV1","2","2",0.1198
"M2","haplotype-tagged","PPP","CV1","2","2",0.1219
"M3","haplotype-tagged","PPP","CV1","2","2",0.0792777777777778
"M2","genome-wide","YPPlnt","CV1","2","2",0.1436
"M3","genome-wide","YPPlnt","CV1","2","2",0.1512
"M2","haplotype-tagged","YPPlnt","CV1","2","2",0.136166666666667
"M3","haplotype-tagged","YPPlnt","CV1","2","2",0.140255555555556
"M2","genome-wide","DTF","CV2","2","2",0.645466666666667
"M3","genome-wide","DTF","CV2","2","2",0.643944444444444
"M2","haplotype-tagged","DTF","CV2","2","2",0.632911111111111
"M3","haplotype-tagged","DTF","CV2","2","2",0.6528
"M2","genome-wide","DTM","CV2","2","2",0.447722222222222
"M3","genome-wide","DTM","CV2","2","2",0.441388888888889
"M2","haplotype-tagged","DTM","CV2","2","2",0.4353
"M3","haplotype-tagged","DTM","CV2","2","2",0.445611111111111
"M2","genome-wide","HSW","CV2","2","2",0.790544444444444
"M3","genome-wide","HSW","CV2","2","2",0.795511111111111
"M2","haplotype-tagged","HSW","CV2","2","2",0.785744444444444
"M3","haplotype-tagged","HSW","CV2","2","2",0.785088888888889
"M2","genome-wide","PH","CV2","2","2",0.487344444444444
"M3","genome-wide","PH","CV2","2","2",0.508822222222222
"M2","haplotype-tagged","PH","CV2","2","2",0.483444444444444
"M3","haplotype-tagged","PH","CV2","2","2",0.491955555555556
"M2","genome-wide","PPP","CV2","2","2",0.1479
"M3","genome-wide","PPP","CV2","2","2",0.138911111111111
"M2","haplotype-tagged","PPP","CV2","2","2",0.110922222222222
"M3","haplotype-tagged","PPP","CV2","2","2",0.167122222222222
"M2","genome-wide","YPPlnt","CV2","2","2",0.168244444444444
"M3","genome-wide","YPPlnt","CV2","2","2",0.184522222222222
"M2","haplotype-tagged","YPPlnt","CV2","2","2",0.156366666666667
"M3","haplotype-tagged","YPPlnt","CV2","2","2",0.151077777777778
"M2","genome-wide","DTF","CV0","3","2",0.6395
"M3","genome-wide","DTF","CV0","3","2",0.6362
"M2","haplotype-tagged","DTF","CV0","3","2",0.64155
"M3","haplotype-tagged","DTF","CV0","3","2",0.6389
"M2","genome-wide","DTM","CV0","3","2",0.52825
"M3","genome-wide","DTM","CV0","3","2",0.53155
"M2","haplotype-tagged","DTM","CV0","3","2",0.52845
"M3","haplotype-tagged","DTM","CV0","3","2",0.532
"M2","genome-wide","HSW","CV0","3","2",0.75545
"M3","genome-wide","HSW","CV0","3","2",0.75595
"M2","haplotype-tagged","HSW","CV0","3","2",0.7505
"M3","haplotype-tagged","HSW","CV0","3","2",0.75085
"M2","genome-wide","PH","CV0","3","2",0.58775
"M3","genome-wide","PH","CV0","3","2",0.59125
"M2","haplotype-tagged","PH","CV0","3","2",0.5885
"M3","haplotype-tagged","PH","CV0","3","2",0.5929
"M2","genome-wide","PPP","CV0","3","2",0.22095
"M3","genome-wide","PPP","CV0","3","2",0.2102
"M2","haplotype-tagged","PPP","CV0","3","2",0.2112
"M3","haplotype-tagged","PPP","CV0","3","2",0.1963
"M2","genome-wide","YPPlnt","CV0","3","2",0.13305
"M3","genome-wide","YPPlnt","CV0","3","2",0.1298
"M2","haplotype-tagged","YPPlnt","CV0","3","2",0.1114
"M3","haplotype-tagged","YPPlnt","CV0","3","2",0.10695
"M2","genome-wide","DTF","CV00","3","2",0.42685
"M3","genome-wide","DTF","CV00","3","2",0.444
"M2","haplotype-tagged","DTF","CV00","3","2",0.28015
"M3","haplotype-tagged","DTF","CV00","3","2",0.2418
"M2","genome-wide","DTM","CV00","3","2",0.45235
"M3","genome-wide","DTM","CV00","3","2",0.36495
"M2","haplotype-tagged","DTM","CV00","3","2",0.13145
"M3","haplotype-tagged","DTM","CV00","3","2",0.1515
"M2","genome-wide","HSW","CV00","3","2",0.4866
"M3","genome-wide","HSW","CV00","3","2",0.473
"M2","haplotype-tagged","HSW","CV00","3","2",0.53455
"M3","haplotype-tagged","HSW","CV00","3","2",0.4789
"M2","genome-wide","PH","CV00","3","2",0.3394
"M3","genome-wide","PH","CV00","3","2",0.3284
"M2","haplotype-tagged","PH","CV00","3","2",0.23025
"M3","haplotype-tagged","PH","CV00","3","2",0.2346
"M2","genome-wide","PPP","CV00","3","2",0.04285
"M3","genome-wide","PPP","CV00","3","2",0.01155
"M2","haplotype-tagged","PPP","CV00","3","2",0.096
"M3","haplotype-tagged","PPP","CV00","3","2",0.0448
"M2","genome-wide","YPPlnt","CV00","3","2",-0.00144999999999998
"M3","genome-wide","YPPlnt","CV00","3","2",-0.05685
"M2","haplotype-tagged","YPPlnt","CV00","3","2",-0.17025
"M3","haplotype-tagged","YPPlnt","CV00","3","2",-0.04035
"M2","genome-wide","DTF","CV1","3","2",0.4041
"M3","genome-wide","DTF","CV1","3","2",0.376644444444444
"M2","haplotype-tagged","DTF","CV1","3","2",0.2484
"M3","haplotype-tagged","DTF","CV1","3","2",0.215611111111111
"M2","genome-wide","DTM","CV1","3","2",0.407144444444444
"M3","genome-wide","DTM","CV1","3","2",0.410988888888889
"M2","haplotype-tagged","DTM","CV1","3","2",0.192122222222222
"M3","haplotype-tagged","DTM","CV1","3","2",0.284411111111111
"M2","genome-wide","HSW","CV1","3","2",0.653211111111111
"M3","genome-wide","HSW","CV1","3","2",0.658477777777778
"M2","haplotype-tagged","HSW","CV1","3","2",0.633666666666667
"M3","haplotype-tagged","HSW","CV1","3","2",0.590555555555556
"M2","genome-wide","PH","CV1","3","2",0.4436
"M3","genome-wide","PH","CV1","3","2",0.459966666666667
"M2","haplotype-tagged","PH","CV1","3","2",0.444411111111111
"M3","haplotype-tagged","PH","CV1","3","2",0.417977777777778
"M2","genome-wide","PPP","CV1","3","2",0.220622222222222
"M3","genome-wide","PPP","CV1","3","2",0.175533333333333
"M2","haplotype-tagged","PPP","CV1","3","2",0.2021
"M3","haplotype-tagged","PPP","CV1","3","2",0.116166666666667
"M2","genome-wide","YPPlnt","CV1","3","2",0.177166666666667
"M3","genome-wide","YPPlnt","CV1","3","2",0.146677777777778
"M2","haplotype-tagged","YPPlnt","CV1","3","2",0.151088888888889
"M3","haplotype-tagged","YPPlnt","CV1","3","2",0.0666777777777778
"M2","genome-wide","DTF","CV2","3","2",0.599333333333333
"M3","genome-wide","DTF","CV2","3","2",0.613166666666667
"M2","haplotype-tagged","DTF","CV2","3","2",0.597055555555556
"M3","haplotype-tagged","DTF","CV2","3","2",0.602788888888889
"M2","genome-wide","DTM","CV2","3","2",0.547255555555555
"M3","genome-wide","DTM","CV2","3","2",0.5348
"M2","haplotype-tagged","DTM","CV2","3","2",0.526177777777778
"M3","haplotype-tagged","DTM","CV2","3","2",0.530555555555556
"M2","genome-wide","HSW","CV2","3","2",0.768166666666667
"M3","genome-wide","HSW","CV2","3","2",0.748611111111111
"M2","haplotype-tagged","HSW","CV2","3","2",0.763511111111111
"M3","haplotype-tagged","HSW","CV2","3","2",0.758244444444444
"M2","genome-wide","PH","CV2","3","2",0.625
"M3","genome-wide","PH","CV2","3","2",0.656711111111111
"M2","haplotype-tagged","PH","CV2","3","2",0.622855555555556
"M3","haplotype-tagged","PH","CV2","3","2",0.636411111111111
"M2","genome-wide","PPP","CV2","3","2",0.223955555555556
"M3","genome-wide","PPP","CV2","3","2",0.1963
"M2","haplotype-tagged","PPP","CV2","3","2",0.205411111111111
"M3","haplotype-tagged","PPP","CV2","3","2",0.222122222222222
"M2","genome-wide","YPPlnt","CV2","3","2",0.141411111111111
"M3","genome-wide","YPPlnt","CV2","3","2",0.154033333333333
"M2","haplotype-tagged","YPPlnt","CV2","3","2",0.129233333333333
"M3","haplotype-tagged","YPPlnt","CV2","3","2",0.134155555555556
"M2","genome-wide","DTF","CV0","4","2",0.4912
"M3","genome-wide","DTF","CV0","4","2",0.49175
"M2","haplotype-tagged","DTF","CV0","4","2",0.49495
"M3","haplotype-tagged","DTF","CV0","4","2",0.4938
"M2","genome-wide","DTM","CV0","4","2",0.388
"M3","genome-wide","DTM","CV0","4","2",0.3899
"M2","haplotype-tagged","DTM","CV0","4","2",0.3866
"M3","haplotype-tagged","DTM","CV0","4","2",0.38485
"M2","genome-wide","HSW","CV0","4","2",0.69405
"M3","genome-wide","HSW","CV0","4","2",0.69705
"M2","haplotype-tagged","HSW","CV0","4","2",0.69765
"M3","haplotype-tagged","HSW","CV0","4","2",0.6977
"M2","genome-wide","PH","CV0","4","2",0.62155
"M3","genome-wide","PH","CV0","4","2",0.62105
"M2","haplotype-tagged","PH","CV0","4","2",0.61695
"M3","haplotype-tagged","PH","CV0","4","2",0.6146
"M2","genome-wide","PPP","CV0","4","2",0.1291
"M3","genome-wide","PPP","CV0","4","2",0.12165
"M2","haplotype-tagged","PPP","CV0","4","2",0.1219
"M3","haplotype-tagged","PPP","CV0","4","2",0.1178
"M2","genome-wide","YPPlnt","CV0","4","2",0.13965
"M3","genome-wide","YPPlnt","CV0","4","2",0.1375
"M2","haplotype-tagged","YPPlnt","CV0","4","2",0.1388
"M3","haplotype-tagged","YPPlnt","CV0","4","2",0.13085
"M2","genome-wide","DTF","CV00","4","2",0.5329
"M3","genome-wide","DTF","CV00","4","2",0.52095
"M2","haplotype-tagged","DTF","CV00","4","2",0.40495
"M3","haplotype-tagged","DTF","CV00","4","2",0.24035
"M2","genome-wide","DTM","CV00","4","2",0.34985
"M3","genome-wide","DTM","CV00","4","2",0.3903
"M2","haplotype-tagged","DTM","CV00","4","2",0.183
"M3","haplotype-tagged","DTM","CV00","4","2",0.07145
"M2","genome-wide","HSW","CV00","4","2",0.6
"M3","genome-wide","HSW","CV00","4","2",0.6097
"M2","haplotype-tagged","HSW","CV00","4","2",0.4787
"M3","haplotype-tagged","HSW","CV00","4","2",0.4893
"M2","genome-wide","PH","CV00","4","2",0.14305
"M3","genome-wide","PH","CV00","4","2",0.13475
"M2","haplotype-tagged","PH","CV00","4","2",0.19465
"M3","haplotype-tagged","PH","CV00","4","2",0.17305
"M2","genome-wide","PPP","CV00","4","2",0.2596
"M3","genome-wide","PPP","CV00","4","2",0.2909
"M2","haplotype-tagged","PPP","CV00","4","2",0.3506
"M3","haplotype-tagged","PPP","CV00","4","2",0.34545
"M2","genome-wide","YPPlnt","CV00","4","2",0.03575
"M3","genome-wide","YPPlnt","CV00","4","2",0.05495
"M2","haplotype-tagged","YPPlnt","CV00","4","2",0.09335
"M3","haplotype-tagged","YPPlnt","CV00","4","2",-0.1431
"M2","genome-wide","DTF","CV1","4","2",0.363633333333333
"M3","genome-wide","DTF","CV1","4","2",0.344166666666667
"M2","haplotype-tagged","DTF","CV1","4","2",0.359022222222222
"M3","haplotype-tagged","DTF","CV1","4","2",0.148577777777778
"M2","genome-wide","DTM","CV1","4","2",0.247311111111111
"M3","genome-wide","DTM","CV1","4","2",0.211333333333333
"M2","haplotype-tagged","DTM","CV1","4","2",0.2494
"M3","haplotype-tagged","DTM","CV1","4","2",0.149911111111111
"M2","genome-wide","HSW","CV1","4","2",0.444011111111111
"M3","genome-wide","HSW","CV1","4","2",0.437633333333333
"M2","haplotype-tagged","HSW","CV1","4","2",0.291922222222222
"M3","haplotype-tagged","HSW","CV1","4","2",0.354266666666667
"M2","genome-wide","PH","CV1","4","2",0.0860333333333333
"M3","genome-wide","PH","CV1","4","2",0.106266666666667
"M2","haplotype-tagged","PH","CV1","4","2",0.155355555555556
"M3","haplotype-tagged","PH","CV1","4","2",0.157188888888889
"M2","genome-wide","PPP","CV1","4","2",0.184088888888889
"M3","genome-wide","PPP","CV1","4","2",0.214611111111111
"M2","haplotype-tagged","PPP","CV1","4","2",0.197066666666667
"M3","haplotype-tagged","PPP","CV1","4","2",0.164022222222222
"M2","genome-wide","YPPlnt","CV1","4","2",0.176088888888889
"M3","genome-wide","YPPlnt","CV1","4","2",0.109288888888889
"M2","haplotype-tagged","YPPlnt","CV1","4","2",0.177588888888889
"M3","haplotype-tagged","YPPlnt","CV1","4","2",0.1315
"M2","genome-wide","DTF","CV2","4","2",0.631988888888889
"M3","genome-wide","DTF","CV2","4","2",0.623511111111111
"M2","haplotype-tagged","DTF","CV2","4","2",0.6288
"M3","haplotype-tagged","DTF","CV2","4","2",0.638022222222222
"M2","genome-wide","DTM","CV2","4","2",0.523222222222222
"M3","genome-wide","DTM","CV2","4","2",0.514833333333333
"M2","haplotype-tagged","DTM","CV2","4","2",0.518988888888889
"M3","haplotype-tagged","DTM","CV2","4","2",0.531677777777778
"M2","genome-wide","HSW","CV2","4","2",0.780355555555556
"M3","genome-wide","HSW","CV2","4","2",0.776333333333333
"M2","haplotype-tagged","HSW","CV2","4","2",0.784388888888889
"M3","haplotype-tagged","HSW","CV2","4","2",0.786033333333333
"M2","genome-wide","PH","CV2","4","2",0.535933333333333
"M3","genome-wide","PH","CV2","4","2",0.528611111111111
"M2","haplotype-tagged","PH","CV2","4","2",0.528988888888889
"M3","haplotype-tagged","PH","CV2","4","2",0.5335
"M2","genome-wide","PPP","CV2","4","2",0.207544444444444
"M3","genome-wide","PPP","CV2","4","2",0.214411111111111
"M2","haplotype-tagged","PPP","CV2","4","2",0.200466666666667
"M3","haplotype-tagged","PPP","CV2","4","2",0.219644444444444
"M2","genome-wide","YPPlnt","CV2","4","2",0.0843111111111111
"M3","genome-wide","YPPlnt","CV2","4","2",0.0943444444444444
"M2","haplotype-tagged","YPPlnt","CV2","4","2",0.0666888888888889
"M3","haplotype-tagged","YPPlnt","CV2","4","2",0.0701333333333333
"M2","genome-wide","DTF","CV0","5","2",0.6473
"M3","genome-wide","DTF","CV0","5","2",0.64315
"M2","haplotype-tagged","DTF","CV0","5","2",0.6425
"M3","haplotype-tagged","DTF","CV0","5","2",0.63995
"M2","genome-wide","DTM","CV0","5","2",0.59185
"M3","genome-wide","DTM","CV0","5","2",0.5915
"M2","haplotype-tagged","DTM","CV0","5","2",0.58465
"M3","haplotype-tagged","DTM","CV0","5","2",0.5902
"M2","genome-wide","HSW","CV0","5","2",0.80045
"M3","genome-wide","HSW","CV0","5","2",0.8006
"M2","haplotype-tagged","HSW","CV0","5","2",0.7923
"M3","haplotype-tagged","HSW","CV0","5","2",0.79295
"M2","genome-wide","PH","CV0","5","2",0.40415
"M3","genome-wide","PH","CV0","5","2",0.40215
"M2","haplotype-tagged","PH","CV0","5","2",0.39995
"M3","haplotype-tagged","PH","CV0","5","2",0.39855
"M2","genome-wide","PPP","CV0","5","2",0.0699
"M3","genome-wide","PPP","CV0","5","2",0.0697
"M2","haplotype-tagged","PPP","CV0","5","2",0.0692
"M3","haplotype-tagged","PPP","CV0","5","2",0.0817
"M2","genome-wide","YPPlnt","CV0","5","2",0.2295
"M3","genome-wide","YPPlnt","CV0","5","2",0.1959
"M2","haplotype-tagged","YPPlnt","CV0","5","2",0.199
"M3","haplotype-tagged","YPPlnt","CV0","5","2",0.19635
"M2","genome-wide","DTF","CV00","5","2",0.49475
"M3","genome-wide","DTF","CV00","5","2",0.51115
"M2","haplotype-tagged","DTF","CV00","5","2",0.30205
"M3","haplotype-tagged","DTF","CV00","5","2",0.45345
"M2","genome-wide","DTM","CV00","5","2",0.38895
"M3","genome-wide","DTM","CV00","5","2",0.41555
"M2","haplotype-tagged","DTM","CV00","5","2",0.3586
"M3","haplotype-tagged","DTM","CV00","5","2",0.2269
"M2","genome-wide","HSW","CV00","5","2",0.68455
"M3","genome-wide","HSW","CV00","5","2",0.6902
"M2","haplotype-tagged","HSW","CV00","5","2",0.52235
"M3","haplotype-tagged","HSW","CV00","5","2",0.5361
"M2","genome-wide","PH","CV00","5","2",0.60725
"M3","genome-wide","PH","CV00","5","2",0.60395
"M2","haplotype-tagged","PH","CV00","5","2",0.55995
"M3","haplotype-tagged","PH","CV00","5","2",0.58505
"M2","genome-wide","PPP","CV00","5","2",0.15175
"M3","genome-wide","PPP","CV00","5","2",0.17715
"M2","haplotype-tagged","PPP","CV00","5","2",0.0977
"M3","haplotype-tagged","PPP","CV00","5","2",0.0391
"M2","genome-wide","YPPlnt","CV00","5","2",0.021
"M3","genome-wide","YPPlnt","CV00","5","2",-0.04385
"M2","haplotype-tagged","YPPlnt","CV00","5","2",0.2818
"M3","haplotype-tagged","YPPlnt","CV00","5","2",0.29495
"M2","genome-wide","DTF","CV1","5","2",0.356977777777778
"M3","genome-wide","DTF","CV1","5","2",0.391777777777778
"M2","haplotype-tagged","DTF","CV1","5","2",0.283644444444444
"M3","haplotype-tagged","DTF","CV1","5","2",0.301144444444444
"M2","genome-wide","DTM","CV1","5","2",0.331233333333333
"M3","genome-wide","DTM","CV1","5","2",0.298522222222222
"M2","haplotype-tagged","DTM","CV1","5","2",0.241922222222222
"M3","haplotype-tagged","DTM","CV1","5","2",0.278822222222222
"M2","genome-wide","HSW","CV1","5","2",0.635211111111111
"M3","genome-wide","HSW","CV1","5","2",0.636244444444444
"M2","haplotype-tagged","HSW","CV1","5","2",0.402466666666667
"M3","haplotype-tagged","HSW","CV1","5","2",0.396633333333333
"M2","genome-wide","PH","CV1","5","2",0.499511111111111
"M3","genome-wide","PH","CV1","5","2",0.538855555555556
"M2","haplotype-tagged","PH","CV1","5","2",0.462955555555556
"M3","haplotype-tagged","PH","CV1","5","2",0.456611111111111
"M2","genome-wide","PPP","CV1","5","2",0.107166666666667
"M3","genome-wide","PPP","CV1","5","2",0.141877777777778
"M2","haplotype-tagged","PPP","CV1","5","2",0.122644444444444
"M3","haplotype-tagged","PPP","CV1","5","2",0.182544444444444
"M2","genome-wide","YPPlnt","CV1","5","2",0.176322222222222
"M3","genome-wide","YPPlnt","CV1","5","2",0.172144444444444
"M2","haplotype-tagged","YPPlnt","CV1","5","2",0.0411444444444444
"M3","haplotype-tagged","YPPlnt","CV1","5","2",0.0344666666666667
"M2","genome-wide","DTF","CV2","5","2",0.666344444444444
"M3","genome-wide","DTF","CV2","5","2",0.665544444444444
"M2","haplotype-tagged","DTF","CV2","5","2",0.656722222222222
"M3","haplotype-tagged","DTF","CV2","5","2",0.666188888888889
"M2","genome-wide","DTM","CV2","5","2",0.484655555555556
"M3","genome-wide","DTM","CV2","5","2",0.505766666666667
"M2","haplotype-tagged","DTM","CV2","5","2",0.477422222222222
"M3","haplotype-tagged","DTM","CV2","5","2",0.507922222222222
"M2","genome-wide","HSW","CV2","5","2",0.721866666666667
"M3","genome-wide","HSW","CV2","5","2",0.716111111111111
"M2","haplotype-tagged","HSW","CV2","5","2",0.7224
"M3","haplotype-tagged","HSW","CV2","5","2",0.722011111111111
"M2","genome-wide","PH","CV2","5","2",0.638933333333333
"M3","genome-wide","PH","CV2","5","2",0.626488888888889
"M2","haplotype-tagged","PH","CV2","5","2",0.631611111111111
"M3","haplotype-tagged","PH","CV2","5","2",0.648355555555556
"M2","genome-wide","PPP","CV2","5","2",0.214288888888889
"M3","genome-wide","PPP","CV2","5","2",0.195033333333333
"M2","haplotype-tagged","PPP","CV2","5","2",0.200688888888889
"M3","haplotype-tagged","PPP","CV2","5","2",0.182644444444444
"M2","genome-wide","YPPlnt","CV2","5","2",0.0817444444444444
"M3","genome-wide","YPPlnt","CV2","5","2",0.0814888888888889
"M2","haplotype-tagged","YPPlnt","CV2","5","2",0.0709555555555555
"M3","haplotype-tagged","YPPlnt","CV2","5","2",0.0645777777777778
"M2","genome-wide","DTF","CV0","6","2",0.708
"M3","genome-wide","DTF","CV0","6","2",0.7075
"M2","haplotype-tagged","DTF","CV0","6","2",0.69655
"M3","haplotype-tagged","DTF","CV0","6","2",0.68785
"M2","genome-wide","DTM","CV0","6","2",0.59445
"M3","genome-wide","DTM","CV0","6","2",0.59235
"M2","haplotype-tagged","DTM","CV0","6","2",0.5802
"M3","haplotype-tagged","DTM","CV0","6","2",0.574
"M2","genome-wide","HSW","CV0","6","2",0.8082
"M3","genome-wide","HSW","CV0","6","2",0.8068
"M2","haplotype-tagged","HSW","CV0","6","2",0.7973
"M3","haplotype-tagged","HSW","CV0","6","2",0.79525
"M2","genome-wide","PH","CV0","6","2",0.4425
"M3","genome-wide","PH","CV0","6","2",0.44175
"M2","haplotype-tagged","PH","CV0","6","2",0.43855
"M3","haplotype-tagged","PH","CV0","6","2",0.4386
"M2","genome-wide","PPP","CV0","6","2",0.19715
"M3","genome-wide","PPP","CV0","6","2",0.16145
"M2","haplotype-tagged","PPP","CV0","6","2",0.1669
"M3","haplotype-tagged","PPP","CV0","6","2",0.12905
"M2","genome-wide","YPPlnt","CV0","6","2",0.10005
"M3","genome-wide","YPPlnt","CV0","6","2",0.08075
"M2","haplotype-tagged","YPPlnt","CV0","6","2",0.0752
"M3","haplotype-tagged","YPPlnt","CV0","6","2",0.08185
"M2","genome-wide","DTF","CV00","6","2",0.4052
"M3","genome-wide","DTF","CV00","6","2",0.40325
"M2","haplotype-tagged","DTF","CV00","6","2",0.26525
"M3","haplotype-tagged","DTF","CV00","6","2",0.15995
"M2","genome-wide","DTM","CV00","6","2",0.22805
"M3","genome-wide","DTM","CV00","6","2",0.23675
"M2","haplotype-tagged","DTM","CV00","6","2",0.2422
"M3","haplotype-tagged","DTM","CV00","6","2",0.2753
"M2","genome-wide","HSW","CV00","6","2",0.6407
"M3","genome-wide","HSW","CV00","6","2",0.63675
"M2","haplotype-tagged","HSW","CV00","6","2",0.65285
"M3","haplotype-tagged","HSW","CV00","6","2",0.6271
"M2","genome-wide","PH","CV00","6","2",0.32535
"M3","genome-wide","PH","CV00","6","2",0.32865
"M2","haplotype-tagged","PH","CV00","6","2",0.345
"M3","haplotype-tagged","PH","CV00","6","2",0.35085
"M2","genome-wide","PPP","CV00","6","2",0.1795
"M3","genome-wide","PPP","CV00","6","2",0.18105
"M2","haplotype-tagged","PPP","CV00","6","2",0.1655
"M3","haplotype-tagged","PPP","CV00","6","2",0.1924
"M2","genome-wide","YPPlnt","CV00","6","2",0.09225
"M3","genome-wide","YPPlnt","CV00","6","2",0.11775
"M2","haplotype-tagged","YPPlnt","CV00","6","2",0.1448
"M3","haplotype-tagged","YPPlnt","CV00","6","2",0.1385
"M2","genome-wide","DTF","CV1","6","2",0.513733333333333
"M3","genome-wide","DTF","CV1","6","2",0.4902
"M2","haplotype-tagged","DTF","CV1","6","2",0.405533333333333
"M3","haplotype-tagged","DTF","CV1","6","2",0.244988888888889
"M2","genome-wide","DTM","CV1","6","2",0.398911111111111
"M3","genome-wide","DTM","CV1","6","2",0.375733333333333
"M2","haplotype-tagged","DTM","CV1","6","2",0.213788888888889
"M3","haplotype-tagged","DTM","CV1","6","2",0.194588888888889
"M2","genome-wide","HSW","CV1","6","2",0.486522222222222
"M3","genome-wide","HSW","CV1","6","2",0.486944444444444
"M2","haplotype-tagged","HSW","CV1","6","2",0.4691
"M3","haplotype-tagged","HSW","CV1","6","2",0.4355
"M2","genome-wide","PH","CV1","6","2",0.226411111111111
"M3","genome-wide","PH","CV1","6","2",0.235455555555556
"M2","haplotype-tagged","PH","CV1","6","2",0.261011111111111
"M3","haplotype-tagged","PH","CV1","6","2",0.247055555555556
"M2","genome-wide","PPP","CV1","6","2",0.204744444444444
"M3","genome-wide","PPP","CV1","6","2",0.229388888888889
"M2","haplotype-tagged","PPP","CV1","6","2",0.166722222222222
"M3","haplotype-tagged","PPP","CV1","6","2",0.193344444444444
"M2","genome-wide","YPPlnt","CV1","6","2",0.158244444444444
"M3","genome-wide","YPPlnt","CV1","6","2",0.115055555555556
"M2","haplotype-tagged","YPPlnt","CV1","6","2",0.153433333333333
"M3","haplotype-tagged","YPPlnt","CV1","6","2",0.0920888888888889
"M2","genome-wide","DTF","CV2","6","2",0.578011111111111
"M3","genome-wide","DTF","CV2","6","2",0.574677777777778
"M2","haplotype-tagged","DTF","CV2","6","2",0.577944444444444
"M3","haplotype-tagged","DTF","CV2","6","2",0.588222222222222
"M2","genome-wide","DTM","CV2","6","2",0.480277777777778
"M3","genome-wide","DTM","CV2","6","2",0.482255555555556
"M2","haplotype-tagged","DTM","CV2","6","2",0.479222222222222
"M3","haplotype-tagged","DTM","CV2","6","2",0.489122222222222
"M2","genome-wide","HSW","CV2","6","2",0.718966666666667
"M3","genome-wide","HSW","CV2","6","2",0.717933333333333
"M2","haplotype-tagged","HSW","CV2","6","2",0.724311111111111
"M3","haplotype-tagged","HSW","CV2","6","2",0.7274
"M2","genome-wide","PH","CV2","6","2",0.4999
"M3","genome-wide","PH","CV2","6","2",0.511377777777778
"M2","haplotype-tagged","PH","CV2","6","2",0.504177777777778
"M3","haplotype-tagged","PH","CV2","6","2",0.518688888888889
"M2","genome-wide","PPP","CV2","6","2",0.250311111111111
"M3","genome-wide","PPP","CV2","6","2",0.267833333333333
"M2","haplotype-tagged","PPP","CV2","6","2",0.236622222222222
"M3","haplotype-tagged","PPP","CV2","6","2",0.239244444444444
"M2","genome-wide","YPPlnt","CV2","6","2",0.308511111111111
"M3","genome-wide","YPPlnt","CV2","6","2",0.278877777777778
"M2","haplotype-tagged","YPPlnt","CV2","6","2",0.296966666666667
"M3","haplotype-tagged","YPPlnt","CV2","6","2",0.317377777777778
"M2","genome-wide","DTF","CV0","7","2",0.68915
"M3","genome-wide","DTF","CV0","7","2",0.6844
"M2","haplotype-tagged","DTF","CV0","7","2",0.68425
"M3","haplotype-tagged","DTF","CV0","7","2",0.68085
"M2","genome-wide","DTM","CV0","7","2",0.5359
"M3","genome-wide","DTM","CV0","7","2",0.5238
"M2","haplotype-tagged","DTM","CV0","7","2",0.5279
"M3","haplotype-tagged","DTM","CV0","7","2",0.52555
"M2","genome-wide","HSW","CV0","7","2",0.7646
"M3","genome-wide","HSW","CV0","7","2",0.76655
"M2","haplotype-tagged","HSW","CV0","7","2",0.7619
"M3","haplotype-tagged","HSW","CV0","7","2",0.76285
"M2","genome-wide","PH","CV0","7","2",0.75875
"M3","genome-wide","PH","CV0","7","2",0.76095
"M2","haplotype-tagged","PH","CV0","7","2",0.7544
"M3","haplotype-tagged","PH","CV0","7","2",0.74055
"M2","genome-wide","PPP","CV0","7","2",0.33655
"M3","genome-wide","PPP","CV0","7","2",0.2819
"M2","haplotype-tagged","PPP","CV0","7","2",0.28995
"M3","haplotype-tagged","PPP","CV0","7","2",0.24485
"M2","genome-wide","YPPlnt","CV0","7","2",0.174
"M3","genome-wide","YPPlnt","CV0","7","2",0.16185
"M2","haplotype-tagged","YPPlnt","CV0","7","2",0.1601
"M3","haplotype-tagged","YPPlnt","CV0","7","2",0.15285
"M2","genome-wide","DTF","CV00","7","2",0.3055
"M3","genome-wide","DTF","CV00","7","2",0.3523
"M2","haplotype-tagged","DTF","CV00","7","2",0.2608
"M3","haplotype-tagged","DTF","CV00","7","2",0.2149
"M2","genome-wide","DTM","CV00","7","2",0.12325
"M3","genome-wide","DTM","CV00","7","2",0.11495
"M2","haplotype-tagged","DTM","CV00","7","2",-0.0471
"M3","haplotype-tagged","DTM","CV00","7","2",0.0097
"M2","genome-wide","HSW","CV00","7","2",0.5493
"M3","genome-wide","HSW","CV00","7","2",0.54255
"M2","haplotype-tagged","HSW","CV00","7","2",0.4618
"M3","haplotype-tagged","HSW","CV00","7","2",0.47365
"M2","genome-wide","PH","CV00","7","2",0.4163
"M3","genome-wide","PH","CV00","7","2",0.40005
"M2","haplotype-tagged","PH","CV00","7","2",0.43445
"M3","haplotype-tagged","PH","CV00","7","2",0.4536
"M2","genome-wide","PPP","CV00","7","2",0.3615
"M3","genome-wide","PPP","CV00","7","2",0.3563
"M2","haplotype-tagged","PPP","CV00","7","2",0.33495
"M3","haplotype-tagged","PPP","CV00","7","2",0.24355
"M2","genome-wide","YPPlnt","CV00","7","2",0.2385
"M3","genome-wide","YPPlnt","CV00","7","2",0.19585
"M2","haplotype-tagged","YPPlnt","CV00","7","2",0.1045
"M3","haplotype-tagged","YPPlnt","CV00","7","2",0.13645
"M2","genome-wide","DTF","CV1","7","2",0.488544444444444
"M3","genome-wide","DTF","CV1","7","2",0.477533333333333
"M2","haplotype-tagged","DTF","CV1","7","2",0.271477777777778
"M3","haplotype-tagged","DTF","CV1","7","2",0.244833333333333
"M2","genome-wide","DTM","CV1","7","2",0.352122222222222
"M3","genome-wide","DTM","CV1","7","2",0.3756
"M2","haplotype-tagged","DTM","CV1","7","2",0.188544444444444
"M3","haplotype-tagged","DTM","CV1","7","2",0.240111111111111
"M2","genome-wide","HSW","CV1","7","2",0.573988888888889
"M3","genome-wide","HSW","CV1","7","2",0.569855555555556
"M2","haplotype-tagged","HSW","CV1","7","2",0.539322222222222
"M3","haplotype-tagged","HSW","CV1","7","2",0.548811111111111
"M2","genome-wide","PH","CV1","7","2",0.239122222222222
"M3","genome-wide","PH","CV1","7","2",0.268288888888889
"M2","haplotype-tagged","PH","CV1","7","2",0.237766666666667
"M3","haplotype-tagged","PH","CV1","7","2",0.297555555555556
"M2","genome-wide","PPP","CV1","7","2",0.214666666666667
"M3","genome-wide","PPP","CV1","7","2",0.233566666666667
"M2","haplotype-tagged","PPP","CV1","7","2",0.202888888888889
"M3","haplotype-tagged","PPP","CV1","7","2",0.135544444444444
"M2","genome-wide","YPPlnt","CV1","7","2",0.160344444444444
"M3","genome-wide","YPPlnt","CV1","7","2",0.1734
"M2","haplotype-tagged","YPPlnt","CV1","7","2",0.0735666666666667
"M3","haplotype-tagged","YPPlnt","CV1","7","2",0.0712888888888889
"M2","genome-wide","DTF","CV2","7","2",0.634933333333333
"M3","genome-wide","DTF","CV2","7","2",0.621744444444444
"M2","haplotype-tagged","DTF","CV2","7","2",0.625866666666667
"M3","haplotype-tagged","DTF","CV2","7","2",0.618811111111111
"M2","genome-wide","DTM","CV2","7","2",0.5471
"M3","genome-wide","DTM","CV2","7","2",0.527588888888889
"M2","haplotype-tagged","DTM","CV2","7","2",0.541822222222222
"M3","haplotype-tagged","DTM","CV2","7","2",0.547766666666667
"M2","genome-wide","HSW","CV2","7","2",0.755677777777778
"M3","genome-wide","HSW","CV2","7","2",0.742722222222222
"M2","haplotype-tagged","HSW","CV2","7","2",0.756244444444444
"M3","haplotype-tagged","HSW","CV2","7","2",0.755355555555556
"M2","genome-wide","PH","CV2","7","2",0.604022222222222
"M3","genome-wide","PH","CV2","7","2",0.610022222222222
"M2","haplotype-tagged","PH","CV2","7","2",0.596011111111111
"M3","haplotype-tagged","PH","CV2","7","2",0.615888888888889
"M2","genome-wide","PPP","CV2","7","2",0.128611111111111
"M3","genome-wide","PPP","CV2","7","2",0.0952555555555556
"M2","haplotype-tagged","PPP","CV2","7","2",0.114877777777778
"M3","haplotype-tagged","PPP","CV2","7","2",0.112466666666667
"M2","genome-wide","YPPlnt","CV2","7","2",0.0920666666666667
"M3","genome-wide","YPPlnt","CV2","7","2",0.1069
"M2","haplotype-tagged","YPPlnt","CV2","7","2",0.0794888888888889
"M3","haplotype-tagged","YPPlnt","CV2","7","2",0.0993333333333333
"M2","genome-wide","DTF","CV0","8","2",0.72035
"M3","genome-wide","DTF","CV0","8","2",0.7183
"M2","haplotype-tagged","DTF","CV0","8","2",0.7115
"M3","haplotype-tagged","DTF","CV0","8","2",0.7054
"M2","genome-wide","DTM","CV0","8","2",0.5835
"M3","genome-wide","DTM","CV0","8","2",0.58545
"M2","haplotype-tagged","DTM","CV0","8","2",0.57745
"M3","haplotype-tagged","DTM","CV0","8","2",0.5719
"M2","genome-wide","HSW","CV0","8","2",0.80165
"M3","genome-wide","HSW","CV0","8","2",0.80075
"M2","haplotype-tagged","HSW","CV0","8","2",0.7945
"M3","haplotype-tagged","HSW","CV0","8","2",0.79325
"M2","genome-wide","PH","CV0","8","2",0.62545
"M3","genome-wide","PH","CV0","8","2",0.62615
"M2","haplotype-tagged","PH","CV0","8","2",0.6228
"M3","haplotype-tagged","PH","CV0","8","2",0.61935
"M2","genome-wide","PPP","CV0","8","2",0.30605
"M3","genome-wide","PPP","CV0","8","2",0.23355
"M2","haplotype-tagged","PPP","CV0","8","2",0.25675
"M3","haplotype-tagged","PPP","CV0","8","2",0.20775
"M2","genome-wide","YPPlnt","CV0","8","2",0.06455
"M3","genome-wide","YPPlnt","CV0","8","2",0.04745
"M2","haplotype-tagged","YPPlnt","CV0","8","2",0.0443
"M3","haplotype-tagged","YPPlnt","CV0","8","2",0.04685
"M2","genome-wide","DTF","CV00","8","2",0.3944
"M3","genome-wide","DTF","CV00","8","2",0.3739
"M2","haplotype-tagged","DTF","CV00","8","2",0.2213
"M3","haplotype-tagged","DTF","CV00","8","2",0.18465
"M2","genome-wide","DTM","CV00","8","2",0.3259
"M3","genome-wide","DTM","CV00","8","2",0.32605
"M2","haplotype-tagged","DTM","CV00","8","2",0.20315
"M3","haplotype-tagged","DTM","CV00","8","2",0.19925
"M2","genome-wide","HSW","CV00","8","2",0.6136
"M3","genome-wide","HSW","CV00","8","2",0.61005
"M2","haplotype-tagged","HSW","CV00","8","2",0.57175
"M3","haplotype-tagged","HSW","CV00","8","2",0.5882
"M2","genome-wide","PH","CV00","8","2",0.1978
"M3","genome-wide","PH","CV00","8","2",0.21
"M2","haplotype-tagged","PH","CV00","8","2",0.248
"M3","haplotype-tagged","PH","CV00","8","2",0.2332
"M2","genome-wide","PPP","CV00","8","2",0.1665
"M3","genome-wide","PPP","CV00","8","2",0.13405
"M2","haplotype-tagged","PPP","CV00","8","2",0.1815
"M3","haplotype-tagged","PPP","CV00","8","2",0.0642
"M2","genome-wide","YPPlnt","CV00","8","2",-0.0144
"M3","genome-wide","YPPlnt","CV00","8","2",-0.06975
"M2","haplotype-tagged","YPPlnt","CV00","8","2",0.037
"M3","haplotype-tagged","YPPlnt","CV00","8","2",0.06485
"M2","genome-wide","DTF","CV1","8","2",0.441622222222222
"M3","genome-wide","DTF","CV1","8","2",0.443111111111111
"M2","haplotype-tagged","DTF","CV1","8","2",0.283355555555556
"M3","haplotype-tagged","DTF","CV1","8","2",0.245433333333333
"M2","genome-wide","DTM","CV1","8","2",0.340322222222222
"M3","genome-wide","DTM","CV1","8","2",0.369277777777778
"M2","haplotype-tagged","DTM","CV1","8","2",0.223822222222222
"M3","haplotype-tagged","DTM","CV1","8","2",0.244366666666667
"M2","genome-wide","HSW","CV1","8","2",0.623911111111111
"M3","genome-wide","HSW","CV1","8","2",0.634133333333333
"M2","haplotype-tagged","HSW","CV1","8","2",0.544333333333333
"M3","haplotype-tagged","HSW","CV1","8","2",0.578533333333333
"M2","genome-wide","PH","CV1","8","2",0.371411111111111
"M3","genome-wide","PH","CV1","8","2",0.399077777777778
"M2","haplotype-tagged","PH","CV1","8","2",0.3981
"M3","haplotype-tagged","PH","CV1","8","2",0.409577777777778
"M2","genome-wide","PPP","CV1","8","2",0.1681
"M3","genome-wide","PPP","CV1","8","2",0.128144444444444
"M2","haplotype-tagged","PPP","CV1","8","2",0.175255555555556
"M3","haplotype-tagged","PPP","CV1","8","2",0.0996111111111111
"M2","genome-wide","YPPlnt","CV1","8","2",0.150988888888889
"M3","genome-wide","YPPlnt","CV1","8","2",0.189488888888889
"M2","haplotype-tagged","YPPlnt","CV1","8","2",0.110266666666667
"M3","haplotype-tagged","YPPlnt","CV1","8","2",0.0987
"M2","genome-wide","DTF","CV2","8","2",0.560211111111111
"M3","genome-wide","DTF","CV2","8","2",0.570055555555556
"M2","haplotype-tagged","DTF","CV2","8","2",0.562033333333333
"M3","haplotype-tagged","DTF","CV2","8","2",0.570166666666667
"M2","genome-wide","DTM","CV2","8","2",0.531877777777778
"M3","genome-wide","DTM","CV2","8","2",0.516088888888889
"M2","haplotype-tagged","DTM","CV2","8","2",0.528266666666667
"M3","haplotype-tagged","DTM","CV2","8","2",0.517155555555556
"M2","genome-wide","HSW","CV2","8","2",0.798377777777778
"M3","genome-wide","HSW","CV2","8","2",0.791788888888889
"M2","haplotype-tagged","HSW","CV2","8","2",0.792422222222222
"M3","haplotype-tagged","HSW","CV2","8","2",0.793333333333333
"M2","genome-wide","PH","CV2","8","2",0.628611111111111
"M3","genome-wide","PH","CV2","8","2",0.629244444444444
"M2","haplotype-tagged","PH","CV2","8","2",0.627166666666667
"M3","haplotype-tagged","PH","CV2","8","2",0.627222222222222
"M2","genome-wide","PPP","CV2","8","2",0.192655555555556
"M3","genome-wide","PPP","CV2","8","2",0.167044444444444
"M2","haplotype-tagged","PPP","CV2","8","2",0.1888
"M3","haplotype-tagged","PPP","CV2","8","2",0.179688888888889
"M2","genome-wide","YPPlnt","CV2","8","2",0.131411111111111
"M3","genome-wide","YPPlnt","CV2","8","2",0.128477777777778
"M2","haplotype-tagged","YPPlnt","CV2","8","2",0.123322222222222
"M3","haplotype-tagged","YPPlnt","CV2","8","2",0.114433333333333
"M2","genome-wide","DTF","CV0","9","2",0.6877
"M3","genome-wide","DTF","CV0","9","2",0.68585
"M2","haplotype-tagged","DTF","CV0","9","2",0.68325
"M3","haplotype-tagged","DTF","CV0","9","2",0.68175
"M2","genome-wide","DTM","CV0","9","2",0.53435
"M3","genome-wide","DTM","CV0","9","2",0.5312
"M2","haplotype-tagged","DTM","CV0","9","2",0.5271
"M3","haplotype-tagged","DTM","CV0","9","2",0.5219
"M2","genome-wide","HSW","CV0","9","2",0.791
"M3","genome-wide","HSW","CV0","9","2",0.79055
"M2","haplotype-tagged","HSW","CV0","9","2",0.7872
"M3","haplotype-tagged","HSW","CV0","9","2",0.7857
"M2","genome-wide","PH","CV0","9","2",0.70415
"M3","genome-wide","PH","CV0","9","2",0.70095
"M2","haplotype-tagged","PH","CV0","9","2",0.69075
"M3","haplotype-tagged","PH","CV0","9","2",0.6844
"M2","genome-wide","PPP","CV0","9","2",0.2139
"M3","genome-wide","PPP","CV0","9","2",0.17365
"M2","haplotype-tagged","PPP","CV0","9","2",0.16425
"M3","haplotype-tagged","PPP","CV0","9","2",0.1436
"M2","genome-wide","YPPlnt","CV0","9","2",0.12095
"M3","genome-wide","YPPlnt","CV0","9","2",0.11465
"M2","haplotype-tagged","YPPlnt","CV0","9","2",0.10965
"M3","haplotype-tagged","YPPlnt","CV0","9","2",0.09355
"M2","genome-wide","DTF","CV00","9","2",0.48475
"M3","genome-wide","DTF","CV00","9","2",0.4619
"M2","haplotype-tagged","DTF","CV00","9","2",0.2551
"M3","haplotype-tagged","DTF","CV00","9","2",0.02
"M2","genome-wide","DTM","CV00","9","2",0.4293
"M3","genome-wide","DTM","CV00","9","2",0.40595
"M2","haplotype-tagged","DTM","CV00","9","2",0.2952
"M3","haplotype-tagged","DTM","CV00","9","2",0.24585
"M2","genome-wide","HSW","CV00","9","2",0.7004
"M3","genome-wide","HSW","CV00","9","2",0.6835
"M2","haplotype-tagged","HSW","CV00","9","2",0.61705
"M3","haplotype-tagged","HSW","CV00","9","2",0.6713
"M2","genome-wide","PH","CV00","9","2",0.7308
"M3","genome-wide","PH","CV00","9","2",0.72985
"M2","haplotype-tagged","PH","CV00","9","2",0.72
"M3","haplotype-tagged","PH","CV00","9","2",0.71755
"M2","genome-wide","PPP","CV00","9","2",0.3081
"M3","genome-wide","PPP","CV00","9","2",0.30615
"M2","haplotype-tagged","PPP","CV00","9","2",0.34145
"M3","haplotype-tagged","PPP","CV00","9","2",0.2494
"M2","genome-wide","YPPlnt","CV00","9","2",0.03575
"M3","genome-wide","YPPlnt","CV00","9","2",-0.026
"M2","haplotype-tagged","YPPlnt","CV00","9","2",0.1614
"M3","haplotype-tagged","YPPlnt","CV00","9","2",0.0339
"M2","genome-wide","DTF","CV1","9","2",0.363944444444444
"M3","genome-wide","DTF","CV1","9","2",0.3883
"M2","haplotype-tagged","DTF","CV1","9","2",0.325588888888889
"M3","haplotype-tagged","DTF","CV1","9","2",0.2565
"M2","genome-wide","DTM","CV1","9","2",0.338044444444444
"M3","genome-wide","DTM","CV1","9","2",0.284755555555556
"M2","haplotype-tagged","DTM","CV1","9","2",0.2829
"M3","haplotype-tagged","DTM","CV1","9","2",0.210244444444444
"M2","genome-wide","HSW","CV1","9","2",0.714433333333333
"M3","genome-wide","HSW","CV1","9","2",0.7058
"M2","haplotype-tagged","HSW","CV1","9","2",0.590822222222222
"M3","haplotype-tagged","HSW","CV1","9","2",0.569277777777778
"M2","genome-wide","PH","CV1","9","2",0.571377777777778
"M3","genome-wide","PH","CV1","9","2",0.563966666666667
"M2","haplotype-tagged","PH","CV1","9","2",0.485244444444444
"M3","haplotype-tagged","PH","CV1","9","2",0.479011111111111
"M2","genome-wide","PPP","CV1","9","2",0.117166666666667
"M3","genome-wide","PPP","CV1","9","2",0.106411111111111
"M2","haplotype-tagged","PPP","CV1","9","2",0.0807
"M3","haplotype-tagged","PPP","CV1","9","2",0.0423111111111111
"M2","genome-wide","YPPlnt","CV1","9","2",0.0699111111111111
"M3","genome-wide","YPPlnt","CV1","9","2",0.103966666666667
"M2","haplotype-tagged","YPPlnt","CV1","9","2",0.102555555555556
"M3","haplotype-tagged","YPPlnt","CV1","9","2",0.0853333333333333
"M2","genome-wide","DTF","CV2","9","2",0.602244444444444
"M3","genome-wide","DTF","CV2","9","2",0.583855555555556
"M2","haplotype-tagged","DTF","CV2","9","2",0.597044444444444
"M3","haplotype-tagged","DTF","CV2","9","2",0.595044444444444
"M2","genome-wide","DTM","CV2","9","2",0.462433333333333
"M3","genome-wide","DTM","CV2","9","2",0.451733333333333
"M2","haplotype-tagged","DTM","CV2","9","2",0.466711111111111
"M3","haplotype-tagged","DTM","CV2","9","2",0.461822222222222
"M2","genome-wide","HSW","CV2","9","2",0.7407
"M3","genome-wide","HSW","CV2","9","2",0.739711111111111
"M2","haplotype-tagged","HSW","CV2","9","2",0.736777777777778
"M3","haplotype-tagged","HSW","CV2","9","2",0.734766666666667
"M2","genome-wide","PH","CV2","9","2",0.606055555555556
"M3","genome-wide","PH","CV2","9","2",0.629333333333333
"M2","haplotype-tagged","PH","CV2","9","2",0.605011111111111
"M3","haplotype-tagged","PH","CV2","9","2",0.625133333333333
"M2","genome-wide","PPP","CV2","9","2",0.203644444444444
"M3","genome-wide","PPP","CV2","9","2",0.185222222222222
"M2","haplotype-tagged","PPP","CV2","9","2",0.164811111111111
"M3","haplotype-tagged","PPP","CV2","9","2",0.183188888888889
"M2","genome-wide","YPPlnt","CV2","9","2",0.190133333333333
"M3","genome-wide","YPPlnt","CV2","9","2",0.159688888888889
"M2","haplotype-tagged","YPPlnt","CV2","9","2",0.152477777777778
"M3","haplotype-tagged","YPPlnt","CV2","9","2",0.125611111111111
"M2","genome-wide","DTF","CV0","10","2",0.63405
"M3","genome-wide","DTF","CV0","10","2",0.6254
"M2","haplotype-tagged","DTF","CV0","10","2",0.6248
"M3","haplotype-tagged","DTF","CV0","10","2",0.6205
"M2","genome-wide","DTM","CV0","10","2",0.45795
"M3","genome-wide","DTM","CV0","10","2",0.46505
"M2","haplotype-tagged","DTM","CV0","10","2",0.4606
"M3","haplotype-tagged","DTM","CV0","10","2",0.4614
"M2","genome-wide","HSW","CV0","10","2",0.79205
"M3","genome-wide","HSW","CV0","10","2",0.789
"M2","haplotype-tagged","HSW","CV0","10","2",0.78895
"M3","haplotype-tagged","HSW","CV0","10","2",0.78755
"M2","genome-wide","PH","CV0","10","2",0.2816
"M3","genome-wide","PH","CV0","10","2",0.2834
"M2","haplotype-tagged","PH","CV0","10","2",0.2838
"M3","haplotype-tagged","PH","CV0","10","2",0.2865
"M2","genome-wide","PPP","CV0","10","2",0.16205
"M3","genome-wide","PPP","CV0","10","2",0.14755
"M2","haplotype-tagged","PPP","CV0","10","2",0.1493
"M3","haplotype-tagged","PPP","CV0","10","2",0.11575
"M2","genome-wide","YPPlnt","CV0","10","2",0.1061
"M3","genome-wide","YPPlnt","CV0","10","2",0.08465
"M2","haplotype-tagged","YPPlnt","CV0","10","2",0.0796
"M3","haplotype-tagged","YPPlnt","CV0","10","2",0.0781
"M2","genome-wide","DTF","CV00","10","2",0.5885
"M3","genome-wide","DTF","CV00","10","2",0.61565
"M2","haplotype-tagged","DTF","CV00","10","2",0.33785
"M3","haplotype-tagged","DTF","CV00","10","2",0.4344
"M2","genome-wide","DTM","CV00","10","2",0.5103
"M3","genome-wide","DTM","CV00","10","2",0.5154
"M2","haplotype-tagged","DTM","CV00","10","2",0.33765
"M3","haplotype-tagged","DTM","CV00","10","2",0.31115
"M2","genome-wide","HSW","CV00","10","2",0.68985
"M3","genome-wide","HSW","CV00","10","2",0.6834
"M2","haplotype-tagged","HSW","CV00","10","2",0.62935
"M3","haplotype-tagged","HSW","CV00","10","2",0.59895
"M2","genome-wide","PH","CV00","10","2",0.59925
"M3","genome-wide","PH","CV00","10","2",0.59455
"M2","haplotype-tagged","PH","CV00","10","2",0.54595
"M3","haplotype-tagged","PH","CV00","10","2",0.576
"M2","genome-wide","PPP","CV00","10","2",0.35795
"M3","genome-wide","PPP","CV00","10","2",0.29705
"M2","haplotype-tagged","PPP","CV00","10","2",0.39735
"M3","haplotype-tagged","PPP","CV00","10","2",0.23605
"M2","genome-wide","YPPlnt","CV00","10","2",0.1537
"M3","genome-wide","YPPlnt","CV00","10","2",0.1065
"M2","haplotype-tagged","YPPlnt","CV00","10","2",0.1054
"M3","haplotype-tagged","YPPlnt","CV00","10","2",0.1943
"M2","genome-wide","DTF","CV1","10","2",0.4841
"M3","genome-wide","DTF","CV1","10","2",0.491233333333333
"M2","haplotype-tagged","DTF","CV1","10","2",0.3448
"M3","haplotype-tagged","DTF","CV1","10","2",0.3401
"M2","genome-wide","DTM","CV1","10","2",0.435155555555556
"M3","genome-wide","DTM","CV1","10","2",0.398222222222222
"M2","haplotype-tagged","DTM","CV1","10","2",0.231855555555556
"M3","haplotype-tagged","DTM","CV1","10","2",0.143333333333333
"M2","genome-wide","HSW","CV1","10","2",0.501511111111111
"M3","genome-wide","HSW","CV1","10","2",0.495155555555556
"M2","haplotype-tagged","HSW","CV1","10","2",0.344033333333333
"M3","haplotype-tagged","HSW","CV1","10","2",0.3689
"M2","genome-wide","PH","CV1","10","2",0.3721
"M3","genome-wide","PH","CV1","10","2",0.397288888888889
"M2","haplotype-tagged","PH","CV1","10","2",0.370022222222222
"M3","haplotype-tagged","PH","CV1","10","2",0.386466666666667
"M2","genome-wide","PPP","CV1","10","2",0.181222222222222
"M3","genome-wide","PPP","CV1","10","2",0.170166666666667
"M2","haplotype-tagged","PPP","CV1","10","2",0.160366666666667
"M3","haplotype-tagged","PPP","CV1","10","2",0.0329555555555556
"M2","genome-wide","YPPlnt","CV1","10","2",0.0992666666666667
"M3","genome-wide","YPPlnt","CV1","10","2",0.0881888888888889
"M2","haplotype-tagged","YPPlnt","CV1","10","2",0.0454777777777778
"M3","haplotype-tagged","YPPlnt","CV1","10","2",0.0224555555555556
"M2","genome-wide","DTF","CV2","10","2",0.6547
"M3","genome-wide","DTF","CV2","10","2",0.6449
"M2","haplotype-tagged","DTF","CV2","10","2",0.648077777777778
"M3","haplotype-tagged","DTF","CV2","10","2",0.648388888888889
"M2","genome-wide","DTM","CV2","10","2",0.525533333333333
"M3","genome-wide","DTM","CV2","10","2",0.495011111111111
"M2","haplotype-tagged","DTM","CV2","10","2",0.517088888888889
"M3","haplotype-tagged","DTM","CV2","10","2",0.513688888888889
"M2","genome-wide","HSW","CV2","10","2",0.780355555555556
"M3","genome-wide","HSW","CV2","10","2",0.774533333333333
"M2","haplotype-tagged","HSW","CV2","10","2",0.771211111111111
"M3","haplotype-tagged","HSW","CV2","10","2",0.776755555555556
"M2","genome-wide","PH","CV2","10","2",0.617233333333333
"M3","genome-wide","PH","CV2","10","2",0.616522222222222
"M2","haplotype-tagged","PH","CV2","10","2",0.604333333333333
"M3","haplotype-tagged","PH","CV2","10","2",0.619388888888889
"M2","genome-wide","PPP","CV2","10","2",0.147244444444444
"M3","genome-wide","PPP","CV2","10","2",0.1162
"M2","haplotype-tagged","PPP","CV2","10","2",0.130766666666667
"M3","haplotype-tagged","PPP","CV2","10","2",0.129177777777778
"M2","genome-wide","YPPlnt","CV2","10","2",0.0888666666666667
"M3","genome-wide","YPPlnt","CV2","10","2",0.109444444444444
"M2","haplotype-tagged","YPPlnt","CV2","10","2",0.100322222222222
"M3","haplotype-tagged","YPPlnt","CV2","10","2",0.0907666666666667
"M2","genome-wide","DTF","CV0","1","3",0.64345
"M3","genome-wide","DTF","CV0","1","3",0.64325
"M2","haplotype-tagged","DTF","CV0","1","3",0.64595
"M3","haplotype-tagged","DTF","CV0","1","3",0.6474
"M2","genome-wide","DTM","CV0","1","3",0.5322
"M3","genome-wide","DTM","CV0","1","3",0.53235
"M2","haplotype-tagged","DTM","CV0","1","3",0.5322
"M3","haplotype-tagged","DTM","CV0","1","3",0.5325
"M2","genome-wide","HSW","CV0","1","3",0.7789
"M3","genome-wide","HSW","CV0","1","3",0.77825
"M2","haplotype-tagged","HSW","CV0","1","3",0.77555
"M3","haplotype-tagged","HSW","CV0","1","3",0.7767
"M2","genome-wide","PH","CV0","1","3",0.6714
"M3","genome-wide","PH","CV0","1","3",0.66985
"M2","haplotype-tagged","PH","CV0","1","3",0.65775
"M3","haplotype-tagged","PH","CV0","1","3",0.6511
"M2","genome-wide","PPP","CV0","1","3",0.12075
"M3","genome-wide","PPP","CV0","1","3",0.1083
"M2","haplotype-tagged","PPP","CV0","1","3",0.1045
"M3","haplotype-tagged","PPP","CV0","1","3",0.10445
"M2","genome-wide","YPPlnt","CV0","1","3",0.20035
"M3","genome-wide","YPPlnt","CV0","1","3",0.1935
"M2","haplotype-tagged","YPPlnt","CV0","1","3",0.1897
"M3","haplotype-tagged","YPPlnt","CV0","1","3",0.17495
"M2","genome-wide","DTF","CV00","1","3",0.394
"M3","genome-wide","DTF","CV00","1","3",0.38675
"M2","haplotype-tagged","DTF","CV00","1","3",0.43435
"M3","haplotype-tagged","DTF","CV00","1","3",0.2707
"M2","genome-wide","DTM","CV00","1","3",0.3228
"M3","genome-wide","DTM","CV00","1","3",0.32895
"M2","haplotype-tagged","DTM","CV00","1","3",0.16735
"M3","haplotype-tagged","DTM","CV00","1","3",0.2235
"M2","genome-wide","HSW","CV00","1","3",0.6147
"M3","genome-wide","HSW","CV00","1","3",0.6171
"M2","haplotype-tagged","HSW","CV00","1","3",0.54135
"M3","haplotype-tagged","HSW","CV00","1","3",0.53235
"M2","genome-wide","PH","CV00","1","3",0.0918
"M3","genome-wide","PH","CV00","1","3",0.09325
"M2","haplotype-tagged","PH","CV00","1","3",0.0744
"M3","haplotype-tagged","PH","CV00","1","3",0.1191
"M2","genome-wide","PPP","CV00","1","3",0.32025
"M3","genome-wide","PPP","CV00","1","3",0.31645
"M2","haplotype-tagged","PPP","CV00","1","3",0.34935
"M3","haplotype-tagged","PPP","CV00","1","3",0.2653
"M2","genome-wide","YPPlnt","CV00","1","3",0.128
"M3","genome-wide","YPPlnt","CV00","1","3",0.1239
"M2","haplotype-tagged","YPPlnt","CV00","1","3",0.1112
"M3","haplotype-tagged","YPPlnt","CV00","1","3",0.2586
"M2","genome-wide","DTF","CV1","1","3",0.383544444444444
"M3","genome-wide","DTF","CV1","1","3",0.361688888888889
"M2","haplotype-tagged","DTF","CV1","1","3",0.302188888888889
"M3","haplotype-tagged","DTF","CV1","1","3",0.222166666666667
"M2","genome-wide","DTM","CV1","1","3",0.355455555555556
"M3","genome-wide","DTM","CV1","1","3",0.336822222222222
"M2","haplotype-tagged","DTM","CV1","1","3",0.263222222222222
"M3","haplotype-tagged","DTM","CV1","1","3",0.2483
"M2","genome-wide","HSW","CV1","1","3",0.638088888888889
"M3","genome-wide","HSW","CV1","1","3",0.635566666666667
"M2","haplotype-tagged","HSW","CV1","1","3",0.518677777777778
"M3","haplotype-tagged","HSW","CV1","1","3",0.449511111111111
"M2","genome-wide","PH","CV1","1","3",0.191666666666667
"M3","genome-wide","PH","CV1","1","3",0.2033
"M2","haplotype-tagged","PH","CV1","1","3",0.236366666666667
"M3","haplotype-tagged","PH","CV1","1","3",0.209777777777778
"M2","genome-wide","PPP","CV1","1","3",0.156755555555556
"M3","genome-wide","PPP","CV1","1","3",0.203522222222222
"M2","haplotype-tagged","PPP","CV1","1","3",0.125077777777778
"M3","haplotype-tagged","PPP","CV1","1","3",0.1442
"M2","genome-wide","YPPlnt","CV1","1","3",0.144844444444444
"M3","genome-wide","YPPlnt","CV1","1","3",0.118533333333333
"M2","haplotype-tagged","YPPlnt","CV1","1","3",0.157011111111111
"M3","haplotype-tagged","YPPlnt","CV1","1","3",0.0543444444444444
"M2","genome-wide","DTF","CV2","1","3",0.602444444444444
"M3","genome-wide","DTF","CV2","1","3",0.595111111111111
"M2","haplotype-tagged","DTF","CV2","1","3",0.589933333333333
"M3","haplotype-tagged","DTF","CV2","1","3",0.592355555555556
"M2","genome-wide","DTM","CV2","1","3",0.533011111111111
"M3","genome-wide","DTM","CV2","1","3",0.534811111111111
"M2","haplotype-tagged","DTM","CV2","1","3",0.513177777777778
"M3","haplotype-tagged","DTM","CV2","1","3",0.513155555555556
"M2","genome-wide","HSW","CV2","1","3",0.710877777777778
"M3","genome-wide","HSW","CV2","1","3",0.699422222222222
"M2","haplotype-tagged","HSW","CV2","1","3",0.710711111111111
"M3","haplotype-tagged","HSW","CV2","1","3",0.711888888888889
"M2","genome-wide","PH","CV2","1","3",0.521955555555556
"M3","genome-wide","PH","CV2","1","3",0.548144444444444
"M2","haplotype-tagged","PH","CV2","1","3",0.519044444444444
"M3","haplotype-tagged","PH","CV2","1","3",0.5327
"M2","genome-wide","PPP","CV2","1","3",0.161222222222222
"M3","genome-wide","PPP","CV2","1","3",0.142266666666667
"M2","haplotype-tagged","PPP","CV2","1","3",0.140944444444444
"M3","haplotype-tagged","PPP","CV2","1","3",0.125322222222222
"M2","genome-wide","YPPlnt","CV2","1","3",0.236933333333333
"M3","genome-wide","YPPlnt","CV2","1","3",0.223688888888889
"M2","haplotype-tagged","YPPlnt","CV2","1","3",0.209333333333333
"M3","haplotype-tagged","YPPlnt","CV2","1","3",0.199266666666667
"M2","genome-wide","DTF","CV0","2","3",0.5512
"M3","genome-wide","DTF","CV0","2","3",0.55225
"M2","haplotype-tagged","DTF","CV0","2","3",0.55205
"M3","haplotype-tagged","DTF","CV0","2","3",0.5542
"M2","genome-wide","DTM","CV0","2","3",0.36935
"M3","genome-wide","DTM","CV0","2","3",0.3766
"M2","haplotype-tagged","DTM","CV0","2","3",0.37715
"M3","haplotype-tagged","DTM","CV0","2","3",0.3794
"M2","genome-wide","HSW","CV0","2","3",0.66945
"M3","genome-wide","HSW","CV0","2","3",0.6672
"M2","haplotype-tagged","HSW","CV0","2","3",0.671
"M3","haplotype-tagged","HSW","CV0","2","3",0.67095
"M2","genome-wide","PH","CV0","2","3",0.59365
"M3","genome-wide","PH","CV0","2","3",0.6016
"M2","haplotype-tagged","PH","CV0","2","3",0.6015
"M3","haplotype-tagged","PH","CV0","2","3",0.602
"M2","genome-wide","PPP","CV0","2","3",0.30625
"M3","genome-wide","PPP","CV0","2","3",0.2695
"M2","haplotype-tagged","PPP","CV0","2","3",0.27555
"M3","haplotype-tagged","PPP","CV0","2","3",0.2486
"M2","genome-wide","YPPlnt","CV0","2","3",0.104
"M3","genome-wide","YPPlnt","CV0","2","3",0.0843
"M2","haplotype-tagged","YPPlnt","CV0","2","3",0.0731
"M3","haplotype-tagged","YPPlnt","CV0","2","3",0.0797
"M2","genome-wide","DTF","CV00","2","3",0.4576
"M3","genome-wide","DTF","CV00","2","3",0.4591
"M2","haplotype-tagged","DTF","CV00","2","3",0.41825
"M3","haplotype-tagged","DTF","CV00","2","3",0.24875
"M2","genome-wide","DTM","CV00","2","3",0.52955
"M3","genome-wide","DTM","CV00","2","3",0.52925
"M2","haplotype-tagged","DTM","CV00","2","3",0.32565
"M3","haplotype-tagged","DTM","CV00","2","3",0.2569
"M2","genome-wide","HSW","CV00","2","3",0.56775
"M3","genome-wide","HSW","CV00","2","3",0.5521
"M2","haplotype-tagged","HSW","CV00","2","3",0.5747
"M3","haplotype-tagged","HSW","CV00","2","3",0.57575
"M2","genome-wide","PH","CV00","2","3",0.57275
"M3","genome-wide","PH","CV00","2","3",0.5598
"M2","haplotype-tagged","PH","CV00","2","3",0.5495
"M3","haplotype-tagged","PH","CV00","2","3",0.4456
"M2","genome-wide","PPP","CV00","2","3",0.3466
"M3","genome-wide","PPP","CV00","2","3",0.3461
"M2","haplotype-tagged","PPP","CV00","2","3",0.23135
"M3","haplotype-tagged","PPP","CV00","2","3",0.2404
"M2","genome-wide","YPPlnt","CV00","2","3",0.18695
"M3","genome-wide","YPPlnt","CV00","2","3",0.191
"M2","haplotype-tagged","YPPlnt","CV00","2","3",0.1935
"M3","haplotype-tagged","YPPlnt","CV00","2","3",0.0714
"M2","genome-wide","DTF","CV1","2","3",0.381022222222222
"M3","genome-wide","DTF","CV1","2","3",0.356222222222222
"M2","haplotype-tagged","DTF","CV1","2","3",0.367066666666667
"M3","haplotype-tagged","DTF","CV1","2","3",0.342044444444444
"M2","genome-wide","DTM","CV1","2","3",0.399211111111111
"M3","genome-wide","DTM","CV1","2","3",0.454477777777778
"M2","haplotype-tagged","DTM","CV1","2","3",0.341755555555556
"M3","haplotype-tagged","DTM","CV1","2","3",0.283211111111111
"M2","genome-wide","HSW","CV1","2","3",0.515822222222222
"M3","genome-wide","HSW","CV1","2","3",0.496733333333333
"M2","haplotype-tagged","HSW","CV1","2","3",0.5095
"M3","haplotype-tagged","HSW","CV1","2","3",0.527455555555556
"M2","genome-wide","PH","CV1","2","3",0.401555555555556
"M3","genome-wide","PH","CV1","2","3",0.396488888888889
"M2","haplotype-tagged","PH","CV1","2","3",0.368733333333333
"M3","haplotype-tagged","PH","CV1","2","3",0.372522222222222
"M2","genome-wide","PPP","CV1","2","3",0.211988888888889
"M3","genome-wide","PPP","CV1","2","3",0.270888888888889
"M2","haplotype-tagged","PPP","CV1","2","3",0.220622222222222
"M3","haplotype-tagged","PPP","CV1","2","3",0.1218
"M2","genome-wide","YPPlnt","CV1","2","3",0.114133333333333
"M3","genome-wide","YPPlnt","CV1","2","3",0.118155555555556
"M2","haplotype-tagged","YPPlnt","CV1","2","3",0.0432666666666667
"M3","haplotype-tagged","YPPlnt","CV1","2","3",0.0814333333333333
"M2","genome-wide","DTF","CV2","2","3",0.667011111111111
"M3","genome-wide","DTF","CV2","2","3",0.653055555555556
"M2","haplotype-tagged","DTF","CV2","2","3",0.658255555555556
"M3","haplotype-tagged","DTF","CV2","2","3",0.655088888888889
"M2","genome-wide","DTM","CV2","2","3",0.548088888888889
"M3","genome-wide","DTM","CV2","2","3",0.5181
"M2","haplotype-tagged","DTM","CV2","2","3",0.524688888888889
"M3","haplotype-tagged","DTM","CV2","2","3",0.537388888888889
"M2","genome-wide","HSW","CV2","2","3",0.754511111111111
"M3","genome-wide","HSW","CV2","2","3",0.749
"M2","haplotype-tagged","HSW","CV2","2","3",0.749022222222222
"M3","haplotype-tagged","HSW","CV2","2","3",0.749844444444444
"M2","genome-wide","PH","CV2","2","3",0.561555555555556
"M3","genome-wide","PH","CV2","2","3",0.567166666666667
"M2","haplotype-tagged","PH","CV2","2","3",0.565455555555556
"M3","haplotype-tagged","PH","CV2","2","3",0.5678
"M2","genome-wide","PPP","CV2","2","3",0.180622222222222
"M3","genome-wide","PPP","CV2","2","3",0.189644444444444
"M2","haplotype-tagged","PPP","CV2","2","3",0.132655555555556
"M3","haplotype-tagged","PPP","CV2","2","3",0.163877777777778
"M2","genome-wide","YPPlnt","CV2","2","3",0.169322222222222
"M3","genome-wide","YPPlnt","CV2","2","3",0.143944444444444
"M2","haplotype-tagged","YPPlnt","CV2","2","3",0.183488888888889
"M3","haplotype-tagged","YPPlnt","CV2","2","3",0.167533333333333
"M2","genome-wide","DTF","CV0","3","3",0.69075
"M3","genome-wide","DTF","CV0","3","3",0.68415
"M2","haplotype-tagged","DTF","CV0","3","3",0.6796
"M3","haplotype-tagged","DTF","CV0","3","3",0.6818
"M2","genome-wide","DTM","CV0","3","3",0.5224
"M3","genome-wide","DTM","CV0","3","3",0.50625
"M2","haplotype-tagged","DTM","CV0","3","3",0.4985
"M3","haplotype-tagged","DTM","CV0","3","3",0.49025
"M2","genome-wide","HSW","CV0","3","3",0.8067
"M3","genome-wide","HSW","CV0","3","3",0.80485
"M2","haplotype-tagged","HSW","CV0","3","3",0.80245
"M3","haplotype-tagged","HSW","CV0","3","3",0.80255
"M2","genome-wide","PH","CV0","3","3",0.65335
"M3","genome-wide","PH","CV0","3","3",0.6454
"M2","haplotype-tagged","PH","CV0","3","3",0.64685
"M3","haplotype-tagged","PH","CV0","3","3",0.64345
"M2","genome-wide","PPP","CV0","3","3",0.24675
"M3","genome-wide","PPP","CV0","3","3",0.2224
"M2","haplotype-tagged","PPP","CV0","3","3",0.22055
"M3","haplotype-tagged","PPP","CV0","3","3",0.19515
"M2","genome-wide","YPPlnt","CV0","3","3",0.15595
"M3","genome-wide","YPPlnt","CV0","3","3",0.1563
"M2","haplotype-tagged","YPPlnt","CV0","3","3",0.15955
"M3","haplotype-tagged","YPPlnt","CV0","3","3",0.1492
"M2","genome-wide","DTF","CV00","3","3",0.57955
"M3","genome-wide","DTF","CV00","3","3",0.5724
"M2","haplotype-tagged","DTF","CV00","3","3",0.48015
"M3","haplotype-tagged","DTF","CV00","3","3",0.4751
"M2","genome-wide","DTM","CV00","3","3",0.41505
"M3","genome-wide","DTM","CV00","3","3",0.38505
"M2","haplotype-tagged","DTM","CV00","3","3",0.3969
"M3","haplotype-tagged","DTM","CV00","3","3",0.2474
"M2","genome-wide","HSW","CV00","3","3",0.58825
"M3","genome-wide","HSW","CV00","3","3",0.59725
"M2","haplotype-tagged","HSW","CV00","3","3",0.54505
"M3","haplotype-tagged","HSW","CV00","3","3",0.54765
"M2","genome-wide","PH","CV00","3","3",0.64155
"M3","genome-wide","PH","CV00","3","3",0.63795
"M2","haplotype-tagged","PH","CV00","3","3",0.63105
"M3","haplotype-tagged","PH","CV00","3","3",0.61585
"M2","genome-wide","PPP","CV00","3","3",0.30375
"M3","genome-wide","PPP","CV00","3","3",0.3068
"M2","haplotype-tagged","PPP","CV00","3","3",0.2827
"M3","haplotype-tagged","PPP","CV00","3","3",0.2138
"M2","genome-wide","YPPlnt","CV00","3","3",0.16885
"M3","genome-wide","YPPlnt","CV00","3","3",0.20555
"M2","haplotype-tagged","YPPlnt","CV00","3","3",0.1947
"M3","haplotype-tagged","YPPlnt","CV00","3","3",0.06485
"M2","genome-wide","DTF","CV1","3","3",0.324077777777778
"M3","genome-wide","DTF","CV1","3","3",0.337188888888889
"M2","haplotype-tagged","DTF","CV1","3","3",0.187333333333333
"M3","haplotype-tagged","DTF","CV1","3","3",0.234266666666667
"M2","genome-wide","DTM","CV1","3","3",0.235855555555556
"M3","genome-wide","DTM","CV1","3","3",0.2278
"M2","haplotype-tagged","DTM","CV1","3","3",0.1797
"M3","haplotype-tagged","DTM","CV1","3","3",0.126388888888889
"M2","genome-wide","HSW","CV1","3","3",0.601444444444444
"M3","genome-wide","HSW","CV1","3","3",0.589166666666667
"M2","haplotype-tagged","HSW","CV1","3","3",0.521422222222222
"M3","haplotype-tagged","HSW","CV1","3","3",0.506022222222222
"M2","genome-wide","PH","CV1","3","3",0.487233333333333
"M3","genome-wide","PH","CV1","3","3",0.487233333333333
"M2","haplotype-tagged","PH","CV1","3","3",0.426111111111111
"M3","haplotype-tagged","PH","CV1","3","3",0.477188888888889
"M2","genome-wide","PPP","CV1","3","3",0.200544444444444
"M3","genome-wide","PPP","CV1","3","3",0.196088888888889
"M2","haplotype-tagged","PPP","CV1","3","3",0.177922222222222
"M3","haplotype-tagged","PPP","CV1","3","3",0.102766666666667
"M2","genome-wide","YPPlnt","CV1","3","3",0.1829
"M3","genome-wide","YPPlnt","CV1","3","3",0.155933333333333
"M2","haplotype-tagged","YPPlnt","CV1","3","3",0.143988888888889
"M3","haplotype-tagged","YPPlnt","CV1","3","3",0.0842
"M2","genome-wide","DTF","CV2","3","3",0.603366666666667
"M3","genome-wide","DTF","CV2","3","3",0.597511111111111
"M2","haplotype-tagged","DTF","CV2","3","3",0.593866666666667
"M3","haplotype-tagged","DTF","CV2","3","3",0.5963
"M2","genome-wide","DTM","CV2","3","3",0.471422222222222
"M3","genome-wide","DTM","CV2","3","3",0.475733333333333
"M2","haplotype-tagged","DTM","CV2","3","3",0.463922222222222
"M3","haplotype-tagged","DTM","CV2","3","3",0.481088888888889
"M2","genome-wide","HSW","CV2","3","3",0.776366666666667
"M3","genome-wide","HSW","CV2","3","3",0.772555555555556
"M2","haplotype-tagged","HSW","CV2","3","3",0.7764
"M3","haplotype-tagged","HSW","CV2","3","3",0.777877777777778
"M2","genome-wide","PH","CV2","3","3",0.5879
"M3","genome-wide","PH","CV2","3","3",0.590455555555556
"M2","haplotype-tagged","PH","CV2","3","3",0.580111111111111
"M3","haplotype-tagged","PH","CV2","3","3",0.592466666666667
"M2","genome-wide","PPP","CV2","3","3",0.248077777777778
"M3","genome-wide","PPP","CV2","3","3",0.215622222222222
"M2","haplotype-tagged","PPP","CV2","3","3",0.211033333333333
"M3","haplotype-tagged","PPP","CV2","3","3",0.202966666666667
"M2","genome-wide","YPPlnt","CV2","3","3",0.0617444444444444
"M3","genome-wide","YPPlnt","CV2","3","3",0.0646
"M2","haplotype-tagged","YPPlnt","CV2","3","3",0.0649666666666667
"M3","haplotype-tagged","YPPlnt","CV2","3","3",0.00282222222222222
"M2","genome-wide","DTF","CV0","4","3",0.69
"M3","genome-wide","DTF","CV0","4","3",0.6869
"M2","haplotype-tagged","DTF","CV0","4","3",0.68005
"M3","haplotype-tagged","DTF","CV0","4","3",0.679
"M2","genome-wide","DTM","CV0","4","3",0.5197
"M3","genome-wide","DTM","CV0","4","3",0.50355
"M2","haplotype-tagged","DTM","CV0","4","3",0.4953
"M3","haplotype-tagged","DTM","CV0","4","3",0.4915
"M2","genome-wide","HSW","CV0","4","3",0.80615
"M3","genome-wide","HSW","CV0","4","3",0.80585
"M2","haplotype-tagged","HSW","CV0","4","3",0.80265
"M3","haplotype-tagged","HSW","CV0","4","3",0.8036
"M2","genome-wide","PH","CV0","4","3",0.6538
"M3","genome-wide","PH","CV0","4","3",0.64995
"M2","haplotype-tagged","PH","CV0","4","3",0.64715
"M3","haplotype-tagged","PH","CV0","4","3",0.63895
"M2","genome-wide","PPP","CV0","4","3",0.24765
"M3","genome-wide","PPP","CV0","4","3",0.22055
"M2","haplotype-tagged","PPP","CV0","4","3",0.22115
"M3","haplotype-tagged","PPP","CV0","4","3",0.18625
"M2","genome-wide","YPPlnt","CV0","4","3",0.15735
"M3","genome-wide","YPPlnt","CV0","4","3",0.15605
"M2","haplotype-tagged","YPPlnt","CV0","4","3",0.16015
"M3","haplotype-tagged","YPPlnt","CV0","4","3",0.16075
"M2","genome-wide","DTF","CV00","4","3",0.26965
"M3","genome-wide","DTF","CV00","4","3",0.25625
"M2","haplotype-tagged","DTF","CV00","4","3",0.2006
"M3","haplotype-tagged","DTF","CV00","4","3",0.16865
"M2","genome-wide","DTM","CV00","4","3",0.29755
"M3","genome-wide","DTM","CV00","4","3",0.2758
"M2","haplotype-tagged","DTM","CV00","4","3",0.0413
"M3","haplotype-tagged","DTM","CV00","4","3",0.08085
"M2","genome-wide","HSW","CV00","4","3",0.6299
"M3","genome-wide","HSW","CV00","4","3",0.6086
"M2","haplotype-tagged","HSW","CV00","4","3",0.4513
"M3","haplotype-tagged","HSW","CV00","4","3",0.4037
"M2","genome-wide","PH","CV00","4","3",0.49795
"M3","genome-wide","PH","CV00","4","3",0.5004
"M2","haplotype-tagged","PH","CV00","4","3",0.505
"M3","haplotype-tagged","PH","CV00","4","3",0.43765
"M2","genome-wide","PPP","CV00","4","3",0.3438
"M3","genome-wide","PPP","CV00","4","3",0.37825
"M2","haplotype-tagged","PPP","CV00","4","3",0.32545
"M3","haplotype-tagged","PPP","CV00","4","3",0.05215
"M2","genome-wide","YPPlnt","CV00","4","3",0.1831
"M3","genome-wide","YPPlnt","CV00","4","3",0.2129
"M2","haplotype-tagged","YPPlnt","CV00","4","3",0.1523
"M3","haplotype-tagged","YPPlnt","CV00","4","3",0.25545
"M2","genome-wide","DTF","CV1","4","3",0.439055555555556
"M3","genome-wide","DTF","CV1","4","3",0.437588888888889
"M2","haplotype-tagged","DTF","CV1","4","3",0.383766666666667
"M3","haplotype-tagged","DTF","CV1","4","3",0.311933333333333
"M2","genome-wide","DTM","CV1","4","3",0.361444444444444
"M3","genome-wide","DTM","CV1","4","3",0.326688888888889
"M2","haplotype-tagged","DTM","CV1","4","3",0.352811111111111
"M3","haplotype-tagged","DTM","CV1","4","3",0.237122222222222
"M2","genome-wide","HSW","CV1","4","3",0.5227
"M3","genome-wide","HSW","CV1","4","3",0.498088888888889
"M2","haplotype-tagged","HSW","CV1","4","3",0.411711111111111
"M3","haplotype-tagged","HSW","CV1","4","3",0.442977777777778
"M2","genome-wide","PH","CV1","4","3",0.412755555555556
"M3","genome-wide","PH","CV1","4","3",0.421144444444444
"M2","haplotype-tagged","PH","CV1","4","3",0.378644444444444
"M3","haplotype-tagged","PH","CV1","4","3",0.354977777777778
"M2","genome-wide","PPP","CV1","4","3",0.136833333333333
"M3","genome-wide","PPP","CV1","4","3",0.159833333333333
"M2","haplotype-tagged","PPP","CV1","4","3",0.122633333333333
"M3","haplotype-tagged","PPP","CV1","4","3",0.1475
"M2","genome-wide","YPPlnt","CV1","4","3",0.117488888888889
"M3","genome-wide","YPPlnt","CV1","4","3",0.0989555555555556
"M2","haplotype-tagged","YPPlnt","CV1","4","3",-0.0103666666666667
"M3","haplotype-tagged","YPPlnt","CV1","4","3",0.0510888888888889
"M2","genome-wide","DTF","CV2","4","3",0.572933333333333
"M3","genome-wide","DTF","CV2","4","3",0.564122222222222
"M2","haplotype-tagged","DTF","CV2","4","3",0.563255555555556
"M3","haplotype-tagged","DTF","CV2","4","3",0.5566
"M2","genome-wide","DTM","CV2","4","3",0.524566666666667
"M3","genome-wide","DTM","CV2","4","3",0.477355555555556
"M2","haplotype-tagged","DTM","CV2","4","3",0.518533333333333
"M3","haplotype-tagged","DTM","CV2","4","3",0.499188888888889
"M2","genome-wide","HSW","CV2","4","3",0.715777777777778
"M3","genome-wide","HSW","CV2","4","3",0.706166666666667
"M2","haplotype-tagged","HSW","CV2","4","3",0.7103
"M3","haplotype-tagged","HSW","CV2","4","3",0.708388888888889
"M2","genome-wide","PH","CV2","4","3",0.552833333333333
"M3","genome-wide","PH","CV2","4","3",0.579133333333333
"M2","haplotype-tagged","PH","CV2","4","3",0.558055555555556
"M3","haplotype-tagged","PH","CV2","4","3",0.565088888888889
"M2","genome-wide","PPP","CV2","4","3",0.0878111111111111
"M3","genome-wide","PPP","CV2","4","3",0.102788888888889
"M2","haplotype-tagged","PPP","CV2","4","3",0.0519333333333333
"M3","haplotype-tagged","PPP","CV2","4","3",0.0862888888888889
"M2","genome-wide","YPPlnt","CV2","4","3",0.155577777777778
"M3","genome-wide","YPPlnt","CV2","4","3",0.122822222222222
"M2","haplotype-tagged","YPPlnt","CV2","4","3",0.152544444444444
"M3","haplotype-tagged","YPPlnt","CV2","4","3",0.138933333333333
"M2","genome-wide","DTF","CV0","5","3",0.55075
"M3","genome-wide","DTF","CV0","5","3",0.55355
"M2","haplotype-tagged","DTF","CV0","5","3",0.55225
"M3","haplotype-tagged","DTF","CV0","5","3",0.5505
"M2","genome-wide","DTM","CV0","5","3",0.3691
"M3","genome-wide","DTM","CV0","5","3",0.3726
"M2","haplotype-tagged","DTM","CV0","5","3",0.37675
"M3","haplotype-tagged","DTM","CV0","5","3",0.37715
"M2","genome-wide","HSW","CV0","5","3",0.67045
"M3","genome-wide","HSW","CV0","5","3",0.6697
"M2","haplotype-tagged","HSW","CV0","5","3",0.6717
"M3","haplotype-tagged","HSW","CV0","5","3",0.6703
"M2","genome-wide","PH","CV0","5","3",0.5924
"M3","genome-wide","PH","CV0","5","3",0.60255
"M2","haplotype-tagged","PH","CV0","5","3",0.6028
"M3","haplotype-tagged","PH","CV0","5","3",0.6044
"M2","genome-wide","PPP","CV0","5","3",0.30255
"M3","genome-wide","PPP","CV0","5","3",0.26305
"M2","haplotype-tagged","PPP","CV0","5","3",0.2742
"M3","haplotype-tagged","PPP","CV0","5","3",0.25265
"M2","genome-wide","YPPlnt","CV0","5","3",0.10135
"M3","genome-wide","YPPlnt","CV0","5","3",0.0947
"M2","haplotype-tagged","YPPlnt","CV0","5","3",0.07645
"M3","haplotype-tagged","YPPlnt","CV0","5","3",0.0664
"M2","genome-wide","DTF","CV00","5","3",0.60285
"M3","genome-wide","DTF","CV00","5","3",0.6152
"M2","haplotype-tagged","DTF","CV00","5","3",0.42145
"M3","haplotype-tagged","DTF","CV00","5","3",0.3791
"M2","genome-wide","DTM","CV00","5","3",0.46835
"M3","genome-wide","DTM","CV00","5","3",0.4911
"M2","haplotype-tagged","DTM","CV00","5","3",0.36195
"M3","haplotype-tagged","DTM","CV00","5","3",0.33925
"M2","genome-wide","HSW","CV00","5","3",0.44925
"M3","genome-wide","HSW","CV00","5","3",0.44895
"M2","haplotype-tagged","HSW","CV00","5","3",0.4544
"M3","haplotype-tagged","HSW","CV00","5","3",0.45055
"M2","genome-wide","PH","CV00","5","3",0.4776
"M3","genome-wide","PH","CV00","5","3",0.49105
"M2","haplotype-tagged","PH","CV00","5","3",0.5202
"M3","haplotype-tagged","PH","CV00","5","3",0.48535
"M2","genome-wide","PPP","CV00","5","3",0.3865
"M3","genome-wide","PPP","CV00","5","3",0.36065
"M2","haplotype-tagged","PPP","CV00","5","3",0.2772
"M3","haplotype-tagged","PPP","CV00","5","3",0.23955
"M2","genome-wide","YPPlnt","CV00","5","3",0.168
"M3","genome-wide","YPPlnt","CV00","5","3",0.1833
"M2","haplotype-tagged","YPPlnt","CV00","5","3",0.2751
"M3","haplotype-tagged","YPPlnt","CV00","5","3",0.08455
"M2","genome-wide","DTF","CV1","5","3",0.493433333333333
"M3","genome-wide","DTF","CV1","5","3",0.456644444444444
"M2","haplotype-tagged","DTF","CV1","5","3",0.380111111111111
"M3","haplotype-tagged","DTF","CV1","5","3",0.135033333333333
"M2","genome-wide","DTM","CV1","5","3",0.433877777777778
"M3","genome-wide","DTM","CV1","5","3",0.4227
"M2","haplotype-tagged","DTM","CV1","5","3",0.319444444444444
"M3","haplotype-tagged","DTM","CV1","5","3",0.260877777777778
"M2","genome-wide","HSW","CV1","5","3",0.5154
"M3","genome-wide","HSW","CV1","5","3",0.514788888888889
"M2","haplotype-tagged","HSW","CV1","5","3",0.431022222222222
"M3","haplotype-tagged","HSW","CV1","5","3",0.475233333333333
"M2","genome-wide","PH","CV1","5","3",0.390422222222222
"M3","genome-wide","PH","CV1","5","3",0.3611
"M2","haplotype-tagged","PH","CV1","5","3",0.438233333333333
"M3","haplotype-tagged","PH","CV1","5","3",0.395533333333333
"M2","genome-wide","PPP","CV1","5","3",0.213322222222222
"M3","genome-wide","PPP","CV1","5","3",0.166222222222222
"M2","haplotype-tagged","PPP","CV1","5","3",0.181922222222222
"M3","haplotype-tagged","PPP","CV1","5","3",0.0487111111111111
"M2","genome-wide","YPPlnt","CV1","5","3",0.102877777777778
"M3","genome-wide","YPPlnt","CV1","5","3",0.0882777777777778
"M2","haplotype-tagged","YPPlnt","CV1","5","3",0.181611111111111
"M3","haplotype-tagged","YPPlnt","CV1","5","3",0.115555555555556
"M2","genome-wide","DTF","CV2","5","3",0.660166666666667
"M3","genome-wide","DTF","CV2","5","3",0.667633333333333
"M2","haplotype-tagged","DTF","CV2","5","3",0.651655555555556
"M3","haplotype-tagged","DTF","CV2","5","3",0.656155555555556
"M2","genome-wide","DTM","CV2","5","3",0.476144444444444
"M3","genome-wide","DTM","CV2","5","3",0.495466666666667
"M2","haplotype-tagged","DTM","CV2","5","3",0.469166666666667
"M3","haplotype-tagged","DTM","CV2","5","3",0.484911111111111
"M2","genome-wide","HSW","CV2","5","3",0.7382
"M3","genome-wide","HSW","CV2","5","3",0.733855555555556
"M2","haplotype-tagged","HSW","CV2","5","3",0.735155555555556
"M3","haplotype-tagged","HSW","CV2","5","3",0.734222222222222
"M2","genome-wide","PH","CV2","5","3",0.5513
"M3","genome-wide","PH","CV2","5","3",0.547377777777778
"M2","haplotype-tagged","PH","CV2","5","3",0.563888888888889
"M3","haplotype-tagged","PH","CV2","5","3",0.565377777777778
"M2","genome-wide","PPP","CV2","5","3",0.150466666666667
"M3","genome-wide","PPP","CV2","5","3",0.105422222222222
"M2","haplotype-tagged","PPP","CV2","5","3",0.125066666666667
"M3","haplotype-tagged","PPP","CV2","5","3",0.0938111111111111
"M2","genome-wide","YPPlnt","CV2","5","3",0.1901
"M3","genome-wide","YPPlnt","CV2","5","3",0.180044444444444
"M2","haplotype-tagged","YPPlnt","CV2","5","3",0.157611111111111
"M3","haplotype-tagged","YPPlnt","CV2","5","3",0.172233333333333
"M2","genome-wide","DTF","CV0","6","3",0.6037
"M3","genome-wide","DTF","CV0","6","3",0.60395
"M2","haplotype-tagged","DTF","CV0","6","3",0.60265
"M3","haplotype-tagged","DTF","CV0","6","3",0.60435
"M2","genome-wide","DTM","CV0","6","3",0.486
"M3","genome-wide","DTM","CV0","6","3",0.4719
"M2","haplotype-tagged","DTM","CV0","6","3",0.47185
"M3","haplotype-tagged","DTM","CV0","6","3",0.46795
"M2","genome-wide","HSW","CV0","6","3",0.7421
"M3","genome-wide","HSW","CV0","6","3",0.7426
"M2","haplotype-tagged","HSW","CV0","6","3",0.7392
"M3","haplotype-tagged","HSW","CV0","6","3",0.7401
"M2","genome-wide","PH","CV0","6","3",0.5838
"M3","genome-wide","PH","CV0","6","3",0.57925
"M2","haplotype-tagged","PH","CV0","6","3",0.57715
"M3","haplotype-tagged","PH","CV0","6","3",0.57365
"M2","genome-wide","PPP","CV0","6","3",0.0606
"M3","genome-wide","PPP","CV0","6","3",0.0556
"M2","haplotype-tagged","PPP","CV0","6","3",0.05445
"M3","haplotype-tagged","PPP","CV0","6","3",0.0445
"M2","genome-wide","YPPlnt","CV0","6","3",0.18295
"M3","genome-wide","YPPlnt","CV0","6","3",0.16825
"M2","haplotype-tagged","YPPlnt","CV0","6","3",0.1765
"M3","haplotype-tagged","YPPlnt","CV0","6","3",0.1669
"M2","genome-wide","DTF","CV00","6","3",0.49545
"M3","genome-wide","DTF","CV00","6","3",0.5461
"M2","haplotype-tagged","DTF","CV00","6","3",0.3421
"M3","haplotype-tagged","DTF","CV00","6","3",0.15065
"M2","genome-wide","DTM","CV00","6","3",0.255
"M3","genome-wide","DTM","CV00","6","3",0.2933
"M2","haplotype-tagged","DTM","CV00","6","3",0.1282
"M3","haplotype-tagged","DTM","CV00","6","3",0.2328
"M2","genome-wide","HSW","CV00","6","3",0.47815
"M3","genome-wide","HSW","CV00","6","3",0.4856
"M2","haplotype-tagged","HSW","CV00","6","3",0.2062
"M3","haplotype-tagged","HSW","CV00","6","3",0.1588
"M2","genome-wide","PH","CV00","6","3",0.32525
"M3","genome-wide","PH","CV00","6","3",0.3235
"M2","haplotype-tagged","PH","CV00","6","3",0.3017
"M3","haplotype-tagged","PH","CV00","6","3",0.3098
"M2","genome-wide","PPP","CV00","6","3",-0.0189
"M3","genome-wide","PPP","CV00","6","3",-0.03665
"M2","haplotype-tagged","PPP","CV00","6","3",-0.0287
"M3","haplotype-tagged","PPP","CV00","6","3",0.05545
"M2","genome-wide","YPPlnt","CV00","6","3",0.0766
"M3","genome-wide","YPPlnt","CV00","6","3",0.07175
"M2","haplotype-tagged","YPPlnt","CV00","6","3",0.0609
"M3","haplotype-tagged","YPPlnt","CV00","6","3",0.0412
"M2","genome-wide","DTF","CV1","6","3",0.478144444444444
"M3","genome-wide","DTF","CV1","6","3",0.514755555555556
"M2","haplotype-tagged","DTF","CV1","6","3",0.2998
"M3","haplotype-tagged","DTF","CV1","6","3",0.383566666666667
"M2","genome-wide","DTM","CV1","6","3",0.380066666666667
"M3","genome-wide","DTM","CV1","6","3",0.398455555555556
"M2","haplotype-tagged","DTM","CV1","6","3",0.194122222222222
"M3","haplotype-tagged","DTM","CV1","6","3",0.235444444444444
"M2","genome-wide","HSW","CV1","6","3",0.621077777777778
"M3","genome-wide","HSW","CV1","6","3",0.610155555555556
"M2","haplotype-tagged","HSW","CV1","6","3",0.608366666666667
"M3","haplotype-tagged","HSW","CV1","6","3",0.583266666666667
"M2","genome-wide","PH","CV1","6","3",0.317088888888889
"M3","genome-wide","PH","CV1","6","3",0.317055555555556
"M2","haplotype-tagged","PH","CV1","6","3",0.328411111111111
"M3","haplotype-tagged","PH","CV1","6","3",0.308855555555556
"M2","genome-wide","PPP","CV1","6","3",0.178166666666667
"M3","genome-wide","PPP","CV1","6","3",0.142744444444444
"M2","haplotype-tagged","PPP","CV1","6","3",0.163188888888889
"M3","haplotype-tagged","PPP","CV1","6","3",0.0872333333333333
"M2","genome-wide","YPPlnt","CV1","6","3",0.0920444444444444
"M3","genome-wide","YPPlnt","CV1","6","3",0.0807333333333333
"M2","haplotype-tagged","YPPlnt","CV1","6","3",0.193344444444444
"M3","haplotype-tagged","YPPlnt","CV1","6","3",0.0531222222222222
"M2","genome-wide","DTF","CV2","6","3",0.6035
"M3","genome-wide","DTF","CV2","6","3",0.577677777777778
"M2","haplotype-tagged","DTF","CV2","6","3",0.600866666666667
"M3","haplotype-tagged","DTF","CV2","6","3",0.597766666666667
"M2","genome-wide","DTM","CV2","6","3",0.464744444444444
"M3","genome-wide","DTM","CV2","6","3",0.455388888888889
"M2","haplotype-tagged","DTM","CV2","6","3",0.453111111111111
"M3","haplotype-tagged","DTM","CV2","6","3",0.455877777777778
"M2","genome-wide","HSW","CV2","6","3",0.749344444444444
"M3","genome-wide","HSW","CV2","6","3",0.7401
"M2","haplotype-tagged","HSW","CV2","6","3",0.748266666666667
"M3","haplotype-tagged","HSW","CV2","6","3",0.746455555555556
"M2","genome-wide","PH","CV2","6","3",0.642488888888889
"M3","genome-wide","PH","CV2","6","3",0.621911111111111
"M2","haplotype-tagged","PH","CV2","6","3",0.637444444444444
"M3","haplotype-tagged","PH","CV2","6","3",0.628955555555556
"M2","genome-wide","PPP","CV2","6","3",0.122877777777778
"M3","genome-wide","PPP","CV2","6","3",0.0761111111111111
"M2","haplotype-tagged","PPP","CV2","6","3",0.0763
"M3","haplotype-tagged","PPP","CV2","6","3",0.0794111111111111
"M2","genome-wide","YPPlnt","CV2","6","3",0.146922222222222
"M3","genome-wide","YPPlnt","CV2","6","3",0.121488888888889
"M2","haplotype-tagged","YPPlnt","CV2","6","3",0.121911111111111
"M3","haplotype-tagged","YPPlnt","CV2","6","3",0.112444444444444
"M2","genome-wide","DTF","CV0","7","3",0.4909
"M3","genome-wide","DTF","CV0","7","3",0.4923
"M2","haplotype-tagged","DTF","CV0","7","3",0.4956
"M3","haplotype-tagged","DTF","CV0","7","3",0.49365
"M2","genome-wide","DTM","CV0","7","3",0.3885
"M3","genome-wide","DTM","CV0","7","3",0.39425
"M2","haplotype-tagged","DTM","CV0","7","3",0.3883
"M3","haplotype-tagged","DTM","CV0","7","3",0.3913
"M2","genome-wide","HSW","CV0","7","3",0.69465
"M3","genome-wide","HSW","CV0","7","3",0.69605
"M2","haplotype-tagged","HSW","CV0","7","3",0.69785
"M3","haplotype-tagged","HSW","CV0","7","3",0.6983
"M2","genome-wide","PH","CV0","7","3",0.62135
"M3","genome-wide","PH","CV0","7","3",0.61705
"M2","haplotype-tagged","PH","CV0","7","3",0.6184
"M3","haplotype-tagged","PH","CV0","7","3",0.61435
"M2","genome-wide","PPP","CV0","7","3",0.12885
"M3","genome-wide","PPP","CV0","7","3",0.12295
"M2","haplotype-tagged","PPP","CV0","7","3",0.12125
"M3","haplotype-tagged","PPP","CV0","7","3",0.1218
"M2","genome-wide","YPPlnt","CV0","7","3",0.1462
"M3","genome-wide","YPPlnt","CV0","7","3",0.14535
"M2","haplotype-tagged","YPPlnt","CV0","7","3",0.1473
"M3","haplotype-tagged","YPPlnt","CV0","7","3",0.13845
"M2","genome-wide","DTF","CV00","7","3",0.27775
"M3","genome-wide","DTF","CV00","7","3",0.2423
"M2","haplotype-tagged","DTF","CV00","7","3",-0.0858
"M3","haplotype-tagged","DTF","CV00","7","3",0.018
"M2","genome-wide","DTM","CV00","7","3",0.30065
"M3","genome-wide","DTM","CV00","7","3",0.2831
"M2","haplotype-tagged","DTM","CV00","7","3",0.16005
"M3","haplotype-tagged","DTM","CV00","7","3",0.2144
"M2","genome-wide","HSW","CV00","7","3",0.5857
"M3","genome-wide","HSW","CV00","7","3",0.5615
"M2","haplotype-tagged","HSW","CV00","7","3",0.39825
"M3","haplotype-tagged","HSW","CV00","7","3",0.46855
"M2","genome-wide","PH","CV00","7","3",0.59245
"M3","genome-wide","PH","CV00","7","3",0.5912
"M2","haplotype-tagged","PH","CV00","7","3",0.50995
"M3","haplotype-tagged","PH","CV00","7","3",0.45005
"M2","genome-wide","PPP","CV00","7","3",0.2949
"M3","genome-wide","PPP","CV00","7","3",0.2548
"M2","haplotype-tagged","PPP","CV00","7","3",0.21935
"M3","haplotype-tagged","PPP","CV00","7","3",0.13565
"M2","genome-wide","YPPlnt","CV00","7","3",0.02115
"M3","genome-wide","YPPlnt","CV00","7","3",-0.0113
"M2","haplotype-tagged","YPPlnt","CV00","7","3",0.1785
"M3","haplotype-tagged","YPPlnt","CV00","7","3",0.1606
"M2","genome-wide","DTF","CV1","7","3",0.413422222222222
"M3","genome-wide","DTF","CV1","7","3",0.428144444444444
"M2","haplotype-tagged","DTF","CV1","7","3",0.379655555555556
"M3","haplotype-tagged","DTF","CV1","7","3",0.209966666666667
"M2","genome-wide","DTM","CV1","7","3",0.316077777777778
"M3","genome-wide","DTM","CV1","7","3",0.3067
"M2","haplotype-tagged","DTM","CV1","7","3",0.236
"M3","haplotype-tagged","DTM","CV1","7","3",0.295477777777778
"M2","genome-wide","HSW","CV1","7","3",0.562888888888889
"M3","genome-wide","HSW","CV1","7","3",0.560566666666667
"M2","haplotype-tagged","HSW","CV1","7","3",0.452355555555556
"M3","haplotype-tagged","HSW","CV1","7","3",0.451011111111111
"M2","genome-wide","PH","CV1","7","3",0.546088888888889
"M3","genome-wide","PH","CV1","7","3",0.505288888888889
"M2","haplotype-tagged","PH","CV1","7","3",0.569477777777778
"M3","haplotype-tagged","PH","CV1","7","3",0.543455555555556
"M2","genome-wide","PPP","CV1","7","3",0.194566666666667
"M3","genome-wide","PPP","CV1","7","3",0.143644444444444
"M2","haplotype-tagged","PPP","CV1","7","3",0.177011111111111
"M3","haplotype-tagged","PPP","CV1","7","3",0.0995444444444444
"M2","genome-wide","YPPlnt","CV1","7","3",0.123777777777778
"M3","genome-wide","YPPlnt","CV1","7","3",0.0515
"M2","haplotype-tagged","YPPlnt","CV1","7","3",0.0227
"M3","haplotype-tagged","YPPlnt","CV1","7","3",0.00196666666666666
"M2","genome-wide","DTF","CV2","7","3",0.544722222222222
"M3","genome-wide","DTF","CV2","7","3",0.536233333333333
"M2","haplotype-tagged","DTF","CV2","7","3",0.5256
"M3","haplotype-tagged","DTF","CV2","7","3",0.5192
"M2","genome-wide","DTM","CV2","7","3",0.381233333333333
"M3","genome-wide","DTM","CV2","7","3",0.356533333333333
"M2","haplotype-tagged","DTM","CV2","7","3",0.353811111111111
"M3","haplotype-tagged","DTM","CV2","7","3",0.351966666666667
"M2","genome-wide","HSW","CV2","7","3",0.748633333333333
"M3","genome-wide","HSW","CV2","7","3",0.741311111111111
"M2","haplotype-tagged","HSW","CV2","7","3",0.745977777777778
"M3","haplotype-tagged","HSW","CV2","7","3",0.740111111111111
"M2","genome-wide","PH","CV2","7","3",0.577411111111111
"M3","genome-wide","PH","CV2","7","3",0.593611111111111
"M2","haplotype-tagged","PH","CV2","7","3",0.557544444444444
"M3","haplotype-tagged","PH","CV2","7","3",0.557888888888889
"M2","genome-wide","PPP","CV2","7","3",0.164033333333333
"M3","genome-wide","PPP","CV2","7","3",0.137866666666667
"M2","haplotype-tagged","PPP","CV2","7","3",0.117344444444444
"M3","haplotype-tagged","PPP","CV2","7","3",0.133866666666667
"M2","genome-wide","YPPlnt","CV2","7","3",0.151388888888889
"M3","genome-wide","YPPlnt","CV2","7","3",0.124766666666667
"M2","haplotype-tagged","YPPlnt","CV2","7","3",0.120777777777778
"M3","haplotype-tagged","YPPlnt","CV2","7","3",0.120244444444444
"M2","genome-wide","DTF","CV0","8","3",0.7321
"M3","genome-wide","DTF","CV0","8","3",0.7302
"M2","haplotype-tagged","DTF","CV0","8","3",0.728
"M3","haplotype-tagged","DTF","CV0","8","3",0.72705
"M2","genome-wide","DTM","CV0","8","3",0.6529
"M3","genome-wide","DTM","CV0","8","3",0.6414
"M2","haplotype-tagged","DTM","CV0","8","3",0.6249
"M3","haplotype-tagged","DTM","CV0","8","3",0.6222
"M2","genome-wide","HSW","CV0","8","3",0.77105
"M3","genome-wide","HSW","CV0","8","3",0.76895
"M2","haplotype-tagged","HSW","CV0","8","3",0.7601
"M3","haplotype-tagged","HSW","CV0","8","3",0.75965
"M2","genome-wide","PH","CV0","8","3",0.72755
"M3","genome-wide","PH","CV0","8","3",0.71955
"M2","haplotype-tagged","PH","CV0","8","3",0.70935
"M3","haplotype-tagged","PH","CV0","8","3",0.7052
"M2","genome-wide","PPP","CV0","8","3",0.25275
"M3","genome-wide","PPP","CV0","8","3",0.2267
"M2","haplotype-tagged","PPP","CV0","8","3",0.22075
"M3","haplotype-tagged","PPP","CV0","8","3",0.19025
"M2","genome-wide","YPPlnt","CV0","8","3",0.13995
"M3","genome-wide","YPPlnt","CV0","8","3",0.128
"M2","haplotype-tagged","YPPlnt","CV0","8","3",0.1171
"M3","haplotype-tagged","YPPlnt","CV0","8","3",0.1201
"M2","genome-wide","DTF","CV00","8","3",0.567
"M3","genome-wide","DTF","CV00","8","3",0.548
"M2","haplotype-tagged","DTF","CV00","8","3",0.4367
"M3","haplotype-tagged","DTF","CV00","8","3",0.2363
"M2","genome-wide","DTM","CV00","8","3",0.2354
"M3","genome-wide","DTM","CV00","8","3",0.2424
"M2","haplotype-tagged","DTM","CV00","8","3",0.13405
"M3","haplotype-tagged","DTM","CV00","8","3",0.0298
"M2","genome-wide","HSW","CV00","8","3",0.6839
"M3","genome-wide","HSW","CV00","8","3",0.6813
"M2","haplotype-tagged","HSW","CV00","8","3",0.54935
"M3","haplotype-tagged","HSW","CV00","8","3",0.56315
"M2","genome-wide","PH","CV00","8","3",0.3278
"M3","genome-wide","PH","CV00","8","3",0.32015
"M2","haplotype-tagged","PH","CV00","8","3",0.3569
"M3","haplotype-tagged","PH","CV00","8","3",0.32425
"M2","genome-wide","PPP","CV00","8","3",0.1673
"M3","genome-wide","PPP","CV00","8","3",0.17475
"M2","haplotype-tagged","PPP","CV00","8","3",-0.00585000000000001
"M3","haplotype-tagged","PPP","CV00","8","3",0.0321
"M2","genome-wide","YPPlnt","CV00","8","3",0.227
"M3","genome-wide","YPPlnt","CV00","8","3",0.27715
"M2","haplotype-tagged","YPPlnt","CV00","8","3",0.0701
"M3","haplotype-tagged","YPPlnt","CV00","8","3",0.03955
"M2","genome-wide","DTF","CV1","8","3",0.283755555555556
"M3","genome-wide","DTF","CV1","8","3",0.318077777777778
"M2","haplotype-tagged","DTF","CV1","8","3",0.199355555555556
"M3","haplotype-tagged","DTF","CV1","8","3",0.284177777777778
"M2","genome-wide","DTM","CV1","8","3",0.220588888888889
"M3","genome-wide","DTM","CV1","8","3",0.205
"M2","haplotype-tagged","DTM","CV1","8","3",0.135922222222222
"M3","haplotype-tagged","DTM","CV1","8","3",0.153066666666667
"M2","genome-wide","HSW","CV1","8","3",0.682055555555556
"M3","genome-wide","HSW","CV1","8","3",0.6782
"M2","haplotype-tagged","HSW","CV1","8","3",0.653422222222222
"M3","haplotype-tagged","HSW","CV1","8","3",0.626488888888889
"M2","genome-wide","PH","CV1","8","3",0.386066666666667
"M3","genome-wide","PH","CV1","8","3",0.345188888888889
"M2","haplotype-tagged","PH","CV1","8","3",0.361966666666667
"M3","haplotype-tagged","PH","CV1","8","3",0.392611111111111
"M2","genome-wide","PPP","CV1","8","3",0.183944444444444
"M3","genome-wide","PPP","CV1","8","3",0.185588888888889
"M2","haplotype-tagged","PPP","CV1","8","3",0.180777777777778
"M3","haplotype-tagged","PPP","CV1","8","3",0.147544444444444
"M2","genome-wide","YPPlnt","CV1","8","3",0.145355555555556
"M3","genome-wide","YPPlnt","CV1","8","3",0.0708555555555555
"M2","haplotype-tagged","YPPlnt","CV1","8","3",0.0458111111111111
"M3","haplotype-tagged","YPPlnt","CV1","8","3",0.0182666666666667
"M2","genome-wide","DTF","CV2","8","3",0.577655555555556
"M3","genome-wide","DTF","CV2","8","3",0.563355555555556
"M2","haplotype-tagged","DTF","CV2","8","3",0.571155555555556
"M3","haplotype-tagged","DTF","CV2","8","3",0.561411111111111
"M2","genome-wide","DTM","CV2","8","3",0.462555555555556
"M3","genome-wide","DTM","CV2","8","3",0.469766666666667
"M2","haplotype-tagged","DTM","CV2","8","3",0.455433333333333
"M3","haplotype-tagged","DTM","CV2","8","3",0.474455555555556
"M2","genome-wide","HSW","CV2","8","3",0.745377777777778
"M3","genome-wide","HSW","CV2","8","3",0.742211111111111
"M2","haplotype-tagged","HSW","CV2","8","3",0.739133333333333
"M3","haplotype-tagged","HSW","CV2","8","3",0.742633333333333
"M2","genome-wide","PH","CV2","8","3",0.567722222222222
"M3","genome-wide","PH","CV2","8","3",0.556533333333333
"M2","haplotype-tagged","PH","CV2","8","3",0.564866666666667
"M3","haplotype-tagged","PH","CV2","8","3",0.569822222222222
"M2","genome-wide","PPP","CV2","8","3",0.1674
"M3","genome-wide","PPP","CV2","8","3",0.164544444444444
"M2","haplotype-tagged","PPP","CV2","8","3",0.146177777777778
"M3","haplotype-tagged","PPP","CV2","8","3",0.157811111111111
"M2","genome-wide","YPPlnt","CV2","8","3",0.119822222222222
"M3","genome-wide","YPPlnt","CV2","8","3",0.0786111111111111
"M2","haplotype-tagged","YPPlnt","CV2","8","3",0.105644444444444
"M3","haplotype-tagged","YPPlnt","CV2","8","3",0.101622222222222
"M2","genome-wide","DTF","CV0","9","3",0.63385
"M3","genome-wide","DTF","CV0","9","3",0.62565
"M2","haplotype-tagged","DTF","CV0","9","3",0.62515
"M3","haplotype-tagged","DTF","CV0","9","3",0.623
"M2","genome-wide","DTM","CV0","9","3",0.4567
"M3","genome-wide","DTM","CV0","9","3",0.46595
"M2","haplotype-tagged","DTM","CV0","9","3",0.46
"M3","haplotype-tagged","DTM","CV0","9","3",0.46355
"M2","genome-wide","HSW","CV0","9","3",0.7906
"M3","genome-wide","HSW","CV0","9","3",0.7912
"M2","haplotype-tagged","HSW","CV0","9","3",0.7884
"M3","haplotype-tagged","HSW","CV0","9","3",0.7891
"M2","genome-wide","PH","CV0","9","3",0.2819
"M3","genome-wide","PH","CV0","9","3",0.28105
"M2","haplotype-tagged","PH","CV0","9","3",0.2837
"M3","haplotype-tagged","PH","CV0","9","3",0.28755
"M2","genome-wide","PPP","CV0","9","3",0.165
"M3","genome-wide","PPP","CV0","9","3",0.152
"M2","haplotype-tagged","PPP","CV0","9","3",0.1468
"M3","haplotype-tagged","PPP","CV0","9","3",0.12195
"M2","genome-wide","YPPlnt","CV0","9","3",0.10625
"M3","genome-wide","YPPlnt","CV0","9","3",0.09425
"M2","haplotype-tagged","YPPlnt","CV0","9","3",0.08165
"M3","haplotype-tagged","YPPlnt","CV0","9","3",0.0862
"M2","genome-wide","DTF","CV00","9","3",0.548
"M3","genome-wide","DTF","CV00","9","3",0.55605
"M2","haplotype-tagged","DTF","CV00","9","3",0.26355
"M3","haplotype-tagged","DTF","CV00","9","3",0.2336
"M2","genome-wide","DTM","CV00","9","3",0.48115
"M3","genome-wide","DTM","CV00","9","3",0.50455
"M2","haplotype-tagged","DTM","CV00","9","3",0.4303
"M3","haplotype-tagged","DTM","CV00","9","3",0.28985
"M2","genome-wide","HSW","CV00","9","3",0.4192
"M3","genome-wide","HSW","CV00","9","3",0.43215
"M2","haplotype-tagged","HSW","CV00","9","3",0.3673
"M3","haplotype-tagged","HSW","CV00","9","3",0.4137
"M2","genome-wide","PH","CV00","9","3",0.2654
"M3","genome-wide","PH","CV00","9","3",0.2456
"M2","haplotype-tagged","PH","CV00","9","3",0.34355
"M3","haplotype-tagged","PH","CV00","9","3",0.32205
"M2","genome-wide","PPP","CV00","9","3",0.2701
"M3","genome-wide","PPP","CV00","9","3",0.2772
"M2","haplotype-tagged","PPP","CV00","9","3",0.24125
"M3","haplotype-tagged","PPP","CV00","9","3",0.1161
"M2","genome-wide","YPPlnt","CV00","9","3",0.08505
"M3","genome-wide","YPPlnt","CV00","9","3",0.0212
"M2","haplotype-tagged","YPPlnt","CV00","9","3",0.11285
"M3","haplotype-tagged","YPPlnt","CV00","9","3",-0.08095
"M2","genome-wide","DTF","CV1","9","3",0.524933333333333
"M3","genome-wide","DTF","CV1","9","3",0.512633333333333
"M2","haplotype-tagged","DTF","CV1","9","3",0.295011111111111
"M3","haplotype-tagged","DTF","CV1","9","3",0.338033333333333
"M2","genome-wide","DTM","CV1","9","3",0.393588888888889
"M3","genome-wide","DTM","CV1","9","3",0.428688888888889
"M2","haplotype-tagged","DTM","CV1","9","3",0.186022222222222
"M3","haplotype-tagged","DTM","CV1","9","3",0.256355555555556
"M2","genome-wide","HSW","CV1","9","3",0.643488888888889
"M3","genome-wide","HSW","CV1","9","3",0.639522222222222
"M2","haplotype-tagged","HSW","CV1","9","3",0.542666666666667
"M3","haplotype-tagged","HSW","CV1","9","3",0.561744444444444
"M2","genome-wide","PH","CV1","9","3",0.431111111111111
"M3","genome-wide","PH","CV1","9","3",0.426611111111111
"M2","haplotype-tagged","PH","CV1","9","3",0.428111111111111
"M3","haplotype-tagged","PH","CV1","9","3",0.395388888888889
"M2","genome-wide","PPP","CV1","9","3",0.218822222222222
"M3","genome-wide","PPP","CV1","9","3",0.220866666666667
"M2","haplotype-tagged","PPP","CV1","9","3",0.171755555555556
"M3","haplotype-tagged","PPP","CV1","9","3",0.121088888888889
"M2","genome-wide","YPPlnt","CV1","9","3",0.133155555555556
"M3","genome-wide","YPPlnt","CV1","9","3",0.115144444444444
"M2","haplotype-tagged","YPPlnt","CV1","9","3",0.0852888888888889
"M3","haplotype-tagged","YPPlnt","CV1","9","3",-0.00329999999999999
"M2","genome-wide","DTF","CV2","9","3",0.621611111111111
"M3","genome-wide","DTF","CV2","9","3",0.6182
"M2","haplotype-tagged","DTF","CV2","9","3",0.606844444444444
"M3","haplotype-tagged","DTF","CV2","9","3",0.614988888888889
"M2","genome-wide","DTM","CV2","9","3",0.492377777777778
"M3","genome-wide","DTM","CV2","9","3",0.4859
"M2","haplotype-tagged","DTM","CV2","9","3",0.481044444444444
"M3","haplotype-tagged","DTM","CV2","9","3",0.482988888888889
"M2","genome-wide","HSW","CV2","9","3",0.766722222222222
"M3","genome-wide","HSW","CV2","9","3",0.760511111111111
"M2","haplotype-tagged","HSW","CV2","9","3",0.760933333333333
"M3","haplotype-tagged","HSW","CV2","9","3",0.759011111111111
"M2","genome-wide","PH","CV2","9","3",0.541133333333333
"M3","genome-wide","PH","CV2","9","3",0.562488888888889
"M2","haplotype-tagged","PH","CV2","9","3",0.534211111111111
"M3","haplotype-tagged","PH","CV2","9","3",0.544011111111111
"M2","genome-wide","PPP","CV2","9","3",0.1875
"M3","genome-wide","PPP","CV2","9","3",0.169288888888889
"M2","haplotype-tagged","PPP","CV2","9","3",0.150633333333333
"M3","haplotype-tagged","PPP","CV2","9","3",0.153522222222222
"M2","genome-wide","YPPlnt","CV2","9","3",0.110755555555556
"M3","genome-wide","YPPlnt","CV2","9","3",0.111211111111111
"M2","haplotype-tagged","YPPlnt","CV2","9","3",0.0800555555555556
"M3","haplotype-tagged","YPPlnt","CV2","9","3",0.0728111111111111
"M2","genome-wide","DTF","CV0","10","3",0.4351
"M3","genome-wide","DTF","CV0","10","3",0.43605
"M2","haplotype-tagged","DTF","CV0","10","3",0.4334
"M3","haplotype-tagged","DTF","CV0","10","3",0.4369
"M2","genome-wide","DTM","CV0","10","3",0.35325
"M3","genome-wide","DTM","CV0","10","3",0.3435
"M2","haplotype-tagged","DTM","CV0","10","3",0.3408
"M3","haplotype-tagged","DTM","CV0","10","3",0.33695
"M2","genome-wide","HSW","CV0","10","3",0.61475
"M3","genome-wide","HSW","CV0","10","3",0.61625
"M2","haplotype-tagged","HSW","CV0","10","3",0.6136
"M3","haplotype-tagged","HSW","CV0","10","3",0.6128
"M2","genome-wide","PH","CV0","10","3",0.5436
"M3","genome-wide","PH","CV0","10","3",0.5367
"M2","haplotype-tagged","PH","CV0","10","3",0.54305
"M3","haplotype-tagged","PH","CV0","10","3",0.538
"M2","genome-wide","PPP","CV0","10","3",0.06905
"M3","genome-wide","PPP","CV0","10","3",0.07395
"M2","haplotype-tagged","PPP","CV0","10","3",0.07545
"M3","haplotype-tagged","PPP","CV0","10","3",0.0784
"M2","genome-wide","YPPlnt","CV0","10","3",0.07935
"M3","genome-wide","YPPlnt","CV0","10","3",0.08125
"M2","haplotype-tagged","YPPlnt","CV0","10","3",0.0815
"M3","haplotype-tagged","YPPlnt","CV0","10","3",0.0817
"M2","genome-wide","DTF","CV00","10","3",0.34585
"M3","genome-wide","DTF","CV00","10","3",0.2462
"M2","haplotype-tagged","DTF","CV00","10","3",0.34915
"M3","haplotype-tagged","DTF","CV00","10","3",0.2446
"M2","genome-wide","DTM","CV00","10","3",0.3836
"M3","genome-wide","DTM","CV00","10","3",0.39575
"M2","haplotype-tagged","DTM","CV00","10","3",0.19865
"M3","haplotype-tagged","DTM","CV00","10","3",0.12635
"M2","genome-wide","HSW","CV00","10","3",0.7764
"M3","genome-wide","HSW","CV00","10","3",0.77155
"M2","haplotype-tagged","HSW","CV00","10","3",0.60555
"M3","haplotype-tagged","HSW","CV00","10","3",0.5856
"M2","genome-wide","PH","CV00","10","3",0.60225
"M3","genome-wide","PH","CV00","10","3",0.57815
"M2","haplotype-tagged","PH","CV00","10","3",0.53055
"M3","haplotype-tagged","PH","CV00","10","3",0.5105
"M2","genome-wide","PPP","CV00","10","3",0.2376
"M3","genome-wide","PPP","CV00","10","3",0.22195
"M2","haplotype-tagged","PPP","CV00","10","3",0.2288
"M3","haplotype-tagged","PPP","CV00","10","3",0.0667
"M2","genome-wide","YPPlnt","CV00","10","3",0.05395
"M3","genome-wide","YPPlnt","CV00","10","3",0.0635
"M2","haplotype-tagged","YPPlnt","CV00","10","3",-0.08
"M3","haplotype-tagged","YPPlnt","CV00","10","3",-0.15585
"M2","genome-wide","DTF","CV1","10","3",0.467533333333333
"M3","genome-wide","DTF","CV1","10","3",0.436566666666667
"M2","haplotype-tagged","DTF","CV1","10","3",0.254566666666667
"M3","haplotype-tagged","DTF","CV1","10","3",0.180155555555556
"M2","genome-wide","DTM","CV1","10","3",0.369944444444444
"M3","genome-wide","DTM","CV1","10","3",0.366811111111111
"M2","haplotype-tagged","DTM","CV1","10","3",0.217966666666667
"M3","haplotype-tagged","DTM","CV1","10","3",0.183911111111111
"M2","genome-wide","HSW","CV1","10","3",0.532255555555556
"M3","genome-wide","HSW","CV1","10","3",0.525033333333333
"M2","haplotype-tagged","HSW","CV1","10","3",0.442333333333333
"M3","haplotype-tagged","HSW","CV1","10","3",0.435555555555556
"M2","genome-wide","PH","CV1","10","3",0.226322222222222
"M3","genome-wide","PH","CV1","10","3",0.269022222222222
"M2","haplotype-tagged","PH","CV1","10","3",0.252866666666667
"M3","haplotype-tagged","PH","CV1","10","3",0.2726
"M2","genome-wide","PPP","CV1","10","3",0.244966666666667
"M3","genome-wide","PPP","CV1","10","3",0.249788888888889
"M2","haplotype-tagged","PPP","CV1","10","3",0.241333333333333
"M3","haplotype-tagged","PPP","CV1","10","3",0.125366666666667
"M2","genome-wide","YPPlnt","CV1","10","3",0.0162222222222222
"M3","genome-wide","YPPlnt","CV1","10","3",0.0075
"M2","haplotype-tagged","YPPlnt","CV1","10","3",0.0105777777777778
"M3","haplotype-tagged","YPPlnt","CV1","10","3",0.0406666666666667
"M2","genome-wide","DTF","CV2","10","3",0.552066666666667
"M3","genome-wide","DTF","CV2","10","3",0.558433333333333
"M2","haplotype-tagged","DTF","CV2","10","3",0.544855555555556
"M3","haplotype-tagged","DTF","CV2","10","3",0.554555555555556
"M2","genome-wide","DTM","CV2","10","3",0.487377777777778
"M3","genome-wide","DTM","CV2","10","3",0.476044444444444
"M2","haplotype-tagged","DTM","CV2","10","3",0.477222222222222
"M3","haplotype-tagged","DTM","CV2","10","3",0.470733333333333
"M2","genome-wide","HSW","CV2","10","3",0.804711111111111
"M3","genome-wide","HSW","CV2","10","3",0.790966666666667
"M2","haplotype-tagged","HSW","CV2","10","3",0.789522222222222
"M3","haplotype-tagged","HSW","CV2","10","3",0.790888888888889
"M2","genome-wide","PH","CV2","10","3",0.558988888888889
"M3","genome-wide","PH","CV2","10","3",0.582577777777778
"M2","haplotype-tagged","PH","CV2","10","3",0.551944444444444
"M3","haplotype-tagged","PH","CV2","10","3",0.564366666666667
"M2","genome-wide","PPP","CV2","10","3",0.191388888888889
"M3","genome-wide","PPP","CV2","10","3",0.172066666666667
"M2","haplotype-tagged","PPP","CV2","10","3",0.197333333333333
"M3","haplotype-tagged","PPP","CV2","10","3",0.160322222222222
"M2","genome-wide","YPPlnt","CV2","10","3",0.1206
"M3","genome-wide","YPPlnt","CV2","10","3",0.0585555555555556
"M2","haplotype-tagged","YPPlnt","CV2","10","3",0.124477777777778
"M3","haplotype-tagged","YPPlnt","CV2","10","3",0.0873888888888889
"M2","genome-wide","DTF","CV0","1","4",0.7832
"M3","genome-wide","DTF","CV0","1","4",0.78025
"M2","haplotype-tagged","DTF","CV0","1","4",0.76875
"M3","haplotype-tagged","DTF","CV0","1","4",0.7636
"M2","genome-wide","DTM","CV0","1","4",0.69885
"M3","genome-wide","DTM","CV0","1","4",0.6894
"M2","haplotype-tagged","DTM","CV0","1","4",0.6684
"M3","haplotype-tagged","DTM","CV0","1","4",0.65715
"M2","genome-wide","HSW","CV0","1","4",0.8185
"M3","genome-wide","HSW","CV0","1","4",0.81535
"M2","haplotype-tagged","HSW","CV0","1","4",0.8075
"M3","haplotype-tagged","HSW","CV0","1","4",0.80575
"M2","genome-wide","PH","CV0","1","4",0.7837
"M3","genome-wide","PH","CV0","1","4",0.77455
"M2","haplotype-tagged","PH","CV0","1","4",0.76585
"M3","haplotype-tagged","PH","CV0","1","4",0.75935
"M2","genome-wide","PPP","CV0","1","4",0.35115
"M3","genome-wide","PPP","CV0","1","4",0.29285
"M2","haplotype-tagged","PPP","CV0","1","4",0.29635
"M3","haplotype-tagged","PPP","CV0","1","4",0.2561
"M2","genome-wide","YPPlnt","CV0","1","4",0.0644
"M3","genome-wide","YPPlnt","CV0","1","4",0.0507
"M2","haplotype-tagged","YPPlnt","CV0","1","4",0.0506
"M3","haplotype-tagged","YPPlnt","CV0","1","4",0.0413
"M2","genome-wide","DTF","CV00","1","4",0.5441
"M3","genome-wide","DTF","CV00","1","4",0.5347
"M2","haplotype-tagged","DTF","CV00","1","4",0.48675
"M3","haplotype-tagged","DTF","CV00","1","4",0.32925
"M2","genome-wide","DTM","CV00","1","4",0.43745
"M3","genome-wide","DTM","CV00","1","4",0.36885
"M2","haplotype-tagged","DTM","CV00","1","4",0.3913
"M3","haplotype-tagged","DTM","CV00","1","4",0.3743
"M2","genome-wide","HSW","CV00","1","4",0.50725
"M3","genome-wide","HSW","CV00","1","4",0.524
"M2","haplotype-tagged","HSW","CV00","1","4",0.41065
"M3","haplotype-tagged","HSW","CV00","1","4",0.34505
"M2","genome-wide","PH","CV00","1","4",0.65
"M3","genome-wide","PH","CV00","1","4",0.63995
"M2","haplotype-tagged","PH","CV00","1","4",0.4987
"M3","haplotype-tagged","PH","CV00","1","4",0.4827
"M2","genome-wide","PPP","CV00","1","4",0.13805
"M3","genome-wide","PPP","CV00","1","4",0.0939
"M2","haplotype-tagged","PPP","CV00","1","4",-0.0148
"M3","haplotype-tagged","PPP","CV00","1","4",0.12225
"M2","genome-wide","YPPlnt","CV00","1","4",0.33515
"M3","genome-wide","YPPlnt","CV00","1","4",0.3154
"M2","haplotype-tagged","YPPlnt","CV00","1","4",0.1468
"M3","haplotype-tagged","YPPlnt","CV00","1","4",0.17
"M2","genome-wide","DTF","CV1","1","4",0.310988888888889
"M3","genome-wide","DTF","CV1","1","4",0.352211111111111
"M2","haplotype-tagged","DTF","CV1","1","4",0.0999222222222222
"M3","haplotype-tagged","DTF","CV1","1","4",0.258566666666667
"M2","genome-wide","DTM","CV1","1","4",0.298544444444444
"M3","genome-wide","DTM","CV1","1","4",0.245855555555556
"M2","haplotype-tagged","DTM","CV1","1","4",0.167666666666667
"M3","haplotype-tagged","DTM","CV1","1","4",0.1069
"M2","genome-wide","HSW","CV1","1","4",0.332333333333333
"M3","genome-wide","HSW","CV1","1","4",0.325877777777778
"M2","haplotype-tagged","HSW","CV1","1","4",0.264444444444444
"M3","haplotype-tagged","HSW","CV1","1","4",0.290822222222222
"M2","genome-wide","PH","CV1","1","4",0.416388888888889
"M3","genome-wide","PH","CV1","1","4",0.401288888888889
"M2","haplotype-tagged","PH","CV1","1","4",0.392088888888889
"M3","haplotype-tagged","PH","CV1","1","4",0.313777777777778
"M2","genome-wide","PPP","CV1","1","4",0.159288888888889
"M3","genome-wide","PPP","CV1","1","4",0.130444444444444
"M2","haplotype-tagged","PPP","CV1","1","4",0.125411111111111
"M3","haplotype-tagged","PPP","CV1","1","4",0.121155555555556
"M2","genome-wide","YPPlnt","CV1","1","4",0.0722333333333333
"M3","genome-wide","YPPlnt","CV1","1","4",-0.0300222222222222
"M2","haplotype-tagged","YPPlnt","CV1","1","4",0.0586222222222222
"M3","haplotype-tagged","YPPlnt","CV1","1","4",0.0398444444444444
"M2","genome-wide","DTF","CV2","1","4",0.611122222222222
"M3","genome-wide","DTF","CV2","1","4",0.597966666666667
"M2","haplotype-tagged","DTF","CV2","1","4",0.613722222222222
"M3","haplotype-tagged","DTF","CV2","1","4",0.614911111111111
"M2","genome-wide","DTM","CV2","1","4",0.4916
"M3","genome-wide","DTM","CV2","1","4",0.459988888888889
"M2","haplotype-tagged","DTM","CV2","1","4",0.495477777777778
"M3","haplotype-tagged","DTM","CV2","1","4",0.493444444444444
"M2","genome-wide","HSW","CV2","1","4",0.778788888888889
"M3","genome-wide","HSW","CV2","1","4",0.774366666666667
"M2","haplotype-tagged","HSW","CV2","1","4",0.777033333333333
"M3","haplotype-tagged","HSW","CV2","1","4",0.775555555555556
"M2","genome-wide","PH","CV2","1","4",0.564355555555555
"M3","genome-wide","PH","CV2","1","4",0.5587
"M2","haplotype-tagged","PH","CV2","1","4",0.556144444444444
"M3","haplotype-tagged","PH","CV2","1","4",0.5462
"M2","genome-wide","PPP","CV2","1","4",0.2052
"M3","genome-wide","PPP","CV2","1","4",0.1546
"M2","haplotype-tagged","PPP","CV2","1","4",0.202588888888889
"M3","haplotype-tagged","PPP","CV2","1","4",0.155822222222222
"M2","genome-wide","YPPlnt","CV2","1","4",0.127466666666667
"M3","genome-wide","YPPlnt","CV2","1","4",0.0833222222222222
"M2","haplotype-tagged","YPPlnt","CV2","1","4",0.108133333333333
"M3","haplotype-tagged","YPPlnt","CV2","1","4",0.0973
"M2","genome-wide","DTF","CV0","2","4",0.5919
"M3","genome-wide","DTF","CV0","2","4",0.59255
"M2","haplotype-tagged","DTF","CV0","2","4",0.5959
"M3","haplotype-tagged","DTF","CV0","2","4",0.594
"M2","genome-wide","DTM","CV0","2","4",0.5598
"M3","genome-wide","DTM","CV0","2","4",0.5506
"M2","haplotype-tagged","DTM","CV0","2","4",0.5422
"M3","haplotype-tagged","DTM","CV0","2","4",0.53165
"M2","genome-wide","HSW","CV0","2","4",0.71505
"M3","genome-wide","HSW","CV0","2","4",0.7152
"M2","haplotype-tagged","HSW","CV0","2","4",0.7142
"M3","haplotype-tagged","HSW","CV0","2","4",0.7136
"M2","genome-wide","PH","CV0","2","4",0.66635
"M3","genome-wide","PH","CV0","2","4",0.6605
"M2","haplotype-tagged","PH","CV0","2","4",0.65665
"M3","haplotype-tagged","PH","CV0","2","4",0.64625
"M2","genome-wide","PPP","CV0","2","4",0.24505
"M3","genome-wide","PPP","CV0","2","4",0.2364
"M2","haplotype-tagged","PPP","CV0","2","4",0.2215
"M3","haplotype-tagged","PPP","CV0","2","4",0.20525
"M2","genome-wide","YPPlnt","CV0","2","4",0.0731
"M3","genome-wide","YPPlnt","CV0","2","4",0.0691
"M2","haplotype-tagged","YPPlnt","CV0","2","4",0.0649
"M3","haplotype-tagged","YPPlnt","CV0","2","4",0.06665
"M2","genome-wide","DTF","CV00","2","4",0.4052
"M3","genome-wide","DTF","CV00","2","4",0.39425
"M2","haplotype-tagged","DTF","CV00","2","4",0.22235
"M3","haplotype-tagged","DTF","CV00","2","4",0.2496
"M2","genome-wide","DTM","CV00","2","4",0.1559
"M3","genome-wide","DTM","CV00","2","4",0.1346
"M2","haplotype-tagged","DTM","CV00","2","4",0.0517
"M3","haplotype-tagged","DTM","CV00","2","4",0.1235
"M2","genome-wide","HSW","CV00","2","4",0.494
"M3","genome-wide","HSW","CV00","2","4",0.48445
"M2","haplotype-tagged","HSW","CV00","2","4",0.3405
"M3","haplotype-tagged","HSW","CV00","2","4",0.36955
"M2","genome-wide","PH","CV00","2","4",0.4237
"M3","genome-wide","PH","CV00","2","4",0.43685
"M2","haplotype-tagged","PH","CV00","2","4",0.4337
"M3","haplotype-tagged","PH","CV00","2","4",0.45975
"M2","genome-wide","PPP","CV00","2","4",0.2689
"M3","genome-wide","PPP","CV00","2","4",0.2638
"M2","haplotype-tagged","PPP","CV00","2","4",0.2293
"M3","haplotype-tagged","PPP","CV00","2","4",0.1267
"M2","genome-wide","YPPlnt","CV00","2","4",0.27455
"M3","genome-wide","YPPlnt","CV00","2","4",0.2597
"M2","haplotype-tagged","YPPlnt","CV00","2","4",0.21395
"M3","haplotype-tagged","YPPlnt","CV00","2","4",-0.00415
"M2","genome-wide","DTF","CV1","2","4",0.265211111111111
"M3","genome-wide","DTF","CV1","2","4",0.316166666666667
"M2","haplotype-tagged","DTF","CV1","2","4",0.126533333333333
"M3","haplotype-tagged","DTF","CV1","2","4",0.220588888888889
"M2","genome-wide","DTM","CV1","2","4",0.241288888888889
"M3","genome-wide","DTM","CV1","2","4",0.201011111111111
"M2","haplotype-tagged","DTM","CV1","2","4",0.278466666666667
"M3","haplotype-tagged","DTM","CV1","2","4",0.111677777777778
"M2","genome-wide","HSW","CV1","2","4",0.488122222222222
"M3","genome-wide","HSW","CV1","2","4",0.486544444444444
"M2","haplotype-tagged","HSW","CV1","2","4",0.522655555555556
"M3","haplotype-tagged","HSW","CV1","2","4",0.478944444444444
"M2","genome-wide","PH","CV1","2","4",0.258555555555556
"M3","genome-wide","PH","CV1","2","4",0.259555555555556
"M2","haplotype-tagged","PH","CV1","2","4",0.3348
"M3","haplotype-tagged","PH","CV1","2","4",0.343644444444444
"M2","genome-wide","PPP","CV1","2","4",0.179866666666667
"M3","genome-wide","PPP","CV1","2","4",0.107633333333333
"M2","haplotype-tagged","PPP","CV1","2","4",0.143933333333333
"M3","haplotype-tagged","PPP","CV1","2","4",0.113333333333333
"M2","genome-wide","YPPlnt","CV1","2","4",0.136911111111111
"M3","genome-wide","YPPlnt","CV1","2","4",0.0817777777777778
"M2","haplotype-tagged","YPPlnt","CV1","2","4",0.219244444444444
"M3","haplotype-tagged","YPPlnt","CV1","2","4",0.107477777777778
"M2","genome-wide","DTF","CV2","2","4",0.565022222222222
"M3","genome-wide","DTF","CV2","2","4",0.549844444444444
"M2","haplotype-tagged","DTF","CV2","2","4",0.564077777777778
"M3","haplotype-tagged","DTF","CV2","2","4",0.560011111111111
"M2","genome-wide","DTM","CV2","2","4",0.5082
"M3","genome-wide","DTM","CV2","2","4",0.492688888888889
"M2","haplotype-tagged","DTM","CV2","2","4",0.511388888888889
"M3","haplotype-tagged","DTM","CV2","2","4",0.500155555555556
"M2","genome-wide","HSW","CV2","2","4",0.725422222222222
"M3","genome-wide","HSW","CV2","2","4",0.716733333333333
"M2","haplotype-tagged","HSW","CV2","2","4",0.726666666666667
"M3","haplotype-tagged","HSW","CV2","2","4",0.725277777777778
"M2","genome-wide","PH","CV2","2","4",0.527066666666667
"M3","genome-wide","PH","CV2","2","4",0.526966666666667
"M2","haplotype-tagged","PH","CV2","2","4",0.522411111111111
"M3","haplotype-tagged","PH","CV2","2","4",0.524944444444444
"M2","genome-wide","PPP","CV2","2","4",0.0668888888888889
"M3","genome-wide","PPP","CV2","2","4",0.0922888888888889
"M2","haplotype-tagged","PPP","CV2","2","4",0.0411888888888889
"M3","haplotype-tagged","PPP","CV2","2","4",0.0623444444444444
"M2","genome-wide","YPPlnt","CV2","2","4",0.0722888888888889
"M3","genome-wide","YPPlnt","CV2","2","4",0.106966666666667
"M2","haplotype-tagged","YPPlnt","CV2","2","4",0.0492555555555556
"M3","haplotype-tagged","YPPlnt","CV2","2","4",0.0630888888888889
"M2","genome-wide","DTF","CV0","3","4",0.5119
"M3","genome-wide","DTF","CV0","3","4",0.51315
"M2","haplotype-tagged","DTF","CV0","3","4",0.5114
"M3","haplotype-tagged","DTF","CV0","3","4",0.51055
"M2","genome-wide","DTM","CV0","3","4",0.4706
"M3","genome-wide","DTM","CV0","3","4",0.46405
"M2","haplotype-tagged","DTM","CV0","3","4",0.4611
"M3","haplotype-tagged","DTM","CV0","3","4",0.45995
"M2","genome-wide","HSW","CV0","3","4",0.7422
"M3","genome-wide","HSW","CV0","3","4",0.7457
"M2","haplotype-tagged","HSW","CV0","3","4",0.74355
"M3","haplotype-tagged","HSW","CV0","3","4",0.74495
"M2","genome-wide","PH","CV0","3","4",0.3543
"M3","genome-wide","PH","CV0","3","4",0.35515
"M2","haplotype-tagged","PH","CV0","3","4",0.35745
"M3","haplotype-tagged","PH","CV0","3","4",0.35645
"M2","genome-wide","PPP","CV0","3","4",0.055
"M3","genome-wide","PPP","CV0","3","4",0.05805
"M2","haplotype-tagged","PPP","CV0","3","4",0.0557
"M3","haplotype-tagged","PPP","CV0","3","4",0.05915
"M2","genome-wide","YPPlnt","CV0","3","4",0.18685
"M3","genome-wide","YPPlnt","CV0","3","4",0.185
"M2","haplotype-tagged","YPPlnt","CV0","3","4",0.1755
"M3","haplotype-tagged","YPPlnt","CV0","3","4",0.1727
"M2","genome-wide","DTF","CV00","3","4",0.5791
"M3","genome-wide","DTF","CV00","3","4",0.5776
"M2","haplotype-tagged","DTF","CV00","3","4",0.4381
"M3","haplotype-tagged","DTF","CV00","3","4",0.43205
"M2","genome-wide","DTM","CV00","3","4",0.35655
"M3","genome-wide","DTM","CV00","3","4",0.36435
"M2","haplotype-tagged","DTM","CV00","3","4",0.2292
"M3","haplotype-tagged","DTM","CV00","3","4",0.3636
"M2","genome-wide","HSW","CV00","3","4",0.4445
"M3","genome-wide","HSW","CV00","3","4",0.4451
"M2","haplotype-tagged","HSW","CV00","3","4",0.3696
"M3","haplotype-tagged","HSW","CV00","3","4",0.2428
"M2","genome-wide","PH","CV00","3","4",0.19975
"M3","genome-wide","PH","CV00","3","4",0.17565
"M2","haplotype-tagged","PH","CV00","3","4",0.32035
"M3","haplotype-tagged","PH","CV00","3","4",0.28605
"M2","genome-wide","PPP","CV00","3","4",0.4175
"M3","genome-wide","PPP","CV00","3","4",0.4264
"M2","haplotype-tagged","PPP","CV00","3","4",0.3039
"M3","haplotype-tagged","PPP","CV00","3","4",0.21475
"M2","genome-wide","YPPlnt","CV00","3","4",0.25215
"M3","genome-wide","YPPlnt","CV00","3","4",0.19285
"M2","haplotype-tagged","YPPlnt","CV00","3","4",0.31345
"M3","haplotype-tagged","YPPlnt","CV00","3","4",0.2679
"M2","genome-wide","DTF","CV1","3","4",0.527788888888889
"M3","genome-wide","DTF","CV1","3","4",0.5549
"M2","haplotype-tagged","DTF","CV1","3","4",0.393922222222222
"M3","haplotype-tagged","DTF","CV1","3","4",0.442533333333333
"M2","genome-wide","DTM","CV1","3","4",0.493133333333333
"M3","genome-wide","DTM","CV1","3","4",0.432711111111111
"M2","haplotype-tagged","DTM","CV1","3","4",0.401055555555556
"M3","haplotype-tagged","DTM","CV1","3","4",0.289288888888889
"M2","genome-wide","HSW","CV1","3","4",0.6596
"M3","genome-wide","HSW","CV1","3","4",0.642366666666667
"M2","haplotype-tagged","HSW","CV1","3","4",0.660388888888889
"M3","haplotype-tagged","HSW","CV1","3","4",0.5928
"M2","genome-wide","PH","CV1","3","4",0.460155555555556
"M3","genome-wide","PH","CV1","3","4",0.507111111111111
"M2","haplotype-tagged","PH","CV1","3","4",0.411455555555556
"M3","haplotype-tagged","PH","CV1","3","4",0.4746
"M2","genome-wide","PPP","CV1","3","4",0.175311111111111
"M3","genome-wide","PPP","CV1","3","4",0.188177777777778
"M2","haplotype-tagged","PPP","CV1","3","4",0.131977777777778
"M3","haplotype-tagged","PPP","CV1","3","4",0.1744
"M2","genome-wide","YPPlnt","CV1","3","4",0.0795222222222222
"M3","genome-wide","YPPlnt","CV1","3","4",0.136922222222222
"M2","haplotype-tagged","YPPlnt","CV1","3","4",0.122944444444444
"M3","haplotype-tagged","YPPlnt","CV1","3","4",0.179777777777778
"M2","genome-wide","DTF","CV2","3","4",0.619844444444444
"M3","genome-wide","DTF","CV2","3","4",0.590122222222222
"M2","haplotype-tagged","DTF","CV2","3","4",0.616133333333333
"M3","haplotype-tagged","DTF","CV2","3","4",0.619677777777778
"M2","genome-wide","DTM","CV2","3","4",0.432444444444444
"M3","genome-wide","DTM","CV2","3","4",0.444766666666667
"M2","haplotype-tagged","DTM","CV2","3","4",0.436722222222222
"M3","haplotype-tagged","DTM","CV2","3","4",0.459544444444444
"M2","genome-wide","HSW","CV2","3","4",0.740988888888889
"M3","genome-wide","HSW","CV2","3","4",0.742222222222222
"M2","haplotype-tagged","HSW","CV2","3","4",0.740733333333333
"M3","haplotype-tagged","HSW","CV2","3","4",0.741166666666667
"M2","genome-wide","PH","CV2","3","4",0.542611111111111
"M3","genome-wide","PH","CV2","3","4",0.527
"M2","haplotype-tagged","PH","CV2","3","4",0.547388888888889
"M3","haplotype-tagged","PH","CV2","3","4",0.547644444444444
"M2","genome-wide","PPP","CV2","3","4",0.185166666666667
"M3","genome-wide","PPP","CV2","3","4",0.1805
"M2","haplotype-tagged","PPP","CV2","3","4",0.161077777777778
"M3","haplotype-tagged","PPP","CV2","3","4",0.131966666666667
"M2","genome-wide","YPPlnt","CV2","3","4",0.231877777777778
"M3","genome-wide","YPPlnt","CV2","3","4",0.233966666666667
"M2","haplotype-tagged","YPPlnt","CV2","3","4",0.211933333333333
"M3","haplotype-tagged","YPPlnt","CV2","3","4",0.215788888888889
"M2","genome-wide","DTF","CV0","4","4",0.63315
"M3","genome-wide","DTF","CV0","4","4",0.62645
"M2","haplotype-tagged","DTF","CV0","4","4",0.62555
"M3","haplotype-tagged","DTF","CV0","4","4",0.6225
"M2","genome-wide","DTM","CV0","4","4",0.4592
"M3","genome-wide","DTM","CV0","4","4",0.4613
"M2","haplotype-tagged","DTM","CV0","4","4",0.4588
"M3","haplotype-tagged","DTM","CV0","4","4",0.46175
"M2","genome-wide","HSW","CV0","4","4",0.7911
"M3","genome-wide","HSW","CV0","4","4",0.7909
"M2","haplotype-tagged","HSW","CV0","4","4",0.7888
"M3","haplotype-tagged","HSW","CV0","4","4",0.78865
"M2","genome-wide","PH","CV0","4","4",0.2803
"M3","genome-wide","PH","CV0","4","4",0.2831
"M2","haplotype-tagged","PH","CV0","4","4",0.2858
"M3","haplotype-tagged","PH","CV0","4","4",0.2867
"M2","genome-wide","PPP","CV0","4","4",0.1645
"M3","genome-wide","PPP","CV0","4","4",0.14155
"M2","haplotype-tagged","PPP","CV0","4","4",0.1444
"M3","haplotype-tagged","PPP","CV0","4","4",0.0987
"M2","genome-wide","YPPlnt","CV0","4","4",0.10255
"M3","genome-wide","YPPlnt","CV0","4","4",0.0764
"M2","haplotype-tagged","YPPlnt","CV0","4","4",0.0777
"M3","haplotype-tagged","YPPlnt","CV0","4","4",0.0766
"M2","genome-wide","DTF","CV00","4","4",0.4934
"M3","genome-wide","DTF","CV00","4","4",0.5151
"M2","haplotype-tagged","DTF","CV00","4","4",0.4408
"M3","haplotype-tagged","DTF","CV00","4","4",0.23475
"M2","genome-wide","DTM","CV00","4","4",0.34985
"M3","genome-wide","DTM","CV00","4","4",0.35215
"M2","haplotype-tagged","DTM","CV00","4","4",0.3897
"M3","haplotype-tagged","DTM","CV00","4","4",0.31655
"M2","genome-wide","HSW","CV00","4","4",0.72635
"M3","genome-wide","HSW","CV00","4","4",0.688
"M2","haplotype-tagged","HSW","CV00","4","4",0.7429
"M3","haplotype-tagged","HSW","CV00","4","4",0.73045
"M2","genome-wide","PH","CV00","4","4",0.566
"M3","genome-wide","PH","CV00","4","4",0.59595
"M2","haplotype-tagged","PH","CV00","4","4",0.533
"M3","haplotype-tagged","PH","CV00","4","4",0.49075
"M2","genome-wide","PPP","CV00","4","4",0.4266
"M3","genome-wide","PPP","CV00","4","4",0.38945
"M2","haplotype-tagged","PPP","CV00","4","4",0.3688
"M3","haplotype-tagged","PPP","CV00","4","4",0.3642
"M2","genome-wide","YPPlnt","CV00","4","4",0.25505
"M3","genome-wide","YPPlnt","CV00","4","4",0.24575
"M2","haplotype-tagged","YPPlnt","CV00","4","4",0.15005
"M3","haplotype-tagged","YPPlnt","CV00","4","4",0.22525
"M2","genome-wide","DTF","CV1","4","4",0.343377777777778
"M3","genome-wide","DTF","CV1","4","4",0.340477777777778
"M2","haplotype-tagged","DTF","CV1","4","4",0.261577777777778
"M3","haplotype-tagged","DTF","CV1","4","4",0.245933333333333
"M2","genome-wide","DTM","CV1","4","4",0.233211111111111
"M3","genome-wide","DTM","CV1","4","4",0.192266666666667
"M2","haplotype-tagged","DTM","CV1","4","4",0.162455555555556
"M3","haplotype-tagged","DTM","CV1","4","4",0.165511111111111
"M2","genome-wide","HSW","CV1","4","4",0.628866666666667
"M3","genome-wide","HSW","CV1","4","4",0.621655555555556
"M2","haplotype-tagged","HSW","CV1","4","4",0.463755555555556
"M3","haplotype-tagged","HSW","CV1","4","4",0.442088888888889
"M2","genome-wide","PH","CV1","4","4",0.245311111111111
"M3","genome-wide","PH","CV1","4","4",0.259277777777778
"M2","haplotype-tagged","PH","CV1","4","4",0.2429
"M3","haplotype-tagged","PH","CV1","4","4",0.218322222222222
"M2","genome-wide","PPP","CV1","4","4",0.0845555555555556
"M3","genome-wide","PPP","CV1","4","4",0.129488888888889
"M2","haplotype-tagged","PPP","CV1","4","4",0.0756888888888889
"M3","haplotype-tagged","PPP","CV1","4","4",0.0364444444444444
"M2","genome-wide","YPPlnt","CV1","4","4",0.0715111111111111
"M3","genome-wide","YPPlnt","CV1","4","4",0.104344444444444
"M2","haplotype-tagged","YPPlnt","CV1","4","4",0.111922222222222
"M3","haplotype-tagged","YPPlnt","CV1","4","4",0.0716
"M2","genome-wide","DTF","CV2","4","4",0.627822222222222
"M3","genome-wide","DTF","CV2","4","4",0.601344444444444
"M2","haplotype-tagged","DTF","CV2","4","4",0.624244444444444
"M3","haplotype-tagged","DTF","CV2","4","4",0.621788888888889
"M2","genome-wide","DTM","CV2","4","4",0.471733333333333
"M3","genome-wide","DTM","CV2","4","4",0.468366666666667
"M2","haplotype-tagged","DTM","CV2","4","4",0.4569
"M3","haplotype-tagged","DTM","CV2","4","4",0.475588888888889
"M2","genome-wide","HSW","CV2","4","4",0.762777777777778
"M3","genome-wide","HSW","CV2","4","4",0.759733333333333
"M2","haplotype-tagged","HSW","CV2","4","4",0.7544
"M3","haplotype-tagged","HSW","CV2","4","4",0.757333333333333
"M2","genome-wide","PH","CV2","4","4",0.465511111111111
"M3","genome-wide","PH","CV2","4","4",0.457966666666667
"M2","haplotype-tagged","PH","CV2","4","4",0.460477777777778
"M3","haplotype-tagged","PH","CV2","4","4",0.464333333333333
"M2","genome-wide","PPP","CV2","4","4",0.173866666666667
"M3","genome-wide","PPP","CV2","4","4",0.136044444444444
"M2","haplotype-tagged","PPP","CV2","4","4",0.146877777777778
"M3","haplotype-tagged","PPP","CV2","4","4",0.155422222222222
"M2","genome-wide","YPPlnt","CV2","4","4",0.0807333333333333
"M3","genome-wide","YPPlnt","CV2","4","4",0.0315333333333333
"M2","haplotype-tagged","YPPlnt","CV2","4","4",0.0736555555555556
"M3","haplotype-tagged","YPPlnt","CV2","4","4",0.0606666666666667
"M2","genome-wide","DTF","CV0","5","4",0.6097
"M3","genome-wide","DTF","CV0","5","4",0.60925
"M2","haplotype-tagged","DTF","CV0","5","4",0.60975
"M3","haplotype-tagged","DTF","CV0","5","4",0.60615
"M2","genome-wide","DTM","CV0","5","4",0.5742
"M3","genome-wide","DTM","CV0","5","4",0.5686
"M2","haplotype-tagged","DTM","CV0","5","4",0.5574
"M3","haplotype-tagged","DTM","CV0","5","4",0.5479
"M2","genome-wide","HSW","CV0","5","4",0.75185
"M3","genome-wide","HSW","CV0","5","4",0.7545
"M2","haplotype-tagged","HSW","CV0","5","4",0.75045
"M3","haplotype-tagged","HSW","CV0","5","4",0.7501
"M2","genome-wide","PH","CV0","5","4",0.6934
"M3","genome-wide","PH","CV0","5","4",0.6946
"M2","haplotype-tagged","PH","CV0","5","4",0.68505
"M3","haplotype-tagged","PH","CV0","5","4",0.67495
"M2","genome-wide","PPP","CV0","5","4",0.24425
"M3","genome-wide","PPP","CV0","5","4",0.2396
"M2","haplotype-tagged","PPP","CV0","5","4",0.2244
"M3","haplotype-tagged","PPP","CV0","5","4",0.2086
"M2","genome-wide","YPPlnt","CV0","5","4",0.1325
"M3","genome-wide","YPPlnt","CV0","5","4",0.12605
"M2","haplotype-tagged","YPPlnt","CV0","5","4",0.1362
"M3","haplotype-tagged","YPPlnt","CV0","5","4",0.1395
"M2","genome-wide","DTF","CV00","5","4",0.34875
"M3","genome-wide","DTF","CV00","5","4",0.3644
"M2","haplotype-tagged","DTF","CV00","5","4",0.1901
"M3","haplotype-tagged","DTF","CV00","5","4",0.16085
"M2","genome-wide","DTM","CV00","5","4",0.23055
"M3","genome-wide","DTM","CV00","5","4",0.26545
"M2","haplotype-tagged","DTM","CV00","5","4",0.10375
"M3","haplotype-tagged","DTM","CV00","5","4",0.2389
"M2","genome-wide","HSW","CV00","5","4",0.5985
"M3","genome-wide","HSW","CV00","5","4",0.61505
"M2","haplotype-tagged","HSW","CV00","5","4",0.55575
"M3","haplotype-tagged","HSW","CV00","5","4",0.61685
"M2","genome-wide","PH","CV00","5","4",0.11355
"M3","genome-wide","PH","CV00","5","4",0.1114
"M2","haplotype-tagged","PH","CV00","5","4",0.1361
"M3","haplotype-tagged","PH","CV00","5","4",0.1439
"M2","genome-wide","PPP","CV00","5","4",0.13195
"M3","genome-wide","PPP","CV00","5","4",0.08875
"M2","haplotype-tagged","PPP","CV00","5","4",0.12745
"M3","haplotype-tagged","PPP","CV00","5","4",-0.00455
"M2","genome-wide","YPPlnt","CV00","5","4",0.00265
"M3","genome-wide","YPPlnt","CV00","5","4",-0.03625
"M2","haplotype-tagged","YPPlnt","CV00","5","4",0.2057
"M3","haplotype-tagged","YPPlnt","CV00","5","4",-0.13285
"M2","genome-wide","DTF","CV1","5","4",0.491811111111111
"M3","genome-wide","DTF","CV1","5","4",0.514111111111111
"M2","haplotype-tagged","DTF","CV1","5","4",0.301744444444444
"M3","haplotype-tagged","DTF","CV1","5","4",0.190522222222222
"M2","genome-wide","DTM","CV1","5","4",0.465311111111111
"M3","genome-wide","DTM","CV1","5","4",0.420922222222222
"M2","haplotype-tagged","DTM","CV1","5","4",0.288666666666667
"M3","haplotype-tagged","DTM","CV1","5","4",0.245366666666667
"M2","genome-wide","HSW","CV1","5","4",0.551911111111111
"M3","genome-wide","HSW","CV1","5","4",0.555333333333333
"M2","haplotype-tagged","HSW","CV1","5","4",0.370011111111111
"M3","haplotype-tagged","HSW","CV1","5","4",0.330844444444444
"M2","genome-wide","PH","CV1","5","4",0.481122222222222
"M3","genome-wide","PH","CV1","5","4",0.479177777777778
"M2","haplotype-tagged","PH","CV1","5","4",0.483533333333333
"M3","haplotype-tagged","PH","CV1","5","4",0.492088888888889
"M2","genome-wide","PPP","CV1","5","4",0.139211111111111
"M3","genome-wide","PPP","CV1","5","4",0.131666666666667
"M2","haplotype-tagged","PPP","CV1","5","4",0.109366666666667
"M3","haplotype-tagged","PPP","CV1","5","4",0.0682666666666667
"M2","genome-wide","YPPlnt","CV1","5","4",0.175711111111111
"M3","genome-wide","YPPlnt","CV1","5","4",0.1555
"M2","haplotype-tagged","YPPlnt","CV1","5","4",0.0698444444444444
"M3","haplotype-tagged","YPPlnt","CV1","5","4",0.0813
"M2","genome-wide","DTF","CV2","5","4",0.482511111111111
"M3","genome-wide","DTF","CV2","5","4",0.491577777777778
"M2","haplotype-tagged","DTF","CV2","5","4",0.476055555555556
"M3","haplotype-tagged","DTF","CV2","5","4",0.464022222222222
"M2","genome-wide","DTM","CV2","5","4",0.454844444444444
"M3","genome-wide","DTM","CV2","5","4",0.459188888888889
"M2","haplotype-tagged","DTM","CV2","5","4",0.446344444444444
"M3","haplotype-tagged","DTM","CV2","5","4",0.456722222222222
"M2","genome-wide","HSW","CV2","5","4",0.791811111111111
"M3","genome-wide","HSW","CV2","5","4",0.780411111111111
"M2","haplotype-tagged","HSW","CV2","5","4",0.792255555555556
"M3","haplotype-tagged","HSW","CV2","5","4",0.784288888888889
"M2","genome-wide","PH","CV2","5","4",0.538933333333333
"M3","genome-wide","PH","CV2","5","4",0.560922222222222
"M2","haplotype-tagged","PH","CV2","5","4",0.532422222222222
"M3","haplotype-tagged","PH","CV2","5","4",0.538277777777778
"M2","genome-wide","PPP","CV2","5","4",0.227188888888889
"M3","genome-wide","PPP","CV2","5","4",0.2584
"M2","haplotype-tagged","PPP","CV2","5","4",0.216366666666667
"M3","haplotype-tagged","PPP","CV2","5","4",0.260166666666667
"M2","genome-wide","YPPlnt","CV2","5","4",0.1218
"M3","genome-wide","YPPlnt","CV2","5","4",0.116011111111111
"M2","haplotype-tagged","YPPlnt","CV2","5","4",0.105233333333333
"M3","haplotype-tagged","YPPlnt","CV2","5","4",0.0881777777777778
"M2","genome-wide","DTF","CV0","6","4",0.73845
"M3","genome-wide","DTF","CV0","6","4",0.73515
"M2","haplotype-tagged","DTF","CV0","6","4",0.73385
"M3","haplotype-tagged","DTF","CV0","6","4",0.7365
"M2","genome-wide","DTM","CV0","6","4",0.57345
"M3","genome-wide","DTM","CV0","6","4",0.56495
"M2","haplotype-tagged","DTM","CV0","6","4",0.5651
"M3","haplotype-tagged","DTM","CV0","6","4",0.56465
"M2","genome-wide","HSW","CV0","6","4",0.8403
"M3","genome-wide","HSW","CV0","6","4",0.8398
"M2","haplotype-tagged","HSW","CV0","6","4",0.8359
"M3","haplotype-tagged","HSW","CV0","6","4",0.83495
"M2","genome-wide","PH","CV0","6","4",0.74785
"M3","genome-wide","PH","CV0","6","4",0.74295
"M2","haplotype-tagged","PH","CV0","6","4",0.7378
"M3","haplotype-tagged","PH","CV0","6","4",0.73375
"M2","genome-wide","PPP","CV0","6","4",0.32585
"M3","genome-wide","PPP","CV0","6","4",0.28905
"M2","haplotype-tagged","PPP","CV0","6","4",0.2853
"M3","haplotype-tagged","PPP","CV0","6","4",0.256
"M2","genome-wide","YPPlnt","CV0","6","4",0.14145
"M3","genome-wide","YPPlnt","CV0","6","4",0.1474
"M2","haplotype-tagged","YPPlnt","CV0","6","4",0.14715
"M3","haplotype-tagged","YPPlnt","CV0","6","4",0.1394
"M2","genome-wide","DTF","CV00","6","4",0.2738
"M3","genome-wide","DTF","CV00","6","4",0.2491
"M2","haplotype-tagged","DTF","CV00","6","4",0.1704
"M3","haplotype-tagged","DTF","CV00","6","4",0.28815
"M2","genome-wide","DTM","CV00","6","4",0.1257
"M3","genome-wide","DTM","CV00","6","4",0.09835
"M2","haplotype-tagged","DTM","CV00","6","4",0.1389
"M3","haplotype-tagged","DTM","CV00","6","4",0.0835
"M2","genome-wide","HSW","CV00","6","4",0.54015
"M3","genome-wide","HSW","CV00","6","4",0.55195
"M2","haplotype-tagged","HSW","CV00","6","4",0.458
"M3","haplotype-tagged","HSW","CV00","6","4",0.4497
"M2","genome-wide","PH","CV00","6","4",0.49265
"M3","genome-wide","PH","CV00","6","4",0.47745
"M2","haplotype-tagged","PH","CV00","6","4",0.53445
"M3","haplotype-tagged","PH","CV00","6","4",0.47445
"M2","genome-wide","PPP","CV00","6","4",0.2257
"M3","genome-wide","PPP","CV00","6","4",0.19975
"M2","haplotype-tagged","PPP","CV00","6","4",0.31005
"M3","haplotype-tagged","PPP","CV00","6","4",0.2026
"M2","genome-wide","YPPlnt","CV00","6","4",0.0534
"M3","genome-wide","YPPlnt","CV00","6","4",0.1279
"M2","haplotype-tagged","YPPlnt","CV00","6","4",-0.04105
"M3","haplotype-tagged","YPPlnt","CV00","6","4",0.0276
"M2","genome-wide","DTF","CV1","6","4",0.4473
"M3","genome-wide","DTF","CV1","6","4",0.471244444444444
"M2","haplotype-tagged","DTF","CV1","6","4",0.251566666666667
"M3","haplotype-tagged","DTF","CV1","6","4",0.3431
"M2","genome-wide","DTM","CV1","6","4",0.407311111111111
"M3","genome-wide","DTM","CV1","6","4",0.394933333333333
"M2","haplotype-tagged","DTM","CV1","6","4",0.2693
"M3","haplotype-tagged","DTM","CV1","6","4",0.297588888888889
"M2","genome-wide","HSW","CV1","6","4",0.4815
"M3","genome-wide","HSW","CV1","6","4",0.470888888888889
"M2","haplotype-tagged","HSW","CV1","6","4",0.517355555555556
"M3","haplotype-tagged","HSW","CV1","6","4",0.502722222222222
"M2","genome-wide","PH","CV1","6","4",0.527877777777778
"M3","genome-wide","PH","CV1","6","4",0.551711111111111
"M2","haplotype-tagged","PH","CV1","6","4",0.542766666666667
"M3","haplotype-tagged","PH","CV1","6","4",0.532666666666667
"M2","genome-wide","PPP","CV1","6","4",0.256211111111111
"M3","genome-wide","PPP","CV1","6","4",0.160811111111111
"M2","haplotype-tagged","PPP","CV1","6","4",0.198844444444444
"M3","haplotype-tagged","PPP","CV1","6","4",0.0892888888888889
"M2","genome-wide","YPPlnt","CV1","6","4",0.175366666666667
"M3","genome-wide","YPPlnt","CV1","6","4",0.1545
"M2","haplotype-tagged","YPPlnt","CV1","6","4",0.0938222222222222
"M3","haplotype-tagged","YPPlnt","CV1","6","4",0.153655555555556
"M2","genome-wide","DTF","CV2","6","4",0.597077777777778
"M3","genome-wide","DTF","CV2","6","4",0.590644444444444
"M2","haplotype-tagged","DTF","CV2","6","4",0.595455555555556
"M3","haplotype-tagged","DTF","CV2","6","4",0.589155555555556
"M2","genome-wide","DTM","CV2","6","4",0.4651
"M3","genome-wide","DTM","CV2","6","4",0.4475
"M2","haplotype-tagged","DTM","CV2","6","4",0.454833333333333
"M3","haplotype-tagged","DTM","CV2","6","4",0.455866666666667
"M2","genome-wide","HSW","CV2","6","4",0.781933333333333
"M3","genome-wide","HSW","CV2","6","4",0.785466666666667
"M2","haplotype-tagged","HSW","CV2","6","4",0.778422222222222
"M3","haplotype-tagged","HSW","CV2","6","4",0.780022222222222
"M2","genome-wide","PH","CV2","6","4",0.619455555555556
"M3","genome-wide","PH","CV2","6","4",0.612377777777778
"M2","haplotype-tagged","PH","CV2","6","4",0.609088888888889
"M3","haplotype-tagged","PH","CV2","6","4",0.601477777777778
"M2","genome-wide","PPP","CV2","6","4",0.174788888888889
"M3","genome-wide","PPP","CV2","6","4",0.168211111111111
"M2","haplotype-tagged","PPP","CV2","6","4",0.158933333333333
"M3","haplotype-tagged","PPP","CV2","6","4",0.162455555555556
"M2","genome-wide","YPPlnt","CV2","6","4",0.0462
"M3","genome-wide","YPPlnt","CV2","6","4",0.0687777777777778
"M2","haplotype-tagged","YPPlnt","CV2","6","4",0.0407222222222222
"M3","haplotype-tagged","YPPlnt","CV2","6","4",0.0553555555555556
"M2","genome-wide","DTF","CV0","7","4",0.6341
"M3","genome-wide","DTF","CV0","7","4",0.6299
"M2","haplotype-tagged","DTF","CV0","7","4",0.62555
"M3","haplotype-tagged","DTF","CV0","7","4",0.6181
"M2","genome-wide","DTM","CV0","7","4",0.4579
"M3","genome-wide","DTM","CV0","7","4",0.46315
"M2","haplotype-tagged","DTM","CV0","7","4",0.4599
"M3","haplotype-tagged","DTM","CV0","7","4",0.46255
"M2","genome-wide","HSW","CV0","7","4",0.7911
"M3","genome-wide","HSW","CV0","7","4",0.7901
"M2","haplotype-tagged","HSW","CV0","7","4",0.78855
"M3","haplotype-tagged","HSW","CV0","7","4",0.78715
"M2","genome-wide","PH","CV0","7","4",0.28025
"M3","genome-wide","PH","CV0","7","4",0.28315
"M2","haplotype-tagged","PH","CV0","7","4",0.28495
"M3","haplotype-tagged","PH","CV0","7","4",0.2873
"M2","genome-wide","PPP","CV0","7","4",0.1653
"M3","genome-wide","PPP","CV0","7","4",0.14775
"M2","haplotype-tagged","PPP","CV0","7","4",0.15015
"M3","haplotype-tagged","PPP","CV0","7","4",0.1237
"M2","genome-wide","YPPlnt","CV0","7","4",0.10545
"M3","genome-wide","YPPlnt","CV0","7","4",0.0755
"M2","haplotype-tagged","YPPlnt","CV0","7","4",0.0816
"M3","haplotype-tagged","YPPlnt","CV0","7","4",0.0796
"M2","genome-wide","DTF","CV00","7","4",0.34175
"M3","genome-wide","DTF","CV00","7","4",0.3949
"M2","haplotype-tagged","DTF","CV00","7","4",0.28415
"M3","haplotype-tagged","DTF","CV00","7","4",0.13585
"M2","genome-wide","DTM","CV00","7","4",0.3251
"M3","genome-wide","DTM","CV00","7","4",0.32925
"M2","haplotype-tagged","DTM","CV00","7","4",0.2455
"M3","haplotype-tagged","DTM","CV00","7","4",0.2005
"M2","genome-wide","HSW","CV00","7","4",0.61885
"M3","genome-wide","HSW","CV00","7","4",0.60785
"M2","haplotype-tagged","HSW","CV00","7","4",0.49465
"M3","haplotype-tagged","HSW","CV00","7","4",0.5204
"M2","genome-wide","PH","CV00","7","4",0.21055
"M3","genome-wide","PH","CV00","7","4",0.2114
"M2","haplotype-tagged","PH","CV00","7","4",0.21255
"M3","haplotype-tagged","PH","CV00","7","4",0.1835
"M2","genome-wide","PPP","CV00","7","4",0.1421
"M3","genome-wide","PPP","CV00","7","4",0.161
"M2","haplotype-tagged","PPP","CV00","7","4",0.1883
"M3","haplotype-tagged","PPP","CV00","7","4",0.18165
"M2","genome-wide","YPPlnt","CV00","7","4",0.2723
"M3","genome-wide","YPPlnt","CV00","7","4",0.2204
"M2","haplotype-tagged","YPPlnt","CV00","7","4",0.1369
"M3","haplotype-tagged","YPPlnt","CV00","7","4",0.16185
"M2","genome-wide","DTF","CV1","7","4",0.352677777777778
"M3","genome-wide","DTF","CV1","7","4",0.351277777777778
"M2","haplotype-tagged","DTF","CV1","7","4",0.2146
"M3","haplotype-tagged","DTF","CV1","7","4",0.2913
"M2","genome-wide","DTM","CV1","7","4",0.421933333333333
"M3","genome-wide","DTM","CV1","7","4",0.3368
"M2","haplotype-tagged","DTM","CV1","7","4",0.307288888888889
"M3","haplotype-tagged","DTM","CV1","7","4",0.246988888888889
"M2","genome-wide","HSW","CV1","7","4",0.581666666666667
"M3","genome-wide","HSW","CV1","7","4",0.5787
"M2","haplotype-tagged","HSW","CV1","7","4",0.431211111111111
"M3","haplotype-tagged","HSW","CV1","7","4",0.421011111111111
"M2","genome-wide","PH","CV1","7","4",0.494677777777778
"M3","genome-wide","PH","CV1","7","4",0.5067
"M2","haplotype-tagged","PH","CV1","7","4",0.504333333333333
"M3","haplotype-tagged","PH","CV1","7","4",0.502788888888889
"M2","genome-wide","PPP","CV1","7","4",0.164677777777778
"M3","genome-wide","PPP","CV1","7","4",0.168555555555556
"M2","haplotype-tagged","PPP","CV1","7","4",0.104377777777778
"M3","haplotype-tagged","PPP","CV1","7","4",0.182688888888889
"M2","genome-wide","YPPlnt","CV1","7","4",0.0507
"M3","genome-wide","YPPlnt","CV1","7","4",0.0398222222222222
"M2","haplotype-tagged","YPPlnt","CV1","7","4",0.0925777777777778
"M3","haplotype-tagged","YPPlnt","CV1","7","4",0.0622222222222222
"M2","genome-wide","DTF","CV2","7","4",0.557933333333333
"M3","genome-wide","DTF","CV2","7","4",0.5775
"M2","haplotype-tagged","DTF","CV2","7","4",0.558555555555556
"M3","haplotype-tagged","DTF","CV2","7","4",0.573188888888889
"M2","genome-wide","DTM","CV2","7","4",0.482377777777778
"M3","genome-wide","DTM","CV2","7","4",0.5078
"M2","haplotype-tagged","DTM","CV2","7","4",0.489722222222222
"M3","haplotype-tagged","DTM","CV2","7","4",0.514977777777778
"M2","genome-wide","HSW","CV2","7","4",0.661111111111111
"M3","genome-wide","HSW","CV2","7","4",0.647344444444445
"M2","haplotype-tagged","HSW","CV2","7","4",0.658366666666667
"M3","haplotype-tagged","HSW","CV2","7","4",0.657633333333333
"M2","genome-wide","PH","CV2","7","4",0.469544444444444
"M3","genome-wide","PH","CV2","7","4",0.488888888888889
"M2","haplotype-tagged","PH","CV2","7","4",0.470766666666667
"M3","haplotype-tagged","PH","CV2","7","4",0.4805
"M2","genome-wide","PPP","CV2","7","4",0.231577777777778
"M3","genome-wide","PPP","CV2","7","4",0.238466666666667
"M2","haplotype-tagged","PPP","CV2","7","4",0.195966666666667
"M3","haplotype-tagged","PPP","CV2","7","4",0.205533333333333
"M2","genome-wide","YPPlnt","CV2","7","4",0.125133333333333
"M3","genome-wide","YPPlnt","CV2","7","4",0.157322222222222
"M2","haplotype-tagged","YPPlnt","CV2","7","4",0.110133333333333
"M3","haplotype-tagged","YPPlnt","CV2","7","4",0.116655555555556
"M2","genome-wide","DTF","CV0","8","4",0.5189
"M3","genome-wide","DTF","CV0","8","4",0.5243
"M2","haplotype-tagged","DTF","CV0","8","4",0.51595
"M3","haplotype-tagged","DTF","CV0","8","4",0.51725
"M2","genome-wide","DTM","CV0","8","4",0.34005
"M3","genome-wide","DTM","CV0","8","4",0.34095
"M2","haplotype-tagged","DTM","CV0","8","4",0.33675
"M3","haplotype-tagged","DTM","CV0","8","4",0.33585
"M2","genome-wide","HSW","CV0","8","4",0.67505
"M3","genome-wide","HSW","CV0","8","4",0.6749
"M2","haplotype-tagged","HSW","CV0","8","4",0.67795
"M3","haplotype-tagged","HSW","CV0","8","4",0.6776
"M2","genome-wide","PH","CV0","8","4",0.5975
"M3","genome-wide","PH","CV0","8","4",0.59745
"M2","haplotype-tagged","PH","CV0","8","4",0.59925
"M3","haplotype-tagged","PH","CV0","8","4",0.5977
"M2","genome-wide","PPP","CV0","8","4",0.1411
"M3","genome-wide","PPP","CV0","8","4",0.11915
"M2","haplotype-tagged","PPP","CV0","8","4",0.11085
"M3","haplotype-tagged","PPP","CV0","8","4",0.09825
"M2","genome-wide","YPPlnt","CV0","8","4",0.1854
"M3","genome-wide","YPPlnt","CV0","8","4",0.1896
"M2","haplotype-tagged","YPPlnt","CV0","8","4",0.1722
"M3","haplotype-tagged","YPPlnt","CV0","8","4",0.15965
"M2","genome-wide","DTF","CV00","8","4",0.36325
"M3","genome-wide","DTF","CV00","8","4",0.36665
"M2","haplotype-tagged","DTF","CV00","8","4",0.17825
"M3","haplotype-tagged","DTF","CV00","8","4",0.38225
"M2","genome-wide","DTM","CV00","8","4",0.3926
"M3","genome-wide","DTM","CV00","8","4",0.3389
"M2","haplotype-tagged","DTM","CV00","8","4",0.36745
"M3","haplotype-tagged","DTM","CV00","8","4",0.17855
"M2","genome-wide","HSW","CV00","8","4",0.5537
"M3","genome-wide","HSW","CV00","8","4",0.56265
"M2","haplotype-tagged","HSW","CV00","8","4",0.5031
"M3","haplotype-tagged","HSW","CV00","8","4",0.51065
"M2","genome-wide","PH","CV00","8","4",0.40915
"M3","genome-wide","PH","CV00","8","4",0.38905
"M2","haplotype-tagged","PH","CV00","8","4",0.45615
"M3","haplotype-tagged","PH","CV00","8","4",0.4308
"M2","genome-wide","PPP","CV00","8","4",0.21715
"M3","genome-wide","PPP","CV00","8","4",0.20425
"M2","haplotype-tagged","PPP","CV00","8","4",0.1056
"M3","haplotype-tagged","PPP","CV00","8","4",0.03145
"M2","genome-wide","YPPlnt","CV00","8","4",0.0859
"M3","genome-wide","YPPlnt","CV00","8","4",0.04405
"M2","haplotype-tagged","YPPlnt","CV00","8","4",-0.02205
"M3","haplotype-tagged","YPPlnt","CV00","8","4",0.142
"M2","genome-wide","DTF","CV1","8","4",0.488277777777778
"M3","genome-wide","DTF","CV1","8","4",0.466866666666667
"M2","haplotype-tagged","DTF","CV1","8","4",0.388133333333333
"M3","haplotype-tagged","DTF","CV1","8","4",0.2895
"M2","genome-wide","DTM","CV1","8","4",0.354411111111111
"M3","genome-wide","DTM","CV1","8","4",0.358377777777778
"M2","haplotype-tagged","DTM","CV1","8","4",0.218377777777778
"M3","haplotype-tagged","DTM","CV1","8","4",0.216811111111111
"M2","genome-wide","HSW","CV1","8","4",0.6095
"M3","genome-wide","HSW","CV1","8","4",0.616122222222222
"M2","haplotype-tagged","HSW","CV1","8","4",0.534844444444444
"M3","haplotype-tagged","HSW","CV1","8","4",0.548433333333333
"M2","genome-wide","PH","CV1","8","4",0.456344444444444
"M3","genome-wide","PH","CV1","8","4",0.433822222222222
"M2","haplotype-tagged","PH","CV1","8","4",0.463533333333333
"M3","haplotype-tagged","PH","CV1","8","4",0.369488888888889
"M2","genome-wide","PPP","CV1","8","4",0.2434
"M3","genome-wide","PPP","CV1","8","4",0.157811111111111
"M2","haplotype-tagged","PPP","CV1","8","4",0.2191
"M3","haplotype-tagged","PPP","CV1","8","4",0.122488888888889
"M2","genome-wide","YPPlnt","CV1","8","4",0.0869666666666667
"M3","genome-wide","YPPlnt","CV1","8","4",0.0885111111111111
"M2","haplotype-tagged","YPPlnt","CV1","8","4",0.104066666666667
"M3","haplotype-tagged","YPPlnt","CV1","8","4",0.122544444444444
"M2","genome-wide","DTF","CV2","8","4",0.631366666666667
"M3","genome-wide","DTF","CV2","8","4",0.596977777777778
"M2","haplotype-tagged","DTF","CV2","8","4",0.622366666666667
"M3","haplotype-tagged","DTF","CV2","8","4",0.617544444444444
"M2","genome-wide","DTM","CV2","8","4",0.497577777777778
"M3","genome-wide","DTM","CV2","8","4",0.453044444444444
"M2","haplotype-tagged","DTM","CV2","8","4",0.497255555555556
"M3","haplotype-tagged","DTM","CV2","8","4",0.482022222222222
"M2","genome-wide","HSW","CV2","8","4",0.754577777777778
"M3","genome-wide","HSW","CV2","8","4",0.759566666666667
"M2","haplotype-tagged","HSW","CV2","8","4",0.751744444444444
"M3","haplotype-tagged","HSW","CV2","8","4",0.753955555555556
"M2","genome-wide","PH","CV2","8","4",0.525122222222222
"M3","genome-wide","PH","CV2","8","4",0.546477777777778
"M2","haplotype-tagged","PH","CV2","8","4",0.529088888888889
"M3","haplotype-tagged","PH","CV2","8","4",0.533622222222222
"M2","genome-wide","PPP","CV2","8","4",0.1849
"M3","genome-wide","PPP","CV2","8","4",0.202
"M2","haplotype-tagged","PPP","CV2","8","4",0.1345
"M3","haplotype-tagged","PPP","CV2","8","4",0.151155555555556
"M2","genome-wide","YPPlnt","CV2","8","4",0.147544444444444
"M3","genome-wide","YPPlnt","CV2","8","4",0.205544444444444
"M2","haplotype-tagged","YPPlnt","CV2","8","4",0.101166666666667
"M3","haplotype-tagged","YPPlnt","CV2","8","4",0.120055555555556
"M2","genome-wide","DTF","CV0","9","4",0.4338
"M3","genome-wide","DTF","CV0","9","4",0.4352
"M2","haplotype-tagged","DTF","CV0","9","4",0.4355
"M3","haplotype-tagged","DTF","CV0","9","4",0.4346
"M2","genome-wide","DTM","CV0","9","4",0.37655
"M3","genome-wide","DTM","CV0","9","4",0.37555
"M2","haplotype-tagged","DTM","CV0","9","4",0.3783
"M3","haplotype-tagged","DTM","CV0","9","4",0.37135
"M2","genome-wide","HSW","CV0","9","4",0.59145
"M3","genome-wide","HSW","CV0","9","4",0.5923
"M2","haplotype-tagged","HSW","CV0","9","4",0.5927
"M3","haplotype-tagged","HSW","CV0","9","4",0.5929
"M2","genome-wide","PH","CV0","9","4",0.6456
"M3","genome-wide","PH","CV0","9","4",0.6448
"M2","haplotype-tagged","PH","CV0","9","4",0.6448
"M3","haplotype-tagged","PH","CV0","9","4",0.64235
"M2","genome-wide","PPP","CV0","9","4",0.14635
"M3","genome-wide","PPP","CV0","9","4",0.1286
"M2","haplotype-tagged","PPP","CV0","9","4",0.12065
"M3","haplotype-tagged","PPP","CV0","9","4",0.10545
"M2","genome-wide","YPPlnt","CV0","9","4",0.17855
"M3","genome-wide","YPPlnt","CV0","9","4",0.174
"M2","haplotype-tagged","YPPlnt","CV0","9","4",0.17245
"M3","haplotype-tagged","YPPlnt","CV0","9","4",0.16735
"M2","genome-wide","DTF","CV00","9","4",0.46225
"M3","genome-wide","DTF","CV00","9","4",0.4619
"M2","haplotype-tagged","DTF","CV00","9","4",0.4798
"M3","haplotype-tagged","DTF","CV00","9","4",0.3394
"M2","genome-wide","DTM","CV00","9","4",0.30175
"M3","genome-wide","DTM","CV00","9","4",0.2962
"M2","haplotype-tagged","DTM","CV00","9","4",0.3173
"M3","haplotype-tagged","DTM","CV00","9","4",0.2749
"M2","genome-wide","HSW","CV00","9","4",0.5896
"M3","genome-wide","HSW","CV00","9","4",0.5757
"M2","haplotype-tagged","HSW","CV00","9","4",0.4438
"M3","haplotype-tagged","HSW","CV00","9","4",0.43825
"M2","genome-wide","PH","CV00","9","4",0.2585
"M3","genome-wide","PH","CV00","9","4",0.27765
"M2","haplotype-tagged","PH","CV00","9","4",0.3721
"M3","haplotype-tagged","PH","CV00","9","4",0.3676
"M2","genome-wide","PPP","CV00","9","4",0.03245
"M3","genome-wide","PPP","CV00","9","4",0.01855
"M2","haplotype-tagged","PPP","CV00","9","4",0.04625
"M3","haplotype-tagged","PPP","CV00","9","4",0.08615
"M2","genome-wide","YPPlnt","CV00","9","4",0.1645
"M3","genome-wide","YPPlnt","CV00","9","4",0.11335
"M2","haplotype-tagged","YPPlnt","CV00","9","4",0.25065
"M3","haplotype-tagged","YPPlnt","CV00","9","4",0.000550000000000002
"M2","genome-wide","DTF","CV1","9","4",0.5023
"M3","genome-wide","DTF","CV1","9","4",0.469288888888889
"M2","haplotype-tagged","DTF","CV1","9","4",0.2276
"M3","haplotype-tagged","DTF","CV1","9","4",0.219266666666667
"M2","genome-wide","DTM","CV1","9","4",0.461088888888889
"M3","genome-wide","DTM","CV1","9","4",0.411888888888889
"M2","haplotype-tagged","DTM","CV1","9","4",0.334522222222222
"M3","haplotype-tagged","DTM","CV1","9","4",0.214966666666667
"M2","genome-wide","HSW","CV1","9","4",0.629088888888889
"M3","genome-wide","HSW","CV1","9","4",0.616333333333333
"M2","haplotype-tagged","HSW","CV1","9","4",0.523355555555556
"M3","haplotype-tagged","HSW","CV1","9","4",0.519822222222222
"M2","genome-wide","PH","CV1","9","4",0.417466666666667
"M3","genome-wide","PH","CV1","9","4",0.433611111111111
"M2","haplotype-tagged","PH","CV1","9","4",0.3697
"M3","haplotype-tagged","PH","CV1","9","4",0.4201
"M2","genome-wide","PPP","CV1","9","4",0.116433333333333
"M3","genome-wide","PPP","CV1","9","4",0.1191
"M2","haplotype-tagged","PPP","CV1","9","4",0.0943333333333333
"M3","haplotype-tagged","PPP","CV1","9","4",0.0634777777777778
"M2","genome-wide","YPPlnt","CV1","9","4",0.110455555555556
"M3","genome-wide","YPPlnt","CV1","9","4",0.108822222222222
"M2","haplotype-tagged","YPPlnt","CV1","9","4",0.0341222222222222
"M3","haplotype-tagged","YPPlnt","CV1","9","4",0.0291333333333333
"M2","genome-wide","DTF","CV2","9","4",0.621555555555556
"M3","genome-wide","DTF","CV2","9","4",0.626555555555556
"M2","haplotype-tagged","DTF","CV2","9","4",0.6194
"M3","haplotype-tagged","DTF","CV2","9","4",0.629244444444444
"M2","genome-wide","DTM","CV2","9","4",0.449066666666667
"M3","genome-wide","DTM","CV2","9","4",0.445
"M2","haplotype-tagged","DTM","CV2","9","4",0.433966666666667
"M3","haplotype-tagged","DTM","CV2","9","4",0.446011111111111
"M2","genome-wide","HSW","CV2","9","4",0.738566666666667
"M3","genome-wide","HSW","CV2","9","4",0.735888888888889
"M2","haplotype-tagged","HSW","CV2","9","4",0.735044444444444
"M3","haplotype-tagged","HSW","CV2","9","4",0.740377777777778
"M2","genome-wide","PH","CV2","9","4",0.569511111111111
"M3","genome-wide","PH","CV2","9","4",0.577155555555556
"M2","haplotype-tagged","PH","CV2","9","4",0.564188888888889
"M3","haplotype-tagged","PH","CV2","9","4",0.570866666666667
"M2","genome-wide","PPP","CV2","9","4",0.199422222222222
"M3","genome-wide","PPP","CV2","9","4",0.215
"M2","haplotype-tagged","PPP","CV2","9","4",0.163333333333333
"M3","haplotype-tagged","PPP","CV2","9","4",0.174155555555556
"M2","genome-wide","YPPlnt","CV2","9","4",0.159455555555556
"M3","genome-wide","YPPlnt","CV2","9","4",0.127555555555556
"M2","haplotype-tagged","YPPlnt","CV2","9","4",0.145955555555556
"M3","haplotype-tagged","YPPlnt","CV2","9","4",0.140233333333333
"M2","genome-wide","DTF","CV0","10","4",0.64305
"M3","genome-wide","DTF","CV0","10","4",0.643
"M2","haplotype-tagged","DTF","CV0","10","4",0.6468
"M3","haplotype-tagged","DTF","CV0","10","4",0.64505
"M2","genome-wide","DTM","CV0","10","4",0.53145
"M3","genome-wide","DTM","CV0","10","4",0.53285
"M2","haplotype-tagged","DTM","CV0","10","4",0.533
"M3","haplotype-tagged","DTM","CV0","10","4",0.53545
"M2","genome-wide","HSW","CV0","10","4",0.7783
"M3","genome-wide","HSW","CV0","10","4",0.77945
"M2","haplotype-tagged","HSW","CV0","10","4",0.77575
"M3","haplotype-tagged","HSW","CV0","10","4",0.7756
"M2","genome-wide","PH","CV0","10","4",0.67065
"M3","genome-wide","PH","CV0","10","4",0.666
"M2","haplotype-tagged","PH","CV0","10","4",0.6577
"M3","haplotype-tagged","PH","CV0","10","4",0.6557
"M2","genome-wide","PPP","CV0","10","4",0.122
"M3","genome-wide","PPP","CV0","10","4",0.1087
"M2","haplotype-tagged","PPP","CV0","10","4",0.10285
"M3","haplotype-tagged","PPP","CV0","10","4",0.1051
"M2","genome-wide","YPPlnt","CV0","10","4",0.20255
"M3","genome-wide","YPPlnt","CV0","10","4",0.19515
"M2","haplotype-tagged","YPPlnt","CV0","10","4",0.1935
"M3","haplotype-tagged","YPPlnt","CV0","10","4",0.18355
"M2","genome-wide","DTF","CV00","10","4",0.4393
"M3","genome-wide","DTF","CV00","10","4",0.44015
"M2","haplotype-tagged","DTF","CV00","10","4",0.31325
"M3","haplotype-tagged","DTF","CV00","10","4",0.4
"M2","genome-wide","DTM","CV00","10","4",0.44905
"M3","genome-wide","DTM","CV00","10","4",0.4679
"M2","haplotype-tagged","DTM","CV00","10","4",0.38435
"M3","haplotype-tagged","DTM","CV00","10","4",0.3897
"M2","genome-wide","HSW","CV00","10","4",0.5454
"M3","genome-wide","HSW","CV00","10","4",0.5637
"M2","haplotype-tagged","HSW","CV00","10","4",0.5818
"M3","haplotype-tagged","HSW","CV00","10","4",0.54115
"M2","genome-wide","PH","CV00","10","4",0.34865
"M3","genome-wide","PH","CV00","10","4",0.3337
"M2","haplotype-tagged","PH","CV00","10","4",0.4564
"M3","haplotype-tagged","PH","CV00","10","4",0.48855
"M2","genome-wide","PPP","CV00","10","4",0.12525
"M3","genome-wide","PPP","CV00","10","4",0.1196
"M2","haplotype-tagged","PPP","CV00","10","4",0.1097
"M3","haplotype-tagged","PPP","CV00","10","4",-0.02585
"M2","genome-wide","YPPlnt","CV00","10","4",0.1581
"M3","genome-wide","YPPlnt","CV00","10","4",0.2669
"M2","haplotype-tagged","YPPlnt","CV00","10","4",0.17525
"M3","haplotype-tagged","YPPlnt","CV00","10","4",-0.11165
"M2","genome-wide","DTF","CV1","10","4",0.479677777777778
"M3","genome-wide","DTF","CV1","10","4",0.446177777777778
"M2","haplotype-tagged","DTF","CV1","10","4",0.332177777777778
"M3","haplotype-tagged","DTF","CV1","10","4",0.289733333333333
"M2","genome-wide","DTM","CV1","10","4",0.321133333333333
"M3","genome-wide","DTM","CV1","10","4",0.298155555555556
"M2","haplotype-tagged","DTM","CV1","10","4",0.377522222222222
"M3","haplotype-tagged","DTM","CV1","10","4",0.241377777777778
"M2","genome-wide","HSW","CV1","10","4",0.530722222222222
"M3","genome-wide","HSW","CV1","10","4",0.527866666666667
"M2","haplotype-tagged","HSW","CV1","10","4",0.457755555555556
"M3","haplotype-tagged","HSW","CV1","10","4",0.485277777777778
"M2","genome-wide","PH","CV1","10","4",0.483622222222222
"M3","genome-wide","PH","CV1","10","4",0.483966666666667
"M2","haplotype-tagged","PH","CV1","10","4",0.4088
"M3","haplotype-tagged","PH","CV1","10","4",0.4386
"M2","genome-wide","PPP","CV1","10","4",0.123011111111111
"M3","genome-wide","PPP","CV1","10","4",0.0852777777777778
"M2","haplotype-tagged","PPP","CV1","10","4",0.0998666666666667
"M3","haplotype-tagged","PPP","CV1","10","4",0.0748777777777778
"M2","genome-wide","YPPlnt","CV1","10","4",0.0123888888888889
"M3","genome-wide","YPPlnt","CV1","10","4",0.0179
"M2","haplotype-tagged","YPPlnt","CV1","10","4",0.0541
"M3","haplotype-tagged","YPPlnt","CV1","10","4",0.0364333333333333
"M2","genome-wide","DTF","CV2","10","4",0.566644444444444
"M3","genome-wide","DTF","CV2","10","4",0.576011111111111
"M2","haplotype-tagged","DTF","CV2","10","4",0.560411111111111
"M3","haplotype-tagged","DTF","CV2","10","4",0.560922222222222
"M2","genome-wide","DTM","CV2","10","4",0.482833333333333
"M3","genome-wide","DTM","CV2","10","4",0.477222222222222
"M2","haplotype-tagged","DTM","CV2","10","4",0.470011111111111
"M3","haplotype-tagged","DTM","CV2","10","4",0.474833333333333
"M2","genome-wide","HSW","CV2","10","4",0.701622222222222
"M3","genome-wide","HSW","CV2","10","4",0.704977777777778
"M2","haplotype-tagged","HSW","CV2","10","4",0.707977777777778
"M3","haplotype-tagged","HSW","CV2","10","4",0.709744444444444
"M2","genome-wide","PH","CV2","10","4",0.5864
"M3","genome-wide","PH","CV2","10","4",0.577044444444444
"M2","haplotype-tagged","PH","CV2","10","4",0.592222222222222
"M3","haplotype-tagged","PH","CV2","10","4",0.596166666666667
"M2","genome-wide","PPP","CV2","10","4",0.241022222222222
"M3","genome-wide","PPP","CV2","10","4",0.242877777777778
"M2","haplotype-tagged","PPP","CV2","10","4",0.186622222222222
"M3","haplotype-tagged","PPP","CV2","10","4",0.178211111111111
"M2","genome-wide","YPPlnt","CV2","10","4",0.0963222222222222
"M3","genome-wide","YPPlnt","CV2","10","4",0.0491888888888889
"M2","haplotype-tagged","YPPlnt","CV2","10","4",0.0530111111111111
"M3","haplotype-tagged","YPPlnt","CV2","10","4",0.0466333333333333
"M2","genome-wide","DTF","CV0","1","5",0.3675
"M3","genome-wide","DTF","CV0","1","5",0.3705
"M2","haplotype-tagged","DTF","CV0","1","5",0.3757
"M3","haplotype-tagged","DTF","CV0","1","5",0.375
"M2","genome-wide","DTM","CV0","1","5",0.4052
"M3","genome-wide","DTM","CV0","1","5",0.4004
"M2","haplotype-tagged","DTM","CV0","1","5",0.3971
"M3","haplotype-tagged","DTM","CV0","1","5",0.3892
"M2","genome-wide","HSW","CV0","1","5",0.5987
"M3","genome-wide","HSW","CV0","1","5",0.6016
"M2","haplotype-tagged","HSW","CV0","1","5",0.5997
"M3","haplotype-tagged","HSW","CV0","1","5",0.6006
"M2","genome-wide","PH","CV0","1","5",0.5815
"M3","genome-wide","PH","CV0","1","5",0.5823
"M2","haplotype-tagged","PH","CV0","1","5",0.5781
"M3","haplotype-tagged","PH","CV0","1","5",0.5778
"M2","genome-wide","PPP","CV0","1","5",0.079
"M3","genome-wide","PPP","CV0","1","5",0.0994
"M2","haplotype-tagged","PPP","CV0","1","5",0.0876
"M3","haplotype-tagged","PPP","CV0","1","5",0.0996
"M2","genome-wide","YPPlnt","CV0","1","5",0.12
"M3","genome-wide","YPPlnt","CV0","1","5",0.1275
"M2","haplotype-tagged","YPPlnt","CV0","1","5",0.1374
"M3","haplotype-tagged","YPPlnt","CV0","1","5",0.1195
"M2","genome-wide","DTF","CV00","1","5",0.5424
"M3","genome-wide","DTF","CV00","1","5",0.5311
"M2","haplotype-tagged","DTF","CV00","1","5",0.1214
"M3","haplotype-tagged","DTF","CV00","1","5",0.2231
"M2","genome-wide","DTM","CV00","1","5",0.512
"M3","genome-wide","DTM","CV00","1","5",0.4795
"M2","haplotype-tagged","DTM","CV00","1","5",0.4683
"M3","haplotype-tagged","DTM","CV00","1","5",0.0827
"M2","genome-wide","HSW","CV00","1","5",0.7153
"M3","genome-wide","HSW","CV00","1","5",0.7074
"M2","haplotype-tagged","HSW","CV00","1","5",0.7573
"M3","haplotype-tagged","HSW","CV00","1","5",0.74
"M2","genome-wide","PH","CV00","1","5",0.7801
"M3","genome-wide","PH","CV00","1","5",0.7911
"M2","haplotype-tagged","PH","CV00","1","5",0.6992
"M3","haplotype-tagged","PH","CV00","1","5",0.7041
"M2","genome-wide","PPP","CV00","1","5",0.3882
"M3","genome-wide","PPP","CV00","1","5",0.3443
"M2","haplotype-tagged","PPP","CV00","1","5",0.3341
"M3","haplotype-tagged","PPP","CV00","1","5",0.2981
"M2","genome-wide","YPPlnt","CV00","1","5",-0.013
"M3","genome-wide","YPPlnt","CV00","1","5",-0.0421
"M2","haplotype-tagged","YPPlnt","CV00","1","5",0.1434
"M3","haplotype-tagged","YPPlnt","CV00","1","5",-0.0348
"M2","genome-wide","DTF","CV1","1","5",0.437922222222222
"M3","genome-wide","DTF","CV1","1","5",0.402455555555556
"M2","haplotype-tagged","DTF","CV1","1","5",0.358144444444444
"M3","haplotype-tagged","DTF","CV1","1","5",0.118777777777778
"M2","genome-wide","DTM","CV1","1","5",0.306211111111111
"M3","genome-wide","DTM","CV1","1","5",0.246433333333333
"M2","haplotype-tagged","DTM","CV1","1","5",0.111577777777778
"M3","haplotype-tagged","DTM","CV1","1","5",0.0618555555555556
"M2","genome-wide","HSW","CV1","1","5",0.629966666666667
"M3","genome-wide","HSW","CV1","1","5",0.624877777777778
"M2","haplotype-tagged","HSW","CV1","1","5",0.505444444444444
"M3","haplotype-tagged","HSW","CV1","1","5",0.503022222222222
"M2","genome-wide","PH","CV1","1","5",0.456188888888889
"M3","genome-wide","PH","CV1","1","5",0.486622222222222
"M2","haplotype-tagged","PH","CV1","1","5",0.407244444444444
"M3","haplotype-tagged","PH","CV1","1","5",0.399922222222222
"M2","genome-wide","PPP","CV1","1","5",0.250333333333333
"M3","genome-wide","PPP","CV1","1","5",0.234044444444444
"M2","haplotype-tagged","PPP","CV1","1","5",0.182588888888889
"M3","haplotype-tagged","PPP","CV1","1","5",0.108122222222222
"M2","genome-wide","YPPlnt","CV1","1","5",0.103577777777778
"M3","genome-wide","YPPlnt","CV1","1","5",0.119688888888889
"M2","haplotype-tagged","YPPlnt","CV1","1","5",0.0468444444444444
"M3","haplotype-tagged","YPPlnt","CV1","1","5",0.0768777777777778
"M2","genome-wide","DTF","CV2","1","5",0.605944444444444
"M3","genome-wide","DTF","CV2","1","5",0.627888888888889
"M2","haplotype-tagged","DTF","CV2","1","5",0.600422222222222
"M3","haplotype-tagged","DTF","CV2","1","5",0.613066666666667
"M2","genome-wide","DTM","CV2","1","5",0.466122222222222
"M3","genome-wide","DTM","CV2","1","5",0.457411111111111
"M2","haplotype-tagged","DTM","CV2","1","5",0.462388888888889
"M3","haplotype-tagged","DTM","CV2","1","5",0.450977777777778
"M2","genome-wide","HSW","CV2","1","5",0.719566666666667
"M3","genome-wide","HSW","CV2","1","5",0.719633333333333
"M2","haplotype-tagged","HSW","CV2","1","5",0.721066666666667
"M3","haplotype-tagged","HSW","CV2","1","5",0.718988888888889
"M2","genome-wide","PH","CV2","1","5",0.571755555555556
"M3","genome-wide","PH","CV2","1","5",0.5711
"M2","haplotype-tagged","PH","CV2","1","5",0.567877777777778
"M3","haplotype-tagged","PH","CV2","1","5",0.563011111111111
"M2","genome-wide","PPP","CV2","1","5",0.115011111111111
"M3","genome-wide","PPP","CV2","1","5",0.147222222222222
"M2","haplotype-tagged","PPP","CV2","1","5",0.0739444444444445
"M3","haplotype-tagged","PPP","CV2","1","5",0.117922222222222
"M2","genome-wide","YPPlnt","CV2","1","5",0.162711111111111
"M3","genome-wide","YPPlnt","CV2","1","5",0.197977777777778
"M2","haplotype-tagged","YPPlnt","CV2","1","5",0.151344444444444
"M3","haplotype-tagged","YPPlnt","CV2","1","5",0.149266666666667
"M2","genome-wide","DTF","CV0","2","5",0.654
"M3","genome-wide","DTF","CV0","2","5",0.6457
"M2","haplotype-tagged","DTF","CV0","2","5",0.6422
"M3","haplotype-tagged","DTF","CV0","2","5",0.6396
"M2","genome-wide","DTM","CV0","2","5",0.5351
"M3","genome-wide","DTM","CV0","2","5",0.5345
"M2","haplotype-tagged","DTM","CV0","2","5",0.5306
"M3","haplotype-tagged","DTM","CV0","2","5",0.5265
"M2","genome-wide","HSW","CV0","2","5",0.8651
"M3","genome-wide","HSW","CV0","2","5",0.8647
"M2","haplotype-tagged","HSW","CV0","2","5",0.8619
"M3","haplotype-tagged","HSW","CV0","2","5",0.8628
"M2","genome-wide","PH","CV0","2","5",0.1021
"M3","genome-wide","PH","CV0","2","5",0.1008
"M2","haplotype-tagged","PH","CV0","2","5",0.1037
"M3","haplotype-tagged","PH","CV0","2","5",0.1038
"M2","genome-wide","PPP","CV0","2","5",0.0215
"M3","genome-wide","PPP","CV0","2","5",0.0179
"M2","haplotype-tagged","PPP","CV0","2","5",0.0166
"M3","haplotype-tagged","PPP","CV0","2","5",0.0036
"M2","genome-wide","YPPlnt","CV0","2","5",0.2202
"M3","genome-wide","YPPlnt","CV0","2","5",0.1979
"M2","haplotype-tagged","YPPlnt","CV0","2","5",0.1891
"M3","haplotype-tagged","YPPlnt","CV0","2","5",0.1866
"M2","genome-wide","DTF","CV00","2","5",0.2798
"M3","genome-wide","DTF","CV00","2","5",0.3188
"M2","haplotype-tagged","DTF","CV00","2","5",0.3846
"M3","haplotype-tagged","DTF","CV00","2","5",0.1825
"M2","genome-wide","DTM","CV00","2","5",0.2402
"M3","genome-wide","DTM","CV00","2","5",0.1969
"M2","haplotype-tagged","DTM","CV00","2","5",0.2296
"M3","haplotype-tagged","DTM","CV00","2","5",0.0808
"M2","genome-wide","HSW","CV00","2","5",0.691
"M3","genome-wide","HSW","CV00","2","5",0.6927
"M2","haplotype-tagged","HSW","CV00","2","5",0.6394
"M3","haplotype-tagged","HSW","CV00","2","5",0.6813
"M2","genome-wide","PH","CV00","2","5",0.5404
"M3","genome-wide","PH","CV00","2","5",0.5734
"M2","haplotype-tagged","PH","CV00","2","5",0.5319
"M3","haplotype-tagged","PH","CV00","2","5",0.5088
"M2","genome-wide","PPP","CV00","2","5",0.1498
"M3","genome-wide","PPP","CV00","2","5",0.097
"M2","haplotype-tagged","PPP","CV00","2","5",0.0583
"M3","haplotype-tagged","PPP","CV00","2","5",0.0948
"M2","genome-wide","YPPlnt","CV00","2","5",0.1969
"M3","genome-wide","YPPlnt","CV00","2","5",0.2291
"M2","haplotype-tagged","YPPlnt","CV00","2","5",0.167
"M3","haplotype-tagged","YPPlnt","CV00","2","5",-0.0189
"M2","genome-wide","DTF","CV1","2","5",0.329233333333333
"M3","genome-wide","DTF","CV1","2","5",0.363655555555556
"M2","haplotype-tagged","DTF","CV1","2","5",0.0898555555555556
"M3","haplotype-tagged","DTF","CV1","2","5",0.163666666666667
"M2","genome-wide","DTM","CV1","2","5",0.356855555555556
"M3","genome-wide","DTM","CV1","2","5",0.338433333333333
"M2","haplotype-tagged","DTM","CV1","2","5",0.216244444444444
"M3","haplotype-tagged","DTM","CV1","2","5",0.177611111111111
"M2","genome-wide","HSW","CV1","2","5",0.541533333333333
"M3","genome-wide","HSW","CV1","2","5",0.549066666666667
"M2","haplotype-tagged","HSW","CV1","2","5",0.513744444444444
"M3","haplotype-tagged","HSW","CV1","2","5",0.478333333333333
"M2","genome-wide","PH","CV1","2","5",0.345822222222222
"M3","genome-wide","PH","CV1","2","5",0.367666666666667
"M2","haplotype-tagged","PH","CV1","2","5",0.369822222222222
"M3","haplotype-tagged","PH","CV1","2","5",0.359288888888889
"M2","genome-wide","PPP","CV1","2","5",0.190666666666667
"M3","genome-wide","PPP","CV1","2","5",0.144088888888889
"M2","haplotype-tagged","PPP","CV1","2","5",0.137555555555556
"M3","haplotype-tagged","PPP","CV1","2","5",0.124755555555556
"M2","genome-wide","YPPlnt","CV1","2","5",0.0557444444444444
"M3","genome-wide","YPPlnt","CV1","2","5",0.0196444444444444
"M2","haplotype-tagged","YPPlnt","CV1","2","5",0.0048
"M3","haplotype-tagged","YPPlnt","CV1","2","5",0.0121888888888889
"M2","genome-wide","DTF","CV2","2","5",0.583111111111111
"M3","genome-wide","DTF","CV2","2","5",0.549811111111111
"M2","haplotype-tagged","DTF","CV2","2","5",0.575188888888889
"M3","haplotype-tagged","DTF","CV2","2","5",0.575966666666667
"M2","genome-wide","DTM","CV2","2","5",0.469666666666667
"M3","genome-wide","DTM","CV2","2","5",0.490266666666667
"M2","haplotype-tagged","DTM","CV2","2","5",0.466444444444444
"M3","haplotype-tagged","DTM","CV2","2","5",0.477488888888889
"M2","genome-wide","HSW","CV2","2","5",0.745177777777778
"M3","genome-wide","HSW","CV2","2","5",0.748355555555556
"M2","haplotype-tagged","HSW","CV2","2","5",0.738988888888889
"M3","haplotype-tagged","HSW","CV2","2","5",0.740666666666667
"M2","genome-wide","PH","CV2","2","5",0.647011111111111
"M3","genome-wide","PH","CV2","2","5",0.6453
"M2","haplotype-tagged","PH","CV2","2","5",0.646466666666667
"M3","haplotype-tagged","PH","CV2","2","5",0.648133333333333
"M2","genome-wide","PPP","CV2","2","5",0.191455555555556
"M3","genome-wide","PPP","CV2","2","5",0.1939
"M2","haplotype-tagged","PPP","CV2","2","5",0.168911111111111
"M3","haplotype-tagged","PPP","CV2","2","5",0.198711111111111
"M2","genome-wide","YPPlnt","CV2","2","5",0.128044444444444
"M3","genome-wide","YPPlnt","CV2","2","5",0.133344444444444
"M2","haplotype-tagged","YPPlnt","CV2","2","5",0.094
"M3","haplotype-tagged","YPPlnt","CV2","2","5",0.102566666666667
"M2","genome-wide","DTF","CV0","3","5",0.6082
"M3","genome-wide","DTF","CV0","3","5",0.6025
"M2","haplotype-tagged","DTF","CV0","3","5",0.6084
"M3","haplotype-tagged","DTF","CV0","3","5",0.6112
"M2","genome-wide","DTM","CV0","3","5",0.3851
"M3","genome-wide","DTM","CV0","3","5",0.3933
"M2","haplotype-tagged","DTM","CV0","3","5",0.3941
"M3","haplotype-tagged","DTM","CV0","3","5",0.3929
"M2","genome-wide","HSW","CV0","3","5",0.7839
"M3","genome-wide","HSW","CV0","3","5",0.7819
"M2","haplotype-tagged","HSW","CV0","3","5",0.7858
"M3","haplotype-tagged","HSW","CV0","3","5",0.7857
"M2","genome-wide","PH","CV0","3","5",0.6665
"M3","genome-wide","PH","CV0","3","5",0.6683
"M2","haplotype-tagged","PH","CV0","3","5",0.664
"M3","haplotype-tagged","PH","CV0","3","5",0.6664
"M2","genome-wide","PPP","CV0","3","5",0.1713
"M3","genome-wide","PPP","CV0","3","5",0.1471
"M2","haplotype-tagged","PPP","CV0","3","5",0.1442
"M3","haplotype-tagged","PPP","CV0","3","5",0.118
"M2","genome-wide","YPPlnt","CV0","3","5",0.1924
"M3","genome-wide","YPPlnt","CV0","3","5",0.1934
"M2","haplotype-tagged","YPPlnt","CV0","3","5",0.1873
"M3","haplotype-tagged","YPPlnt","CV0","3","5",0.172
"M2","genome-wide","DTF","CV00","3","5",0.5096
"M3","genome-wide","DTF","CV00","3","5",0.5177
"M2","haplotype-tagged","DTF","CV00","3","5",0.3698
"M3","haplotype-tagged","DTF","CV00","3","5",0.3539
"M2","genome-wide","DTM","CV00","3","5",0.2182
"M3","genome-wide","DTM","CV00","3","5",0.21
"M2","haplotype-tagged","DTM","CV00","3","5",0.1951
"M3","haplotype-tagged","DTM","CV00","3","5",0.161
"M2","genome-wide","HSW","CV00","3","5",0.4849
"M3","genome-wide","HSW","CV00","3","5",0.4868
"M2","haplotype-tagged","HSW","CV00","3","5",0.357
"M3","haplotype-tagged","HSW","CV00","3","5",0.3901
"M2","genome-wide","PH","CV00","3","5",0.4883
"M3","genome-wide","PH","CV00","3","5",0.4698
"M2","haplotype-tagged","PH","CV00","3","5",0.5072
"M3","haplotype-tagged","PH","CV00","3","5",0.4215
"M2","genome-wide","PPP","CV00","3","5",0.1127
"M3","genome-wide","PPP","CV00","3","5",0.0988
"M2","haplotype-tagged","PPP","CV00","3","5",-0.0196
"M3","haplotype-tagged","PPP","CV00","3","5",-0.0394
"M2","genome-wide","YPPlnt","CV00","3","5",0.2316
"M3","genome-wide","YPPlnt","CV00","3","5",0.1848
"M2","haplotype-tagged","YPPlnt","CV00","3","5",0.2742
"M3","haplotype-tagged","YPPlnt","CV00","3","5",0.0961
"M2","genome-wide","DTF","CV1","3","5",0.337733333333333
"M3","genome-wide","DTF","CV1","3","5",0.360744444444444
"M2","haplotype-tagged","DTF","CV1","3","5",0.2424
"M3","haplotype-tagged","DTF","CV1","3","5",0.292744444444444
"M2","genome-wide","DTM","CV1","3","5",0.302477777777778
"M3","genome-wide","DTM","CV1","3","5",0.262266666666667
"M2","haplotype-tagged","DTM","CV1","3","5",0.263811111111111
"M3","haplotype-tagged","DTM","CV1","3","5",0.224244444444444
"M2","genome-wide","HSW","CV1","3","5",0.466633333333333
"M3","genome-wide","HSW","CV1","3","5",0.450211111111111
"M2","haplotype-tagged","HSW","CV1","3","5",0.353033333333333
"M3","haplotype-tagged","HSW","CV1","3","5",0.379411111111111
"M2","genome-wide","PH","CV1","3","5",0.1804
"M3","genome-wide","PH","CV1","3","5",0.166244444444444
"M2","haplotype-tagged","PH","CV1","3","5",0.283166666666667
"M3","haplotype-tagged","PH","CV1","3","5",0.276311111111111
"M2","genome-wide","PPP","CV1","3","5",0.185744444444444
"M3","genome-wide","PPP","CV1","3","5",0.166
"M2","haplotype-tagged","PPP","CV1","3","5",0.156255555555556
"M3","haplotype-tagged","PPP","CV1","3","5",0.115055555555556
"M2","genome-wide","YPPlnt","CV1","3","5",0.1265
"M3","genome-wide","YPPlnt","CV1","3","5",0.0558333333333333
"M2","haplotype-tagged","YPPlnt","CV1","3","5",0.168466666666667
"M3","haplotype-tagged","YPPlnt","CV1","3","5",0.0892333333333333
"M2","genome-wide","DTF","CV2","3","5",0.6094
"M3","genome-wide","DTF","CV2","3","5",0.588744444444444
"M2","haplotype-tagged","DTF","CV2","3","5",0.599244444444444
"M3","haplotype-tagged","DTF","CV2","3","5",0.602533333333333
"M2","genome-wide","DTM","CV2","3","5",0.485177777777778
"M3","genome-wide","DTM","CV2","3","5",0.484066666666667
"M2","haplotype-tagged","DTM","CV2","3","5",0.474977777777778
"M3","haplotype-tagged","DTM","CV2","3","5",0.475533333333333
"M2","genome-wide","HSW","CV2","3","5",0.747155555555556
"M3","genome-wide","HSW","CV2","3","5",0.7344
"M2","haplotype-tagged","HSW","CV2","3","5",0.7441
"M3","haplotype-tagged","HSW","CV2","3","5",0.742055555555556
"M2","genome-wide","PH","CV2","3","5",0.582311111111111
"M3","genome-wide","PH","CV2","3","5",0.601411111111111
"M2","haplotype-tagged","PH","CV2","3","5",0.570744444444444
"M3","haplotype-tagged","PH","CV2","3","5",0.581366666666667
"M2","genome-wide","PPP","CV2","3","5",0.219133333333333
"M3","genome-wide","PPP","CV2","3","5",0.218966666666667
"M2","haplotype-tagged","PPP","CV2","3","5",0.177511111111111
"M3","haplotype-tagged","PPP","CV2","3","5",0.215066666666667
"M2","genome-wide","YPPlnt","CV2","3","5",0.108355555555556
"M3","genome-wide","YPPlnt","CV2","3","5",0.0763111111111111
"M2","haplotype-tagged","YPPlnt","CV2","3","5",0.0565444444444444
"M3","haplotype-tagged","YPPlnt","CV2","3","5",0.0306555555555556
"M2","genome-wide","DTF","CV0","4","5",0.7878
"M3","genome-wide","DTF","CV0","4","5",0.7816
"M2","haplotype-tagged","DTF","CV0","4","5",0.7809
"M3","haplotype-tagged","DTF","CV0","4","5",0.778
"M2","genome-wide","DTM","CV0","4","5",0.7058
"M3","genome-wide","DTM","CV0","4","5",0.7039
"M2","haplotype-tagged","DTM","CV0","4","5",0.6939
"M3","haplotype-tagged","DTM","CV0","4","5",0.6766
"M2","genome-wide","HSW","CV0","4","5",0.7933
"M3","genome-wide","HSW","CV0","4","5",0.7909
"M2","haplotype-tagged","HSW","CV0","4","5",0.7851
"M3","haplotype-tagged","HSW","CV0","4","5",0.7836
"M2","genome-wide","PH","CV0","4","5",0.7638
"M3","genome-wide","PH","CV0","4","5",0.7614
"M2","haplotype-tagged","PH","CV0","4","5",0.7524
"M3","haplotype-tagged","PH","CV0","4","5",0.7485
"M2","genome-wide","PPP","CV0","4","5",0.3667
"M3","genome-wide","PPP","CV0","4","5",0.3343
"M2","haplotype-tagged","PPP","CV0","4","5",0.3155
"M3","haplotype-tagged","PPP","CV0","4","5",0.2792
"M2","genome-wide","YPPlnt","CV0","4","5",0.0253
"M3","genome-wide","YPPlnt","CV0","4","5",0.0141
"M2","haplotype-tagged","YPPlnt","CV0","4","5",0.0113
"M3","haplotype-tagged","YPPlnt","CV0","4","5",0.0022
"M2","genome-wide","DTF","CV00","4","5",0.5262
"M3","genome-wide","DTF","CV00","4","5",0.5255
"M2","haplotype-tagged","DTF","CV00","4","5",0.4618
"M3","haplotype-tagged","DTF","CV00","4","5",0.4527
"M2","genome-wide","DTM","CV00","4","5",0.2816
"M3","genome-wide","DTM","CV00","4","5",0.2931
"M2","haplotype-tagged","DTM","CV00","4","5",0.1763
"M3","haplotype-tagged","DTM","CV00","4","5",0.1476
"M2","genome-wide","HSW","CV00","4","5",0.7148
"M3","genome-wide","HSW","CV00","4","5",0.718
"M2","haplotype-tagged","HSW","CV00","4","5",0.6709
"M3","haplotype-tagged","HSW","CV00","4","5",0.6307
"M2","genome-wide","PH","CV00","4","5",0.15
"M3","genome-wide","PH","CV00","4","5",0.1696
"M2","haplotype-tagged","PH","CV00","4","5",0.1998
"M3","haplotype-tagged","PH","CV00","4","5",0.3019
"M2","genome-wide","PPP","CV00","4","5",0.0943
"M3","genome-wide","PPP","CV00","4","5",0.082
"M2","haplotype-tagged","PPP","CV00","4","5",0.1425
"M3","haplotype-tagged","PPP","CV00","4","5",0.0209
"M2","genome-wide","YPPlnt","CV00","4","5",0.2176
"M3","genome-wide","YPPlnt","CV00","4","5",0.1175
"M2","haplotype-tagged","YPPlnt","CV00","4","5",0.0854
"M3","haplotype-tagged","YPPlnt","CV00","4","5",0.2659
"M2","genome-wide","DTF","CV1","4","5",0.561611111111111
"M3","genome-wide","DTF","CV1","4","5",0.536555555555556
"M2","haplotype-tagged","DTF","CV1","4","5",0.341377777777778
"M3","haplotype-tagged","DTF","CV1","4","5",0.222611111111111
"M2","genome-wide","DTM","CV1","4","5",0.474211111111111
"M3","genome-wide","DTM","CV1","4","5",0.486366666666667
"M2","haplotype-tagged","DTM","CV1","4","5",0.277355555555556
"M3","haplotype-tagged","DTM","CV1","4","5",0.238611111111111
"M2","genome-wide","HSW","CV1","4","5",0.6872
"M3","genome-wide","HSW","CV1","4","5",0.668744444444444
"M2","haplotype-tagged","HSW","CV1","4","5",0.688055555555556
"M3","haplotype-tagged","HSW","CV1","4","5",0.662944444444444
"M2","genome-wide","PH","CV1","4","5",0.531877777777778
"M3","genome-wide","PH","CV1","4","5",0.5411
"M2","haplotype-tagged","PH","CV1","4","5",0.549077777777778
"M3","haplotype-tagged","PH","CV1","4","5",0.581011111111111
"M2","genome-wide","PPP","CV1","4","5",0.268822222222222
"M3","genome-wide","PPP","CV1","4","5",0.235911111111111
"M2","haplotype-tagged","PPP","CV1","4","5",0.253922222222222
"M3","haplotype-tagged","PPP","CV1","4","5",0.167422222222222
"M2","genome-wide","YPPlnt","CV1","4","5",0.146088888888889
"M3","genome-wide","YPPlnt","CV1","4","5",0.112111111111111
"M2","haplotype-tagged","YPPlnt","CV1","4","5",0.105066666666667
"M3","haplotype-tagged","YPPlnt","CV1","4","5",-0.0111777777777778
"M2","genome-wide","DTF","CV2","4","5",0.632055555555556
"M3","genome-wide","DTF","CV2","4","5",0.610744444444444
"M2","haplotype-tagged","DTF","CV2","4","5",0.6248
"M3","haplotype-tagged","DTF","CV2","4","5",0.619555555555556
"M2","genome-wide","DTM","CV2","4","5",0.474488888888889
"M3","genome-wide","DTM","CV2","4","5",0.466488888888889
"M2","haplotype-tagged","DTM","CV2","4","5",0.471655555555556
"M3","haplotype-tagged","DTM","CV2","4","5",0.4642
"M2","genome-wide","HSW","CV2","4","5",0.7725
"M3","genome-wide","HSW","CV2","4","5",0.769533333333333
"M2","haplotype-tagged","HSW","CV2","4","5",0.764788888888889
"M3","haplotype-tagged","HSW","CV2","4","5",0.764366666666667
"M2","genome-wide","PH","CV2","4","5",0.547033333333333
"M3","genome-wide","PH","CV2","4","5",0.561733333333333
"M2","haplotype-tagged","PH","CV2","4","5",0.533844444444444
"M3","haplotype-tagged","PH","CV2","4","5",0.534655555555556
"M2","genome-wide","PPP","CV2","4","5",0.245522222222222
"M3","genome-wide","PPP","CV2","4","5",0.249777777777778
"M2","haplotype-tagged","PPP","CV2","4","5",0.1958
"M3","haplotype-tagged","PPP","CV2","4","5",0.188433333333333
"M2","genome-wide","YPPlnt","CV2","4","5",0.178988888888889
"M3","genome-wide","YPPlnt","CV2","4","5",0.174166666666667
"M2","haplotype-tagged","YPPlnt","CV2","4","5",0.160733333333333
"M3","haplotype-tagged","YPPlnt","CV2","4","5",0.1252
"M2","genome-wide","DTF","CV0","5","5",0.6081
"M3","genome-wide","DTF","CV0","5","5",0.6106
"M2","haplotype-tagged","DTF","CV0","5","5",0.6082
"M3","haplotype-tagged","DTF","CV0","5","5",0.6082
"M2","genome-wide","DTM","CV0","5","5",0.3881
"M3","genome-wide","DTM","CV0","5","5",0.3869
"M2","haplotype-tagged","DTM","CV0","5","5",0.3958
"M3","haplotype-tagged","DTM","CV0","5","5",0.3959
"M2","genome-wide","HSW","CV0","5","5",0.7837
"M3","genome-wide","HSW","CV0","5","5",0.7833
"M2","haplotype-tagged","HSW","CV0","5","5",0.7861
"M3","haplotype-tagged","HSW","CV0","5","5",0.7838
"M2","genome-wide","PH","CV0","5","5",0.667
"M3","genome-wide","PH","CV0","5","5",0.6674
"M2","haplotype-tagged","PH","CV0","5","5",0.6648
"M3","haplotype-tagged","PH","CV0","5","5",0.6668
"M2","genome-wide","PPP","CV0","5","5",0.1704
"M3","genome-wide","PPP","CV0","5","5",0.1452
"M2","haplotype-tagged","PPP","CV0","5","5",0.1407
"M3","haplotype-tagged","PPP","CV0","5","5",0.1103
"M2","genome-wide","YPPlnt","CV0","5","5",0.197
"M3","genome-wide","YPPlnt","CV0","5","5",0.1818
"M2","haplotype-tagged","YPPlnt","CV0","5","5",0.1871
"M3","haplotype-tagged","YPPlnt","CV0","5","5",0.179
"M2","genome-wide","DTF","CV00","5","5",0.679
"M3","genome-wide","DTF","CV00","5","5",0.6884
"M2","haplotype-tagged","DTF","CV00","5","5",0.5561
"M3","haplotype-tagged","DTF","CV00","5","5",0.4544
"M2","genome-wide","DTM","CV00","5","5",0.6529
"M3","genome-wide","DTM","CV00","5","5",0.6564
"M2","haplotype-tagged","DTM","CV00","5","5",0.466
"M3","haplotype-tagged","DTM","CV00","5","5",0.4407
"M2","genome-wide","HSW","CV00","5","5",0.8089
"M3","genome-wide","HSW","CV00","5","5",0.8038
"M2","haplotype-tagged","HSW","CV00","5","5",0.6856
"M3","haplotype-tagged","HSW","CV00","5","5",0.6716
"M2","genome-wide","PH","CV00","5","5",0.7035
"M3","genome-wide","PH","CV00","5","5",0.706
"M2","haplotype-tagged","PH","CV00","5","5",0.7029
"M3","haplotype-tagged","PH","CV00","5","5",0.7154
"M2","genome-wide","PPP","CV00","5","5",0.3556
"M3","genome-wide","PPP","CV00","5","5",0.3296
"M2","haplotype-tagged","PPP","CV00","5","5",0.3227
"M3","haplotype-tagged","PPP","CV00","5","5",0.2027
"M2","genome-wide","YPPlnt","CV00","5","5",-0.0522
"M3","genome-wide","YPPlnt","CV00","5","5",0.0199
"M2","haplotype-tagged","YPPlnt","CV00","5","5",0.1479
"M3","haplotype-tagged","YPPlnt","CV00","5","5",0.1958
"M2","genome-wide","DTF","CV1","5","5",0.399
"M3","genome-wide","DTF","CV1","5","5",0.383611111111111
"M2","haplotype-tagged","DTF","CV1","5","5",0.258377777777778
"M3","haplotype-tagged","DTF","CV1","5","5",0.1799
"M2","genome-wide","DTM","CV1","5","5",0.314022222222222
"M3","genome-wide","DTM","CV1","5","5",0.278777777777778
"M2","haplotype-tagged","DTM","CV1","5","5",0.275533333333333
"M3","haplotype-tagged","DTM","CV1","5","5",0.209277777777778
"M2","genome-wide","HSW","CV1","5","5",0.595955555555556
"M3","genome-wide","HSW","CV1","5","5",0.587233333333333
"M2","haplotype-tagged","HSW","CV1","5","5",0.556922222222222
"M3","haplotype-tagged","HSW","CV1","5","5",0.541088888888889
"M2","genome-wide","PH","CV1","5","5",0.403977777777778
"M3","genome-wide","PH","CV1","5","5",0.442855555555556
"M2","haplotype-tagged","PH","CV1","5","5",0.425966666666667
"M3","haplotype-tagged","PH","CV1","5","5",0.380988888888889
"M2","genome-wide","PPP","CV1","5","5",0.247255555555556
"M3","genome-wide","PPP","CV1","5","5",0.189644444444444
"M2","haplotype-tagged","PPP","CV1","5","5",0.242844444444444
"M3","haplotype-tagged","PPP","CV1","5","5",0.105322222222222
"M2","genome-wide","YPPlnt","CV1","5","5",0.133577777777778
"M3","genome-wide","YPPlnt","CV1","5","5",0.106922222222222
"M2","haplotype-tagged","YPPlnt","CV1","5","5",0.179166666666667
"M3","haplotype-tagged","YPPlnt","CV1","5","5",0.0640222222222222
"M2","genome-wide","DTF","CV2","5","5",0.553055555555556
"M3","genome-wide","DTF","CV2","5","5",0.5585
"M2","haplotype-tagged","DTF","CV2","5","5",0.546666666666667
"M3","haplotype-tagged","DTF","CV2","5","5",0.555466666666667
"M2","genome-wide","DTM","CV2","5","5",0.455877777777778
"M3","genome-wide","DTM","CV2","5","5",0.425833333333333
"M2","haplotype-tagged","DTM","CV2","5","5",0.4474
"M3","haplotype-tagged","DTM","CV2","5","5",0.445833333333333
"M2","genome-wide","HSW","CV2","5","5",0.728911111111111
"M3","genome-wide","HSW","CV2","5","5",0.729466666666667
"M2","haplotype-tagged","HSW","CV2","5","5",0.723244444444444
"M3","haplotype-tagged","HSW","CV2","5","5",0.724011111111111
"M2","genome-wide","PH","CV2","5","5",0.595655555555556
"M3","genome-wide","PH","CV2","5","5",0.582277777777778
"M2","haplotype-tagged","PH","CV2","5","5",0.589133333333333
"M3","haplotype-tagged","PH","CV2","5","5",0.589322222222222
"M2","genome-wide","PPP","CV2","5","5",0.181633333333333
"M3","genome-wide","PPP","CV2","5","5",0.170911111111111
"M2","haplotype-tagged","PPP","CV2","5","5",0.1413
"M3","haplotype-tagged","PPP","CV2","5","5",0.167366666666667
"M2","genome-wide","YPPlnt","CV2","5","5",0.1774
"M3","genome-wide","YPPlnt","CV2","5","5",0.173122222222222
"M2","haplotype-tagged","YPPlnt","CV2","5","5",0.157688888888889
"M3","haplotype-tagged","YPPlnt","CV2","5","5",0.150388888888889
"M2","genome-wide","DTF","CV0","6","5",0.3676
"M3","genome-wide","DTF","CV0","6","5",0.3702
"M2","haplotype-tagged","DTF","CV0","6","5",0.3762
"M3","haplotype-tagged","DTF","CV0","6","5",0.3767
"M2","genome-wide","DTM","CV0","6","5",0.4059
"M3","genome-wide","DTM","CV0","6","5",0.4006
"M2","haplotype-tagged","DTM","CV0","6","5",0.3956
"M3","haplotype-tagged","DTM","CV0","6","5",0.4014
"M2","genome-wide","HSW","CV0","6","5",0.5993
"M3","genome-wide","HSW","CV0","6","5",0.6009
"M2","haplotype-tagged","HSW","CV0","6","5",0.6
"M3","haplotype-tagged","HSW","CV0","6","5",0.5987
"M2","genome-wide","PH","CV0","6","5",0.5801
"M3","genome-wide","PH","CV0","6","5",0.5761
"M2","haplotype-tagged","PH","CV0","6","5",0.5812
"M3","haplotype-tagged","PH","CV0","6","5",0.5757
"M2","genome-wide","PPP","CV0","6","5",0.0829
"M3","genome-wide","PPP","CV0","6","5",0.0904
"M2","haplotype-tagged","PPP","CV0","6","5",0.0875
"M3","haplotype-tagged","PPP","CV0","6","5",0.1057
"M2","genome-wide","YPPlnt","CV0","6","5",0.1157
"M3","genome-wide","YPPlnt","CV0","6","5",0.1269
"M2","haplotype-tagged","YPPlnt","CV0","6","5",0.1413
"M3","haplotype-tagged","YPPlnt","CV0","6","5",0.1463
"M2","genome-wide","DTF","CV00","6","5",0.5195
"M3","genome-wide","DTF","CV00","6","5",0.5361
"M2","haplotype-tagged","DTF","CV00","6","5",0.4531
"M3","haplotype-tagged","DTF","CV00","6","5",0.3112
"M2","genome-wide","DTM","CV00","6","5",0.1573
"M3","genome-wide","DTM","CV00","6","5",0.1758
"M2","haplotype-tagged","DTM","CV00","6","5",0.0757
"M3","haplotype-tagged","DTM","CV00","6","5",-0.167
"M2","genome-wide","HSW","CV00","6","5",0.3817
"M3","genome-wide","HSW","CV00","6","5",0.3883
"M2","haplotype-tagged","HSW","CV00","6","5",0.3443
"M3","haplotype-tagged","HSW","CV00","6","5",0.4599
"M2","genome-wide","PH","CV00","6","5",0.6241
"M3","genome-wide","PH","CV00","6","5",0.5707
"M2","haplotype-tagged","PH","CV00","6","5",0.6787
"M3","haplotype-tagged","PH","CV00","6","5",0.5437
"M2","genome-wide","PPP","CV00","6","5",0.188
"M3","genome-wide","PPP","CV00","6","5",0.1941
"M2","haplotype-tagged","PPP","CV00","6","5",0.1639
"M3","haplotype-tagged","PPP","CV00","6","5",0.2288
"M2","genome-wide","YPPlnt","CV00","6","5",0.0548
"M3","genome-wide","YPPlnt","CV00","6","5",0.1167
"M2","haplotype-tagged","YPPlnt","CV00","6","5",0.3157
"M3","haplotype-tagged","YPPlnt","CV00","6","5",0.236
"M2","genome-wide","DTF","CV1","6","5",0.418922222222222
"M3","genome-wide","DTF","CV1","6","5",0.402033333333333
"M2","haplotype-tagged","DTF","CV1","6","5",0.205266666666667
"M3","haplotype-tagged","DTF","CV1","6","5",0.190233333333333
"M2","genome-wide","DTM","CV1","6","5",0.301288888888889
"M3","genome-wide","DTM","CV1","6","5",0.296455555555556
"M2","haplotype-tagged","DTM","CV1","6","5",0.200811111111111
"M3","haplotype-tagged","DTM","CV1","6","5",0.218411111111111
"M2","genome-wide","HSW","CV1","6","5",0.652144444444444
"M3","genome-wide","HSW","CV1","6","5",0.625766666666667
"M2","haplotype-tagged","HSW","CV1","6","5",0.512044444444444
"M3","haplotype-tagged","HSW","CV1","6","5",0.497388888888889
"M2","genome-wide","PH","CV1","6","5",0.405977777777778
"M3","genome-wide","PH","CV1","6","5",0.426488888888889
"M2","haplotype-tagged","PH","CV1","6","5",0.412744444444444
"M3","haplotype-tagged","PH","CV1","6","5",0.406511111111111
"M2","genome-wide","PPP","CV1","6","5",0.1103
"M3","genome-wide","PPP","CV1","6","5",0.0479333333333333
"M2","haplotype-tagged","PPP","CV1","6","5",0.101933333333333
"M3","haplotype-tagged","PPP","CV1","6","5",0.0479666666666667
"M2","genome-wide","YPPlnt","CV1","6","5",0.151466666666667
"M3","genome-wide","YPPlnt","CV1","6","5",0.147833333333333
"M2","haplotype-tagged","YPPlnt","CV1","6","5",0.0261777777777778
"M3","haplotype-tagged","YPPlnt","CV1","6","5",0.0347888888888889
"M2","genome-wide","DTF","CV2","6","5",0.610955555555556
"M3","genome-wide","DTF","CV2","6","5",0.629855555555556
"M2","haplotype-tagged","DTF","CV2","6","5",0.598755555555556
"M3","haplotype-tagged","DTF","CV2","6","5",0.607033333333333
"M2","genome-wide","DTM","CV2","6","5",0.581488888888889
"M3","genome-wide","DTM","CV2","6","5",0.516122222222222
"M2","haplotype-tagged","DTM","CV2","6","5",0.564
"M3","haplotype-tagged","DTM","CV2","6","5",0.550811111111111
"M2","genome-wide","HSW","CV2","6","5",0.794933333333333
"M3","genome-wide","HSW","CV2","6","5",0.787422222222222
"M2","haplotype-tagged","HSW","CV2","6","5",0.7903
"M3","haplotype-tagged","HSW","CV2","6","5",0.790622222222222
"M2","genome-wide","PH","CV2","6","5",0.624422222222222
"M3","genome-wide","PH","CV2","6","5",0.641311111111111
"M2","haplotype-tagged","PH","CV2","6","5",0.619266666666667
"M3","haplotype-tagged","PH","CV2","6","5",0.628011111111111
"M2","genome-wide","PPP","CV2","6","5",0.162633333333333
"M3","genome-wide","PPP","CV2","6","5",0.181144444444444
"M2","haplotype-tagged","PPP","CV2","6","5",0.1057
"M3","haplotype-tagged","PPP","CV2","6","5",0.142777777777778
"M2","genome-wide","YPPlnt","CV2","6","5",0.0978444444444444
"M3","genome-wide","YPPlnt","CV2","6","5",0.0925444444444445
"M2","haplotype-tagged","YPPlnt","CV2","6","5",0.0315333333333333
"M3","haplotype-tagged","YPPlnt","CV2","6","5",0.0155333333333333
"M2","genome-wide","DTF","CV0","7","5",0.5197
"M3","genome-wide","DTF","CV0","7","5",0.5219
"M2","haplotype-tagged","DTF","CV0","7","5",0.5105
"M3","haplotype-tagged","DTF","CV0","7","5",0.515
"M2","genome-wide","DTM","CV0","7","5",0.3015
"M3","genome-wide","DTM","CV0","7","5",0.2918
"M2","haplotype-tagged","DTM","CV0","7","5",0.2848
"M3","haplotype-tagged","DTM","CV0","7","5",0.2931
"M2","genome-wide","HSW","CV0","7","5",0.7106
"M3","genome-wide","HSW","CV0","7","5",0.7115
"M2","haplotype-tagged","HSW","CV0","7","5",0.7121
"M3","haplotype-tagged","HSW","CV0","7","5",0.7132
"M2","genome-wide","PH","CV0","7","5",0.4881
"M3","genome-wide","PH","CV0","7","5",0.4896
"M2","haplotype-tagged","PH","CV0","7","5",0.4864
"M3","haplotype-tagged","PH","CV0","7","5",0.4873
"M2","genome-wide","PPP","CV0","7","5",0.046
"M3","genome-wide","PPP","CV0","7","5",0.0375
"M2","haplotype-tagged","PPP","CV0","7","5",0.0463
"M3","haplotype-tagged","PPP","CV0","7","5",0.0453
"M2","genome-wide","YPPlnt","CV0","7","5",0.113
"M3","genome-wide","YPPlnt","CV0","7","5",0.101
"M2","haplotype-tagged","YPPlnt","CV0","7","5",0.1056
"M3","haplotype-tagged","YPPlnt","CV0","7","5",0.1034
"M2","genome-wide","DTF","CV00","7","5",0.6245
"M3","genome-wide","DTF","CV00","7","5",0.5831
"M2","haplotype-tagged","DTF","CV00","7","5",0.5639
"M3","haplotype-tagged","DTF","CV00","7","5",0.4621
"M2","genome-wide","DTM","CV00","7","5",0.5954
"M3","genome-wide","DTM","CV00","7","5",0.5935
"M2","haplotype-tagged","DTM","CV00","7","5",0.5319
"M3","haplotype-tagged","DTM","CV00","7","5",0.4818
"M2","genome-wide","HSW","CV00","7","5",0.8119
"M3","genome-wide","HSW","CV00","7","5",0.8153
"M2","haplotype-tagged","HSW","CV00","7","5",0.7882
"M3","haplotype-tagged","HSW","CV00","7","5",0.8142
"M2","genome-wide","PH","CV00","7","5",0.7701
"M3","genome-wide","PH","CV00","7","5",0.7741
"M2","haplotype-tagged","PH","CV00","7","5",0.6583
"M3","haplotype-tagged","PH","CV00","7","5",0.7371
"M2","genome-wide","PPP","CV00","7","5",0.5066
"M3","genome-wide","PPP","CV00","7","5",0.4906
"M2","haplotype-tagged","PPP","CV00","7","5",0.4121
"M3","haplotype-tagged","PPP","CV00","7","5",0.3526
"M2","genome-wide","YPPlnt","CV00","7","5",0.0041
"M3","genome-wide","YPPlnt","CV00","7","5",0.0563
"M2","haplotype-tagged","YPPlnt","CV00","7","5",0.1246
"M3","haplotype-tagged","YPPlnt","CV00","7","5",0.0066
"M2","genome-wide","DTF","CV1","7","5",0.469655555555556
"M3","genome-wide","DTF","CV1","7","5",0.485488888888889
"M2","haplotype-tagged","DTF","CV1","7","5",0.3446
"M3","haplotype-tagged","DTF","CV1","7","5",0.347388888888889
"M2","genome-wide","DTM","CV1","7","5",0.469077777777778
"M3","genome-wide","DTM","CV1","7","5",0.476477777777778
"M2","haplotype-tagged","DTM","CV1","7","5",0.366411111111111
"M3","haplotype-tagged","DTM","CV1","7","5",0.239066666666667
"M2","genome-wide","HSW","CV1","7","5",0.506622222222222
"M3","genome-wide","HSW","CV1","7","5",0.486744444444444
"M2","haplotype-tagged","HSW","CV1","7","5",0.545833333333333
"M3","haplotype-tagged","HSW","CV1","7","5",0.528844444444444
"M2","genome-wide","PH","CV1","7","5",0.467833333333333
"M3","genome-wide","PH","CV1","7","5",0.418655555555556
"M2","haplotype-tagged","PH","CV1","7","5",0.476211111111111
"M3","haplotype-tagged","PH","CV1","7","5",0.402722222222222
"M2","genome-wide","PPP","CV1","7","5",0.248633333333333
"M3","genome-wide","PPP","CV1","7","5",0.244044444444444
"M2","haplotype-tagged","PPP","CV1","7","5",0.165277777777778
"M3","haplotype-tagged","PPP","CV1","7","5",0.122233333333333
"M2","genome-wide","YPPlnt","CV1","7","5",0.213777777777778
"M3","genome-wide","YPPlnt","CV1","7","5",0.241711111111111
"M2","haplotype-tagged","YPPlnt","CV1","7","5",0.0756555555555556
"M3","haplotype-tagged","YPPlnt","CV1","7","5",0.0633333333333333
"M2","genome-wide","DTF","CV2","7","5",0.632588888888889
"M3","genome-wide","DTF","CV2","7","5",0.617222222222222
"M2","haplotype-tagged","DTF","CV2","7","5",0.612522222222222
"M3","haplotype-tagged","DTF","CV2","7","5",0.622733333333333
"M2","genome-wide","DTM","CV2","7","5",0.532622222222222
"M3","genome-wide","DTM","CV2","7","5",0.534033333333333
"M2","haplotype-tagged","DTM","CV2","7","5",0.515411111111111
"M3","haplotype-tagged","DTM","CV2","7","5",0.525844444444444
"M2","genome-wide","HSW","CV2","7","5",0.772633333333333
"M3","genome-wide","HSW","CV2","7","5",0.769411111111111
"M2","haplotype-tagged","HSW","CV2","7","5",0.763788888888889
"M3","haplotype-tagged","HSW","CV2","7","5",0.759522222222222
"M2","genome-wide","PH","CV2","7","5",0.574277777777778
"M3","genome-wide","PH","CV2","7","5",0.557944444444444
"M2","haplotype-tagged","PH","CV2","7","5",0.570022222222222
"M3","haplotype-tagged","PH","CV2","7","5",0.556366666666667
"M2","genome-wide","PPP","CV2","7","5",0.1665
"M3","genome-wide","PPP","CV2","7","5",0.200388888888889
"M2","haplotype-tagged","PPP","CV2","7","5",0.148177777777778
"M3","haplotype-tagged","PPP","CV2","7","5",0.1601
"M2","genome-wide","YPPlnt","CV2","7","5",0.125333333333333
"M3","genome-wide","YPPlnt","CV2","7","5",0.128944444444444
"M2","haplotype-tagged","YPPlnt","CV2","7","5",0.115755555555556
"M3","haplotype-tagged","YPPlnt","CV2","7","5",0.0739666666666667
"M2","genome-wide","DTF","CV0","8","5",0.6534
"M3","genome-wide","DTF","CV0","8","5",0.6575
"M2","haplotype-tagged","DTF","CV0","8","5",0.6415
"M3","haplotype-tagged","DTF","CV0","8","5",0.6398
"M2","genome-wide","DTM","CV0","8","5",0.5332
"M3","genome-wide","DTM","CV0","8","5",0.5317
"M2","haplotype-tagged","DTM","CV0","8","5",0.5302
"M3","haplotype-tagged","DTM","CV0","8","5",0.5346
"M2","genome-wide","HSW","CV0","8","5",0.8646
"M3","genome-wide","HSW","CV0","8","5",0.8654
"M2","haplotype-tagged","HSW","CV0","8","5",0.8623
"M3","haplotype-tagged","HSW","CV0","8","5",0.8616
"M2","genome-wide","PH","CV0","8","5",0.1023
"M3","genome-wide","PH","CV0","8","5",0.1017
"M2","haplotype-tagged","PH","CV0","8","5",0.1025
"M3","haplotype-tagged","PH","CV0","8","5",0.1039
"M2","genome-wide","PPP","CV0","8","5",0.017
"M3","genome-wide","PPP","CV0","8","5",0.0115
"M2","haplotype-tagged","PPP","CV0","8","5",0.0125
"M3","haplotype-tagged","PPP","CV0","8","5",0.007
"M2","genome-wide","YPPlnt","CV0","8","5",0.216
"M3","genome-wide","YPPlnt","CV0","8","5",0.185
"M2","haplotype-tagged","YPPlnt","CV0","8","5",0.1934
"M3","haplotype-tagged","YPPlnt","CV0","8","5",0.1887
"M2","genome-wide","DTF","CV00","8","5",0.3678
"M3","genome-wide","DTF","CV00","8","5",0.3922
"M2","haplotype-tagged","DTF","CV00","8","5",0.3227
"M3","haplotype-tagged","DTF","CV00","8","5",0.3079
"M2","genome-wide","DTM","CV00","8","5",0.1161
"M3","genome-wide","DTM","CV00","8","5",0.0962
"M2","haplotype-tagged","DTM","CV00","8","5",0.1642
"M3","haplotype-tagged","DTM","CV00","8","5",0.1401
"M2","genome-wide","HSW","CV00","8","5",0.68
"M3","genome-wide","HSW","CV00","8","5",0.6818
"M2","haplotype-tagged","HSW","CV00","8","5",0.5588
"M3","haplotype-tagged","HSW","CV00","8","5",0.5662
"M2","genome-wide","PH","CV00","8","5",0.4995
"M3","genome-wide","PH","CV00","8","5",0.5092
"M2","haplotype-tagged","PH","CV00","8","5",0.5106
"M3","haplotype-tagged","PH","CV00","8","5",0.4716
"M2","genome-wide","PPP","CV00","8","5",0.3106
"M3","genome-wide","PPP","CV00","8","5",0.3335
"M2","haplotype-tagged","PPP","CV00","8","5",0.3568
"M3","haplotype-tagged","PPP","CV00","8","5",-0.0485
"M2","genome-wide","YPPlnt","CV00","8","5",-0.0837
"M3","genome-wide","YPPlnt","CV00","8","5",-0.1365
"M2","haplotype-tagged","YPPlnt","CV00","8","5",-0.1201
"M3","haplotype-tagged","YPPlnt","CV00","8","5",-0.1995
"M2","genome-wide","DTF","CV1","8","5",0.499144444444444
"M3","genome-wide","DTF","CV1","8","5",0.463977777777778
"M2","haplotype-tagged","DTF","CV1","8","5",0.366633333333333
"M3","haplotype-tagged","DTF","CV1","8","5",0.241711111111111
"M2","genome-wide","DTM","CV1","8","5",0.497711111111111
"M3","genome-wide","DTM","CV1","8","5",0.436644444444444
"M2","haplotype-tagged","DTM","CV1","8","5",0.261044444444444
"M3","haplotype-tagged","DTM","CV1","8","5",0.167877777777778
"M2","genome-wide","HSW","CV1","8","5",0.420555555555556
"M3","genome-wide","HSW","CV1","8","5",0.4301
"M2","haplotype-tagged","HSW","CV1","8","5",0.213966666666667
"M3","haplotype-tagged","HSW","CV1","8","5",0.215555555555556
"M2","genome-wide","PH","CV1","8","5",0.434833333333333
"M3","genome-wide","PH","CV1","8","5",0.454222222222222
"M2","haplotype-tagged","PH","CV1","8","5",0.390355555555556
"M3","haplotype-tagged","PH","CV1","8","5",0.331166666666667
"M2","genome-wide","PPP","CV1","8","5",0.1254
"M3","genome-wide","PPP","CV1","8","5",0.121133333333333
"M2","haplotype-tagged","PPP","CV1","8","5",-0.0317555555555556
"M3","haplotype-tagged","PPP","CV1","8","5",-0.00647777777777778
"M2","genome-wide","YPPlnt","CV1","8","5",0.195477777777778
"M3","genome-wide","YPPlnt","CV1","8","5",0.207855555555556
"M2","haplotype-tagged","YPPlnt","CV1","8","5",0.241966666666667
"M3","haplotype-tagged","YPPlnt","CV1","8","5",0.150222222222222
"M2","genome-wide","DTF","CV2","8","5",0.6201
"M3","genome-wide","DTF","CV2","8","5",0.608077777777778
"M2","haplotype-tagged","DTF","CV2","8","5",0.610422222222222
"M3","haplotype-tagged","DTF","CV2","8","5",0.622533333333333
"M2","genome-wide","DTM","CV2","8","5",0.465888888888889
"M3","genome-wide","DTM","CV2","8","5",0.472844444444444
"M2","haplotype-tagged","DTM","CV2","8","5",0.438222222222222
"M3","haplotype-tagged","DTM","CV2","8","5",0.4534
"M2","genome-wide","HSW","CV2","8","5",0.6653
"M3","genome-wide","HSW","CV2","8","5",0.661533333333333
"M2","haplotype-tagged","HSW","CV2","8","5",0.6623
"M3","haplotype-tagged","HSW","CV2","8","5",0.6641
"M2","genome-wide","PH","CV2","8","5",0.535966666666667
"M3","genome-wide","PH","CV2","8","5",0.519555555555556
"M2","haplotype-tagged","PH","CV2","8","5",0.519044444444444
"M3","haplotype-tagged","PH","CV2","8","5",0.526444444444444
"M2","genome-wide","PPP","CV2","8","5",0.225044444444444
"M3","genome-wide","PPP","CV2","8","5",0.214666666666667
"M2","haplotype-tagged","PPP","CV2","8","5",0.186766666666667
"M3","haplotype-tagged","PPP","CV2","8","5",0.175388888888889
"M2","genome-wide","YPPlnt","CV2","8","5",0.187755555555556
"M3","genome-wide","YPPlnt","CV2","8","5",0.130566666666667
"M2","haplotype-tagged","YPPlnt","CV2","8","5",0.162933333333333
"M3","haplotype-tagged","YPPlnt","CV2","8","5",0.139755555555556
"M2","genome-wide","DTF","CV0","9","5",0.521
"M3","genome-wide","DTF","CV0","9","5",0.5064
"M2","haplotype-tagged","DTF","CV0","9","5",0.5135
"M3","haplotype-tagged","DTF","CV0","9","5",0.506
"M2","genome-wide","DTM","CV0","9","5",0.2992
"M3","genome-wide","DTM","CV0","9","5",0.3007
"M2","haplotype-tagged","DTM","CV0","9","5",0.2893
"M3","haplotype-tagged","DTM","CV0","9","5",0.2774
"M2","genome-wide","HSW","CV0","9","5",0.7122
"M3","genome-wide","HSW","CV0","9","5",0.7126
"M2","haplotype-tagged","HSW","CV0","9","5",0.7127
"M3","haplotype-tagged","HSW","CV0","9","5",0.712
"M2","genome-wide","PH","CV0","9","5",0.4896
"M3","genome-wide","PH","CV0","9","5",0.4875
"M2","haplotype-tagged","PH","CV0","9","5",0.4874
"M3","haplotype-tagged","PH","CV0","9","5",0.4866
"M2","genome-wide","PPP","CV0","9","5",0.0505
"M3","genome-wide","PPP","CV0","9","5",0.0491
"M2","haplotype-tagged","PPP","CV0","9","5",0.0451
"M3","haplotype-tagged","PPP","CV0","9","5",0.0137
"M2","genome-wide","YPPlnt","CV0","9","5",0.1178
"M3","genome-wide","YPPlnt","CV0","9","5",0.1182
"M2","haplotype-tagged","YPPlnt","CV0","9","5",0.0992
"M3","haplotype-tagged","YPPlnt","CV0","9","5",0.0962
"M2","genome-wide","DTF","CV00","9","5",0.3589
"M3","genome-wide","DTF","CV00","9","5",0.3579
"M2","haplotype-tagged","DTF","CV00","9","5",0.248
"M3","haplotype-tagged","DTF","CV00","9","5",0.2522
"M2","genome-wide","DTM","CV00","9","5",0.2051
"M3","genome-wide","DTM","CV00","9","5",0.2138
"M2","haplotype-tagged","DTM","CV00","9","5",0.0386
"M3","haplotype-tagged","DTM","CV00","9","5",0.0436
"M2","genome-wide","HSW","CV00","9","5",0.6777
"M3","genome-wide","HSW","CV00","9","5",0.6675
"M2","haplotype-tagged","HSW","CV00","9","5",0.4716
"M3","haplotype-tagged","HSW","CV00","9","5",0.4906
"M2","genome-wide","PH","CV00","9","5",0.5182
"M3","genome-wide","PH","CV00","9","5",0.5398
"M2","haplotype-tagged","PH","CV00","9","5",0.4721
"M3","haplotype-tagged","PH","CV00","9","5",0.4504
"M2","genome-wide","PPP","CV00","9","5",0.2226
"M3","genome-wide","PPP","CV00","9","5",0.204
"M2","haplotype-tagged","PPP","CV00","9","5",0.1759
"M3","haplotype-tagged","PPP","CV00","9","5",0.1171
"M2","genome-wide","YPPlnt","CV00","9","5",0.1905
"M3","genome-wide","YPPlnt","CV00","9","5",0.1684
"M2","haplotype-tagged","YPPlnt","CV00","9","5",-0.16
"M3","haplotype-tagged","YPPlnt","CV00","9","5",-0.0923
"M2","genome-wide","DTF","CV1","9","5",0.3925
"M3","genome-wide","DTF","CV1","9","5",0.368944444444444
"M2","haplotype-tagged","DTF","CV1","9","5",0.224655555555556
"M3","haplotype-tagged","DTF","CV1","9","5",0.283322222222222
"M2","genome-wide","DTM","CV1","9","5",0.360755555555556
"M3","genome-wide","DTM","CV1","9","5",0.340133333333333
"M2","haplotype-tagged","DTM","CV1","9","5",0.182522222222222
"M3","haplotype-tagged","DTM","CV1","9","5",0.181055555555556
"M2","genome-wide","HSW","CV1","9","5",0.549455555555556
"M3","genome-wide","HSW","CV1","9","5",0.535577777777778
"M2","haplotype-tagged","HSW","CV1","9","5",0.397255555555556
"M3","haplotype-tagged","HSW","CV1","9","5",0.415877777777778
"M2","genome-wide","PH","CV1","9","5",0.295811111111111
"M3","genome-wide","PH","CV1","9","5",0.327511111111111
"M2","haplotype-tagged","PH","CV1","9","5",0.314966666666667
"M3","haplotype-tagged","PH","CV1","9","5",0.3429
"M2","genome-wide","PPP","CV1","9","5",0.3375
"M3","genome-wide","PPP","CV1","9","5",0.325677777777778
"M2","haplotype-tagged","PPP","CV1","9","5",0.306511111111111
"M3","haplotype-tagged","PPP","CV1","9","5",0.166277777777778
"M2","genome-wide","YPPlnt","CV1","9","5",0.123
"M3","genome-wide","YPPlnt","CV1","9","5",0.114955555555556
"M2","haplotype-tagged","YPPlnt","CV1","9","5",0.213222222222222
"M3","haplotype-tagged","YPPlnt","CV1","9","5",0.194988888888889
"M2","genome-wide","DTF","CV2","9","5",0.608366666666667
"M3","genome-wide","DTF","CV2","9","5",0.613022222222222
"M2","haplotype-tagged","DTF","CV2","9","5",0.610222222222222
"M3","haplotype-tagged","DTF","CV2","9","5",0.607755555555556
"M2","genome-wide","DTM","CV2","9","5",0.506966666666667
"M3","genome-wide","DTM","CV2","9","5",0.507811111111111
"M2","haplotype-tagged","DTM","CV2","9","5",0.500855555555556
"M3","haplotype-tagged","DTM","CV2","9","5",0.516544444444444
"M2","genome-wide","HSW","CV2","9","5",0.704566666666667
"M3","genome-wide","HSW","CV2","9","5",0.700266666666667
"M2","haplotype-tagged","HSW","CV2","9","5",0.7004
"M3","haplotype-tagged","HSW","CV2","9","5",0.700722222222222
"M2","genome-wide","PH","CV2","9","5",0.502788888888889
"M3","genome-wide","PH","CV2","9","5",0.508188888888889
"M2","haplotype-tagged","PH","CV2","9","5",0.493955555555556
"M3","haplotype-tagged","PH","CV2","9","5",0.485111111111111
"M2","genome-wide","PPP","CV2","9","5",0.185222222222222
"M3","genome-wide","PPP","CV2","9","5",0.148544444444444
"M2","haplotype-tagged","PPP","CV2","9","5",0.136811111111111
"M3","haplotype-tagged","PPP","CV2","9","5",0.136011111111111
"M2","genome-wide","YPPlnt","CV2","9","5",0.143877777777778
"M3","genome-wide","YPPlnt","CV2","9","5",0.126388888888889
"M2","haplotype-tagged","YPPlnt","CV2","9","5",0.128388888888889
"M3","haplotype-tagged","YPPlnt","CV2","9","5",0.139755555555556
"M2","genome-wide","DTF","CV0","10","5",0.7882
"M3","genome-wide","DTF","CV0","10","5",0.7856
"M2","haplotype-tagged","DTF","CV0","10","5",0.781
"M3","haplotype-tagged","DTF","CV0","10","5",0.7792
"M2","genome-wide","DTM","CV0","10","5",0.7044
"M3","genome-wide","DTM","CV0","10","5",0.6975
"M2","haplotype-tagged","DTM","CV0","10","5",0.6882
"M3","haplotype-tagged","DTM","CV0","10","5",0.6827
"M2","genome-wide","HSW","CV0","10","5",0.793
"M3","genome-wide","HSW","CV0","10","5",0.7918
"M2","haplotype-tagged","HSW","CV0","10","5",0.7868
"M3","haplotype-tagged","HSW","CV0","10","5",0.7844
"M2","genome-wide","PH","CV0","10","5",0.7631
"M3","genome-wide","PH","CV0","10","5",0.7567
"M2","haplotype-tagged","PH","CV0","10","5",0.7523
"M3","haplotype-tagged","PH","CV0","10","5",0.746
"M2","genome-wide","PPP","CV0","10","5",0.3662
"M3","genome-wide","PPP","CV0","10","5",0.3229
"M2","haplotype-tagged","PPP","CV0","10","5",0.3153
"M3","haplotype-tagged","PPP","CV0","10","5",0.2893
"M2","genome-wide","YPPlnt","CV0","10","5",0.0167
"M3","genome-wide","YPPlnt","CV0","10","5",0.0235
"M2","haplotype-tagged","YPPlnt","CV0","10","5",0.0049
"M3","haplotype-tagged","YPPlnt","CV0","10","5",0.0057
"M2","genome-wide","DTF","CV00","10","5",0.4548
"M3","genome-wide","DTF","CV00","10","5",0.456
"M2","haplotype-tagged","DTF","CV00","10","5",0.3436
"M3","haplotype-tagged","DTF","CV00","10","5",0.2495
"M2","genome-wide","DTM","CV00","10","5",0.5116
"M3","genome-wide","DTM","CV00","10","5",0.5086
"M2","haplotype-tagged","DTM","CV00","10","5",0.347
"M3","haplotype-tagged","DTM","CV00","10","5",0.1747
"M2","genome-wide","HSW","CV00","10","5",0.784
"M3","genome-wide","HSW","CV00","10","5",0.7841
"M2","haplotype-tagged","HSW","CV00","10","5",0.7247
"M3","haplotype-tagged","HSW","CV00","10","5",0.7309
"M2","genome-wide","PH","CV00","10","5",0.1195
"M3","genome-wide","PH","CV00","10","5",0.125
"M2","haplotype-tagged","PH","CV00","10","5",0.0438
"M3","haplotype-tagged","PH","CV00","10","5",0.1077
"M2","genome-wide","PPP","CV00","10","5",-0.1689
"M3","genome-wide","PPP","CV00","10","5",-0.1878
"M2","haplotype-tagged","PPP","CV00","10","5",-0.1583
"M3","haplotype-tagged","PPP","CV00","10","5",-0.2722
"M2","genome-wide","YPPlnt","CV00","10","5",0.2526
"M3","genome-wide","YPPlnt","CV00","10","5",0.4087
"M2","haplotype-tagged","YPPlnt","CV00","10","5",-0.2765
"M3","haplotype-tagged","YPPlnt","CV00","10","5",-0.1014
"M2","genome-wide","DTF","CV1","10","5",0.369855555555556
"M3","genome-wide","DTF","CV1","10","5",0.431044444444444
"M2","haplotype-tagged","DTF","CV1","10","5",0.2843
"M3","haplotype-tagged","DTF","CV1","10","5",0.284566666666667
"M2","genome-wide","DTM","CV1","10","5",0.319311111111111
"M3","genome-wide","DTM","CV1","10","5",0.342366666666667
"M2","haplotype-tagged","DTM","CV1","10","5",0.290588888888889
"M3","haplotype-tagged","DTM","CV1","10","5",0.360322222222222
"M2","genome-wide","HSW","CV1","10","5",0.737255555555556
"M3","genome-wide","HSW","CV1","10","5",0.728211111111111
"M2","haplotype-tagged","HSW","CV1","10","5",0.7103
"M3","haplotype-tagged","HSW","CV1","10","5",0.674333333333333
"M2","genome-wide","PH","CV1","10","5",0.500711111111111
"M3","genome-wide","PH","CV1","10","5",0.4869
"M2","haplotype-tagged","PH","CV1","10","5",0.508888888888889
"M3","haplotype-tagged","PH","CV1","10","5",0.435388888888889
"M2","genome-wide","PPP","CV1","10","5",0.199655555555556
"M3","genome-wide","PPP","CV1","10","5",0.160144444444444
"M2","haplotype-tagged","PPP","CV1","10","5",0.177988888888889
"M3","haplotype-tagged","PPP","CV1","10","5",0.194177777777778
"M2","genome-wide","YPPlnt","CV1","10","5",0.183277777777778
"M3","genome-wide","YPPlnt","CV1","10","5",0.164733333333333
"M2","haplotype-tagged","YPPlnt","CV1","10","5",0.2172
"M3","haplotype-tagged","YPPlnt","CV1","10","5",0.0835222222222222
"M2","genome-wide","DTF","CV2","10","5",0.585055555555556
"M3","genome-wide","DTF","CV2","10","5",0.542311111111111
"M2","haplotype-tagged","DTF","CV2","10","5",0.571044444444444
"M3","haplotype-tagged","DTF","CV2","10","5",0.558844444444444
"M2","genome-wide","DTM","CV2","10","5",0.467655555555556
"M3","genome-wide","DTM","CV2","10","5",0.434633333333333
"M2","haplotype-tagged","DTM","CV2","10","5",0.463277777777778
"M3","haplotype-tagged","DTM","CV2","10","5",0.458666666666667
"M2","genome-wide","HSW","CV2","10","5",0.7369
"M3","genome-wide","HSW","CV2","10","5",0.737888888888889
"M2","haplotype-tagged","HSW","CV2","10","5",0.731477777777778
"M3","haplotype-tagged","HSW","CV2","10","5",0.736322222222222
"M2","genome-wide","PH","CV2","10","5",0.565822222222222
"M3","genome-wide","PH","CV2","10","5",0.575044444444444
"M2","haplotype-tagged","PH","CV2","10","5",0.565455555555556
"M3","haplotype-tagged","PH","CV2","10","5",0.572666666666667
"M2","genome-wide","PPP","CV2","10","5",0.226155555555556
"M3","genome-wide","PPP","CV2","10","5",0.253888888888889
"M2","haplotype-tagged","PPP","CV2","10","5",0.1843
"M3","haplotype-tagged","PPP","CV2","10","5",0.195844444444444
"M2","genome-wide","YPPlnt","CV2","10","5",0.234511111111111
"M3","genome-wide","YPPlnt","CV2","10","5",0.157533333333333
"M2","haplotype-tagged","YPPlnt","CV2","10","5",0.221344444444444
"M3","haplotype-tagged","YPPlnt","CV2","10","5",0.221477777777778
"M1","genome-wide","DTF","CV0","1","1",0.51665
"M1","genome-wide","DTM","CV0","1","1",0.3372
"M1","genome-wide","HSW","CV0","1","1",0.6789
"M1","genome-wide","PH","CV0","1","1",0.59585
"M1","genome-wide","PPP","CV0","1","1",0.101
"M1","genome-wide","YPPlnt","CV0","1","1",0.15995
"M1","genome-wide","DTF","CV00","1","1",-0.00465
"M1","genome-wide","DTM","CV00","1","1",-0.0913
"M1","genome-wide","HSW","CV00","1","1",0.0402
"M1","genome-wide","PH","CV00","1","1",-0.0258
"M1","genome-wide","PPP","CV00","1","1",-0.1349
"M1","genome-wide","YPPlnt","CV00","1","1",0.0078
"M1","genome-wide","DTF","CV1","1","1",0.0377333333333333
"M1","genome-wide","DTM","CV1","1","1",-0.0448777777777778
"M1","genome-wide","HSW","CV1","1","1",0.0522
"M1","genome-wide","PH","CV1","1","1",0.0339444444444444
"M1","genome-wide","PPP","CV1","1","1",0.0267777777777778
"M1","genome-wide","YPPlnt","CV1","1","1",-0.0886888888888889
"M1","genome-wide","DTF","CV2","1","1",0.615122222222222
"M1","genome-wide","DTM","CV2","1","1",0.433322222222222
"M1","genome-wide","HSW","CV2","1","1",0.801711111111111
"M1","genome-wide","PH","CV2","1","1",0.609955555555556
"M1","genome-wide","PPP","CV2","1","1",0.140055555555556
"M1","genome-wide","YPPlnt","CV2","1","1",0.0842222222222222
"M1","genome-wide","DTF","CV0","2","1",0.68035
"M1","genome-wide","DTM","CV0","2","1",0.4938
"M1","genome-wide","HSW","CV0","2","1",0.80025
"M1","genome-wide","PH","CV0","2","1",0.6392
"M1","genome-wide","PPP","CV0","2","1",0.2031
"M1","genome-wide","YPPlnt","CV0","2","1",0.1595
"M1","genome-wide","DTF","CV00","2","1",0.03855
"M1","genome-wide","DTM","CV00","2","1",-0.05745
"M1","genome-wide","HSW","CV00","2","1",-0.0117
"M1","genome-wide","PH","CV00","2","1",-0.02325
"M1","genome-wide","PPP","CV00","2","1",0.09185
"M1","genome-wide","YPPlnt","CV00","2","1",0.179
"M1","genome-wide","DTF","CV1","2","1",-0.113377777777778
"M1","genome-wide","DTM","CV1","2","1",0.190833333333333
"M1","genome-wide","HSW","CV1","2","1",0.0703666666666667
"M1","genome-wide","PH","CV1","2","1",0.0370666666666667
"M1","genome-wide","PPP","CV1","2","1",-0.0602111111111111
"M1","genome-wide","YPPlnt","CV1","2","1",-0.0234333333333333
"M1","genome-wide","DTF","CV2","2","1",0.585622222222222
"M1","genome-wide","DTM","CV2","2","1",0.493188888888889
"M1","genome-wide","HSW","CV2","2","1",0.754933333333333
"M1","genome-wide","PH","CV2","2","1",0.5926
"M1","genome-wide","PPP","CV2","2","1",0.2137
"M1","genome-wide","YPPlnt","CV2","2","1",0.114555555555556
"M1","genome-wide","DTF","CV0","3","1",0.64155
"M1","genome-wide","DTM","CV0","3","1",0.52915
"M1","genome-wide","HSW","CV0","3","1",0.7244
"M1","genome-wide","PH","CV0","3","1",0.6993
"M1","genome-wide","PPP","CV0","3","1",0.25505
"M1","genome-wide","YPPlnt","CV0","3","1",0.10485
"M1","genome-wide","DTF","CV00","3","1",0.13255
"M1","genome-wide","DTM","CV00","3","1",-0.02705
"M1","genome-wide","HSW","CV00","3","1",-0.06335
"M1","genome-wide","PH","CV00","3","1",-0.05005
"M1","genome-wide","PPP","CV00","3","1",-0.0862
"M1","genome-wide","YPPlnt","CV00","3","1",-0.06735
"M1","genome-wide","DTF","CV1","3","1",0.00626666666666666
"M1","genome-wide","DTM","CV1","3","1",0.165988888888889
"M1","genome-wide","HSW","CV1","3","1",-0.0771777777777778
"M1","genome-wide","PH","CV1","3","1",0.0957333333333333
"M1","genome-wide","PPP","CV1","3","1",0.0134888888888889
"M1","genome-wide","YPPlnt","CV1","3","1",-0.0384888888888889
"M1","genome-wide","DTF","CV2","3","1",0.584811111111111
"M1","genome-wide","DTM","CV2","3","1",0.505266666666667
"M1","genome-wide","HSW","CV2","3","1",0.718177777777778
"M1","genome-wide","PH","CV2","3","1",0.4846
"M1","genome-wide","PPP","CV2","3","1",0.0393555555555556
"M1","genome-wide","YPPlnt","CV2","3","1",0.0976666666666667
"M1","genome-wide","DTF","CV0","4","1",0.60025
"M1","genome-wide","DTM","CV0","4","1",0.49785
"M1","genome-wide","HSW","CV0","4","1",0.7087
"M1","genome-wide","PH","CV0","4","1",0.6836
"M1","genome-wide","PPP","CV0","4","1",0.1235
"M1","genome-wide","YPPlnt","CV0","4","1",0.20735
"M1","genome-wide","DTF","CV00","4","1",-0.2581
"M1","genome-wide","DTM","CV00","4","1",-0.12645
"M1","genome-wide","HSW","CV00","4","1",-0.1745
"M1","genome-wide","PH","CV00","4","1",-0.09875
"M1","genome-wide","PPP","CV00","4","1",0.19415
"M1","genome-wide","YPPlnt","CV00","4","1",0.38975
"M1","genome-wide","DTF","CV1","4","1",-0.105944444444444
"M1","genome-wide","DTM","CV1","4","1",-0.0965111111111111
"M1","genome-wide","HSW","CV1","4","1",0.144111111111111
"M1","genome-wide","PH","CV1","4","1",-0.0305333333333333
"M1","genome-wide","PPP","CV1","4","1",-0.0961111111111111
"M1","genome-wide","YPPlnt","CV1","4","1",-0.0899444444444445
"M1","genome-wide","DTF","CV2","4","1",0.541811111111111
"M1","genome-wide","DTM","CV2","4","1",0.504344444444444
"M1","genome-wide","HSW","CV2","4","1",0.7545
"M1","genome-wide","PH","CV2","4","1",0.6305
"M1","genome-wide","PPP","CV2","4","1",0.129288888888889
"M1","genome-wide","YPPlnt","CV2","4","1",0.118388888888889
"M1","genome-wide","DTF","CV0","5","1",0.63115
"M1","genome-wide","DTM","CV0","5","1",0.47515
"M1","genome-wide","HSW","CV0","5","1",0.7435
"M1","genome-wide","PH","CV0","5","1",0.59625
"M1","genome-wide","PPP","CV0","5","1",0.17885
"M1","genome-wide","YPPlnt","CV0","5","1",0.1058
"M1","genome-wide","DTF","CV00","5","1",-0.08365
"M1","genome-wide","DTM","CV00","5","1",0.07125
"M1","genome-wide","HSW","CV00","5","1",-0.0463
"M1","genome-wide","PH","CV00","5","1",0.07245
"M1","genome-wide","PPP","CV00","5","1",0.06305
"M1","genome-wide","YPPlnt","CV00","5","1",0.0816
"M1","genome-wide","DTF","CV1","5","1",-0.0391444444444444
"M1","genome-wide","DTM","CV1","5","1",-0.0472444444444444
"M1","genome-wide","HSW","CV1","5","1",-0.400211111111111
"M1","genome-wide","PH","CV1","5","1",-0.0757333333333333
"M1","genome-wide","PPP","CV1","5","1",-0.0248666666666667
"M1","genome-wide","YPPlnt","CV1","5","1",-0.0105666666666667
"M1","genome-wide","DTF","CV2","5","1",0.666744444444444
"M1","genome-wide","DTM","CV2","5","1",0.505055555555556
"M1","genome-wide","HSW","CV2","5","1",0.714266666666667
"M1","genome-wide","PH","CV2","5","1",0.527477777777778
"M1","genome-wide","PPP","CV2","5","1",0.159733333333333
"M1","genome-wide","YPPlnt","CV2","5","1",0.105866666666667
"M1","genome-wide","DTF","CV0","6","1",0.5515
"M1","genome-wide","DTM","CV0","6","1",0.377
"M1","genome-wide","HSW","CV0","6","1",0.6727
"M1","genome-wide","PH","CV0","6","1",0.6046
"M1","genome-wide","PPP","CV0","6","1",0.2475
"M1","genome-wide","YPPlnt","CV0","6","1",0.0678
"M1","genome-wide","DTF","CV00","6","1",0.00575
"M1","genome-wide","DTM","CV00","6","1",-0.0273
"M1","genome-wide","HSW","CV00","6","1",0.06365
"M1","genome-wide","PH","CV00","6","1",-0.139
"M1","genome-wide","PPP","CV00","6","1",-0.2233
"M1","genome-wide","YPPlnt","CV00","6","1",0.1048
"M1","genome-wide","DTF","CV1","6","1",0.205844444444444
"M1","genome-wide","DTM","CV1","6","1",0.0786666666666667
"M1","genome-wide","HSW","CV1","6","1",0.00194444444444445
"M1","genome-wide","PH","CV1","6","1",-0.2062
"M1","genome-wide","PPP","CV1","6","1",0.128311111111111
"M1","genome-wide","YPPlnt","CV1","6","1",0.0475222222222222
"M1","genome-wide","DTF","CV2","6","1",0.642977777777778
"M1","genome-wide","DTM","CV2","6","1",0.453022222222222
"M1","genome-wide","HSW","CV2","6","1",0.728411111111111
"M1","genome-wide","PH","CV2","6","1",0.506422222222222
"M1","genome-wide","PPP","CV2","6","1",0.146266666666667
"M1","genome-wide","YPPlnt","CV2","6","1",0.224377777777778
"M1","genome-wide","DTF","CV0","7","1",0.72745
"M1","genome-wide","DTM","CV0","7","1",0.6197
"M1","genome-wide","HSW","CV0","7","1",0.75555
"M1","genome-wide","PH","CV0","7","1",0.70125
"M1","genome-wide","PPP","CV0","7","1",0.21025
"M1","genome-wide","YPPlnt","CV0","7","1",0.11885
"M1","genome-wide","DTF","CV00","7","1",-0.1018
"M1","genome-wide","DTM","CV00","7","1",0.0447
"M1","genome-wide","HSW","CV00","7","1",-0.0943
"M1","genome-wide","PH","CV00","7","1",0.0014
"M1","genome-wide","PPP","CV00","7","1",0.0069
"M1","genome-wide","YPPlnt","CV00","7","1",-0.07675
"M1","genome-wide","DTF","CV1","7","1",0.0257
"M1","genome-wide","DTM","CV1","7","1",-0.139922222222222
"M1","genome-wide","HSW","CV1","7","1",0.209211111111111
"M1","genome-wide","PH","CV1","7","1",0.2398
"M1","genome-wide","PPP","CV1","7","1",0.0436222222222222
"M1","genome-wide","YPPlnt","CV1","7","1",-0.0577888888888889
"M1","genome-wide","DTF","CV2","7","1",0.616644444444444
"M1","genome-wide","DTM","CV2","7","1",0.450533333333333
"M1","genome-wide","HSW","CV2","7","1",0.7567
"M1","genome-wide","PH","CV2","7","1",0.600877777777778
"M1","genome-wide","PPP","CV2","7","1",0.189166666666667
"M1","genome-wide","YPPlnt","CV2","7","1",0.111933333333333
"M1","genome-wide","DTF","CV0","8","1",0.49505
"M1","genome-wide","DTM","CV0","8","1",0.38955
"M1","genome-wide","HSW","CV0","8","1",0.699
"M1","genome-wide","PH","CV0","8","1",0.61145
"M1","genome-wide","PPP","CV0","8","1",0.11935
"M1","genome-wide","YPPlnt","CV0","8","1",0.1383
"M1","genome-wide","DTF","CV00","8","1",0.06295
"M1","genome-wide","DTM","CV00","8","1",-0.1208
"M1","genome-wide","HSW","CV00","8","1",0.13245
"M1","genome-wide","PH","CV00","8","1",0.2016
"M1","genome-wide","PPP","CV00","8","1",0.1058
"M1","genome-wide","YPPlnt","CV00","8","1",-0.1681
"M1","genome-wide","DTF","CV1","8","1",0.135711111111111
"M1","genome-wide","DTM","CV1","8","1",-0.00907777777777778
"M1","genome-wide","HSW","CV1","8","1",0.102833333333333
"M1","genome-wide","PH","CV1","8","1",-0.0120666666666667
"M1","genome-wide","PPP","CV1","8","1",0.0136666666666667
"M1","genome-wide","YPPlnt","CV1","8","1",0.00282222222222222
"M1","genome-wide","DTF","CV2","8","1",0.602966666666667
"M1","genome-wide","DTM","CV2","8","1",0.4471
"M1","genome-wide","HSW","CV2","8","1",0.756422222222222
"M1","genome-wide","PH","CV2","8","1",0.5767
"M1","genome-wide","PPP","CV2","8","1",0.126122222222222
"M1","genome-wide","YPPlnt","CV2","8","1",0.0398555555555555
"M1","genome-wide","DTF","CV0","9","1",0.7781
"M1","genome-wide","DTM","CV0","9","1",0.65985
"M1","genome-wide","HSW","CV0","9","1",0.80725
"M1","genome-wide","PH","CV0","9","1",0.74035
"M1","genome-wide","PPP","CV0","9","1",0.1755
"M1","genome-wide","YPPlnt","CV0","9","1",0.14395
"M1","genome-wide","DTF","CV00","9","1",0.2144
"M1","genome-wide","DTM","CV00","9","1",0.1284
"M1","genome-wide","HSW","CV00","9","1",-0.24915
"M1","genome-wide","PH","CV00","9","1",0.0812
"M1","genome-wide","PPP","CV00","9","1",-0.17775
"M1","genome-wide","YPPlnt","CV00","9","1",0.0577
"M1","genome-wide","DTF","CV1","9","1",-0.0669666666666667
"M1","genome-wide","DTM","CV1","9","1",0.0638666666666667
"M1","genome-wide","HSW","CV1","9","1",-0.0161666666666667
"M1","genome-wide","PH","CV1","9","1",-0.0914444444444445
"M1","genome-wide","PPP","CV1","9","1",-0.0363666666666667
"M1","genome-wide","YPPlnt","CV1","9","1",-0.104866666666667
"M1","genome-wide","DTF","CV2","9","1",0.589444444444444
"M1","genome-wide","DTM","CV2","9","1",0.496433333333333
"M1","genome-wide","HSW","CV2","9","1",0.769288888888889
"M1","genome-wide","PH","CV2","9","1",0.5569
"M1","genome-wide","PPP","CV2","9","1",0.168744444444444
"M1","genome-wide","YPPlnt","CV2","9","1",0.0220777777777778
"M1","genome-wide","DTF","CV0","10","1",0.6835
"M1","genome-wide","DTM","CV0","10","1",0.523
"M1","genome-wide","HSW","CV0","10","1",0.7597
"M1","genome-wide","PH","CV0","10","1",0.743
"M1","genome-wide","PPP","CV0","10","1",0.2706
"M1","genome-wide","YPPlnt","CV0","10","1",0.14665
"M1","genome-wide","DTF","CV00","10","1",-0.0436
"M1","genome-wide","DTM","CV00","10","1",0.01205
"M1","genome-wide","HSW","CV00","10","1",0.1094
"M1","genome-wide","PH","CV00","10","1",0.06125
"M1","genome-wide","PPP","CV00","10","1",-0.22685
"M1","genome-wide","YPPlnt","CV00","10","1",-0.16745
"M1","genome-wide","DTF","CV1","10","1",-0.3196
"M1","genome-wide","DTM","CV1","10","1",-0.0143333333333333
"M1","genome-wide","HSW","CV1","10","1",-0.200433333333333
"M1","genome-wide","PH","CV1","10","1",0.0382777777777778
"M1","genome-wide","PPP","CV1","10","1",0.0791111111111111
"M1","genome-wide","YPPlnt","CV1","10","1",0.0547666666666667
"M1","genome-wide","DTF","CV2","10","1",0.6026
"M1","genome-wide","DTM","CV2","10","1",0.462011111111111
"M1","genome-wide","HSW","CV2","10","1",0.718877777777778
"M1","genome-wide","PH","CV2","10","1",0.575777777777778
"M1","genome-wide","PPP","CV2","10","1",0.140333333333333
"M1","genome-wide","YPPlnt","CV2","10","1",0.106711111111111
"M1","genome-wide","DTF","CV0","1","2",0.6242
"M1","genome-wide","DTM","CV0","1","2",0.46265
"M1","genome-wide","HSW","CV0","1","2",0.78645
"M1","genome-wide","PH","CV0","1","2",0.28895
"M1","genome-wide","PPP","CV0","1","2",0.13155
"M1","genome-wide","YPPlnt","CV0","1","2",0.08025
"M1","genome-wide","DTF","CV00","1","2",0.0594
"M1","genome-wide","DTM","CV00","1","2",-0.114
"M1","genome-wide","HSW","CV00","1","2",-0.19765
"M1","genome-wide","PH","CV00","1","2",-0.1225
"M1","genome-wide","PPP","CV00","1","2",0.14605
"M1","genome-wide","YPPlnt","CV00","1","2",0.29745
"M1","genome-wide","DTF","CV1","1","2",-0.141444444444444
"M1","genome-wide","DTM","CV1","1","2",0.00727777777777778
"M1","genome-wide","HSW","CV1","1","2",0.0403777777777778
"M1","genome-wide","PH","CV1","1","2",-0.0663777777777778
"M1","genome-wide","PPP","CV1","1","2",-0.101477777777778
"M1","genome-wide","YPPlnt","CV1","1","2",0.00513333333333334
"M1","genome-wide","DTF","CV2","1","2",0.601644444444444
"M1","genome-wide","DTM","CV2","1","2",0.446788888888889
"M1","genome-wide","HSW","CV2","1","2",0.665433333333333
"M1","genome-wide","PH","CV2","1","2",0.563155555555556
"M1","genome-wide","PPP","CV2","1","2",0.103777777777778
"M1","genome-wide","YPPlnt","CV2","1","2",0.0650888888888889
"M1","genome-wide","DTF","CV0","2","2",0.64655
"M1","genome-wide","DTM","CV0","2","2",0.53255
"M1","genome-wide","HSW","CV0","2","2",0.77525
"M1","genome-wide","PH","CV0","2","2",0.65435
"M1","genome-wide","PPP","CV0","2","2",0.10785
"M1","genome-wide","YPPlnt","CV0","2","2",0.17365
"M1","genome-wide","DTF","CV00","2","2",-0.0403
"M1","genome-wide","DTM","CV00","2","2",0.01135
"M1","genome-wide","HSW","CV00","2","2",-0.0509
"M1","genome-wide","PH","CV00","2","2",-0.1012
"M1","genome-wide","PPP","CV00","2","2",0.3139
"M1","genome-wide","YPPlnt","CV00","2","2",-0.01245
"M1","genome-wide","DTF","CV1","2","2",-0.102088888888889
"M1","genome-wide","DTM","CV1","2","2",0.0733111111111111
"M1","genome-wide","HSW","CV1","2","2",0.0355888888888889
"M1","genome-wide","PH","CV1","2","2",0.1155
"M1","genome-wide","PPP","CV1","2","2",-0.0484555555555556
"M1","genome-wide","YPPlnt","CV1","2","2",-0.0442555555555556
"M1","genome-wide","DTF","CV2","2","2",0.634244444444444
"M1","genome-wide","DTM","CV2","2","2",0.4313
"M1","genome-wide","HSW","CV2","2","2",0.784555555555556
"M1","genome-wide","PH","CV2","2","2",0.469744444444444
"M1","genome-wide","PPP","CV2","2","2",0.095
"M1","genome-wide","YPPlnt","CV2","2","2",0.153322222222222
"M1","genome-wide","DTF","CV0","3","2",0.6402
"M1","genome-wide","DTM","CV0","3","2",0.5305
"M1","genome-wide","HSW","CV0","3","2",0.75095
"M1","genome-wide","PH","CV0","3","2",0.59045
"M1","genome-wide","PPP","CV0","3","2",0.21035
"M1","genome-wide","YPPlnt","CV0","3","2",0.1059
"M1","genome-wide","DTF","CV00","3","2",0.0402
"M1","genome-wide","DTM","CV00","3","2",0.15975
"M1","genome-wide","HSW","CV00","3","2",-0.36165
"M1","genome-wide","PH","CV00","3","2",0.0632
"M1","genome-wide","PPP","CV00","3","2",-0.1803
"M1","genome-wide","YPPlnt","CV00","3","2",-0.08185
"M1","genome-wide","DTF","CV1","3","2",0.0247111111111111
"M1","genome-wide","DTM","CV1","3","2",0.136333333333333
"M1","genome-wide","HSW","CV1","3","2",0.233133333333333
"M1","genome-wide","PH","CV1","3","2",0.0200666666666667
"M1","genome-wide","PPP","CV1","3","2",0.000488888888888882
"M1","genome-wide","YPPlnt","CV1","3","2",-0.0207111111111111
"M1","genome-wide","DTF","CV2","3","2",0.591855555555556
"M1","genome-wide","DTM","CV2","3","2",0.528488888888889
"M1","genome-wide","HSW","CV2","3","2",0.761077777777778
"M1","genome-wide","PH","CV2","3","2",0.615088888888889
"M1","genome-wide","PPP","CV2","3","2",0.194822222222222
"M1","genome-wide","YPPlnt","CV2","3","2",0.130377777777778
"M1","genome-wide","DTF","CV0","4","2",0.49455
"M1","genome-wide","DTM","CV0","4","2",0.389
"M1","genome-wide","HSW","CV0","4","2",0.6984
"M1","genome-wide","PH","CV0","4","2",0.61165
"M1","genome-wide","PPP","CV0","4","2",0.1204
"M1","genome-wide","YPPlnt","CV0","4","2",0.14085
"M1","genome-wide","DTF","CV00","4","2",-0.04435
"M1","genome-wide","DTM","CV00","4","2",0.09015
"M1","genome-wide","HSW","CV00","4","2",-0.06615
"M1","genome-wide","PH","CV00","4","2",-0.1398
"M1","genome-wide","PPP","CV00","4","2",-0.08875
"M1","genome-wide","YPPlnt","CV00","4","2",-0.08705
"M1","genome-wide","DTF","CV1","4","2",0.0594888888888889
"M1","genome-wide","DTM","CV1","4","2",-0.00781111111111111
"M1","genome-wide","HSW","CV1","4","2",-0.0196333333333333
"M1","genome-wide","PH","CV1","4","2",-0.123188888888889
"M1","genome-wide","PPP","CV1","4","2",0.00326666666666667
"M1","genome-wide","YPPlnt","CV1","4","2",-0.0110888888888889
"M1","genome-wide","DTF","CV2","4","2",0.630977777777778
"M1","genome-wide","DTM","CV2","4","2",0.5181
"M1","genome-wide","HSW","CV2","4","2",0.784122222222222
"M1","genome-wide","PH","CV2","4","2",0.520011111111111
"M1","genome-wide","PPP","CV2","4","2",0.195022222222222
"M1","genome-wide","YPPlnt","CV2","4","2",0.0543333333333333
"M1","genome-wide","DTF","CV0","5","2",0.64185
"M1","genome-wide","DTM","CV0","5","2",0.5858
"M1","genome-wide","HSW","CV0","5","2",0.7886
"M1","genome-wide","PH","CV0","5","2",0.3985
"M1","genome-wide","PPP","CV0","5","2",0.0648
"M1","genome-wide","YPPlnt","CV0","5","2",0.20125
"M1","genome-wide","DTF","CV00","5","2",-0.1248
"M1","genome-wide","DTM","CV00","5","2",-0.0451
"M1","genome-wide","HSW","CV00","5","2",-0.34315
"M1","genome-wide","PH","CV00","5","2",0.2581
"M1","genome-wide","PPP","CV00","5","2",0.22845
"M1","genome-wide","YPPlnt","CV00","5","2",0.03075
"M1","genome-wide","DTF","CV1","5","2",0.171777777777778
"M1","genome-wide","DTM","CV1","5","2",-0.0428222222222222
"M1","genome-wide","HSW","CV1","5","2",-0.310855555555556
"M1","genome-wide","PH","CV1","5","2",-0.0841333333333333
"M1","genome-wide","PPP","CV1","5","2",-0.0275666666666667
"M1","genome-wide","YPPlnt","CV1","5","2",0.00214444444444444
"M1","genome-wide","DTF","CV2","5","2",0.656211111111111
"M1","genome-wide","DTM","CV2","5","2",0.471733333333333
"M1","genome-wide","HSW","CV2","5","2",0.7202
"M1","genome-wide","PH","CV2","5","2",0.630366666666667
"M1","genome-wide","PPP","CV2","5","2",0.185611111111111
"M1","genome-wide","YPPlnt","CV2","5","2",0.0570888888888889
"M1","genome-wide","DTF","CV0","6","2",0.6926
"M1","genome-wide","DTM","CV0","6","2",0.5766
"M1","genome-wide","HSW","CV0","6","2",0.7896
"M1","genome-wide","PH","CV0","6","2",0.43795
"M1","genome-wide","PPP","CV0","6","2",0.1452
"M1","genome-wide","YPPlnt","CV0","6","2",0.07155
"M1","genome-wide","DTF","CV00","6","2",-0.2423
"M1","genome-wide","DTM","CV00","6","2",-0.0105
"M1","genome-wide","HSW","CV00","6","2",0.0684
"M1","genome-wide","PH","CV00","6","2",-0.00625
"M1","genome-wide","PPP","CV00","6","2",0.085
"M1","genome-wide","YPPlnt","CV00","6","2",-0.2163
"M1","genome-wide","DTF","CV1","6","2",-0.0428444444444444
"M1","genome-wide","DTM","CV1","6","2",0.225177777777778
"M1","genome-wide","HSW","CV1","6","2",-0.0770666666666667
"M1","genome-wide","PH","CV1","6","2",0.00406666666666666
"M1","genome-wide","PPP","CV1","6","2",0.0424555555555556
"M1","genome-wide","YPPlnt","CV1","6","2",-0.0556
"M1","genome-wide","DTF","CV2","6","2",0.574833333333333
"M1","genome-wide","DTM","CV2","6","2",0.4771
"M1","genome-wide","HSW","CV2","6","2",0.723755555555555
"M1","genome-wide","PH","CV2","6","2",0.498366666666667
"M1","genome-wide","PPP","CV2","6","2",0.229488888888889
"M1","genome-wide","YPPlnt","CV2","6","2",0.299077777777778
"M1","genome-wide","DTF","CV0","7","2",0.68315
"M1","genome-wide","DTM","CV0","7","2",0.52305
"M1","genome-wide","HSW","CV0","7","2",0.7607
"M1","genome-wide","PH","CV0","7","2",0.7415
"M1","genome-wide","PPP","CV0","7","2",0.2727
"M1","genome-wide","YPPlnt","CV0","7","2",0.15155
"M1","genome-wide","DTF","CV00","7","2",0.00435000000000001
"M1","genome-wide","DTM","CV00","7","2",0.09605
"M1","genome-wide","HSW","CV00","7","2",0.12515
"M1","genome-wide","PH","CV00","7","2",0.08625
"M1","genome-wide","PPP","CV00","7","2",0.2416
"M1","genome-wide","YPPlnt","CV00","7","2",-0.053
"M1","genome-wide","DTF","CV1","7","2",-0.121844444444444
"M1","genome-wide","DTM","CV1","7","2",0.0659222222222222
"M1","genome-wide","HSW","CV1","7","2",-0.0116666666666667
"M1","genome-wide","PH","CV1","7","2",-0.191844444444444
"M1","genome-wide","PPP","CV1","7","2",0.0550333333333333
"M1","genome-wide","YPPlnt","CV1","7","2",-0.0223888888888889
"M1","genome-wide","DTF","CV2","7","2",0.623622222222222
"M1","genome-wide","DTM","CV2","7","2",0.541355555555556
"M1","genome-wide","HSW","CV2","7","2",0.755844444444444
"M1","genome-wide","PH","CV2","7","2",0.589266666666667
"M1","genome-wide","PPP","CV2","7","2",0.0889777777777778
"M1","genome-wide","YPPlnt","CV2","7","2",0.075
"M1","genome-wide","DTF","CV0","8","2",0.70805
"M1","genome-wide","DTM","CV0","8","2",0.5736
"M1","genome-wide","HSW","CV0","8","2",0.7902
"M1","genome-wide","PH","CV0","8","2",0.6193
"M1","genome-wide","PPP","CV0","8","2",0.23245
"M1","genome-wide","YPPlnt","CV0","8","2",0.0389
"M1","genome-wide","DTF","CV00","8","2",0.0802
"M1","genome-wide","DTM","CV00","8","2",-0.19915
"M1","genome-wide","HSW","CV00","8","2",0.04195
"M1","genome-wide","PH","CV00","8","2",-0.0227
"M1","genome-wide","PPP","CV00","8","2",-0.12755
"M1","genome-wide","YPPlnt","CV00","8","2",0.07305
"M1","genome-wide","DTF","CV1","8","2",-0.123011111111111
"M1","genome-wide","DTM","CV1","8","2",0.0821666666666667
"M1","genome-wide","HSW","CV1","8","2",0.278066666666667
"M1","genome-wide","PH","CV1","8","2",0.0294222222222222
"M1","genome-wide","PPP","CV1","8","2",0.0307444444444444
"M1","genome-wide","YPPlnt","CV1","8","2",0.042
"M1","genome-wide","DTF","CV2","8","2",0.5612
"M1","genome-wide","DTM","CV2","8","2",0.5245
"M1","genome-wide","HSW","CV2","8","2",0.7875
"M1","genome-wide","PH","CV2","8","2",0.6257
"M1","genome-wide","PPP","CV2","8","2",0.191233333333333
"M1","genome-wide","YPPlnt","CV2","8","2",0.102377777777778
"M1","genome-wide","DTF","CV0","9","2",0.6818
"M1","genome-wide","DTM","CV0","9","2",0.5243
"M1","genome-wide","HSW","CV0","9","2",0.78275
"M1","genome-wide","PH","CV0","9","2",0.6843
"M1","genome-wide","PPP","CV0","9","2",0.1426
"M1","genome-wide","YPPlnt","CV0","9","2",0.1
"M1","genome-wide","DTF","CV00","9","2",-0.0195
"M1","genome-wide","DTM","CV00","9","2",0.1176
"M1","genome-wide","HSW","CV00","9","2",0.13425
"M1","genome-wide","PH","CV00","9","2",-0.22535
"M1","genome-wide","PPP","CV00","9","2",-0.1766
"M1","genome-wide","YPPlnt","CV00","9","2",-0.0905
"M1","genome-wide","DTF","CV1","9","2",-0.0910555555555556
"M1","genome-wide","DTM","CV1","9","2",0.0407777777777778
"M1","genome-wide","HSW","CV1","9","2",0.170244444444444
"M1","genome-wide","PH","CV1","9","2",0.00395555555555556
"M1","genome-wide","PPP","CV1","9","2",-0.0613777777777778
"M1","genome-wide","YPPlnt","CV1","9","2",0.0365777777777778
"M1","genome-wide","DTF","CV2","9","2",0.596133333333333
"M1","genome-wide","DTM","CV2","9","2",0.461011111111111
"M1","genome-wide","HSW","CV2","9","2",0.738755555555555
"M1","genome-wide","PH","CV2","9","2",0.604933333333333
"M1","genome-wide","PPP","CV2","9","2",0.147588888888889
"M1","genome-wide","YPPlnt","CV2","9","2",0.145022222222222
"M1","genome-wide","DTF","CV0","10","2",0.6238
"M1","genome-wide","DTM","CV0","10","2",0.4622
"M1","genome-wide","HSW","CV0","10","2",0.7865
"M1","genome-wide","PH","CV0","10","2",0.28845
"M1","genome-wide","PPP","CV0","10","2",0.1316
"M1","genome-wide","YPPlnt","CV0","10","2",0.07965
"M1","genome-wide","DTF","CV00","10","2",0.08665
"M1","genome-wide","DTM","CV00","10","2",0.06675
"M1","genome-wide","HSW","CV00","10","2",-0.12525
"M1","genome-wide","PH","CV00","10","2",0.2102
"M1","genome-wide","PPP","CV00","10","2",0.0251
"M1","genome-wide","YPPlnt","CV00","10","2",0.1861
"M1","genome-wide","DTF","CV1","10","2",0.00715555555555555
"M1","genome-wide","DTM","CV1","10","2",-0.0408666666666667
"M1","genome-wide","HSW","CV1","10","2",-0.108055555555556
"M1","genome-wide","PH","CV1","10","2",-0.00343333333333334
"M1","genome-wide","PPP","CV1","10","2",-0.136011111111111
"M1","genome-wide","YPPlnt","CV1","10","2",-0.0157777777777778
"M1","genome-wide","DTF","CV2","10","2",0.644122222222222
"M1","genome-wide","DTM","CV2","10","2",0.514255555555556
"M1","genome-wide","HSW","CV2","10","2",0.766755555555556
"M1","genome-wide","PH","CV2","10","2",0.589622222222222
"M1","genome-wide","PPP","CV2","10","2",0.130711111111111
"M1","genome-wide","YPPlnt","CV2","10","2",0.0971666666666667
"M1","genome-wide","DTF","CV0","1","3",0.64695
"M1","genome-wide","DTM","CV0","1","3",0.53375
"M1","genome-wide","HSW","CV0","1","3",0.7753
"M1","genome-wide","PH","CV0","1","3",0.6524
"M1","genome-wide","PPP","CV0","1","3",0.1027
"M1","genome-wide","YPPlnt","CV0","1","3",0.17965
"M1","genome-wide","DTF","CV00","1","3",0.1555
"M1","genome-wide","DTM","CV00","1","3",0.04035
"M1","genome-wide","HSW","CV00","1","3",-0.35835
"M1","genome-wide","PH","CV00","1","3",0.0281
"M1","genome-wide","PPP","CV00","1","3",0.0559
"M1","genome-wide","YPPlnt","CV00","1","3",0.0382
"M1","genome-wide","DTF","CV1","1","3",0.0218888888888889
"M1","genome-wide","DTM","CV1","1","3",0.105588888888889
"M1","genome-wide","HSW","CV1","1","3",-0.0172
"M1","genome-wide","PH","CV1","1","3",-0.104211111111111
"M1","genome-wide","PPP","CV1","1","3",0.0729666666666667
"M1","genome-wide","YPPlnt","CV1","1","3",-0.140844444444444
"M1","genome-wide","DTF","CV2","1","3",0.585288888888889
"M1","genome-wide","DTM","CV2","1","3",0.511466666666667
"M1","genome-wide","HSW","CV2","1","3",0.706488888888889
"M1","genome-wide","PH","CV2","1","3",0.509877777777778
"M1","genome-wide","PPP","CV2","1","3",0.118377777777778
"M1","genome-wide","YPPlnt","CV2","1","3",0.197011111111111
"M1","genome-wide","DTF","CV0","2","3",0.5516
"M1","genome-wide","DTM","CV0","2","3",0.38005
"M1","genome-wide","HSW","CV0","2","3",0.6727
"M1","genome-wide","PH","CV0","2","3",0.60235
"M1","genome-wide","PPP","CV0","2","3",0.25195
"M1","genome-wide","YPPlnt","CV0","2","3",0.06495
"M1","genome-wide","DTF","CV00","2","3",-0.00835
"M1","genome-wide","DTM","CV00","2","3",0.08695
"M1","genome-wide","HSW","CV00","2","3",0.20115
"M1","genome-wide","PH","CV00","2","3",0.0159
"M1","genome-wide","PPP","CV00","2","3",-0.01325
"M1","genome-wide","YPPlnt","CV00","2","3",0.1187
"M1","genome-wide","DTF","CV1","2","3",-0.1354
"M1","genome-wide","DTM","CV1","2","3",0.0164222222222222
"M1","genome-wide","HSW","CV1","2","3",-0.130544444444444
"M1","genome-wide","PH","CV1","2","3",-0.0898111111111111
"M1","genome-wide","PPP","CV1","2","3",0.103677777777778
"M1","genome-wide","YPPlnt","CV1","2","3",-0.0305222222222222
"M1","genome-wide","DTF","CV2","2","3",0.6562
"M1","genome-wide","DTM","CV2","2","3",0.524
"M1","genome-wide","HSW","CV2","2","3",0.7441
"M1","genome-wide","PH","CV2","2","3",0.563
"M1","genome-wide","PPP","CV2","2","3",0.0988888888888889
"M1","genome-wide","YPPlnt","CV2","2","3",0.174444444444444
"M1","genome-wide","DTF","CV0","3","3",0.6798
"M1","genome-wide","DTM","CV0","3","3",0.49285
"M1","genome-wide","HSW","CV0","3","3",0.79995
"M1","genome-wide","PH","CV0","3","3",0.63755
"M1","genome-wide","PPP","CV0","3","3",0.2045
"M1","genome-wide","YPPlnt","CV0","3","3",0.1551
"M1","genome-wide","DTF","CV00","3","3",0.0854
"M1","genome-wide","DTM","CV00","3","3",0.05505
"M1","genome-wide","HSW","CV00","3","3",0.1001
"M1","genome-wide","PH","CV00","3","3",0.11275
"M1","genome-wide","PPP","CV00","3","3",0.1666
"M1","genome-wide","YPPlnt","CV00","3","3",0.305
"M1","genome-wide","DTF","CV1","3","3",0.0647
"M1","genome-wide","DTM","CV1","3","3",0.0476
"M1","genome-wide","HSW","CV1","3","3",0.172533333333333
"M1","genome-wide","PH","CV1","3","3",-0.124611111111111
"M1","genome-wide","PPP","CV1","3","3",0.0673444444444445
"M1","genome-wide","YPPlnt","CV1","3","3",-0.0792
"M1","genome-wide","DTF","CV2","3","3",0.590566666666667
"M1","genome-wide","DTM","CV2","3","3",0.458622222222222
"M1","genome-wide","HSW","CV2","3","3",0.774055555555556
"M1","genome-wide","PH","CV2","3","3",0.575922222222222
"M1","genome-wide","PPP","CV2","3","3",0.203455555555556
"M1","genome-wide","YPPlnt","CV2","3","3",0.0544666666666667
"M1","genome-wide","DTF","CV0","4","3",0.6794
"M1","genome-wide","DTM","CV0","4","3",0.4957
"M1","genome-wide","HSW","CV0","4","3",0.7994
"M1","genome-wide","PH","CV0","4","3",0.6395
"M1","genome-wide","PPP","CV0","4","3",0.20705
"M1","genome-wide","YPPlnt","CV0","4","3",0.1624
"M1","genome-wide","DTF","CV00","4","3",0.01785
"M1","genome-wide","DTM","CV00","4","3",0.14445
"M1","genome-wide","HSW","CV00","4","3",0.01135
"M1","genome-wide","PH","CV00","4","3",0.0535
"M1","genome-wide","PPP","CV00","4","3",0.01855
"M1","genome-wide","YPPlnt","CV00","4","3",-0.00225
"M1","genome-wide","DTF","CV1","4","3",0.197633333333333
"M1","genome-wide","DTM","CV1","4","3",-0.177333333333333
"M1","genome-wide","HSW","CV1","4","3",0.101533333333333
"M1","genome-wide","PH","CV1","4","3",0.0454
"M1","genome-wide","PPP","CV1","4","3",-0.109022222222222
"M1","genome-wide","YPPlnt","CV1","4","3",0.0167666666666667
"M1","genome-wide","DTF","CV2","4","3",0.559055555555556
"M1","genome-wide","DTM","CV2","4","3",0.512577777777778
"M1","genome-wide","HSW","CV2","4","3",0.708588888888889
"M1","genome-wide","PH","CV2","4","3",0.5551
"M1","genome-wide","PPP","CV2","4","3",0.0459333333333333
"M1","genome-wide","YPPlnt","CV2","4","3",0.146633333333333
"M1","genome-wide","DTF","CV0","5","3",0.55155
"M1","genome-wide","DTM","CV0","5","3",0.3782
"M1","genome-wide","HSW","CV0","5","3",0.6712
"M1","genome-wide","PH","CV0","5","3",0.60215
"M1","genome-wide","PPP","CV0","5","3",0.25415
"M1","genome-wide","YPPlnt","CV0","5","3",0.06615
"M1","genome-wide","DTF","CV00","5","3",0.07305
"M1","genome-wide","DTM","CV00","5","3",-0.11505
"M1","genome-wide","HSW","CV00","5","3",0.21425
"M1","genome-wide","PH","CV00","5","3",-0.076
"M1","genome-wide","PPP","CV00","5","3",-0.0703
"M1","genome-wide","YPPlnt","CV00","5","3",0.041
"M1","genome-wide","DTF","CV1","5","3",0.0282555555555556
"M1","genome-wide","DTM","CV1","5","3",-0.0171777777777778
"M1","genome-wide","HSW","CV1","5","3",0.0921888888888889
"M1","genome-wide","PH","CV1","5","3",-0.125844444444444
"M1","genome-wide","PPP","CV1","5","3",-0.0280555555555556
"M1","genome-wide","YPPlnt","CV1","5","3",0.00643333333333333
"M1","genome-wide","DTF","CV2","5","3",0.648622222222222
"M1","genome-wide","DTM","CV2","5","3",0.47
"M1","genome-wide","HSW","CV2","5","3",0.732977777777778
"M1","genome-wide","PH","CV2","5","3",0.566744444444444
"M1","genome-wide","PPP","CV2","5","3",0.104477777777778
"M1","genome-wide","YPPlnt","CV2","5","3",0.146277777777778
"M1","genome-wide","DTF","CV0","6","3",0.6036
"M1","genome-wide","DTM","CV0","6","3",0.47125
"M1","genome-wide","HSW","CV0","6","3",0.74
"M1","genome-wide","PH","CV0","6","3",0.5712
"M1","genome-wide","PPP","CV0","6","3",0.05635
"M1","genome-wide","YPPlnt","CV0","6","3",0.165
"M1","genome-wide","DTF","CV00","6","3",-0.0201
"M1","genome-wide","DTM","CV00","6","3",-0.27365
"M1","genome-wide","HSW","CV00","6","3",-0.30485
"M1","genome-wide","PH","CV00","6","3",-0.14905
"M1","genome-wide","PPP","CV00","6","3",0.05785
"M1","genome-wide","YPPlnt","CV00","6","3",-0.13995
"M1","genome-wide","DTF","CV1","6","3",-0.0422666666666667
"M1","genome-wide","DTM","CV1","6","3",0.0126777777777778
"M1","genome-wide","HSW","CV1","6","3",0.0550777777777778
"M1","genome-wide","PH","CV1","6","3",-0.103777777777778
"M1","genome-wide","PPP","CV1","6","3",0.0608777777777778
"M1","genome-wide","YPPlnt","CV1","6","3",-0.00762222222222222
"M1","genome-wide","DTF","CV2","6","3",0.599177777777778
"M1","genome-wide","DTM","CV2","6","3",0.447955555555556
"M1","genome-wide","HSW","CV2","6","3",0.747188888888889
"M1","genome-wide","PH","CV2","6","3",0.634633333333333
"M1","genome-wide","PPP","CV2","6","3",0.0618555555555556
"M1","genome-wide","YPPlnt","CV2","6","3",0.113355555555556
"M1","genome-wide","DTF","CV0","7","3",0.4952
"M1","genome-wide","DTM","CV0","7","3",0.3868
"M1","genome-wide","HSW","CV0","7","3",0.69885
"M1","genome-wide","PH","CV0","7","3",0.612
"M1","genome-wide","PPP","CV0","7","3",0.12395
"M1","genome-wide","YPPlnt","CV0","7","3",0.14225
"M1","genome-wide","DTF","CV00","7","3",-0.2465
"M1","genome-wide","DTM","CV00","7","3",0.03295
"M1","genome-wide","HSW","CV00","7","3",0.2675
"M1","genome-wide","PH","CV00","7","3",-0.16295
"M1","genome-wide","PPP","CV00","7","3",-0.0568
"M1","genome-wide","YPPlnt","CV00","7","3",0.10825
"M1","genome-wide","DTF","CV1","7","3",0.0607888888888889
"M1","genome-wide","DTM","CV1","7","3",-0.0416666666666667
"M1","genome-wide","HSW","CV1","7","3",-0.0833888888888889
"M1","genome-wide","PH","CV1","7","3",0.0127222222222222
"M1","genome-wide","PPP","CV1","7","3",0.0142111111111111
"M1","genome-wide","YPPlnt","CV1","7","3",-0.0642777777777778
"M1","genome-wide","DTF","CV2","7","3",0.523277777777778
"M1","genome-wide","DTM","CV2","7","3",0.343722222222222
"M1","genome-wide","HSW","CV2","7","3",0.740922222222222
"M1","genome-wide","PH","CV2","7","3",0.548066666666667
"M1","genome-wide","PPP","CV2","7","3",0.108977777777778
"M1","genome-wide","YPPlnt","CV2","7","3",0.112088888888889
"M1","genome-wide","DTF","CV0","8","3",0.72705
"M1","genome-wide","DTM","CV0","8","3",0.62215
"M1","genome-wide","HSW","CV0","8","3",0.75595
"M1","genome-wide","PH","CV0","8","3",0.70165
"M1","genome-wide","PPP","CV0","8","3",0.2075
"M1","genome-wide","YPPlnt","CV0","8","3",0.11405
"M1","genome-wide","DTF","CV00","8","3",0.0024
"M1","genome-wide","DTM","CV00","8","3",-0.0396
"M1","genome-wide","HSW","CV00","8","3",0.1024
"M1","genome-wide","PH","CV00","8","3",0.07725
"M1","genome-wide","PPP","CV00","8","3",0.0296
"M1","genome-wide","YPPlnt","CV00","8","3",-0.13365
"M1","genome-wide","DTF","CV1","8","3",0.103922222222222
"M1","genome-wide","DTM","CV1","8","3",-0.0977666666666667
"M1","genome-wide","HSW","CV1","8","3",0.00812222222222223
"M1","genome-wide","PH","CV1","8","3",-0.173733333333333
"M1","genome-wide","PPP","CV1","8","3",0.0921222222222222
"M1","genome-wide","YPPlnt","CV1","8","3",0.0429666666666667
"M1","genome-wide","DTF","CV2","8","3",0.570411111111111
"M1","genome-wide","DTM","CV2","8","3",0.449211111111111
"M1","genome-wide","HSW","CV2","8","3",0.732755555555555
"M1","genome-wide","PH","CV2","8","3",0.557922222222222
"M1","genome-wide","PPP","CV2","8","3",0.134844444444444
"M1","genome-wide","YPPlnt","CV2","8","3",0.0840777777777778
"M1","genome-wide","DTF","CV0","9","3",0.6228
"M1","genome-wide","DTM","CV0","9","3",0.46175
"M1","genome-wide","HSW","CV0","9","3",0.7863
"M1","genome-wide","PH","CV0","9","3",0.2867
"M1","genome-wide","PPP","CV0","9","3",0.1307
"M1","genome-wide","YPPlnt","CV0","9","3",0.0807
"M1","genome-wide","DTF","CV00","9","3",0.1317
"M1","genome-wide","DTM","CV00","9","3",0.3171
"M1","genome-wide","HSW","CV00","9","3",-0.08235
"M1","genome-wide","PH","CV00","9","3",-0.15355
"M1","genome-wide","PPP","CV00","9","3",-0.06165
"M1","genome-wide","YPPlnt","CV00","9","3",-0.1421
"M1","genome-wide","DTF","CV1","9","3",-0.0317555555555556
"M1","genome-wide","DTM","CV1","9","3",-0.00242222222222222
"M1","genome-wide","HSW","CV1","9","3",0.131533333333333
"M1","genome-wide","PH","CV1","9","3",-0.0416444444444444
"M1","genome-wide","PPP","CV1","9","3",0.0524666666666667
"M1","genome-wide","YPPlnt","CV1","9","3",0.168255555555556
"M1","genome-wide","DTF","CV2","9","3",0.607122222222222
"M1","genome-wide","DTM","CV2","9","3",0.4789
"M1","genome-wide","HSW","CV2","9","3",0.754511111111111
"M1","genome-wide","PH","CV2","9","3",0.532266666666667
"M1","genome-wide","PPP","CV2","9","3",0.152011111111111
"M1","genome-wide","YPPlnt","CV2","9","3",0.0726111111111111
"M1","genome-wide","DTF","CV0","10","3",0.43405
"M1","genome-wide","DTM","CV0","10","3",0.33825
"M1","genome-wide","HSW","CV0","10","3",0.613
"M1","genome-wide","PH","CV0","10","3",0.53775
"M1","genome-wide","PPP","CV0","10","3",0.0768
"M1","genome-wide","YPPlnt","CV0","10","3",0.0783
"M1","genome-wide","DTF","CV00","10","3",0.1238
"M1","genome-wide","DTM","CV00","10","3",-0.0101
"M1","genome-wide","HSW","CV00","10","3",0.02315
"M1","genome-wide","PH","CV00","10","3",0.2581
"M1","genome-wide","PPP","CV00","10","3",0.16685
"M1","genome-wide","YPPlnt","CV00","10","3",0.1905
"M1","genome-wide","DTF","CV1","10","3",-0.0191444444444445
"M1","genome-wide","DTM","CV1","10","3",0.210588888888889
"M1","genome-wide","HSW","CV1","10","3",0.0981222222222222
"M1","genome-wide","PH","CV1","10","3",0.203166666666667
"M1","genome-wide","PPP","CV1","10","3",0.0188444444444445
"M1","genome-wide","YPPlnt","CV1","10","3",0.0402333333333333
"M1","genome-wide","DTF","CV2","10","3",0.544377777777778
"M1","genome-wide","DTM","CV2","10","3",0.471577777777778
"M1","genome-wide","HSW","CV2","10","3",0.7859
"M1","genome-wide","PH","CV2","10","3",0.547044444444444
"M1","genome-wide","PPP","CV2","10","3",0.194844444444444
"M1","genome-wide","YPPlnt","CV2","10","3",0.125244444444444
"M1","genome-wide","DTF","CV0","1","4",0.7641
"M1","genome-wide","DTM","CV0","1","4",0.66105
"M1","genome-wide","HSW","CV0","1","4",0.79915
"M1","genome-wide","PH","CV0","1","4",0.75155
"M1","genome-wide","PPP","CV0","1","4",0.27205
"M1","genome-wide","YPPlnt","CV0","1","4",0.04725
"M1","genome-wide","DTF","CV00","1","4",-0.2031
"M1","genome-wide","DTM","CV00","1","4",-0.17085
"M1","genome-wide","HSW","CV00","1","4",-0.09095
"M1","genome-wide","PH","CV00","1","4",-0.1053
"M1","genome-wide","PPP","CV00","1","4",-0.26
"M1","genome-wide","YPPlnt","CV00","1","4",-0.04465
"M1","genome-wide","DTF","CV1","1","4",-0.150188888888889
"M1","genome-wide","DTM","CV1","1","4",0.0441222222222222
"M1","genome-wide","HSW","CV1","1","4",0.133522222222222
"M1","genome-wide","PH","CV1","1","4",0.0703111111111111
"M1","genome-wide","PPP","CV1","1","4",0.0399555555555556
"M1","genome-wide","YPPlnt","CV1","1","4",0.0186111111111111
"M1","genome-wide","DTF","CV2","1","4",0.616866666666667
"M1","genome-wide","DTM","CV2","1","4",0.4974
"M1","genome-wide","HSW","CV2","1","4",0.775477777777778
"M1","genome-wide","PH","CV2","1","4",0.547722222222222
"M1","genome-wide","PPP","CV2","1","4",0.194155555555556
"M1","genome-wide","YPPlnt","CV2","1","4",0.100666666666667
"M1","genome-wide","DTF","CV0","2","4",0.5942
"M1","genome-wide","DTM","CV0","2","4",0.53975
"M1","genome-wide","HSW","CV0","2","4",0.71225
"M1","genome-wide","PH","CV0","2","4",0.64525
"M1","genome-wide","PPP","CV0","2","4",0.2102
"M1","genome-wide","YPPlnt","CV0","2","4",0.0693
"M1","genome-wide","DTF","CV00","2","4",-0.1615
"M1","genome-wide","DTM","CV00","2","4",-0.0014
"M1","genome-wide","HSW","CV00","2","4",-0.0841
"M1","genome-wide","PH","CV00","2","4",-0.1221
"M1","genome-wide","PPP","CV00","2","4",-0.2097
"M1","genome-wide","YPPlnt","CV00","2","4",-0.1378
"M1","genome-wide","DTF","CV1","2","4",0.135977777777778
"M1","genome-wide","DTM","CV1","2","4",-0.0407222222222222
"M1","genome-wide","HSW","CV1","2","4",0.0791111111111111
"M1","genome-wide","PH","CV1","2","4",-0.170255555555556
"M1","genome-wide","PPP","CV1","2","4",0.0587555555555556
"M1","genome-wide","YPPlnt","CV1","2","4",-0.0697555555555556
"M1","genome-wide","DTF","CV2","2","4",0.560766666666667
"M1","genome-wide","DTM","CV2","2","4",0.512277777777778
"M1","genome-wide","HSW","CV2","2","4",0.727766666666667
"M1","genome-wide","PH","CV2","2","4",0.520333333333333
"M1","genome-wide","PPP","CV2","2","4",0.0309777777777778
"M1","genome-wide","YPPlnt","CV2","2","4",0.0430777777777778
"M1","genome-wide","DTF","CV0","3","4",0.5117
"M1","genome-wide","DTM","CV0","3","4",0.45815
"M1","genome-wide","HSW","CV0","3","4",0.7445
"M1","genome-wide","PH","CV0","3","4",0.3517
"M1","genome-wide","PPP","CV0","3","4",0.05855
"M1","genome-wide","YPPlnt","CV0","3","4",0.176
"M1","genome-wide","DTF","CV00","3","4",0.20025
"M1","genome-wide","DTM","CV00","3","4",0.05805
"M1","genome-wide","HSW","CV00","3","4",0.13815
"M1","genome-wide","PH","CV00","3","4",0.12915
"M1","genome-wide","PPP","CV00","3","4",-0.1424
"M1","genome-wide","YPPlnt","CV00","3","4",0.0044
"M1","genome-wide","DTF","CV1","3","4",0.0284777777777778
"M1","genome-wide","DTM","CV1","3","4",0.0147666666666667
"M1","genome-wide","HSW","CV1","3","4",0.0714888888888889
"M1","genome-wide","PH","CV1","3","4",-0.0546111111111111
"M1","genome-wide","PPP","CV1","3","4",0.0238444444444444
"M1","genome-wide","YPPlnt","CV1","3","4",0.0405222222222222
"M1","genome-wide","DTF","CV2","3","4",0.615088888888889
"M1","genome-wide","DTM","CV2","3","4",0.436166666666667
"M1","genome-wide","HSW","CV2","3","4",0.740855555555556
"M1","genome-wide","PH","CV2","3","4",0.546322222222222
"M1","genome-wide","PPP","CV2","3","4",0.149566666666667
"M1","genome-wide","YPPlnt","CV2","3","4",0.200444444444444
"M1","genome-wide","DTF","CV0","4","4",0.62435
"M1","genome-wide","DTM","CV0","4","4",0.4627
"M1","genome-wide","HSW","CV0","4","4",0.7855
"M1","genome-wide","PH","CV0","4","4",0.2871
"M1","genome-wide","PPP","CV0","4","4",0.13305
"M1","genome-wide","YPPlnt","CV0","4","4",0.0803
"M1","genome-wide","DTF","CV00","4","4",0.0856
"M1","genome-wide","DTM","CV00","4","4",0.1678
"M1","genome-wide","HSW","CV00","4","4",-0.19785
"M1","genome-wide","PH","CV00","4","4",0.0186
"M1","genome-wide","PPP","CV00","4","4",-0.0172
"M1","genome-wide","YPPlnt","CV00","4","4",0.13725
"M1","genome-wide","DTF","CV1","4","4",0.175933333333333
"M1","genome-wide","DTM","CV1","4","4",-0.0909555555555556
"M1","genome-wide","HSW","CV1","4","4",-0.164388888888889
"M1","genome-wide","PH","CV1","4","4",0.0121222222222222
"M1","genome-wide","PPP","CV1","4","4",0.0678444444444444
"M1","genome-wide","YPPlnt","CV1","4","4",-0.0656
"M1","genome-wide","DTF","CV2","4","4",0.623933333333333
"M1","genome-wide","DTM","CV2","4","4",0.453155555555556
"M1","genome-wide","HSW","CV2","4","4",0.746033333333333
"M1","genome-wide","PH","CV2","4","4",0.452377777777778
"M1","genome-wide","PPP","CV2","4","4",0.125055555555556
"M1","genome-wide","YPPlnt","CV2","4","4",0.0623222222222222
"M1","genome-wide","DTF","CV0","5","4",0.6085
"M1","genome-wide","DTM","CV0","5","4",0.5543
"M1","genome-wide","HSW","CV0","5","4",0.74815
"M1","genome-wide","PH","CV0","5","4",0.67315
"M1","genome-wide","PPP","CV0","5","4",0.2175
"M1","genome-wide","YPPlnt","CV0","5","4",0.1386
"M1","genome-wide","DTF","CV00","5","4",0.0378
"M1","genome-wide","DTM","CV00","5","4",-0.144
"M1","genome-wide","HSW","CV00","5","4",-0.2464
"M1","genome-wide","PH","CV00","5","4",0.02425
"M1","genome-wide","PPP","CV00","5","4",0.20045
"M1","genome-wide","YPPlnt","CV00","5","4",0.2128
"M1","genome-wide","DTF","CV1","5","4",-0.0420888888888889
"M1","genome-wide","DTM","CV1","5","4",0.0674111111111111
"M1","genome-wide","HSW","CV1","5","4",0.139222222222222
"M1","genome-wide","PH","CV1","5","4",-0.2858
"M1","genome-wide","PPP","CV1","5","4",0.101977777777778
"M1","genome-wide","YPPlnt","CV1","5","4",0.0674777777777778
"M1","genome-wide","DTF","CV2","5","4",0.477688888888889
"M1","genome-wide","DTM","CV2","5","4",0.445011111111111
"M1","genome-wide","HSW","CV2","5","4",0.791433333333333
"M1","genome-wide","PH","CV2","5","4",0.523788888888889
"M1","genome-wide","PPP","CV2","5","4",0.201055555555556
"M1","genome-wide","YPPlnt","CV2","5","4",0.100511111111111
"M1","genome-wide","DTF","CV0","6","4",0.73455
"M1","genome-wide","DTM","CV0","6","4",0.56275
"M1","genome-wide","HSW","CV0","6","4",0.83185
"M1","genome-wide","PH","CV0","6","4",0.7287
"M1","genome-wide","PPP","CV0","6","4",0.2726
"M1","genome-wide","YPPlnt","CV0","6","4",0.1334
"M1","genome-wide","DTF","CV00","6","4",-0.1183
"M1","genome-wide","DTM","CV00","6","4",0.0175
"M1","genome-wide","HSW","CV00","6","4",-0.2247
"M1","genome-wide","PH","CV00","6","4",0.01325
"M1","genome-wide","PPP","CV00","6","4",0.0153
"M1","genome-wide","YPPlnt","CV00","6","4",-0.0214
"M1","genome-wide","DTF","CV1","6","4",0.0524444444444444
"M1","genome-wide","DTM","CV1","6","4",0.0924555555555556
"M1","genome-wide","HSW","CV1","6","4",0.0677555555555556
"M1","genome-wide","PH","CV1","6","4",-0.0748222222222222
"M1","genome-wide","PPP","CV1","6","4",0.0512888888888889
"M1","genome-wide","YPPlnt","CV1","6","4",0.0186888888888889
"M1","genome-wide","DTF","CV2","6","4",0.594733333333333
"M1","genome-wide","DTM","CV2","6","4",0.456266666666667
"M1","genome-wide","HSW","CV2","6","4",0.773766666666667
"M1","genome-wide","PH","CV2","6","4",0.596222222222222
"M1","genome-wide","PPP","CV2","6","4",0.155544444444444
"M1","genome-wide","YPPlnt","CV2","6","4",0.0321777777777778
"M1","genome-wide","DTF","CV0","7","4",0.623
"M1","genome-wide","DTM","CV0","7","4",0.46435
"M1","genome-wide","HSW","CV0","7","4",0.7861
"M1","genome-wide","PH","CV0","7","4",0.2902
"M1","genome-wide","PPP","CV0","7","4",0.13995
"M1","genome-wide","YPPlnt","CV0","7","4",0.078
"M1","genome-wide","DTF","CV00","7","4",-0.0849
"M1","genome-wide","DTM","CV00","7","4",-0.02945
"M1","genome-wide","HSW","CV00","7","4",0.2154
"M1","genome-wide","PH","CV00","7","4",-0.1643
"M1","genome-wide","PPP","CV00","7","4",0.07565
"M1","genome-wide","YPPlnt","CV00","7","4",-0.22385
"M1","genome-wide","DTF","CV1","7","4",0.147477777777778
"M1","genome-wide","DTM","CV1","7","4",-0.0300555555555556
"M1","genome-wide","HSW","CV1","7","4",-0.00814444444444443
"M1","genome-wide","PH","CV1","7","4",0.0864555555555556
"M1","genome-wide","PPP","CV1","7","4",0.0613555555555556
"M1","genome-wide","YPPlnt","CV1","7","4",-0.0082
"M1","genome-wide","DTF","CV2","7","4",0.555844444444444
"M1","genome-wide","DTM","CV2","7","4",0.489644444444444
"M1","genome-wide","HSW","CV2","7","4",0.656911111111111
"M1","genome-wide","PH","CV2","7","4",0.462644444444444
"M1","genome-wide","PPP","CV2","7","4",0.1814
"M1","genome-wide","YPPlnt","CV2","7","4",0.105744444444444
"M1","genome-wide","DTF","CV0","8","4",0.5176
"M1","genome-wide","DTM","CV0","8","4",0.33735
"M1","genome-wide","HSW","CV0","8","4",0.6786
"M1","genome-wide","PH","CV0","8","4",0.59535
"M1","genome-wide","PPP","CV0","8","4",0.10395
"M1","genome-wide","YPPlnt","CV0","8","4",0.15905
"M1","genome-wide","DTF","CV00","8","4",-0.13585
"M1","genome-wide","DTM","CV00","8","4",-0.08345
"M1","genome-wide","HSW","CV00","8","4",-0.14105
"M1","genome-wide","PH","CV00","8","4",-0.08185
"M1","genome-wide","PPP","CV00","8","4",0.14075
"M1","genome-wide","YPPlnt","CV00","8","4",-0.0108
"M1","genome-wide","DTF","CV1","8","4",0.108633333333333
"M1","genome-wide","DTM","CV1","8","4",0.115666666666667
"M1","genome-wide","HSW","CV1","8","4",-0.0353888888888889
"M1","genome-wide","PH","CV1","8","4",-0.0502777777777778
"M1","genome-wide","PPP","CV1","8","4",0.115733333333333
"M1","genome-wide","YPPlnt","CV1","8","4",-0.043
"M1","genome-wide","DTF","CV2","8","4",0.619622222222222
"M1","genome-wide","DTM","CV2","8","4",0.493466666666667
"M1","genome-wide","HSW","CV2","8","4",0.752011111111111
"M1","genome-wide","PH","CV2","8","4",0.5273
"M1","genome-wide","PPP","CV2","8","4",0.118388888888889
"M1","genome-wide","YPPlnt","CV2","8","4",0.0991888888888889
"M1","genome-wide","DTF","CV0","9","4",0.4353
"M1","genome-wide","DTM","CV0","9","4",0.3743
"M1","genome-wide","HSW","CV0","9","4",0.5933
"M1","genome-wide","PH","CV0","9","4",0.6395
"M1","genome-wide","PPP","CV0","9","4",0.12015
"M1","genome-wide","YPPlnt","CV0","9","4",0.16395
"M1","genome-wide","DTF","CV00","9","4",-0.000800000000000023
"M1","genome-wide","DTM","CV00","9","4",-0.27605
"M1","genome-wide","HSW","CV00","9","4",-0.1363
"M1","genome-wide","PH","CV00","9","4",-0.3086
"M1","genome-wide","PPP","CV00","9","4",0.01675
"M1","genome-wide","YPPlnt","CV00","9","4",-0.18225
"M1","genome-wide","DTF","CV1","9","4",0.1449
"M1","genome-wide","DTM","CV1","9","4",-0.0378666666666667
"M1","genome-wide","HSW","CV1","9","4",0.243666666666667
"M1","genome-wide","PH","CV1","9","4",-0.104911111111111
"M1","genome-wide","PPP","CV1","9","4",0.0132111111111111
"M1","genome-wide","YPPlnt","CV1","9","4",-0.0356333333333333
"M1","genome-wide","DTF","CV2","9","4",0.616333333333333
"M1","genome-wide","DTM","CV2","9","4",0.428522222222222
"M1","genome-wide","HSW","CV2","9","4",0.735144444444444
"M1","genome-wide","PH","CV2","9","4",0.561211111111111
"M1","genome-wide","PPP","CV2","9","4",0.151055555555556
"M1","genome-wide","YPPlnt","CV2","9","4",0.131177777777778
"M1","genome-wide","DTF","CV0","10","4",0.64675
"M1","genome-wide","DTM","CV0","10","4",0.53315
"M1","genome-wide","HSW","CV0","10","4",0.77585
"M1","genome-wide","PH","CV0","10","4",0.65475
"M1","genome-wide","PPP","CV0","10","4",0.10235
"M1","genome-wide","YPPlnt","CV0","10","4",0.17595
"M1","genome-wide","DTF","CV00","10","4",0.05345
"M1","genome-wide","DTM","CV00","10","4",-0.18595
"M1","genome-wide","HSW","CV00","10","4",-0.037
"M1","genome-wide","PH","CV00","10","4",0.0598
"M1","genome-wide","PPP","CV00","10","4",-0.0627
"M1","genome-wide","YPPlnt","CV00","10","4",-0.11075
"M1","genome-wide","DTF","CV1","10","4",0.175822222222222
"M1","genome-wide","DTM","CV1","10","4",-0.0963777777777778
"M1","genome-wide","HSW","CV1","10","4",0.0909444444444444
"M1","genome-wide","PH","CV1","10","4",-0.166644444444444
"M1","genome-wide","PPP","CV1","10","4",0.0298222222222222
"M1","genome-wide","YPPlnt","CV1","10","4",0.0141333333333333
"M1","genome-wide","DTF","CV2","10","4",0.5601
"M1","genome-wide","DTM","CV2","10","4",0.4683
"M1","genome-wide","HSW","CV2","10","4",0.706511111111111
"M1","genome-wide","PH","CV2","10","4",0.587366666666667
"M1","genome-wide","PPP","CV2","10","4",0.1553
"M1","genome-wide","YPPlnt","CV2","10","4",0.0516666666666667
"M1","genome-wide","DTF","CV0","1","5",0.3761
"M1","genome-wide","DTM","CV0","1","5",0.3941
"M1","genome-wide","HSW","CV0","1","5",0.6023
"M1","genome-wide","PH","CV0","1","5",0.5726
"M1","genome-wide","PPP","CV0","1","5",0.0922
"M1","genome-wide","YPPlnt","CV0","1","5",0.1375
"M1","genome-wide","DTF","CV00","1","5",-0.2235
"M1","genome-wide","DTM","CV00","1","5",0.0028
"M1","genome-wide","HSW","CV00","1","5",0.1495
"M1","genome-wide","PH","CV00","1","5",0.0956
"M1","genome-wide","PPP","CV00","1","5",-0.16
"M1","genome-wide","YPPlnt","CV00","1","5",0.0379
"M1","genome-wide","DTF","CV1","1","5",-0.231244444444444
"M1","genome-wide","DTM","CV1","1","5",0.174055555555556
"M1","genome-wide","HSW","CV1","1","5",0.1427
"M1","genome-wide","PH","CV1","1","5",0.0527111111111111
"M1","genome-wide","PPP","CV1","1","5",0.0105444444444444
"M1","genome-wide","YPPlnt","CV1","1","5",-0.115311111111111
"M1","genome-wide","DTF","CV2","1","5",0.600488888888889
"M1","genome-wide","DTM","CV2","1","5",0.4638
"M1","genome-wide","HSW","CV2","1","5",0.720866666666667
"M1","genome-wide","PH","CV2","1","5",0.564022222222222
"M1","genome-wide","PPP","CV2","1","5",0.0599666666666667
"M1","genome-wide","YPPlnt","CV2","1","5",0.152677777777778
"M1","genome-wide","DTF","CV0","2","5",0.6405
"M1","genome-wide","DTM","CV0","2","5",0.5316
"M1","genome-wide","HSW","CV0","2","5",0.8593
"M1","genome-wide","PH","CV0","2","5",0.1047
"M1","genome-wide","PPP","CV0","2","5",-2e-04
"M1","genome-wide","YPPlnt","CV0","2","5",0.1739
"M1","genome-wide","DTF","CV00","2","5",-0.1598
"M1","genome-wide","DTM","CV00","2","5",-0.0193
"M1","genome-wide","HSW","CV00","2","5",-0.0613
"M1","genome-wide","PH","CV00","2","5",0.2165
"M1","genome-wide","PPP","CV00","2","5",-0.3994
"M1","genome-wide","YPPlnt","CV00","2","5",-0.1257
"M1","genome-wide","DTF","CV1","2","5",-0.1326
"M1","genome-wide","DTM","CV1","2","5",-0.0356777777777778
"M1","genome-wide","HSW","CV1","2","5",0.0700333333333333
"M1","genome-wide","PH","CV1","2","5",-0.0861333333333333
"M1","genome-wide","PPP","CV1","2","5",-0.0217666666666667
"M1","genome-wide","YPPlnt","CV1","2","5",-0.0548555555555556
"M1","genome-wide","DTF","CV2","2","5",0.576422222222222
"M1","genome-wide","DTM","CV2","2","5",0.468222222222222
"M1","genome-wide","HSW","CV2","2","5",0.733688888888889
"M1","genome-wide","PH","CV2","2","5",0.6403
"M1","genome-wide","PPP","CV2","2","5",0.155722222222222
"M1","genome-wide","YPPlnt","CV2","2","5",0.0826222222222222
"M1","genome-wide","DTF","CV0","3","5",0.6098
"M1","genome-wide","DTM","CV0","3","5",0.4001
"M1","genome-wide","HSW","CV0","3","5",0.7856
"M1","genome-wide","PH","CV0","3","5",0.6618
"M1","genome-wide","PPP","CV0","3","5",0.1337
"M1","genome-wide","YPPlnt","CV0","3","5",0.1813
"M1","genome-wide","DTF","CV00","3","5",-0.2046
"M1","genome-wide","DTM","CV00","3","5",0.0199
"M1","genome-wide","HSW","CV00","3","5",-0.1627
"M1","genome-wide","PH","CV00","3","5",-0.1498
"M1","genome-wide","PPP","CV00","3","5",-0.0323
"M1","genome-wide","YPPlnt","CV00","3","5",-0.219
"M1","genome-wide","DTF","CV1","3","5",-0.0107111111111111
"M1","genome-wide","DTM","CV1","3","5",0.0745
"M1","genome-wide","HSW","CV1","3","5",0.0580666666666667
"M1","genome-wide","PH","CV1","3","5",0.2014
"M1","genome-wide","PPP","CV1","3","5",0.000922222222222227
"M1","genome-wide","YPPlnt","CV1","3","5",0.0327
"M1","genome-wide","DTF","CV2","3","5",0.596022222222222
"M1","genome-wide","DTM","CV2","3","5",0.468933333333333
"M1","genome-wide","HSW","CV2","3","5",0.7442
"M1","genome-wide","PH","CV2","3","5",0.563022222222222
"M1","genome-wide","PPP","CV2","3","5",0.156644444444444
"M1","genome-wide","YPPlnt","CV2","3","5",0.0471666666666667
"M1","genome-wide","DTF","CV0","4","5",0.7777
"M1","genome-wide","DTM","CV0","4","5",0.6821
"M1","genome-wide","HSW","CV0","4","5",0.7814
"M1","genome-wide","PH","CV0","4","5",0.7441
"M1","genome-wide","PPP","CV0","4","5",0.284
"M1","genome-wide","YPPlnt","CV0","4","5",0.0019
"M1","genome-wide","DTF","CV00","4","5",-0.1566
"M1","genome-wide","DTM","CV00","4","5",0.1451
"M1","genome-wide","HSW","CV00","4","5",-0.0722
"M1","genome-wide","PH","CV00","4","5",-0.1904
"M1","genome-wide","PPP","CV00","4","5",-0.0293
"M1","genome-wide","YPPlnt","CV00","4","5",-0.2383
"M1","genome-wide","DTF","CV1","4","5",0.163444444444444
"M1","genome-wide","DTM","CV1","4","5",0.0567666666666667
"M1","genome-wide","HSW","CV1","4","5",0.0924777777777778
"M1","genome-wide","PH","CV1","4","5",-0.0135666666666667
"M1","genome-wide","PPP","CV1","4","5",-0.0876222222222222
"M1","genome-wide","YPPlnt","CV1","4","5",0.0867666666666667
"M1","genome-wide","DTF","CV2","4","5",0.623133333333333
"M1","genome-wide","DTM","CV2","4","5",0.466288888888889
"M1","genome-wide","HSW","CV2","4","5",0.760511111111111
"M1","genome-wide","PH","CV2","4","5",0.522922222222222
"M1","genome-wide","PPP","CV2","4","5",0.178066666666667
"M1","genome-wide","YPPlnt","CV2","4","5",0.160611111111111
"M1","genome-wide","DTF","CV0","5","5",0.6098
"M1","genome-wide","DTM","CV0","5","5",0.3977
"M1","genome-wide","HSW","CV0","5","5",0.7848
"M1","genome-wide","PH","CV0","5","5",0.6622
"M1","genome-wide","PPP","CV0","5","5",0.1312
"M1","genome-wide","YPPlnt","CV0","5","5",0.1825
"M1","genome-wide","DTF","CV00","5","5",-0.1044
"M1","genome-wide","DTM","CV00","5","5",-0.1283
"M1","genome-wide","HSW","CV00","5","5",-0.0717
"M1","genome-wide","PH","CV00","5","5",-0.1389
"M1","genome-wide","PPP","CV00","5","5",0.2063
"M1","genome-wide","YPPlnt","CV00","5","5",0.2681
"M1","genome-wide","DTF","CV1","5","5",-0.122188888888889
"M1","genome-wide","DTM","CV1","5","5",-0.115566666666667
"M1","genome-wide","HSW","CV1","5","5",0.0166555555555556
"M1","genome-wide","PH","CV1","5","5",-0.124744444444444
"M1","genome-wide","PPP","CV1","5","5",-0.0922111111111111
"M1","genome-wide","YPPlnt","CV1","5","5",-0.100011111111111
"M1","genome-wide","DTF","CV2","5","5",0.549955555555556
"M1","genome-wide","DTM","CV2","5","5",0.446977777777778
"M1","genome-wide","HSW","CV2","5","5",0.7191
"M1","genome-wide","PH","CV2","5","5",0.576477777777778
"M1","genome-wide","PPP","CV2","5","5",0.124244444444444
"M1","genome-wide","YPPlnt","CV2","5","5",0.154822222222222
"M1","genome-wide","DTF","CV0","6","5",0.3743
"M1","genome-wide","DTM","CV0","6","5",0.3929
"M1","genome-wide","HSW","CV0","6","5",0.6027
"M1","genome-wide","PH","CV0","6","5",0.5706
"M1","genome-wide","PPP","CV0","6","5",0.0982
"M1","genome-wide","YPPlnt","CV0","6","5",0.1377
"M1","genome-wide","DTF","CV00","6","5",0.1895
"M1","genome-wide","DTM","CV00","6","5",0.0972
"M1","genome-wide","HSW","CV00","6","5",-0.0807
"M1","genome-wide","PH","CV00","6","5",-0.1101
"M1","genome-wide","PPP","CV00","6","5",-0.0078
"M1","genome-wide","YPPlnt","CV00","6","5",0.3037
"M1","genome-wide","DTF","CV1","6","5",-0.159255555555556
"M1","genome-wide","DTM","CV1","6","5",0.0861777777777778
"M1","genome-wide","HSW","CV1","6","5",-0.0380555555555556
"M1","genome-wide","PH","CV1","6","5",-0.0569111111111111
"M1","genome-wide","PPP","CV1","6","5",-0.0848666666666667
"M1","genome-wide","YPPlnt","CV1","6","5",0.126511111111111
"M1","genome-wide","DTF","CV2","6","5",0.592822222222222
"M1","genome-wide","DTM","CV2","6","5",0.555277777777778
"M1","genome-wide","HSW","CV2","6","5",0.785422222222222
"M1","genome-wide","PH","CV2","6","5",0.614066666666667
"M1","genome-wide","PPP","CV2","6","5",0.0791777777777778
"M1","genome-wide","YPPlnt","CV2","6","5",0.0309666666666667
"M1","genome-wide","DTF","CV0","7","5",0.5093
"M1","genome-wide","DTM","CV0","7","5",0.285
"M1","genome-wide","HSW","CV0","7","5",0.7118
"M1","genome-wide","PH","CV0","7","5",0.4873
"M1","genome-wide","PPP","CV0","7","5",0.0405
"M1","genome-wide","YPPlnt","CV0","7","5",0.0949
"M1","genome-wide","DTF","CV00","7","5",0.0863
"M1","genome-wide","DTM","CV00","7","5",0.0467
"M1","genome-wide","HSW","CV00","7","5",-0.211
"M1","genome-wide","PH","CV00","7","5",0.1854
"M1","genome-wide","PPP","CV00","7","5",0.0179
"M1","genome-wide","YPPlnt","CV00","7","5",0.0023
"M1","genome-wide","DTF","CV1","7","5",-0.152755555555556
"M1","genome-wide","DTM","CV1","7","5",0.0458444444444444
"M1","genome-wide","HSW","CV1","7","5",0.0259111111111111
"M1","genome-wide","PH","CV1","7","5",0.0302
"M1","genome-wide","PPP","CV1","7","5",-0.0195555555555556
"M1","genome-wide","YPPlnt","CV1","7","5",0.0279222222222222
"M1","genome-wide","DTF","CV2","7","5",0.611288888888889
"M1","genome-wide","DTM","CV2","7","5",0.5088
"M1","genome-wide","HSW","CV2","7","5",0.760422222222222
"M1","genome-wide","PH","CV2","7","5",0.566377777777778
"M1","genome-wide","PPP","CV2","7","5",0.133022222222222
"M1","genome-wide","YPPlnt","CV2","7","5",0.113622222222222
"M1","genome-wide","DTF","CV0","8","5",0.6428
"M1","genome-wide","DTM","CV0","8","5",0.5335
"M1","genome-wide","HSW","CV0","8","5",0.8592
"M1","genome-wide","PH","CV0","8","5",0.1066
"M1","genome-wide","PPP","CV0","8","5",0.01
"M1","genome-wide","YPPlnt","CV0","8","5",0.1875
"M1","genome-wide","DTF","CV00","8","5",0.0368
"M1","genome-wide","DTM","CV00","8","5",-0.092
"M1","genome-wide","HSW","CV00","8","5",-0.2633
"M1","genome-wide","PH","CV00","8","5",-0.2584
"M1","genome-wide","PPP","CV00","8","5",0.0166
"M1","genome-wide","YPPlnt","CV00","8","5",-0.1504
"M1","genome-wide","DTF","CV1","8","5",-0.0650888888888889
"M1","genome-wide","DTM","CV1","8","5",-0.0154555555555556
"M1","genome-wide","HSW","CV1","8","5",0.110477777777778
"M1","genome-wide","PH","CV1","8","5",-0.0689666666666667
"M1","genome-wide","PPP","CV1","8","5",0.0690333333333333
"M1","genome-wide","YPPlnt","CV1","8","5",0.00758888888888889
"M1","genome-wide","DTF","CV2","8","5",0.6091
"M1","genome-wide","DTM","CV2","8","5",0.435411111111111
"M1","genome-wide","HSW","CV2","8","5",0.660911111111111
"M1","genome-wide","PH","CV2","8","5",0.511133333333333
"M1","genome-wide","PPP","CV2","8","5",0.1616
"M1","genome-wide","YPPlnt","CV2","8","5",0.150144444444444
"M1","genome-wide","DTF","CV0","9","5",0.5115
"M1","genome-wide","DTM","CV0","9","5",0.287
"M1","genome-wide","HSW","CV0","9","5",0.7132
"M1","genome-wide","PH","CV0","9","5",0.487
"M1","genome-wide","PPP","CV0","9","5",0.0367
"M1","genome-wide","YPPlnt","CV0","9","5",0.1024
"M1","genome-wide","DTF","CV00","9","5",-0.2125
"M1","genome-wide","DTM","CV00","9","5",-0.2144
"M1","genome-wide","HSW","CV00","9","5",0.0168
"M1","genome-wide","PH","CV00","9","5",0.0369
"M1","genome-wide","PPP","CV00","9","5",-0.1333
"M1","genome-wide","YPPlnt","CV00","9","5",0.0229
"M1","genome-wide","DTF","CV1","9","5",0.150755555555556
"M1","genome-wide","DTM","CV1","9","5",-0.120744444444444
"M1","genome-wide","HSW","CV1","9","5",0.189233333333333
"M1","genome-wide","PH","CV1","9","5",-0.0139222222222222
"M1","genome-wide","PPP","CV1","9","5",0.0577666666666667
"M1","genome-wide","YPPlnt","CV1","9","5",-0.00812222222222221
"M1","genome-wide","DTF","CV2","9","5",0.607777777777778
"M1","genome-wide","DTM","CV2","9","5",0.503577777777778
"M1","genome-wide","HSW","CV2","9","5",0.697188888888889
"M1","genome-wide","PH","CV2","9","5",0.4843
"M1","genome-wide","PPP","CV2","9","5",0.123255555555556
"M1","genome-wide","YPPlnt","CV2","9","5",0.1283
"M1","genome-wide","DTF","CV0","10","5",0.777
"M1","genome-wide","DTM","CV0","10","5",0.6833
"M1","genome-wide","HSW","CV0","10","5",0.7797
"M1","genome-wide","PH","CV0","10","5",0.744
"M1","genome-wide","PPP","CV0","10","5",0.2872
"M1","genome-wide","YPPlnt","CV0","10","5",0.0084
"M1","genome-wide","DTF","CV00","10","5",0.2606
"M1","genome-wide","DTM","CV00","10","5",-0.4078
"M1","genome-wide","HSW","CV00","10","5",-0.1426
"M1","genome-wide","PH","CV00","10","5",-0.2643
"M1","genome-wide","PPP","CV00","10","5",0.4232
"M1","genome-wide","YPPlnt","CV00","10","5",-0.0588
"M1","genome-wide","DTF","CV1","10","5",-0.0660333333333333
"M1","genome-wide","DTM","CV1","10","5",-0.0149444444444444
"M1","genome-wide","HSW","CV1","10","5",-0.0985555555555555
"M1","genome-wide","PH","CV1","10","5",0.148133333333333
"M1","genome-wide","PPP","CV1","10","5",0.0060888888888889
"M1","genome-wide","YPPlnt","CV1","10","5",-0.0450555555555556
"M1","genome-wide","DTF","CV2","10","5",0.567255555555556
"M1","genome-wide","DTM","CV2","10","5",0.4671
"M1","genome-wide","HSW","CV2","10","5",0.730733333333333
"M1","genome-wide","PH","CV2","10","5",0.565277777777778
"M1","genome-wide","PPP","CV2","10","5",0.165522222222222
"M1","genome-wide","YPPlnt","CV2","10","5",0.212644444444444
"M1","haplotype-tagged","DTF","CV0","1","1",0.51665
"M1","haplotype-tagged","DTM","CV0","1","1",0.3372
"M1","haplotype-tagged","HSW","CV0","1","1",0.6789
"M1","haplotype-tagged","PH","CV0","1","1",0.59585
"M1","haplotype-tagged","PPP","CV0","1","1",0.101
"M1","haplotype-tagged","YPPlnt","CV0","1","1",0.15995
"M1","haplotype-tagged","DTF","CV00","1","1",-0.00465
"M1","haplotype-tagged","DTM","CV00","1","1",-0.0913
"M1","haplotype-tagged","HSW","CV00","1","1",0.0402
"M1","haplotype-tagged","PH","CV00","1","1",-0.0258
"M1","haplotype-tagged","PPP","CV00","1","1",-0.1349
"M1","haplotype-tagged","YPPlnt","CV00","1","1",0.0078
"M1","haplotype-tagged","DTF","CV1","1","1",0.0377333333333333
"M1","haplotype-tagged","DTM","CV1","1","1",-0.0448777777777778
"M1","haplotype-tagged","HSW","CV1","1","1",0.0522
"M1","haplotype-tagged","PH","CV1","1","1",0.0339444444444444
"M1","haplotype-tagged","PPP","CV1","1","1",0.0267777777777778
"M1","haplotype-tagged","YPPlnt","CV1","1","1",-0.0886888888888889
"M1","haplotype-tagged","DTF","CV2","1","1",0.615122222222222
"M1","haplotype-tagged","DTM","CV2","1","1",0.433322222222222
"M1","haplotype-tagged","HSW","CV2","1","1",0.801711111111111
"M1","haplotype-tagged","PH","CV2","1","1",0.609955555555556
"M1","haplotype-tagged","PPP","CV2","1","1",0.140055555555556
"M1","haplotype-tagged","YPPlnt","CV2","1","1",0.0842222222222222
"M1","haplotype-tagged","DTF","CV0","2","1",0.68035
"M1","haplotype-tagged","DTM","CV0","2","1",0.4938
"M1","haplotype-tagged","HSW","CV0","2","1",0.80025
"M1","haplotype-tagged","PH","CV0","2","1",0.6392
"M1","haplotype-tagged","PPP","CV0","2","1",0.2031
"M1","haplotype-tagged","YPPlnt","CV0","2","1",0.1595
"M1","haplotype-tagged","DTF","CV00","2","1",0.03855
"M1","haplotype-tagged","DTM","CV00","2","1",-0.05745
"M1","haplotype-tagged","HSW","CV00","2","1",-0.0117
"M1","haplotype-tagged","PH","CV00","2","1",-0.02325
"M1","haplotype-tagged","PPP","CV00","2","1",0.09185
"M1","haplotype-tagged","YPPlnt","CV00","2","1",0.179
"M1","haplotype-tagged","DTF","CV1","2","1",-0.113377777777778
"M1","haplotype-tagged","DTM","CV1","2","1",0.190833333333333
"M1","haplotype-tagged","HSW","CV1","2","1",0.0703666666666667
"M1","haplotype-tagged","PH","CV1","2","1",0.0370666666666667
"M1","haplotype-tagged","PPP","CV1","2","1",-0.0602111111111111
"M1","haplotype-tagged","YPPlnt","CV1","2","1",-0.0234333333333333
"M1","haplotype-tagged","DTF","CV2","2","1",0.585622222222222
"M1","haplotype-tagged","DTM","CV2","2","1",0.493188888888889
"M1","haplotype-tagged","HSW","CV2","2","1",0.754933333333333
"M1","haplotype-tagged","PH","CV2","2","1",0.5926
"M1","haplotype-tagged","PPP","CV2","2","1",0.2137
"M1","haplotype-tagged","YPPlnt","CV2","2","1",0.114555555555556
"M1","haplotype-tagged","DTF","CV0","3","1",0.64155
"M1","haplotype-tagged","DTM","CV0","3","1",0.52915
"M1","haplotype-tagged","HSW","CV0","3","1",0.7244
"M1","haplotype-tagged","PH","CV0","3","1",0.6993
"M1","haplotype-tagged","PPP","CV0","3","1",0.25505
"M1","haplotype-tagged","YPPlnt","CV0","3","1",0.10485
"M1","haplotype-tagged","DTF","CV00","3","1",0.13255
"M1","haplotype-tagged","DTM","CV00","3","1",-0.02705
"M1","haplotype-tagged","HSW","CV00","3","1",-0.06335
"M1","haplotype-tagged","PH","CV00","3","1",-0.05005
"M1","haplotype-tagged","PPP","CV00","3","1",-0.0862
"M1","haplotype-tagged","YPPlnt","CV00","3","1",-0.06735
"M1","haplotype-tagged","DTF","CV1","3","1",0.00626666666666666
"M1","haplotype-tagged","DTM","CV1","3","1",0.165988888888889
"M1","haplotype-tagged","HSW","CV1","3","1",-0.0771777777777778
"M1","haplotype-tagged","PH","CV1","3","1",0.0957333333333333
"M1","haplotype-tagged","PPP","CV1","3","1",0.0134888888888889
"M1","haplotype-tagged","YPPlnt","CV1","3","1",-0.0384888888888889
"M1","haplotype-tagged","DTF","CV2","3","1",0.584811111111111
"M1","haplotype-tagged","DTM","CV2","3","1",0.505266666666667
"M1","haplotype-tagged","HSW","CV2","3","1",0.718177777777778
"M1","haplotype-tagged","PH","CV2","3","1",0.4846
"M1","haplotype-tagged","PPP","CV2","3","1",0.0393555555555556
"M1","haplotype-tagged","YPPlnt","CV2","3","1",0.0976666666666667
"M1","haplotype-tagged","DTF","CV0","4","1",0.60025
"M1","haplotype-tagged","DTM","CV0","4","1",0.49785
"M1","haplotype-tagged","HSW","CV0","4","1",0.7087
"M1","haplotype-tagged","PH","CV0","4","1",0.6836
"M1","haplotype-tagged","PPP","CV0","4","1",0.1235
"M1","haplotype-tagged","YPPlnt","CV0","4","1",0.20735
"M1","haplotype-tagged","DTF","CV00","4","1",-0.2581
"M1","haplotype-tagged","DTM","CV00","4","1",-0.12645
"M1","haplotype-tagged","HSW","CV00","4","1",-0.1745
"M1","haplotype-tagged","PH","CV00","4","1",-0.09875
"M1","haplotype-tagged","PPP","CV00","4","1",0.19415
"M1","haplotype-tagged","YPPlnt","CV00","4","1",0.38975
"M1","haplotype-tagged","DTF","CV1","4","1",-0.105944444444444
"M1","haplotype-tagged","DTM","CV1","4","1",-0.0965111111111111
"M1","haplotype-tagged","HSW","CV1","4","1",0.144111111111111
"M1","haplotype-tagged","PH","CV1","4","1",-0.0305333333333333
"M1","haplotype-tagged","PPP","CV1","4","1",-0.0961111111111111
"M1","haplotype-tagged","YPPlnt","CV1","4","1",-0.0899444444444445
"M1","haplotype-tagged","DTF","CV2","4","1",0.541811111111111
"M1","haplotype-tagged","DTM","CV2","4","1",0.504344444444444
"M1","haplotype-tagged","HSW","CV2","4","1",0.7545
"M1","haplotype-tagged","PH","CV2","4","1",0.6305
"M1","haplotype-tagged","PPP","CV2","4","1",0.129288888888889
"M1","haplotype-tagged","YPPlnt","CV2","4","1",0.118388888888889
"M1","haplotype-tagged","DTF","CV0","5","1",0.63115
"M1","haplotype-tagged","DTM","CV0","5","1",0.47515
"M1","haplotype-tagged","HSW","CV0","5","1",0.7435
"M1","haplotype-tagged","PH","CV0","5","1",0.59625
"M1","haplotype-tagged","PPP","CV0","5","1",0.17885
"M1","haplotype-tagged","YPPlnt","CV0","5","1",0.1058
"M1","haplotype-tagged","DTF","CV00","5","1",-0.08365
"M1","haplotype-tagged","DTM","CV00","5","1",0.07125
"M1","haplotype-tagged","HSW","CV00","5","1",-0.0463
"M1","haplotype-tagged","PH","CV00","5","1",0.07245
"M1","haplotype-tagged","PPP","CV00","5","1",0.06305
"M1","haplotype-tagged","YPPlnt","CV00","5","1",0.0816
"M1","haplotype-tagged","DTF","CV1","5","1",-0.0391444444444444
"M1","haplotype-tagged","DTM","CV1","5","1",-0.0472444444444444
"M1","haplotype-tagged","HSW","CV1","5","1",-0.400211111111111
"M1","haplotype-tagged","PH","CV1","5","1",-0.0757333333333333
"M1","haplotype-tagged","PPP","CV1","5","1",-0.0248666666666667
"M1","haplotype-tagged","YPPlnt","CV1","5","1",-0.0105666666666667
"M1","haplotype-tagged","DTF","CV2","5","1",0.666744444444444
"M1","haplotype-tagged","DTM","CV2","5","1",0.505055555555556
"M1","haplotype-tagged","HSW","CV2","5","1",0.714266666666667
"M1","haplotype-tagged","PH","CV2","5","1",0.527477777777778
"M1","haplotype-tagged","PPP","CV2","5","1",0.159733333333333
"M1","haplotype-tagged","YPPlnt","CV2","5","1",0.105866666666667
"M1","haplotype-tagged","DTF","CV0","6","1",0.5515
"M1","haplotype-tagged","DTM","CV0","6","1",0.377
"M1","haplotype-tagged","HSW","CV0","6","1",0.6727
"M1","haplotype-tagged","PH","CV0","6","1",0.6046
"M1","haplotype-tagged","PPP","CV0","6","1",0.2475
"M1","haplotype-tagged","YPPlnt","CV0","6","1",0.0678
"M1","haplotype-tagged","DTF","CV00","6","1",0.00575
"M1","haplotype-tagged","DTM","CV00","6","1",-0.0273
"M1","haplotype-tagged","HSW","CV00","6","1",0.06365
"M1","haplotype-tagged","PH","CV00","6","1",-0.139
"M1","haplotype-tagged","PPP","CV00","6","1",-0.2233
"M1","haplotype-tagged","YPPlnt","CV00","6","1",0.1048
"M1","haplotype-tagged","DTF","CV1","6","1",0.205844444444444
"M1","haplotype-tagged","DTM","CV1","6","1",0.0786666666666667
"M1","haplotype-tagged","HSW","CV1","6","1",0.00194444444444445
"M1","haplotype-tagged","PH","CV1","6","1",-0.2062
"M1","haplotype-tagged","PPP","CV1","6","1",0.128311111111111
"M1","haplotype-tagged","YPPlnt","CV1","6","1",0.0475222222222222
"M1","haplotype-tagged","DTF","CV2","6","1",0.642977777777778
"M1","haplotype-tagged","DTM","CV2","6","1",0.453022222222222
"M1","haplotype-tagged","HSW","CV2","6","1",0.728411111111111
"M1","haplotype-tagged","PH","CV2","6","1",0.506422222222222
"M1","haplotype-tagged","PPP","CV2","6","1",0.146266666666667
"M1","haplotype-tagged","YPPlnt","CV2","6","1",0.224377777777778
"M1","haplotype-tagged","DTF","CV0","7","1",0.72745
"M1","haplotype-tagged","DTM","CV0","7","1",0.6197
"M1","haplotype-tagged","HSW","CV0","7","1",0.75555
"M1","haplotype-tagged","PH","CV0","7","1",0.70125
"M1","haplotype-tagged","PPP","CV0","7","1",0.21025
"M1","haplotype-tagged","YPPlnt","CV0","7","1",0.11885
"M1","haplotype-tagged","DTF","CV00","7","1",-0.1018
"M1","haplotype-tagged","DTM","CV00","7","1",0.0447
"M1","haplotype-tagged","HSW","CV00","7","1",-0.0943
"M1","haplotype-tagged","PH","CV00","7","1",0.0014
"M1","haplotype-tagged","PPP","CV00","7","1",0.0069
"M1","haplotype-tagged","YPPlnt","CV00","7","1",-0.07675
"M1","haplotype-tagged","DTF","CV1","7","1",0.0257
"M1","haplotype-tagged","DTM","CV1","7","1",-0.139922222222222
"M1","haplotype-tagged","HSW","CV1","7","1",0.209211111111111
"M1","haplotype-tagged","PH","CV1","7","1",0.2398
"M1","haplotype-tagged","PPP","CV1","7","1",0.0436222222222222
"M1","haplotype-tagged","YPPlnt","CV1","7","1",-0.0577888888888889
"M1","haplotype-tagged","DTF","CV2","7","1",0.616644444444444
"M1","haplotype-tagged","DTM","CV2","7","1",0.450533333333333
"M1","haplotype-tagged","HSW","CV2","7","1",0.7567
"M1","haplotype-tagged","PH","CV2","7","1",0.600877777777778
"M1","haplotype-tagged","PPP","CV2","7","1",0.189166666666667
"M1","haplotype-tagged","YPPlnt","CV2","7","1",0.111933333333333
"M1","haplotype-tagged","DTF","CV0","8","1",0.49505
"M1","haplotype-tagged","DTM","CV0","8","1",0.38955
"M1","haplotype-tagged","HSW","CV0","8","1",0.699
"M1","haplotype-tagged","PH","CV0","8","1",0.61145
"M1","haplotype-tagged","PPP","CV0","8","1",0.11935
"M1","haplotype-tagged","YPPlnt","CV0","8","1",0.1383
"M1","haplotype-tagged","DTF","CV00","8","1",0.06295
"M1","haplotype-tagged","DTM","CV00","8","1",-0.1208
"M1","haplotype-tagged","HSW","CV00","8","1",0.13245
"M1","haplotype-tagged","PH","CV00","8","1",0.2016
"M1","haplotype-tagged","PPP","CV00","8","1",0.1058
"M1","haplotype-tagged","YPPlnt","CV00","8","1",-0.1681
"M1","haplotype-tagged","DTF","CV1","8","1",0.135711111111111
"M1","haplotype-tagged","DTM","CV1","8","1",-0.00907777777777778
"M1","haplotype-tagged","HSW","CV1","8","1",0.102833333333333
"M1","haplotype-tagged","PH","CV1","8","1",-0.0120666666666667
"M1","haplotype-tagged","PPP","CV1","8","1",0.0136666666666667
"M1","haplotype-tagged","YPPlnt","CV1","8","1",0.00282222222222222
"M1","haplotype-tagged","DTF","CV2","8","1",0.602966666666667
"M1","haplotype-tagged","DTM","CV2","8","1",0.4471
"M1","haplotype-tagged","HSW","CV2","8","1",0.756422222222222
"M1","haplotype-tagged","PH","CV2","8","1",0.5767
"M1","haplotype-tagged","PPP","CV2","8","1",0.126122222222222
"M1","haplotype-tagged","YPPlnt","CV2","8","1",0.0398555555555555
"M1","haplotype-tagged","DTF","CV0","9","1",0.7781
"M1","haplotype-tagged","DTM","CV0","9","1",0.65985
"M1","haplotype-tagged","HSW","CV0","9","1",0.80725
"M1","haplotype-tagged","PH","CV0","9","1",0.74035
"M1","haplotype-tagged","PPP","CV0","9","1",0.1755
"M1","haplotype-tagged","YPPlnt","CV0","9","1",0.14395
"M1","haplotype-tagged","DTF","CV00","9","1",0.2144
"M1","haplotype-tagged","DTM","CV00","9","1",0.1284
"M1","haplotype-tagged","HSW","CV00","9","1",-0.24915
"M1","haplotype-tagged","PH","CV00","9","1",0.0812
"M1","haplotype-tagged","PPP","CV00","9","1",-0.17775
"M1","haplotype-tagged","YPPlnt","CV00","9","1",0.0577
"M1","haplotype-tagged","DTF","CV1","9","1",-0.0669666666666667
"M1","haplotype-tagged","DTM","CV1","9","1",0.0638666666666667
"M1","haplotype-tagged","HSW","CV1","9","1",-0.0161666666666667
"M1","haplotype-tagged","PH","CV1","9","1",-0.0914444444444445
"M1","haplotype-tagged","PPP","CV1","9","1",-0.0363666666666667
"M1","haplotype-tagged","YPPlnt","CV1","9","1",-0.104866666666667
"M1","haplotype-tagged","DTF","CV2","9","1",0.589444444444444
"M1","haplotype-tagged","DTM","CV2","9","1",0.496433333333333
"M1","haplotype-tagged","HSW","CV2","9","1",0.769288888888889
"M1","haplotype-tagged","PH","CV2","9","1",0.5569
"M1","haplotype-tagged","PPP","CV2","9","1",0.168744444444444
"M1","haplotype-tagged","YPPlnt","CV2","9","1",0.0220777777777778
"M1","haplotype-tagged","DTF","CV0","10","1",0.6835
"M1","haplotype-tagged","DTM","CV0","10","1",0.523
"M1","haplotype-tagged","HSW","CV0","10","1",0.7597
"M1","haplotype-tagged","PH","CV0","10","1",0.743
"M1","haplotype-tagged","PPP","CV0","10","1",0.2706
"M1","haplotype-tagged","YPPlnt","CV0","10","1",0.14665
"M1","haplotype-tagged","DTF","CV00","10","1",-0.0436
"M1","haplotype-tagged","DTM","CV00","10","1",0.01205
"M1","haplotype-tagged","HSW","CV00","10","1",0.1094
"M1","haplotype-tagged","PH","CV00","10","1",0.06125
"M1","haplotype-tagged","PPP","CV00","10","1",-0.22685
"M1","haplotype-tagged","YPPlnt","CV00","10","1",-0.16745
"M1","haplotype-tagged","DTF","CV1","10","1",-0.3196
"M1","haplotype-tagged","DTM","CV1","10","1",-0.0143333333333333
"M1","haplotype-tagged","HSW","CV1","10","1",-0.200433333333333
"M1","haplotype-tagged","PH","CV1","10","1",0.0382777777777778
"M1","haplotype-tagged","PPP","CV1","10","1",0.0791111111111111
"M1","haplotype-tagged","YPPlnt","CV1","10","1",0.0547666666666667
"M1","haplotype-tagged","DTF","CV2","10","1",0.6026
"M1","haplotype-tagged","DTM","CV2","10","1",0.462011111111111
"M1","haplotype-tagged","HSW","CV2","10","1",0.718877777777778
"M1","haplotype-tagged","PH","CV2","10","1",0.575777777777778
"M1","haplotype-tagged","PPP","CV2","10","1",0.140333333333333
"M1","haplotype-tagged","YPPlnt","CV2","10","1",0.106711111111111
"M1","haplotype-tagged","DTF","CV0","1","2",0.6242
"M1","haplotype-tagged","DTM","CV0","1","2",0.46265
"M1","haplotype-tagged","HSW","CV0","1","2",0.78645
"M1","haplotype-tagged","PH","CV0","1","2",0.28895
"M1","haplotype-tagged","PPP","CV0","1","2",0.13155
"M1","haplotype-tagged","YPPlnt","CV0","1","2",0.08025
"M1","haplotype-tagged","DTF","CV00","1","2",0.0594
"M1","haplotype-tagged","DTM","CV00","1","2",-0.114
"M1","haplotype-tagged","HSW","CV00","1","2",-0.19765
"M1","haplotype-tagged","PH","CV00","1","2",-0.1225
"M1","haplotype-tagged","PPP","CV00","1","2",0.14605
"M1","haplotype-tagged","YPPlnt","CV00","1","2",0.29745
"M1","haplotype-tagged","DTF","CV1","1","2",-0.141444444444444
"M1","haplotype-tagged","DTM","CV1","1","2",0.00727777777777778
"M1","haplotype-tagged","HSW","CV1","1","2",0.0403777777777778
"M1","haplotype-tagged","PH","CV1","1","2",-0.0663777777777778
"M1","haplotype-tagged","PPP","CV1","1","2",-0.101477777777778
"M1","haplotype-tagged","YPPlnt","CV1","1","2",0.00513333333333334
"M1","haplotype-tagged","DTF","CV2","1","2",0.601644444444444
"M1","haplotype-tagged","DTM","CV2","1","2",0.446788888888889
"M1","haplotype-tagged","HSW","CV2","1","2",0.665433333333333
"M1","haplotype-tagged","PH","CV2","1","2",0.563155555555556
"M1","haplotype-tagged","PPP","CV2","1","2",0.103777777777778
"M1","haplotype-tagged","YPPlnt","CV2","1","2",0.0650888888888889
"M1","haplotype-tagged","DTF","CV0","2","2",0.64655
"M1","haplotype-tagged","DTM","CV0","2","2",0.53255
"M1","haplotype-tagged","HSW","CV0","2","2",0.77525
"M1","haplotype-tagged","PH","CV0","2","2",0.65435
"M1","haplotype-tagged","PPP","CV0","2","2",0.10785
"M1","haplotype-tagged","YPPlnt","CV0","2","2",0.17365
"M1","haplotype-tagged","DTF","CV00","2","2",-0.0403
"M1","haplotype-tagged","DTM","CV00","2","2",0.01135
"M1","haplotype-tagged","HSW","CV00","2","2",-0.0509
"M1","haplotype-tagged","PH","CV00","2","2",-0.1012
"M1","haplotype-tagged","PPP","CV00","2","2",0.3139
"M1","haplotype-tagged","YPPlnt","CV00","2","2",-0.01245
"M1","haplotype-tagged","DTF","CV1","2","2",-0.102088888888889
"M1","haplotype-tagged","DTM","CV1","2","2",0.0733111111111111
"M1","haplotype-tagged","HSW","CV1","2","2",0.0355888888888889
"M1","haplotype-tagged","PH","CV1","2","2",0.1155
"M1","haplotype-tagged","PPP","CV1","2","2",-0.0484555555555556
"M1","haplotype-tagged","YPPlnt","CV1","2","2",-0.0442555555555556
"M1","haplotype-tagged","DTF","CV2","2","2",0.634244444444444
"M1","haplotype-tagged","DTM","CV2","2","2",0.4313
"M1","haplotype-tagged","HSW","CV2","2","2",0.784555555555556
"M1","haplotype-tagged","PH","CV2","2","2",0.469744444444444
"M1","haplotype-tagged","PPP","CV2","2","2",0.095
"M1","haplotype-tagged","YPPlnt","CV2","2","2",0.153322222222222
"M1","haplotype-tagged","DTF","CV0","3","2",0.6402
"M1","haplotype-tagged","DTM","CV0","3","2",0.5305
"M1","haplotype-tagged","HSW","CV0","3","2",0.75095
"M1","haplotype-tagged","PH","CV0","3","2",0.59045
"M1","haplotype-tagged","PPP","CV0","3","2",0.21035
"M1","haplotype-tagged","YPPlnt","CV0","3","2",0.1059
"M1","haplotype-tagged","DTF","CV00","3","2",0.0402
"M1","haplotype-tagged","DTM","CV00","3","2",0.15975
"M1","haplotype-tagged","HSW","CV00","3","2",-0.36165
"M1","haplotype-tagged","PH","CV00","3","2",0.0632
"M1","haplotype-tagged","PPP","CV00","3","2",-0.1803
"M1","haplotype-tagged","YPPlnt","CV00","3","2",-0.08185
"M1","haplotype-tagged","DTF","CV1","3","2",0.0247111111111111
"M1","haplotype-tagged","DTM","CV1","3","2",0.136333333333333
"M1","haplotype-tagged","HSW","CV1","3","2",0.233133333333333
"M1","haplotype-tagged","PH","CV1","3","2",0.0200666666666667
"M1","haplotype-tagged","PPP","CV1","3","2",0.000488888888888882
"M1","haplotype-tagged","YPPlnt","CV1","3","2",-0.0207111111111111
"M1","haplotype-tagged","DTF","CV2","3","2",0.591855555555556
"M1","haplotype-tagged","DTM","CV2","3","2",0.528488888888889
"M1","haplotype-tagged","HSW","CV2","3","2",0.761077777777778
"M1","haplotype-tagged","PH","CV2","3","2",0.615088888888889
"M1","haplotype-tagged","PPP","CV2","3","2",0.194822222222222
"M1","haplotype-tagged","YPPlnt","CV2","3","2",0.130377777777778
"M1","haplotype-tagged","DTF","CV0","4","2",0.49455
"M1","haplotype-tagged","DTM","CV0","4","2",0.389
"M1","haplotype-tagged","HSW","CV0","4","2",0.6984
"M1","haplotype-tagged","PH","CV0","4","2",0.61165
"M1","haplotype-tagged","PPP","CV0","4","2",0.1204
"M1","haplotype-tagged","YPPlnt","CV0","4","2",0.14085
"M1","haplotype-tagged","DTF","CV00","4","2",-0.04435
"M1","haplotype-tagged","DTM","CV00","4","2",0.09015
"M1","haplotype-tagged","HSW","CV00","4","2",-0.06615
"M1","haplotype-tagged","PH","CV00","4","2",-0.1398
"M1","haplotype-tagged","PPP","CV00","4","2",-0.08875
"M1","haplotype-tagged","YPPlnt","CV00","4","2",-0.08705
"M1","haplotype-tagged","DTF","CV1","4","2",0.0594888888888889
"M1","haplotype-tagged","DTM","CV1","4","2",-0.00781111111111111
"M1","haplotype-tagged","HSW","CV1","4","2",-0.0196333333333333
"M1","haplotype-tagged","PH","CV1","4","2",-0.123188888888889
"M1","haplotype-tagged","PPP","CV1","4","2",0.00326666666666667
"M1","haplotype-tagged","YPPlnt","CV1","4","2",-0.0110888888888889
"M1","haplotype-tagged","DTF","CV2","4","2",0.630977777777778
"M1","haplotype-tagged","DTM","CV2","4","2",0.5181
"M1","haplotype-tagged","HSW","CV2","4","2",0.784122222222222
"M1","haplotype-tagged","PH","CV2","4","2",0.520011111111111
"M1","haplotype-tagged","PPP","CV2","4","2",0.195022222222222
"M1","haplotype-tagged","YPPlnt","CV2","4","2",0.0543333333333333
"M1","haplotype-tagged","DTF","CV0","5","2",0.64185
"M1","haplotype-tagged","DTM","CV0","5","2",0.5858
"M1","haplotype-tagged","HSW","CV0","5","2",0.7886
"M1","haplotype-tagged","PH","CV0","5","2",0.3985
"M1","haplotype-tagged","PPP","CV0","5","2",0.0648
"M1","haplotype-tagged","YPPlnt","CV0","5","2",0.20125
"M1","haplotype-tagged","DTF","CV00","5","2",-0.1248
"M1","haplotype-tagged","DTM","CV00","5","2",-0.0451
"M1","haplotype-tagged","HSW","CV00","5","2",-0.34315
"M1","haplotype-tagged","PH","CV00","5","2",0.2581
"M1","haplotype-tagged","PPP","CV00","5","2",0.22845
"M1","haplotype-tagged","YPPlnt","CV00","5","2",0.03075
"M1","haplotype-tagged","DTF","CV1","5","2",0.171777777777778
"M1","haplotype-tagged","DTM","CV1","5","2",-0.0428222222222222
"M1","haplotype-tagged","HSW","CV1","5","2",-0.310855555555556
"M1","haplotype-tagged","PH","CV1","5","2",-0.0841333333333333
"M1","haplotype-tagged","PPP","CV1","5","2",-0.0275666666666667
"M1","haplotype-tagged","YPPlnt","CV1","5","2",0.00214444444444444
"M1","haplotype-tagged","DTF","CV2","5","2",0.656211111111111
"M1","haplotype-tagged","DTM","CV2","5","2",0.471733333333333
"M1","haplotype-tagged","HSW","CV2","5","2",0.7202
"M1","haplotype-tagged","PH","CV2","5","2",0.630366666666667
"M1","haplotype-tagged","PPP","CV2","5","2",0.185611111111111
"M1","haplotype-tagged","YPPlnt","CV2","5","2",0.0570888888888889
"M1","haplotype-tagged","DTF","CV0","6","2",0.6926
"M1","haplotype-tagged","DTM","CV0","6","2",0.5766
"M1","haplotype-tagged","HSW","CV0","6","2",0.7896
"M1","haplotype-tagged","PH","CV0","6","2",0.43795
"M1","haplotype-tagged","PPP","CV0","6","2",0.1452
"M1","haplotype-tagged","YPPlnt","CV0","6","2",0.07155
"M1","haplotype-tagged","DTF","CV00","6","2",-0.2423
"M1","haplotype-tagged","DTM","CV00","6","2",-0.0105
"M1","haplotype-tagged","HSW","CV00","6","2",0.0684
"M1","haplotype-tagged","PH","CV00","6","2",-0.00625
"M1","haplotype-tagged","PPP","CV00","6","2",0.085
"M1","haplotype-tagged","YPPlnt","CV00","6","2",-0.2163
"M1","haplotype-tagged","DTF","CV1","6","2",-0.0428444444444444
"M1","haplotype-tagged","DTM","CV1","6","2",0.225177777777778
"M1","haplotype-tagged","HSW","CV1","6","2",-0.0770666666666667
"M1","haplotype-tagged","PH","CV1","6","2",0.00406666666666666
"M1","haplotype-tagged","PPP","CV1","6","2",0.0424555555555556
"M1","haplotype-tagged","YPPlnt","CV1","6","2",-0.0556
"M1","haplotype-tagged","DTF","CV2","6","2",0.574833333333333
"M1","haplotype-tagged","DTM","CV2","6","2",0.4771
"M1","haplotype-tagged","HSW","CV2","6","2",0.723755555555555
"M1","haplotype-tagged","PH","CV2","6","2",0.498366666666667
"M1","haplotype-tagged","PPP","CV2","6","2",0.229488888888889
"M1","haplotype-tagged","YPPlnt","CV2","6","2",0.299077777777778
"M1","haplotype-tagged","DTF","CV0","7","2",0.68315
"M1","haplotype-tagged","DTM","CV0","7","2",0.52305
"M1","haplotype-tagged","HSW","CV0","7","2",0.7607
"M1","haplotype-tagged","PH","CV0","7","2",0.7415
"M1","haplotype-tagged","PPP","CV0","7","2",0.2727
"M1","haplotype-tagged","YPPlnt","CV0","7","2",0.15155
"M1","haplotype-tagged","DTF","CV00","7","2",0.00435000000000001
"M1","haplotype-tagged","DTM","CV00","7","2",0.09605
"M1","haplotype-tagged","HSW","CV00","7","2",0.12515
"M1","haplotype-tagged","PH","CV00","7","2",0.08625
"M1","haplotype-tagged","PPP","CV00","7","2",0.2416
"M1","haplotype-tagged","YPPlnt","CV00","7","2",-0.053
"M1","haplotype-tagged","DTF","CV1","7","2",-0.121844444444444
"M1","haplotype-tagged","DTM","CV1","7","2",0.0659222222222222
"M1","haplotype-tagged","HSW","CV1","7","2",-0.0116666666666667
"M1","haplotype-tagged","PH","CV1","7","2",-0.191844444444444
"M1","haplotype-tagged","PPP","CV1","7","2",0.0550333333333333
"M1","haplotype-tagged","YPPlnt","CV1","7","2",-0.0223888888888889
"M1","haplotype-tagged","DTF","CV2","7","2",0.623622222222222
"M1","haplotype-tagged","DTM","CV2","7","2",0.541355555555556
"M1","haplotype-tagged","HSW","CV2","7","2",0.755844444444444
"M1","haplotype-tagged","PH","CV2","7","2",0.589266666666667
"M1","haplotype-tagged","PPP","CV2","7","2",0.0889777777777778
"M1","haplotype-tagged","YPPlnt","CV2","7","2",0.075
"M1","haplotype-tagged","DTF","CV0","8","2",0.70805
"M1","haplotype-tagged","DTM","CV0","8","2",0.5736
"M1","haplotype-tagged","HSW","CV0","8","2",0.7902
"M1","haplotype-tagged","PH","CV0","8","2",0.6193
"M1","haplotype-tagged","PPP","CV0","8","2",0.23245
"M1","haplotype-tagged","YPPlnt","CV0","8","2",0.0389
"M1","haplotype-tagged","DTF","CV00","8","2",0.0802
"M1","haplotype-tagged","DTM","CV00","8","2",-0.19915
"M1","haplotype-tagged","HSW","CV00","8","2",0.04195
"M1","haplotype-tagged","PH","CV00","8","2",-0.0227
"M1","haplotype-tagged","PPP","CV00","8","2",-0.12755
"M1","haplotype-tagged","YPPlnt","CV00","8","2",0.07305
"M1","haplotype-tagged","DTF","CV1","8","2",-0.123011111111111
"M1","haplotype-tagged","DTM","CV1","8","2",0.0821666666666667
"M1","haplotype-tagged","HSW","CV1","8","2",0.278066666666667
"M1","haplotype-tagged","PH","CV1","8","2",0.0294222222222222
"M1","haplotype-tagged","PPP","CV1","8","2",0.0307444444444444
"M1","haplotype-tagged","YPPlnt","CV1","8","2",0.042
"M1","haplotype-tagged","DTF","CV2","8","2",0.5612
"M1","haplotype-tagged","DTM","CV2","8","2",0.5245
"M1","haplotype-tagged","HSW","CV2","8","2",0.7875
"M1","haplotype-tagged","PH","CV2","8","2",0.6257
"M1","haplotype-tagged","PPP","CV2","8","2",0.191233333333333
"M1","haplotype-tagged","YPPlnt","CV2","8","2",0.102377777777778
"M1","haplotype-tagged","DTF","CV0","9","2",0.6818
"M1","haplotype-tagged","DTM","CV0","9","2",0.5243
"M1","haplotype-tagged","HSW","CV0","9","2",0.78275
"M1","haplotype-tagged","PH","CV0","9","2",0.6843
"M1","haplotype-tagged","PPP","CV0","9","2",0.1426
"M1","haplotype-tagged","YPPlnt","CV0","9","2",0.1
"M1","haplotype-tagged","DTF","CV00","9","2",-0.0195
"M1","haplotype-tagged","DTM","CV00","9","2",0.1176
"M1","haplotype-tagged","HSW","CV00","9","2",0.13425
"M1","haplotype-tagged","PH","CV00","9","2",-0.22535
"M1","haplotype-tagged","PPP","CV00","9","2",-0.1766
"M1","haplotype-tagged","YPPlnt","CV00","9","2",-0.0905
"M1","haplotype-tagged","DTF","CV1","9","2",-0.0910555555555556
"M1","haplotype-tagged","DTM","CV1","9","2",0.0407777777777778
"M1","haplotype-tagged","HSW","CV1","9","2",0.170244444444444
"M1","haplotype-tagged","PH","CV1","9","2",0.00395555555555556
"M1","haplotype-tagged","PPP","CV1","9","2",-0.0613777777777778
"M1","haplotype-tagged","YPPlnt","CV1","9","2",0.0365777777777778
"M1","haplotype-tagged","DTF","CV2","9","2",0.596133333333333
"M1","haplotype-tagged","DTM","CV2","9","2",0.461011111111111
"M1","haplotype-tagged","HSW","CV2","9","2",0.738755555555555
"M1","haplotype-tagged","PH","CV2","9","2",0.604933333333333
"M1","haplotype-tagged","PPP","CV2","9","2",0.147588888888889
"M1","haplotype-tagged","YPPlnt","CV2","9","2",0.145022222222222
"M1","haplotype-tagged","DTF","CV0","10","2",0.6238
"M1","haplotype-tagged","DTM","CV0","10","2",0.4622
"M1","haplotype-tagged","HSW","CV0","10","2",0.7865
"M1","haplotype-tagged","PH","CV0","10","2",0.28845
"M1","haplotype-tagged","PPP","CV0","10","2",0.1316
"M1","haplotype-tagged","YPPlnt","CV0","10","2",0.07965
"M1","haplotype-tagged","DTF","CV00","10","2",0.08665
"M1","haplotype-tagged","DTM","CV00","10","2",0.06675
"M1","haplotype-tagged","HSW","CV00","10","2",-0.12525
"M1","haplotype-tagged","PH","CV00","10","2",0.2102
"M1","haplotype-tagged","PPP","CV00","10","2",0.0251
"M1","haplotype-tagged","YPPlnt","CV00","10","2",0.1861
"M1","haplotype-tagged","DTF","CV1","10","2",0.00715555555555555
"M1","haplotype-tagged","DTM","CV1","10","2",-0.0408666666666667
"M1","haplotype-tagged","HSW","CV1","10","2",-0.108055555555556
"M1","haplotype-tagged","PH","CV1","10","2",-0.00343333333333334
"M1","haplotype-tagged","PPP","CV1","10","2",-0.136011111111111
"M1","haplotype-tagged","YPPlnt","CV1","10","2",-0.0157777777777778
"M1","haplotype-tagged","DTF","CV2","10","2",0.644122222222222
"M1","haplotype-tagged","DTM","CV2","10","2",0.514255555555556
"M1","haplotype-tagged","HSW","CV2","10","2",0.766755555555556
"M1","haplotype-tagged","PH","CV2","10","2",0.589622222222222
"M1","haplotype-tagged","PPP","CV2","10","2",0.130711111111111
"M1","haplotype-tagged","YPPlnt","CV2","10","2",0.0971666666666667
"M1","haplotype-tagged","DTF","CV0","1","3",0.64695
"M1","haplotype-tagged","DTM","CV0","1","3",0.53375
"M1","haplotype-tagged","HSW","CV0","1","3",0.7753
"M1","haplotype-tagged","PH","CV0","1","3",0.6524
"M1","haplotype-tagged","PPP","CV0","1","3",0.1027
"M1","haplotype-tagged","YPPlnt","CV0","1","3",0.17965
"M1","haplotype-tagged","DTF","CV00","1","3",0.1555
"M1","haplotype-tagged","DTM","CV00","1","3",0.04035
"M1","haplotype-tagged","HSW","CV00","1","3",-0.35835
"M1","haplotype-tagged","PH","CV00","1","3",0.0281
"M1","haplotype-tagged","PPP","CV00","1","3",0.0559
"M1","haplotype-tagged","YPPlnt","CV00","1","3",0.0382
"M1","haplotype-tagged","DTF","CV1","1","3",0.0218888888888889
"M1","haplotype-tagged","DTM","CV1","1","3",0.105588888888889
"M1","haplotype-tagged","HSW","CV1","1","3",-0.0172
"M1","haplotype-tagged","PH","CV1","1","3",-0.104211111111111
"M1","haplotype-tagged","PPP","CV1","1","3",0.0729666666666667
"M1","haplotype-tagged","YPPlnt","CV1","1","3",-0.140844444444444
"M1","haplotype-tagged","DTF","CV2","1","3",0.585288888888889
"M1","haplotype-tagged","DTM","CV2","1","3",0.511466666666667
"M1","haplotype-tagged","HSW","CV2","1","3",0.706488888888889
"M1","haplotype-tagged","PH","CV2","1","3",0.509877777777778
"M1","haplotype-tagged","PPP","CV2","1","3",0.118377777777778
"M1","haplotype-tagged","YPPlnt","CV2","1","3",0.197011111111111
"M1","haplotype-tagged","DTF","CV0","2","3",0.5516
"M1","haplotype-tagged","DTM","CV0","2","3",0.38005
"M1","haplotype-tagged","HSW","CV0","2","3",0.6727
"M1","haplotype-tagged","PH","CV0","2","3",0.60235
"M1","haplotype-tagged","PPP","CV0","2","3",0.25195
"M1","haplotype-tagged","YPPlnt","CV0","2","3",0.06495
"M1","haplotype-tagged","DTF","CV00","2","3",-0.00835
"M1","haplotype-tagged","DTM","CV00","2","3",0.08695
"M1","haplotype-tagged","HSW","CV00","2","3",0.20115
"M1","haplotype-tagged","PH","CV00","2","3",0.0159
"M1","haplotype-tagged","PPP","CV00","2","3",-0.01325
"M1","haplotype-tagged","YPPlnt","CV00","2","3",0.1187
"M1","haplotype-tagged","DTF","CV1","2","3",-0.1354
"M1","haplotype-tagged","DTM","CV1","2","3",0.0164222222222222
"M1","haplotype-tagged","HSW","CV1","2","3",-0.130544444444444
"M1","haplotype-tagged","PH","CV1","2","3",-0.0898111111111111
"M1","haplotype-tagged","PPP","CV1","2","3",0.103677777777778
"M1","haplotype-tagged","YPPlnt","CV1","2","3",-0.0305222222222222
"M1","haplotype-tagged","DTF","CV2","2","3",0.6562
"M1","haplotype-tagged","DTM","CV2","2","3",0.524
"M1","haplotype-tagged","HSW","CV2","2","3",0.7441
"M1","haplotype-tagged","PH","CV2","2","3",0.563
"M1","haplotype-tagged","PPP","CV2","2","3",0.0988888888888889
"M1","haplotype-tagged","YPPlnt","CV2","2","3",0.174444444444444
"M1","haplotype-tagged","DTF","CV0","3","3",0.6798
"M1","haplotype-tagged","DTM","CV0","3","3",0.49285
"M1","haplotype-tagged","HSW","CV0","3","3",0.79995
"M1","haplotype-tagged","PH","CV0","3","3",0.63755
"M1","haplotype-tagged","PPP","CV0","3","3",0.2045
"M1","haplotype-tagged","YPPlnt","CV0","3","3",0.1551
"M1","haplotype-tagged","DTF","CV00","3","3",0.0854
"M1","haplotype-tagged","DTM","CV00","3","3",0.05505
"M1","haplotype-tagged","HSW","CV00","3","3",0.1001
"M1","haplotype-tagged","PH","CV00","3","3",0.11275
"M1","haplotype-tagged","PPP","CV00","3","3",0.1666
"M1","haplotype-tagged","YPPlnt","CV00","3","3",0.305
"M1","haplotype-tagged","DTF","CV1","3","3",0.0647
"M1","haplotype-tagged","DTM","CV1","3","3",0.0476
"M1","haplotype-tagged","HSW","CV1","3","3",0.172533333333333
"M1","haplotype-tagged","PH","CV1","3","3",-0.124611111111111
"M1","haplotype-tagged","PPP","CV1","3","3",0.0673444444444445
"M1","haplotype-tagged","YPPlnt","CV1","3","3",-0.0792
"M1","haplotype-tagged","DTF","CV2","3","3",0.590566666666667
"M1","haplotype-tagged","DTM","CV2","3","3",0.458622222222222
"M1","haplotype-tagged","HSW","CV2","3","3",0.774055555555556
"M1","haplotype-tagged","PH","CV2","3","3",0.575922222222222
"M1","haplotype-tagged","PPP","CV2","3","3",0.203455555555556
"M1","haplotype-tagged","YPPlnt","CV2","3","3",0.0544666666666667
"M1","haplotype-tagged","DTF","CV0","4","3",0.6794
"M1","haplotype-tagged","DTM","CV0","4","3",0.4957
"M1","haplotype-tagged","HSW","CV0","4","3",0.7994
"M1","haplotype-tagged","PH","CV0","4","3",0.6395
"M1","haplotype-tagged","PPP","CV0","4","3",0.20705
"M1","haplotype-tagged","YPPlnt","CV0","4","3",0.1624
"M1","haplotype-tagged","DTF","CV00","4","3",0.01785
"M1","haplotype-tagged","DTM","CV00","4","3",0.14445
"M1","haplotype-tagged","HSW","CV00","4","3",0.01135
"M1","haplotype-tagged","PH","CV00","4","3",0.0535
"M1","haplotype-tagged","PPP","CV00","4","3",0.01855
"M1","haplotype-tagged","YPPlnt","CV00","4","3",-0.00225
"M1","haplotype-tagged","DTF","CV1","4","3",0.197633333333333
"M1","haplotype-tagged","DTM","CV1","4","3",-0.177333333333333
"M1","haplotype-tagged","HSW","CV1","4","3",0.101533333333333
"M1","haplotype-tagged","PH","CV1","4","3",0.0454
"M1","haplotype-tagged","PPP","CV1","4","3",-0.109022222222222
"M1","haplotype-tagged","YPPlnt","CV1","4","3",0.0167666666666667
"M1","haplotype-tagged","DTF","CV2","4","3",0.559055555555556
"M1","haplotype-tagged","DTM","CV2","4","3",0.512577777777778
"M1","haplotype-tagged","HSW","CV2","4","3",0.708588888888889
"M1","haplotype-tagged","PH","CV2","4","3",0.5551
"M1","haplotype-tagged","PPP","CV2","4","3",0.0459333333333333
"M1","haplotype-tagged","YPPlnt","CV2","4","3",0.146633333333333
"M1","haplotype-tagged","DTF","CV0","5","3",0.55155
"M1","haplotype-tagged","DTM","CV0","5","3",0.3782
"M1","haplotype-tagged","HSW","CV0","5","3",0.6712
"M1","haplotype-tagged","PH","CV0","5","3",0.60215
"M1","haplotype-tagged","PPP","CV0","5","3",0.25415
"M1","haplotype-tagged","YPPlnt","CV0","5","3",0.06615
"M1","haplotype-tagged","DTF","CV00","5","3",0.07305
"M1","haplotype-tagged","DTM","CV00","5","3",-0.11505
"M1","haplotype-tagged","HSW","CV00","5","3",0.21425
"M1","haplotype-tagged","PH","CV00","5","3",-0.076
"M1","haplotype-tagged","PPP","CV00","5","3",-0.0703
"M1","haplotype-tagged","YPPlnt","CV00","5","3",0.041
"M1","haplotype-tagged","DTF","CV1","5","3",0.0282555555555556
"M1","haplotype-tagged","DTM","CV1","5","3",-0.0171777777777778
"M1","haplotype-tagged","HSW","CV1","5","3",0.0921888888888889
"M1","haplotype-tagged","PH","CV1","5","3",-0.125844444444444
"M1","haplotype-tagged","PPP","CV1","5","3",-0.0280555555555556
"M1","haplotype-tagged","YPPlnt","CV1","5","3",0.00643333333333333
"M1","haplotype-tagged","DTF","CV2","5","3",0.648622222222222
"M1","haplotype-tagged","DTM","CV2","5","3",0.47
"M1","haplotype-tagged","HSW","CV2","5","3",0.732977777777778
"M1","haplotype-tagged","PH","CV2","5","3",0.566744444444444
"M1","haplotype-tagged","PPP","CV2","5","3",0.104477777777778
"M1","haplotype-tagged","YPPlnt","CV2","5","3",0.146277777777778
"M1","haplotype-tagged","DTF","CV0","6","3",0.6036
"M1","haplotype-tagged","DTM","CV0","6","3",0.47125
"M1","haplotype-tagged","HSW","CV0","6","3",0.74
"M1","haplotype-tagged","PH","CV0","6","3",0.5712
"M1","haplotype-tagged","PPP","CV0","6","3",0.05635
"M1","haplotype-tagged","YPPlnt","CV0","6","3",0.165
"M1","haplotype-tagged","DTF","CV00","6","3",-0.0201
"M1","haplotype-tagged","DTM","CV00","6","3",-0.27365
"M1","haplotype-tagged","HSW","CV00","6","3",-0.30485
"M1","haplotype-tagged","PH","CV00","6","3",-0.14905
"M1","haplotype-tagged","PPP","CV00","6","3",0.05785
"M1","haplotype-tagged","YPPlnt","CV00","6","3",-0.13995
"M1","haplotype-tagged","DTF","CV1","6","3",-0.0422666666666667
"M1","haplotype-tagged","DTM","CV1","6","3",0.0126777777777778
"M1","haplotype-tagged","HSW","CV1","6","3",0.0550777777777778
"M1","haplotype-tagged","PH","CV1","6","3",-0.103777777777778
"M1","haplotype-tagged","PPP","CV1","6","3",0.0608777777777778
"M1","haplotype-tagged","YPPlnt","CV1","6","3",-0.00762222222222222
"M1","haplotype-tagged","DTF","CV2","6","3",0.599177777777778
"M1","haplotype-tagged","DTM","CV2","6","3",0.447955555555556
"M1","haplotype-tagged","HSW","CV2","6","3",0.747188888888889
"M1","haplotype-tagged","PH","CV2","6","3",0.634633333333333
"M1","haplotype-tagged","PPP","CV2","6","3",0.0618555555555556
"M1","haplotype-tagged","YPPlnt","CV2","6","3",0.113355555555556
"M1","haplotype-tagged","DTF","CV0","7","3",0.4952
"M1","haplotype-tagged","DTM","CV0","7","3",0.3868
"M1","haplotype-tagged","HSW","CV0","7","3",0.69885
"M1","haplotype-tagged","PH","CV0","7","3",0.612
"M1","haplotype-tagged","PPP","CV0","7","3",0.12395
"M1","haplotype-tagged","YPPlnt","CV0","7","3",0.14225
"M1","haplotype-tagged","DTF","CV00","7","3",-0.2465
"M1","haplotype-tagged","DTM","CV00","7","3",0.03295
"M1","haplotype-tagged","HSW","CV00","7","3",0.2675
"M1","haplotype-tagged","PH","CV00","7","3",-0.16295
"M1","haplotype-tagged","PPP","CV00","7","3",-0.0568
"M1","haplotype-tagged","YPPlnt","CV00","7","3",0.10825
"M1","haplotype-tagged","DTF","CV1","7","3",0.0607888888888889
"M1","haplotype-tagged","DTM","CV1","7","3",-0.0416666666666667
"M1","haplotype-tagged","HSW","CV1","7","3",-0.0833888888888889
"M1","haplotype-tagged","PH","CV1","7","3",0.0127222222222222
"M1","haplotype-tagged","PPP","CV1","7","3",0.0142111111111111
"M1","haplotype-tagged","YPPlnt","CV1","7","3",-0.0642777777777778
"M1","haplotype-tagged","DTF","CV2","7","3",0.523277777777778
"M1","haplotype-tagged","DTM","CV2","7","3",0.343722222222222
"M1","haplotype-tagged","HSW","CV2","7","3",0.740922222222222
"M1","haplotype-tagged","PH","CV2","7","3",0.548066666666667
"M1","haplotype-tagged","PPP","CV2","7","3",0.108977777777778
"M1","haplotype-tagged","YPPlnt","CV2","7","3",0.112088888888889
"M1","haplotype-tagged","DTF","CV0","8","3",0.72705
"M1","haplotype-tagged","DTM","CV0","8","3",0.62215
"M1","haplotype-tagged","HSW","CV0","8","3",0.75595
"M1","haplotype-tagged","PH","CV0","8","3",0.70165
"M1","haplotype-tagged","PPP","CV0","8","3",0.2075
"M1","haplotype-tagged","YPPlnt","CV0","8","3",0.11405
"M1","haplotype-tagged","DTF","CV00","8","3",0.0024
"M1","haplotype-tagged","DTM","CV00","8","3",-0.0396
"M1","haplotype-tagged","HSW","CV00","8","3",0.1024
"M1","haplotype-tagged","PH","CV00","8","3",0.07725
"M1","haplotype-tagged","PPP","CV00","8","3",0.0296
"M1","haplotype-tagged","YPPlnt","CV00","8","3",-0.13365
"M1","haplotype-tagged","DTF","CV1","8","3",0.103922222222222
"M1","haplotype-tagged","DTM","CV1","8","3",-0.0977666666666667
"M1","haplotype-tagged","HSW","CV1","8","3",0.00812222222222223
"M1","haplotype-tagged","PH","CV1","8","3",-0.173733333333333
"M1","haplotype-tagged","PPP","CV1","8","3",0.0921222222222222
"M1","haplotype-tagged","YPPlnt","CV1","8","3",0.0429666666666667
"M1","haplotype-tagged","DTF","CV2","8","3",0.570411111111111
"M1","haplotype-tagged","DTM","CV2","8","3",0.449211111111111
"M1","haplotype-tagged","HSW","CV2","8","3",0.732755555555555
"M1","haplotype-tagged","PH","CV2","8","3",0.557922222222222
"M1","haplotype-tagged","PPP","CV2","8","3",0.134844444444444
"M1","haplotype-tagged","YPPlnt","CV2","8","3",0.0840777777777778
"M1","haplotype-tagged","DTF","CV0","9","3",0.6228
"M1","haplotype-tagged","DTM","CV0","9","3",0.46175
"M1","haplotype-tagged","HSW","CV0","9","3",0.7863
"M1","haplotype-tagged","PH","CV0","9","3",0.2867
"M1","haplotype-tagged","PPP","CV0","9","3",0.1307
"M1","haplotype-tagged","YPPlnt","CV0","9","3",0.0807
"M1","haplotype-tagged","DTF","CV00","9","3",0.1317
"M1","haplotype-tagged","DTM","CV00","9","3",0.3171
"M1","haplotype-tagged","HSW","CV00","9","3",-0.08235
"M1","haplotype-tagged","PH","CV00","9","3",-0.15355
"M1","haplotype-tagged","PPP","CV00","9","3",-0.06165
"M1","haplotype-tagged","YPPlnt","CV00","9","3",-0.1421
"M1","haplotype-tagged","DTF","CV1","9","3",-0.0317555555555556
"M1","haplotype-tagged","DTM","CV1","9","3",-0.00242222222222222
"M1","haplotype-tagged","HSW","CV1","9","3",0.131533333333333
"M1","haplotype-tagged","PH","CV1","9","3",-0.0416444444444444
"M1","haplotype-tagged","PPP","CV1","9","3",0.0524666666666667
"M1","haplotype-tagged","YPPlnt","CV1","9","3",0.168255555555556
"M1","haplotype-tagged","DTF","CV2","9","3",0.607122222222222
"M1","haplotype-tagged","DTM","CV2","9","3",0.4789
"M1","haplotype-tagged","HSW","CV2","9","3",0.754511111111111
"M1","haplotype-tagged","PH","CV2","9","3",0.532266666666667
"M1","haplotype-tagged","PPP","CV2","9","3",0.152011111111111
"M1","haplotype-tagged","YPPlnt","CV2","9","3",0.0726111111111111
"M1","haplotype-tagged","DTF","CV0","10","3",0.43405
"M1","haplotype-tagged","DTM","CV0","10","3",0.33825
"M1","haplotype-tagged","HSW","CV0","10","3",0.613
"M1","haplotype-tagged","PH","CV0","10","3",0.53775
"M1","haplotype-tagged","PPP","CV0","10","3",0.0768
"M1","haplotype-tagged","YPPlnt","CV0","10","3",0.0783
"M1","haplotype-tagged","DTF","CV00","10","3",0.1238
"M1","haplotype-tagged","DTM","CV00","10","3",-0.0101
"M1","haplotype-tagged","HSW","CV00","10","3",0.02315
"M1","haplotype-tagged","PH","CV00","10","3",0.2581
"M1","haplotype-tagged","PPP","CV00","10","3",0.16685
"M1","haplotype-tagged","YPPlnt","CV00","10","3",0.1905
"M1","haplotype-tagged","DTF","CV1","10","3",-0.0191444444444445
"M1","haplotype-tagged","DTM","CV1","10","3",0.210588888888889
"M1","haplotype-tagged","HSW","CV1","10","3",0.0981222222222222
"M1","haplotype-tagged","PH","CV1","10","3",0.203166666666667
"M1","haplotype-tagged","PPP","CV1","10","3",0.0188444444444445
"M1","haplotype-tagged","YPPlnt","CV1","10","3",0.0402333333333333
"M1","haplotype-tagged","DTF","CV2","10","3",0.544377777777778
"M1","haplotype-tagged","DTM","CV2","10","3",0.471577777777778
"M1","haplotype-tagged","HSW","CV2","10","3",0.7859
"M1","haplotype-tagged","PH","CV2","10","3",0.547044444444444
"M1","haplotype-tagged","PPP","CV2","10","3",0.194844444444444
"M1","haplotype-tagged","YPPlnt","CV2","10","3",0.125244444444444
"M1","haplotype-tagged","DTF","CV0","1","4",0.7641
"M1","haplotype-tagged","DTM","CV0","1","4",0.66105
"M1","haplotype-tagged","HSW","CV0","1","4",0.79915
"M1","haplotype-tagged","PH","CV0","1","4",0.75155
"M1","haplotype-tagged","PPP","CV0","1","4",0.27205
"M1","haplotype-tagged","YPPlnt","CV0","1","4",0.04725
"M1","haplotype-tagged","DTF","CV00","1","4",-0.2031
"M1","haplotype-tagged","DTM","CV00","1","4",-0.17085
"M1","haplotype-tagged","HSW","CV00","1","4",-0.09095
"M1","haplotype-tagged","PH","CV00","1","4",-0.1053
"M1","haplotype-tagged","PPP","CV00","1","4",-0.26
"M1","haplotype-tagged","YPPlnt","CV00","1","4",-0.04465
"M1","haplotype-tagged","DTF","CV1","1","4",-0.150188888888889
"M1","haplotype-tagged","DTM","CV1","1","4",0.0441222222222222
"M1","haplotype-tagged","HSW","CV1","1","4",0.133522222222222
"M1","haplotype-tagged","PH","CV1","1","4",0.0703111111111111
"M1","haplotype-tagged","PPP","CV1","1","4",0.0399555555555556
"M1","haplotype-tagged","YPPlnt","CV1","1","4",0.0186111111111111
"M1","haplotype-tagged","DTF","CV2","1","4",0.616866666666667
"M1","haplotype-tagged","DTM","CV2","1","4",0.4974
"M1","haplotype-tagged","HSW","CV2","1","4",0.775477777777778
"M1","haplotype-tagged","PH","CV2","1","4",0.547722222222222
"M1","haplotype-tagged","PPP","CV2","1","4",0.194155555555556
"M1","haplotype-tagged","YPPlnt","CV2","1","4",0.100666666666667
"M1","haplotype-tagged","DTF","CV0","2","4",0.5942
"M1","haplotype-tagged","DTM","CV0","2","4",0.53975
"M1","haplotype-tagged","HSW","CV0","2","4",0.71225
"M1","haplotype-tagged","PH","CV0","2","4",0.64525
"M1","haplotype-tagged","PPP","CV0","2","4",0.2102
"M1","haplotype-tagged","YPPlnt","CV0","2","4",0.0693
"M1","haplotype-tagged","DTF","CV00","2","4",-0.1615
"M1","haplotype-tagged","DTM","CV00","2","4",-0.0014
"M1","haplotype-tagged","HSW","CV00","2","4",-0.0841
"M1","haplotype-tagged","PH","CV00","2","4",-0.1221
"M1","haplotype-tagged","PPP","CV00","2","4",-0.2097
"M1","haplotype-tagged","YPPlnt","CV00","2","4",-0.1378
"M1","haplotype-tagged","DTF","CV1","2","4",0.135977777777778
"M1","haplotype-tagged","DTM","CV1","2","4",-0.0407222222222222
"M1","haplotype-tagged","HSW","CV1","2","4",0.0791111111111111
"M1","haplotype-tagged","PH","CV1","2","4",-0.170255555555556
"M1","haplotype-tagged","PPP","CV1","2","4",0.0587555555555556
"M1","haplotype-tagged","YPPlnt","CV1","2","4",-0.0697555555555556
"M1","haplotype-tagged","DTF","CV2","2","4",0.560766666666667
"M1","haplotype-tagged","DTM","CV2","2","4",0.512277777777778
"M1","haplotype-tagged","HSW","CV2","2","4",0.727766666666667
"M1","haplotype-tagged","PH","CV2","2","4",0.520333333333333
"M1","haplotype-tagged","PPP","CV2","2","4",0.0309777777777778
"M1","haplotype-tagged","YPPlnt","CV2","2","4",0.0430777777777778
"M1","haplotype-tagged","DTF","CV0","3","4",0.5117
"M1","haplotype-tagged","DTM","CV0","3","4",0.45815
"M1","haplotype-tagged","HSW","CV0","3","4",0.7445
"M1","haplotype-tagged","PH","CV0","3","4",0.3517
"M1","haplotype-tagged","PPP","CV0","3","4",0.05855
"M1","haplotype-tagged","YPPlnt","CV0","3","4",0.176
"M1","haplotype-tagged","DTF","CV00","3","4",0.20025
"M1","haplotype-tagged","DTM","CV00","3","4",0.05805
"M1","haplotype-tagged","HSW","CV00","3","4",0.13815
"M1","haplotype-tagged","PH","CV00","3","4",0.12915
"M1","haplotype-tagged","PPP","CV00","3","4",-0.1424
"M1","haplotype-tagged","YPPlnt","CV00","3","4",0.0044
"M1","haplotype-tagged","DTF","CV1","3","4",0.0284777777777778
"M1","haplotype-tagged","DTM","CV1","3","4",0.0147666666666667
"M1","haplotype-tagged","HSW","CV1","3","4",0.0714888888888889
"M1","haplotype-tagged","PH","CV1","3","4",-0.0546111111111111
"M1","haplotype-tagged","PPP","CV1","3","4",0.0238444444444444
"M1","haplotype-tagged","YPPlnt","CV1","3","4",0.0405222222222222
"M1","haplotype-tagged","DTF","CV2","3","4",0.615088888888889
"M1","haplotype-tagged","DTM","CV2","3","4",0.436166666666667
"M1","haplotype-tagged","HSW","CV2","3","4",0.740855555555556
"M1","haplotype-tagged","PH","CV2","3","4",0.546322222222222
"M1","haplotype-tagged","PPP","CV2","3","4",0.149566666666667
"M1","haplotype-tagged","YPPlnt","CV2","3","4",0.200444444444444
"M1","haplotype-tagged","DTF","CV0","4","4",0.62435
"M1","haplotype-tagged","DTM","CV0","4","4",0.4627
"M1","haplotype-tagged","HSW","CV0","4","4",0.7855
"M1","haplotype-tagged","PH","CV0","4","4",0.2871
"M1","haplotype-tagged","PPP","CV0","4","4",0.13305
"M1","haplotype-tagged","YPPlnt","CV0","4","4",0.0803
"M1","haplotype-tagged","DTF","CV00","4","4",0.0856
"M1","haplotype-tagged","DTM","CV00","4","4",0.1678
"M1","haplotype-tagged","HSW","CV00","4","4",-0.19785
"M1","haplotype-tagged","PH","CV00","4","4",0.0186
"M1","haplotype-tagged","PPP","CV00","4","4",-0.0172
"M1","haplotype-tagged","YPPlnt","CV00","4","4",0.13725
"M1","haplotype-tagged","DTF","CV1","4","4",0.175933333333333
"M1","haplotype-tagged","DTM","CV1","4","4",-0.0909555555555556
"M1","haplotype-tagged","HSW","CV1","4","4",-0.164388888888889
"M1","haplotype-tagged","PH","CV1","4","4",0.0121222222222222
"M1","haplotype-tagged","PPP","CV1","4","4",0.0678444444444444
"M1","haplotype-tagged","YPPlnt","CV1","4","4",-0.0656
"M1","haplotype-tagged","DTF","CV2","4","4",0.623933333333333
"M1","haplotype-tagged","DTM","CV2","4","4",0.453155555555556
"M1","haplotype-tagged","HSW","CV2","4","4",0.746033333333333
"M1","haplotype-tagged","PH","CV2","4","4",0.452377777777778
"M1","haplotype-tagged","PPP","CV2","4","4",0.125055555555556
"M1","haplotype-tagged","YPPlnt","CV2","4","4",0.0623222222222222
"M1","haplotype-tagged","DTF","CV0","5","4",0.6085
"M1","haplotype-tagged","DTM","CV0","5","4",0.5543
"M1","haplotype-tagged","HSW","CV0","5","4",0.74815
"M1","haplotype-tagged","PH","CV0","5","4",0.67315
"M1","haplotype-tagged","PPP","CV0","5","4",0.2175
"M1","haplotype-tagged","YPPlnt","CV0","5","4",0.1386
"M1","haplotype-tagged","DTF","CV00","5","4",0.0378
"M1","haplotype-tagged","DTM","CV00","5","4",-0.144
"M1","haplotype-tagged","HSW","CV00","5","4",-0.2464
"M1","haplotype-tagged","PH","CV00","5","4",0.02425
"M1","haplotype-tagged","PPP","CV00","5","4",0.20045
"M1","haplotype-tagged","YPPlnt","CV00","5","4",0.2128
"M1","haplotype-tagged","DTF","CV1","5","4",-0.0420888888888889
"M1","haplotype-tagged","DTM","CV1","5","4",0.0674111111111111
"M1","haplotype-tagged","HSW","CV1","5","4",0.139222222222222
"M1","haplotype-tagged","PH","CV1","5","4",-0.2858
"M1","haplotype-tagged","PPP","CV1","5","4",0.101977777777778
"M1","haplotype-tagged","YPPlnt","CV1","5","4",0.0674777777777778
"M1","haplotype-tagged","DTF","CV2","5","4",0.477688888888889
"M1","haplotype-tagged","DTM","CV2","5","4",0.445011111111111
"M1","haplotype-tagged","HSW","CV2","5","4",0.791433333333333
"M1","haplotype-tagged","PH","CV2","5","4",0.523788888888889
"M1","haplotype-tagged","PPP","CV2","5","4",0.201055555555556
"M1","haplotype-tagged","YPPlnt","CV2","5","4",0.100511111111111
"M1","haplotype-tagged","DTF","CV0","6","4",0.73455
"M1","haplotype-tagged","DTM","CV0","6","4",0.56275
"M1","haplotype-tagged","HSW","CV0","6","4",0.83185
"M1","haplotype-tagged","PH","CV0","6","4",0.7287
"M1","haplotype-tagged","PPP","CV0","6","4",0.2726
"M1","haplotype-tagged","YPPlnt","CV0","6","4",0.1334
"M1","haplotype-tagged","DTF","CV00","6","4",-0.1183
"M1","haplotype-tagged","DTM","CV00","6","4",0.0175
"M1","haplotype-tagged","HSW","CV00","6","4",-0.2247
"M1","haplotype-tagged","PH","CV00","6","4",0.01325
"M1","haplotype-tagged","PPP","CV00","6","4",0.0153
"M1","haplotype-tagged","YPPlnt","CV00","6","4",-0.0214
"M1","haplotype-tagged","DTF","CV1","6","4",0.0524444444444444
"M1","haplotype-tagged","DTM","CV1","6","4",0.0924555555555556
"M1","haplotype-tagged","HSW","CV1","6","4",0.0677555555555556
"M1","haplotype-tagged","PH","CV1","6","4",-0.0748222222222222
"M1","haplotype-tagged","PPP","CV1","6","4",0.0512888888888889
"M1","haplotype-tagged","YPPlnt","CV1","6","4",0.0186888888888889
"M1","haplotype-tagged","DTF","CV2","6","4",0.594733333333333
"M1","haplotype-tagged","DTM","CV2","6","4",0.456266666666667
"M1","haplotype-tagged","HSW","CV2","6","4",0.773766666666667
"M1","haplotype-tagged","PH","CV2","6","4",0.596222222222222
"M1","haplotype-tagged","PPP","CV2","6","4",0.155544444444444
"M1","haplotype-tagged","YPPlnt","CV2","6","4",0.0321777777777778
"M1","haplotype-tagged","DTF","CV0","7","4",0.623
"M1","haplotype-tagged","DTM","CV0","7","4",0.46435
"M1","haplotype-tagged","HSW","CV0","7","4",0.7861
"M1","haplotype-tagged","PH","CV0","7","4",0.2902
"M1","haplotype-tagged","PPP","CV0","7","4",0.13995
"M1","haplotype-tagged","YPPlnt","CV0","7","4",0.078
"M1","haplotype-tagged","DTF","CV00","7","4",-0.0849
"M1","haplotype-tagged","DTM","CV00","7","4",-0.02945
"M1","haplotype-tagged","HSW","CV00","7","4",0.2154
"M1","haplotype-tagged","PH","CV00","7","4",-0.1643
"M1","haplotype-tagged","PPP","CV00","7","4",0.07565
"M1","haplotype-tagged","YPPlnt","CV00","7","4",-0.22385
"M1","haplotype-tagged","DTF","CV1","7","4",0.147477777777778
"M1","haplotype-tagged","DTM","CV1","7","4",-0.0300555555555556
"M1","haplotype-tagged","HSW","CV1","7","4",-0.00814444444444443
"M1","haplotype-tagged","PH","CV1","7","4",0.0864555555555556
"M1","haplotype-tagged","PPP","CV1","7","4",0.0613555555555556
"M1","haplotype-tagged","YPPlnt","CV1","7","4",-0.0082
"M1","haplotype-tagged","DTF","CV2","7","4",0.555844444444444
"M1","haplotype-tagged","DTM","CV2","7","4",0.489644444444444
"M1","haplotype-tagged","HSW","CV2","7","4",0.656911111111111
"M1","haplotype-tagged","PH","CV2","7","4",0.462644444444444
"M1","haplotype-tagged","PPP","CV2","7","4",0.1814
"M1","haplotype-tagged","YPPlnt","CV2","7","4",0.105744444444444
"M1","haplotype-tagged","DTF","CV0","8","4",0.5176
"M1","haplotype-tagged","DTM","CV0","8","4",0.33735
"M1","haplotype-tagged","HSW","CV0","8","4",0.6786
"M1","haplotype-tagged","PH","CV0","8","4",0.59535
"M1","haplotype-tagged","PPP","CV0","8","4",0.10395
"M1","haplotype-tagged","YPPlnt","CV0","8","4",0.15905
"M1","haplotype-tagged","DTF","CV00","8","4",-0.13585
"M1","haplotype-tagged","DTM","CV00","8","4",-0.08345
"M1","haplotype-tagged","HSW","CV00","8","4",-0.14105
"M1","haplotype-tagged","PH","CV00","8","4",-0.08185
"M1","haplotype-tagged","PPP","CV00","8","4",0.14075
"M1","haplotype-tagged","YPPlnt","CV00","8","4",-0.0108
"M1","haplotype-tagged","DTF","CV1","8","4",0.108633333333333
"M1","haplotype-tagged","DTM","CV1","8","4",0.115666666666667
"M1","haplotype-tagged","HSW","CV1","8","4",-0.0353888888888889
"M1","haplotype-tagged","PH","CV1","8","4",-0.0502777777777778
"M1","haplotype-tagged","PPP","CV1","8","4",0.115733333333333
"M1","haplotype-tagged","YPPlnt","CV1","8","4",-0.043
"M1","haplotype-tagged","DTF","CV2","8","4",0.619622222222222
"M1","haplotype-tagged","DTM","CV2","8","4",0.493466666666667
"M1","haplotype-tagged","HSW","CV2","8","4",0.752011111111111
"M1","haplotype-tagged","PH","CV2","8","4",0.5273
"M1","haplotype-tagged","PPP","CV2","8","4",0.118388888888889
"M1","haplotype-tagged","YPPlnt","CV2","8","4",0.0991888888888889
"M1","haplotype-tagged","DTF","CV0","9","4",0.4353
"M1","haplotype-tagged","DTM","CV0","9","4",0.3743
"M1","haplotype-tagged","HSW","CV0","9","4",0.5933
"M1","haplotype-tagged","PH","CV0","9","4",0.6395
"M1","haplotype-tagged","PPP","CV0","9","4",0.12015
"M1","haplotype-tagged","YPPlnt","CV0","9","4",0.16395
"M1","haplotype-tagged","DTF","CV00","9","4",-0.000800000000000023
"M1","haplotype-tagged","DTM","CV00","9","4",-0.27605
"M1","haplotype-tagged","HSW","CV00","9","4",-0.1363
"M1","haplotype-tagged","PH","CV00","9","4",-0.3086
"M1","haplotype-tagged","PPP","CV00","9","4",0.01675
"M1","haplotype-tagged","YPPlnt","CV00","9","4",-0.18225
"M1","haplotype-tagged","DTF","CV1","9","4",0.1449
"M1","haplotype-tagged","DTM","CV1","9","4",-0.0378666666666667
"M1","haplotype-tagged","HSW","CV1","9","4",0.243666666666667
"M1","haplotype-tagged","PH","CV1","9","4",-0.104911111111111
"M1","haplotype-tagged","PPP","CV1","9","4",0.0132111111111111
"M1","haplotype-tagged","YPPlnt","CV1","9","4",-0.0356333333333333
"M1","haplotype-tagged","DTF","CV2","9","4",0.616333333333333
"M1","haplotype-tagged","DTM","CV2","9","4",0.428522222222222
"M1","haplotype-tagged","HSW","CV2","9","4",0.735144444444444
"M1","haplotype-tagged","PH","CV2","9","4",0.561211111111111
"M1","haplotype-tagged","PPP","CV2","9","4",0.151055555555556
"M1","haplotype-tagged","YPPlnt","CV2","9","4",0.131177777777778
"M1","haplotype-tagged","DTF","CV0","10","4",0.64675
"M1","haplotype-tagged","DTM","CV0","10","4",0.53315
"M1","haplotype-tagged","HSW","CV0","10","4",0.77585
"M1","haplotype-tagged","PH","CV0","10","4",0.65475
"M1","haplotype-tagged","PPP","CV0","10","4",0.10235
"M1","haplotype-tagged","YPPlnt","CV0","10","4",0.17595
"M1","haplotype-tagged","DTF","CV00","10","4",0.05345
"M1","haplotype-tagged","DTM","CV00","10","4",-0.18595
"M1","haplotype-tagged","HSW","CV00","10","4",-0.037
"M1","haplotype-tagged","PH","CV00","10","4",0.0598
"M1","haplotype-tagged","PPP","CV00","10","4",-0.0627
"M1","haplotype-tagged","YPPlnt","CV00","10","4",-0.11075
"M1","haplotype-tagged","DTF","CV1","10","4",0.175822222222222
"M1","haplotype-tagged","DTM","CV1","10","4",-0.0963777777777778
"M1","haplotype-tagged","HSW","CV1","10","4",0.0909444444444444
"M1","haplotype-tagged","PH","CV1","10","4",-0.166644444444444
"M1","haplotype-tagged","PPP","CV1","10","4",0.0298222222222222
"M1","haplotype-tagged","YPPlnt","CV1","10","4",0.0141333333333333
"M1","haplotype-tagged","DTF","CV2","10","4",0.5601
"M1","haplotype-tagged","DTM","CV2","10","4",0.4683
"M1","haplotype-tagged","HSW","CV2","10","4",0.706511111111111
"M1","haplotype-tagged","PH","CV2","10","4",0.587366666666667
"M1","haplotype-tagged","PPP","CV2","10","4",0.1553
"M1","haplotype-tagged","YPPlnt","CV2","10","4",0.0516666666666667
"M1","haplotype-tagged","DTF","CV0","1","5",0.3761
"M1","haplotype-tagged","DTM","CV0","1","5",0.3941
"M1","haplotype-tagged","HSW","CV0","1","5",0.6023
"M1","haplotype-tagged","PH","CV0","1","5",0.5726
"M1","haplotype-tagged","PPP","CV0","1","5",0.0922
"M1","haplotype-tagged","YPPlnt","CV0","1","5",0.1375
"M1","haplotype-tagged","DTF","CV00","1","5",-0.2235
"M1","haplotype-tagged","DTM","CV00","1","5",0.0028
"M1","haplotype-tagged","HSW","CV00","1","5",0.1495
"M1","haplotype-tagged","PH","CV00","1","5",0.0956
"M1","haplotype-tagged","PPP","CV00","1","5",-0.16
"M1","haplotype-tagged","YPPlnt","CV00","1","5",0.0379
"M1","haplotype-tagged","DTF","CV1","1","5",-0.231244444444444
"M1","haplotype-tagged","DTM","CV1","1","5",0.174055555555556
"M1","haplotype-tagged","HSW","CV1","1","5",0.1427
"M1","haplotype-tagged","PH","CV1","1","5",0.0527111111111111
"M1","haplotype-tagged","PPP","CV1","1","5",0.0105444444444444
"M1","haplotype-tagged","YPPlnt","CV1","1","5",-0.115311111111111
"M1","haplotype-tagged","DTF","CV2","1","5",0.600488888888889
"M1","haplotype-tagged","DTM","CV2","1","5",0.4638
"M1","haplotype-tagged","HSW","CV2","1","5",0.720866666666667
"M1","haplotype-tagged","PH","CV2","1","5",0.564022222222222
"M1","haplotype-tagged","PPP","CV2","1","5",0.0599666666666667
"M1","haplotype-tagged","YPPlnt","CV2","1","5",0.152677777777778
"M1","haplotype-tagged","DTF","CV0","2","5",0.6405
"M1","haplotype-tagged","DTM","CV0","2","5",0.5316
"M1","haplotype-tagged","HSW","CV0","2","5",0.8593
"M1","haplotype-tagged","PH","CV0","2","5",0.1047
"M1","haplotype-tagged","PPP","CV0","2","5",-2e-04
"M1","haplotype-tagged","YPPlnt","CV0","2","5",0.1739
"M1","haplotype-tagged","DTF","CV00","2","5",-0.1598
"M1","haplotype-tagged","DTM","CV00","2","5",-0.0193
"M1","haplotype-tagged","HSW","CV00","2","5",-0.0613
"M1","haplotype-tagged","PH","CV00","2","5",0.2165
"M1","haplotype-tagged","PPP","CV00","2","5",-0.3994
"M1","haplotype-tagged","YPPlnt","CV00","2","5",-0.1257
"M1","haplotype-tagged","DTF","CV1","2","5",-0.1326
"M1","haplotype-tagged","DTM","CV1","2","5",-0.0356777777777778
"M1","haplotype-tagged","HSW","CV1","2","5",0.0700333333333333
"M1","haplotype-tagged","PH","CV1","2","5",-0.0861333333333333
"M1","haplotype-tagged","PPP","CV1","2","5",-0.0217666666666667
"M1","haplotype-tagged","YPPlnt","CV1","2","5",-0.0548555555555556
"M1","haplotype-tagged","DTF","CV2","2","5",0.576422222222222
"M1","haplotype-tagged","DTM","CV2","2","5",0.468222222222222
"M1","haplotype-tagged","HSW","CV2","2","5",0.733688888888889
"M1","haplotype-tagged","PH","CV2","2","5",0.6403
"M1","haplotype-tagged","PPP","CV2","2","5",0.155722222222222
"M1","haplotype-tagged","YPPlnt","CV2","2","5",0.0826222222222222
"M1","haplotype-tagged","DTF","CV0","3","5",0.6098
"M1","haplotype-tagged","DTM","CV0","3","5",0.4001
"M1","haplotype-tagged","HSW","CV0","3","5",0.7856
"M1","haplotype-tagged","PH","CV0","3","5",0.6618
"M1","haplotype-tagged","PPP","CV0","3","5",0.1337
"M1","haplotype-tagged","YPPlnt","CV0","3","5",0.1813
"M1","haplotype-tagged","DTF","CV00","3","5",-0.2046
"M1","haplotype-tagged","DTM","CV00","3","5",0.0199
"M1","haplotype-tagged","HSW","CV00","3","5",-0.1627
"M1","haplotype-tagged","PH","CV00","3","5",-0.1498
"M1","haplotype-tagged","PPP","CV00","3","5",-0.0323
"M1","haplotype-tagged","YPPlnt","CV00","3","5",-0.219
"M1","haplotype-tagged","DTF","CV1","3","5",-0.0107111111111111
"M1","haplotype-tagged","DTM","CV1","3","5",0.0745
"M1","haplotype-tagged","HSW","CV1","3","5",0.0580666666666667
"M1","haplotype-tagged","PH","CV1","3","5",0.2014
"M1","haplotype-tagged","PPP","CV1","3","5",0.000922222222222227
"M1","haplotype-tagged","YPPlnt","CV1","3","5",0.0327
"M1","haplotype-tagged","DTF","CV2","3","5",0.596022222222222
"M1","haplotype-tagged","DTM","CV2","3","5",0.468933333333333
"M1","haplotype-tagged","HSW","CV2","3","5",0.7442
"M1","haplotype-tagged","PH","CV2","3","5",0.563022222222222
"M1","haplotype-tagged","PPP","CV2","3","5",0.156644444444444
"M1","haplotype-tagged","YPPlnt","CV2","3","5",0.0471666666666667
"M1","haplotype-tagged","DTF","CV0","4","5",0.7777
"M1","haplotype-tagged","DTM","CV0","4","5",0.6821
"M1","haplotype-tagged","HSW","CV0","4","5",0.7814
"M1","haplotype-tagged","PH","CV0","4","5",0.7441
"M1","haplotype-tagged","PPP","CV0","4","5",0.284
"M1","haplotype-tagged","YPPlnt","CV0","4","5",0.0019
"M1","haplotype-tagged","DTF","CV00","4","5",-0.1566
"M1","haplotype-tagged","DTM","CV00","4","5",0.1451
"M1","haplotype-tagged","HSW","CV00","4","5",-0.0722
"M1","haplotype-tagged","PH","CV00","4","5",-0.1904
"M1","haplotype-tagged","PPP","CV00","4","5",-0.0293
"M1","haplotype-tagged","YPPlnt","CV00","4","5",-0.2383
"M1","haplotype-tagged","DTF","CV1","4","5",0.163444444444444
"M1","haplotype-tagged","DTM","CV1","4","5",0.0567666666666667
"M1","haplotype-tagged","HSW","CV1","4","5",0.0924777777777778
"M1","haplotype-tagged","PH","CV1","4","5",-0.0135666666666667
"M1","haplotype-tagged","PPP","CV1","4","5",-0.0876222222222222
"M1","haplotype-tagged","YPPlnt","CV1","4","5",0.0867666666666667
"M1","haplotype-tagged","DTF","CV2","4","5",0.623133333333333
"M1","haplotype-tagged","DTM","CV2","4","5",0.466288888888889
"M1","haplotype-tagged","HSW","CV2","4","5",0.760511111111111
"M1","haplotype-tagged","PH","CV2","4","5",0.522922222222222
"M1","haplotype-tagged","PPP","CV2","4","5",0.178066666666667
"M1","haplotype-tagged","YPPlnt","CV2","4","5",0.160611111111111
"M1","haplotype-tagged","DTF","CV0","5","5",0.6098
"M1","haplotype-tagged","DTM","CV0","5","5",0.3977
"M1","haplotype-tagged","HSW","CV0","5","5",0.7848
"M1","haplotype-tagged","PH","CV0","5","5",0.6622
"M1","haplotype-tagged","PPP","CV0","5","5",0.1312
"M1","haplotype-tagged","YPPlnt","CV0","5","5",0.1825
"M1","haplotype-tagged","DTF","CV00","5","5",-0.1044
"M1","haplotype-tagged","DTM","CV00","5","5",-0.1283
"M1","haplotype-tagged","HSW","CV00","5","5",-0.0717
"M1","haplotype-tagged","PH","CV00","5","5",-0.1389
"M1","haplotype-tagged","PPP","CV00","5","5",0.2063
"M1","haplotype-tagged","YPPlnt","CV00","5","5",0.2681
"M1","haplotype-tagged","DTF","CV1","5","5",-0.122188888888889
"M1","haplotype-tagged","DTM","CV1","5","5",-0.115566666666667
"M1","haplotype-tagged","HSW","CV1","5","5",0.0166555555555556
"M1","haplotype-tagged","PH","CV1","5","5",-0.124744444444444
"M1","haplotype-tagged","PPP","CV1","5","5",-0.0922111111111111
"M1","haplotype-tagged","YPPlnt","CV1","5","5",-0.100011111111111
"M1","haplotype-tagged","DTF","CV2","5","5",0.549955555555556
"M1","haplotype-tagged","DTM","CV2","5","5",0.446977777777778
"M1","haplotype-tagged","HSW","CV2","5","5",0.7191
"M1","haplotype-tagged","PH","CV2","5","5",0.576477777777778
"M1","haplotype-tagged","PPP","CV2","5","5",0.124244444444444
"M1","haplotype-tagged","YPPlnt","CV2","5","5",0.154822222222222
"M1","haplotype-tagged","DTF","CV0","6","5",0.3743
"M1","haplotype-tagged","DTM","CV0","6","5",0.3929
"M1","haplotype-tagged","HSW","CV0","6","5",0.6027
"M1","haplotype-tagged","PH","CV0","6","5",0.5706
"M1","haplotype-tagged","PPP","CV0","6","5",0.0982
"M1","haplotype-tagged","YPPlnt","CV0","6","5",0.1377
"M1","haplotype-tagged","DTF","CV00","6","5",0.1895
"M1","haplotype-tagged","DTM","CV00","6","5",0.0972
"M1","haplotype-tagged","HSW","CV00","6","5",-0.0807
"M1","haplotype-tagged","PH","CV00","6","5",-0.1101
"M1","haplotype-tagged","PPP","CV00","6","5",-0.0078
"M1","haplotype-tagged","YPPlnt","CV00","6","5",0.3037
"M1","haplotype-tagged","DTF","CV1","6","5",-0.159255555555556
"M1","haplotype-tagged","DTM","CV1","6","5",0.0861777777777778
"M1","haplotype-tagged","HSW","CV1","6","5",-0.0380555555555556
"M1","haplotype-tagged","PH","CV1","6","5",-0.0569111111111111
"M1","haplotype-tagged","PPP","CV1","6","5",-0.0848666666666667
"M1","haplotype-tagged","YPPlnt","CV1","6","5",0.126511111111111
"M1","haplotype-tagged","DTF","CV2","6","5",0.592822222222222
"M1","haplotype-tagged","DTM","CV2","6","5",0.555277777777778
"M1","haplotype-tagged","HSW","CV2","6","5",0.785422222222222
"M1","haplotype-tagged","PH","CV2","6","5",0.614066666666667
"M1","haplotype-tagged","PPP","CV2","6","5",0.0791777777777778
"M1","haplotype-tagged","YPPlnt","CV2","6","5",0.0309666666666667
"M1","haplotype-tagged","DTF","CV0","7","5",0.5093
"M1","haplotype-tagged","DTM","CV0","7","5",0.285
"M1","haplotype-tagged","HSW","CV0","7","5",0.7118
"M1","haplotype-tagged","PH","CV0","7","5",0.4873
"M1","haplotype-tagged","PPP","CV0","7","5",0.0405
"M1","haplotype-tagged","YPPlnt","CV0","7","5",0.0949
"M1","haplotype-tagged","DTF","CV00","7","5",0.0863
"M1","haplotype-tagged","DTM","CV00","7","5",0.0467
"M1","haplotype-tagged","HSW","CV00","7","5",-0.211
"M1","haplotype-tagged","PH","CV00","7","5",0.1854
"M1","haplotype-tagged","PPP","CV00","7","5",0.0179
"M1","haplotype-tagged","YPPlnt","CV00","7","5",0.0023
"M1","haplotype-tagged","DTF","CV1","7","5",-0.152755555555556
"M1","haplotype-tagged","DTM","CV1","7","5",0.0458444444444444
"M1","haplotype-tagged","HSW","CV1","7","5",0.0259111111111111
"M1","haplotype-tagged","PH","CV1","7","5",0.0302
"M1","haplotype-tagged","PPP","CV1","7","5",-0.0195555555555556
"M1","haplotype-tagged","YPPlnt","CV1","7","5",0.0279222222222222
"M1","haplotype-tagged","DTF","CV2","7","5",0.611288888888889
"M1","haplotype-tagged","DTM","CV2","7","5",0.5088
"M1","haplotype-tagged","HSW","CV2","7","5",0.760422222222222
"M1","haplotype-tagged","PH","CV2","7","5",0.566377777777778
"M1","haplotype-tagged","PPP","CV2","7","5",0.133022222222222
"M1","haplotype-tagged","YPPlnt","CV2","7","5",0.113622222222222
"M1","haplotype-tagged","DTF","CV0","8","5",0.6428
"M1","haplotype-tagged","DTM","CV0","8","5",0.5335
"M1","haplotype-tagged","HSW","CV0","8","5",0.8592
"M1","haplotype-tagged","PH","CV0","8","5",0.1066
"M1","haplotype-tagged","PPP","CV0","8","5",0.01
"M1","haplotype-tagged","YPPlnt","CV0","8","5",0.1875
"M1","haplotype-tagged","DTF","CV00","8","5",0.0368
"M1","haplotype-tagged","DTM","CV00","8","5",-0.092
"M1","haplotype-tagged","HSW","CV00","8","5",-0.2633
"M1","haplotype-tagged","PH","CV00","8","5",-0.2584
"M1","haplotype-tagged","PPP","CV00","8","5",0.0166
"M1","haplotype-tagged","YPPlnt","CV00","8","5",-0.1504
"M1","haplotype-tagged","DTF","CV1","8","5",-0.0650888888888889
"M1","haplotype-tagged","DTM","CV1","8","5",-0.0154555555555556
"M1","haplotype-tagged","HSW","CV1","8","5",0.110477777777778
"M1","haplotype-tagged","PH","CV1","8","5",-0.0689666666666667
"M1","haplotype-tagged","PPP","CV1","8","5",0.0690333333333333
"M1","haplotype-tagged","YPPlnt","CV1","8","5",0.00758888888888889
"M1","haplotype-tagged","DTF","CV2","8","5",0.6091
"M1","haplotype-tagged","DTM","CV2","8","5",0.435411111111111
"M1","haplotype-tagged","HSW","CV2","8","5",0.660911111111111
"M1","haplotype-tagged","PH","CV2","8","5",0.511133333333333
"M1","haplotype-tagged","PPP","CV2","8","5",0.1616
"M1","haplotype-tagged","YPPlnt","CV2","8","5",0.150144444444444
"M1","haplotype-tagged","DTF","CV0","9","5",0.5115
"M1","haplotype-tagged","DTM","CV0","9","5",0.287
"M1","haplotype-tagged","HSW","CV0","9","5",0.7132
"M1","haplotype-tagged","PH","CV0","9","5",0.487
"M1","haplotype-tagged","PPP","CV0","9","5",0.0367
"M1","haplotype-tagged","YPPlnt","CV0","9","5",0.1024
"M1","haplotype-tagged","DTF","CV00","9","5",-0.2125
"M1","haplotype-tagged","DTM","CV00","9","5",-0.2144
"M1","haplotype-tagged","HSW","CV00","9","5",0.0168
"M1","haplotype-tagged","PH","CV00","9","5",0.0369
"M1","haplotype-tagged","PPP","CV00","9","5",-0.1333
"M1","haplotype-tagged","YPPlnt","CV00","9","5",0.0229
"M1","haplotype-tagged","DTF","CV1","9","5",0.150755555555556
"M1","haplotype-tagged","DTM","CV1","9","5",-0.120744444444444
"M1","haplotype-tagged","HSW","CV1","9","5",0.189233333333333
"M1","haplotype-tagged","PH","CV1","9","5",-0.0139222222222222
"M1","haplotype-tagged","PPP","CV1","9","5",0.0577666666666667
"M1","haplotype-tagged","YPPlnt","CV1","9","5",-0.00812222222222221
"M1","haplotype-tagged","DTF","CV2","9","5",0.607777777777778
"M1","haplotype-tagged","DTM","CV2","9","5",0.503577777777778
"M1","haplotype-tagged","HSW","CV2","9","5",0.697188888888889
"M1","haplotype-tagged","PH","CV2","9","5",0.4843
"M1","haplotype-tagged","PPP","CV2","9","5",0.123255555555556
"M1","haplotype-tagged","YPPlnt","CV2","9","5",0.1283
"M1","haplotype-tagged","DTF","CV0","10","5",0.777
"M1","haplotype-tagged","DTM","CV0","10","5",0.6833
"M1","haplotype-tagged","HSW","CV0","10","5",0.7797
"M1","haplotype-tagged","PH","CV0","10","5",0.744
"M1","haplotype-tagged","PPP","CV0","10","5",0.2872
"M1","haplotype-tagged","YPPlnt","CV0","10","5",0.0084
"M1","haplotype-tagged","DTF","CV00","10","5",0.2606
"M1","haplotype-tagged","DTM","CV00","10","5",-0.4078
"M1","haplotype-tagged","HSW","CV00","10","5",-0.1426
"M1","haplotype-tagged","PH","CV00","10","5",-0.2643
"M1","haplotype-tagged","PPP","CV00","10","5",0.4232
"M1","haplotype-tagged","YPPlnt","CV00","10","5",-0.0588
"M1","haplotype-tagged","DTF","CV1","10","5",-0.0660333333333333
"M1","haplotype-tagged","DTM","CV1","10","5",-0.0149444444444444
"M1","haplotype-tagged","HSW","CV1","10","5",-0.0985555555555555
"M1","haplotype-tagged","PH","CV1","10","5",0.148133333333333
"M1","haplotype-tagged","PPP","CV1","10","5",0.0060888888888889
"M1","haplotype-tagged","YPPlnt","CV1","10","5",-0.0450555555555556
"M1","haplotype-tagged","DTF","CV2","10","5",0.567255555555556
"M1","haplotype-tagged","DTM","CV2","10","5",0.4671
"M1","haplotype-tagged","HSW","CV2","10","5",0.730733333333333
"M1","haplotype-tagged","PH","CV2","10","5",0.565277777777778
"M1","haplotype-tagged","PPP","CV2","10","5",0.165522222222222
"M1","haplotype-tagged","YPPlnt","CV2","10","5",0.212644444444444
"M4","genome-wide","DTF","CV1","1","1",0.413790264841756
"M4","haplotype-tagged","DTF","CV1","1","1",0.365177361215293
"M4","genome-wide","DTF","CV1","1","2",0.501895913601719
"M4","haplotype-tagged","DTF","CV1","1","2",0.137419090824026
"M4","genome-wide","DTF","CV1","1","3",0.393710679842334
"M4","haplotype-tagged","DTF","CV1","1","3",0.234832548674017
"M4","genome-wide","DTF","CV1","1","4",0.333431024852291
"M4","haplotype-tagged","DTF","CV1","1","4",0.241265156554193
"M4","genome-wide","DTF","CV1","1","5",0.426902532251195
"M4","haplotype-tagged","DTF","CV1","1","5",0.413329618339538
"M4","genome-wide","DTF","CV2","1","1",0.61173635486445
"M4","haplotype-tagged","DTF","CV2","1","1",0.629688333734407
"M4","genome-wide","DTF","CV2","1","2",0.603300250088532
"M4","haplotype-tagged","DTF","CV2","1","2",0.602525165769642
"M4","genome-wide","DTF","CV2","1","3",0.606795142524986
"M4","haplotype-tagged","DTF","CV2","1","3",0.600328372445434
"M4","genome-wide","DTF","CV2","1","4",0.596318976328854
"M4","haplotype-tagged","DTF","CV2","1","4",0.600462003358589
"M4","genome-wide","DTF","CV2","1","5",0.636217610513798
"M4","haplotype-tagged","DTF","CV2","1","5",0.608497849242221
"M4","genome-wide","DTF","CV0","1","1",0.543225647573461
"M4","haplotype-tagged","DTF","CV0","1","1",0.524375581317373
"M4","genome-wide","DTF","CV0","1","2",0.620653998170363
"M4","haplotype-tagged","DTF","CV0","1","2",0.617195341762246
"M4","genome-wide","DTF","CV0","1","3",0.652952335839429
"M4","haplotype-tagged","DTF","CV0","1","3",0.640270789118556
"M4","genome-wide","DTF","CV0","1","4",0.765540282555567
"M4","haplotype-tagged","DTF","CV0","1","4",0.760789385203255
"M4","genome-wide","DTF","CV0","1","5",0.36549493163878
"M4","haplotype-tagged","DTF","CV0","1","5",0.372363925947014
"M4","genome-wide","DTF","CV00","1","1",0.346481154621007
"M4","haplotype-tagged","DTF","CV00","1","1",0.180330251771249
"M4","genome-wide","DTF","CV00","1","2",-0.0211756480601797
"M4","haplotype-tagged","DTF","CV00","1","2",0.00267237917468098
"M4","genome-wide","DTF","CV00","1","3",0.474779521139502
"M4","haplotype-tagged","DTF","CV00","1","3",0.200705352613729
"M4","genome-wide","DTF","CV00","1","4",0.56086224524256
"M4","haplotype-tagged","DTF","CV00","1","4",0.322007494408207
"M4","genome-wide","DTF","CV00","1","5",0.334055147115231
"M4","haplotype-tagged","DTF","CV00","1","5",-0.162918629618903
"M4","genome-wide","DTM","CV1","1","1",0.306017260801408
"M4","haplotype-tagged","DTM","CV1","1","1",0.108668474951303
"M4","genome-wide","DTM","CV1","1","2",0.393606976141097
"M4","haplotype-tagged","DTM","CV1","1","2",0.133915351149669
"M4","genome-wide","DTM","CV1","1","3",0.344211622865759
"M4","haplotype-tagged","DTM","CV1","1","3",0.10045872450823
"M4","genome-wide","DTM","CV1","1","4",0.19363937618779
"M4","haplotype-tagged","DTM","CV1","1","4",-0.0269551389713727
"M4","genome-wide","DTM","CV1","1","5",0.306147672317896
"M4","haplotype-tagged","DTM","CV1","1","5",0.181698045717758
"M4","genome-wide","DTM","CV2","1","1",0.463891071622724
"M4","haplotype-tagged","DTM","CV2","1","1",0.456618251327292
"M4","genome-wide","DTM","CV2","1","2",0.482949024964064
"M4","haplotype-tagged","DTM","CV2","1","2",0.462518321383204
"M4","genome-wide","DTM","CV2","1","3",0.53672737631599
"M4","haplotype-tagged","DTM","CV2","1","3",0.516707510087351
"M4","genome-wide","DTM","CV2","1","4",0.467869027915608
"M4","haplotype-tagged","DTM","CV2","1","4",0.484644683736713
"M4","genome-wide","DTM","CV2","1","5",0.470683054212554
"M4","haplotype-tagged","DTM","CV2","1","5",0.452444144935267
"M4","genome-wide","DTM","CV0","1","1",0.347791258484359
"M4","haplotype-tagged","DTM","CV0","1","1",0.335082870654112
"M4","genome-wide","DTM","CV0","1","2",0.471468970787558
"M4","haplotype-tagged","DTM","CV0","1","2",0.443899348609814
"M4","genome-wide","DTM","CV0","1","3",0.519936980491485
"M4","haplotype-tagged","DTM","CV0","1","3",0.506774039148972
"M4","genome-wide","DTM","CV0","1","4",0.664639148026525
"M4","haplotype-tagged","DTM","CV0","1","4",0.626046994135326
"M4","genome-wide","DTM","CV0","1","5",0.374553263753834
"M4","haplotype-tagged","DTM","CV0","1","5",0.379467792229405
"M4","genome-wide","DTM","CV00","1","1",0.18609440929991
"M4","haplotype-tagged","DTM","CV00","1","1",0.113837936366839
"M4","genome-wide","DTM","CV00","1","2",0.0325918681429646
"M4","haplotype-tagged","DTM","CV00","1","2",-0.0636373542163725
"M4","genome-wide","DTM","CV00","1","3",0.310098731116306
"M4","haplotype-tagged","DTM","CV00","1","3",0.109044674132344
"M4","genome-wide","DTM","CV00","1","4",0.455793885437258
"M4","haplotype-tagged","DTM","CV00","1","4",0.0743192821197067
"M4","genome-wide","DTM","CV00","1","5",0.476967378555716
"M4","haplotype-tagged","DTM","CV00","1","5",0.142123780478986
"M4","genome-wide","HSW","CV1","1","1",0.624460037952503
"M4","haplotype-tagged","HSW","CV1","1","1",0.483484304704864
"M4","genome-wide","HSW","CV1","1","2",0.681338582945463
"M4","haplotype-tagged","HSW","CV1","1","2",0.597487822380863
"M4","genome-wide","HSW","CV1","1","3",0.640527441386236
"M4","haplotype-tagged","HSW","CV1","1","3",0.470941659201673
"M4","genome-wide","HSW","CV1","1","4",0.361824539409748
"M4","haplotype-tagged","HSW","CV1","1","4",0.27580428418803
"M4","genome-wide","HSW","CV1","1","5",0.637485036228166
"M4","haplotype-tagged","HSW","CV1","1","5",0.373870793793749
"M4","genome-wide","HSW","CV2","1","1",0.77776173419024
"M4","haplotype-tagged","HSW","CV2","1","1",0.793245095975893
"M4","genome-wide","HSW","CV2","1","2",0.667070376812121
"M4","haplotype-tagged","HSW","CV2","1","2",0.66870038328961
"M4","genome-wide","HSW","CV2","1","3",0.712294425293159
"M4","haplotype-tagged","HSW","CV2","1","3",0.713900870214582
"M4","genome-wide","HSW","CV2","1","4",0.771838191982608
"M4","haplotype-tagged","HSW","CV2","1","4",0.777255072369801
"M4","genome-wide","HSW","CV2","1","5",0.723019911928041
"M4","haplotype-tagged","HSW","CV2","1","5",0.715555079672911
"M4","genome-wide","HSW","CV0","1","1",0.678037632920896
"M4","haplotype-tagged","HSW","CV0","1","1",0.676357484612831
"M4","genome-wide","HSW","CV0","1","2",0.78495659193578
"M4","haplotype-tagged","HSW","CV0","1","2",0.781926143080776
"M4","genome-wide","HSW","CV0","1","3",0.780506722061524
"M4","haplotype-tagged","HSW","CV0","1","3",0.774289447901126
"M4","genome-wide","HSW","CV0","1","4",0.807477716959943
"M4","haplotype-tagged","HSW","CV0","1","4",0.804066150130843
"M4","genome-wide","HSW","CV0","1","5",0.601864458016017
"M4","haplotype-tagged","HSW","CV0","1","5",0.601971177599185
"M4","genome-wide","HSW","CV00","1","1",0.675752002051464
"M4","haplotype-tagged","HSW","CV00","1","1",0.591000487432666
"M4","genome-wide","HSW","CV00","1","2",0.428582139437069
"M4","haplotype-tagged","HSW","CV00","1","2",0.376107076433677
"M4","genome-wide","HSW","CV00","1","3",0.629726225701379
"M4","haplotype-tagged","HSW","CV00","1","3",0.444360993820791
"M4","genome-wide","HSW","CV00","1","4",0.457137164132526
"M4","haplotype-tagged","HSW","CV00","1","4",0.446645712427942
"M4","genome-wide","HSW","CV00","1","5",0.795173735385147
"M4","haplotype-tagged","HSW","CV00","1","5",0.445569085824985
"M4","genome-wide","PH","CV1","1","1",0.489210948522087
"M4","haplotype-tagged","PH","CV1","1","1",0.434219917680257
"M4","genome-wide","PH","CV1","1","2",0.460427960427072
"M4","haplotype-tagged","PH","CV1","1","2",0.336012786859188
"M4","genome-wide","PH","CV1","1","3",0.283256039244479
"M4","haplotype-tagged","PH","CV1","1","3",0.222158749353978
"M4","genome-wide","PH","CV1","1","4",0.47141120127505
"M4","haplotype-tagged","PH","CV1","1","4",0.269665671818806
"M4","genome-wide","PH","CV1","1","5",0.45678151416563
"M4","haplotype-tagged","PH","CV1","1","5",0.222120081596198
"M4","genome-wide","PH","CV2","1","1",0.630958051561715
"M4","haplotype-tagged","PH","CV2","1","1",0.595115064439267
"M4","genome-wide","PH","CV2","1","2",0.557888403259577
"M4","haplotype-tagged","PH","CV2","1","2",0.547133654912081
"M4","genome-wide","PH","CV2","1","3",0.55774846555786
"M4","haplotype-tagged","PH","CV2","1","3",0.535124587267698
"M4","genome-wide","PH","CV2","1","4",0.559786493721857
"M4","haplotype-tagged","PH","CV2","1","4",0.557743836988704
"M4","genome-wide","PH","CV2","1","5",0.576775680424203
"M4","haplotype-tagged","PH","CV2","1","5",0.561530922215087
"M4","genome-wide","PH","CV0","1","1",0.607055435415941
"M4","haplotype-tagged","PH","CV0","1","1",0.594197059544351
"M4","genome-wide","PH","CV0","1","2",0.290262919095391
"M4","haplotype-tagged","PH","CV0","1","2",0.278527526481253
"M4","genome-wide","PH","CV0","1","3",0.643718860210048
"M4","haplotype-tagged","PH","CV0","1","3",0.620748833909199
"M4","genome-wide","PH","CV0","1","4",0.764083526700318
"M4","haplotype-tagged","PH","CV0","1","4",0.732541910982055
"M4","genome-wide","PH","CV0","1","5",0.576974069690385
"M4","haplotype-tagged","PH","CV0","1","5",0.583381165049562
"M4","genome-wide","PH","CV00","1","1",0.517245503033839
"M4","haplotype-tagged","PH","CV00","1","1",0.282690319505997
"M4","genome-wide","PH","CV00","1","2",0.218256675649318
"M4","haplotype-tagged","PH","CV00","1","2",0.178998146128629
"M4","genome-wide","PH","CV00","1","3",0.0652000771965732
"M4","haplotype-tagged","PH","CV00","1","3",-0.0170852851702271
"M4","genome-wide","PH","CV00","1","4",0.646365654956902
"M4","haplotype-tagged","PH","CV00","1","4",0.518899216741836
"M4","genome-wide","PH","CV00","1","5",0.761730710038012
"M4","haplotype-tagged","PH","CV00","1","5",0.347604312206463
"M4","genome-wide","PPP","CV1","1","1",0.127126951894745
"M4","haplotype-tagged","PPP","CV1","1","1",0.1322708038406
"M4","genome-wide","PPP","CV1","1","2",0.243601277928078
"M4","haplotype-tagged","PPP","CV1","1","2",0.236507975489721
"M4","genome-wide","PPP","CV1","1","3",0.216976953849797
"M4","haplotype-tagged","PPP","CV1","1","3",0.254973680087698
"M4","genome-wide","PPP","CV1","1","4",0.155825907717332
"M4","haplotype-tagged","PPP","CV1","1","4",0.140708294008404
"M4","genome-wide","PPP","CV1","1","5",0.204290383169868
"M4","haplotype-tagged","PPP","CV1","1","5",0.123733647382072
"M4","genome-wide","PPP","CV2","1","1",0.201910056428105
"M4","haplotype-tagged","PPP","CV2","1","1",0.207349324024192
"M4","genome-wide","PPP","CV2","1","2",0.153314262234914
"M4","haplotype-tagged","PPP","CV2","1","2",0.172964976309088
"M4","genome-wide","PPP","CV2","1","3",0.124845274072288
"M4","haplotype-tagged","PPP","CV2","1","3",0.132104511439885
"M4","genome-wide","PPP","CV2","1","4",0.160541092540806
"M4","haplotype-tagged","PPP","CV2","1","4",0.197995058304457
"M4","genome-wide","PPP","CV2","1","5",0.125864280136271
"M4","haplotype-tagged","PPP","CV2","1","5",0.065991014351541
"M4","genome-wide","PPP","CV0","1","1",0.0722627561654642
"M4","haplotype-tagged","PPP","CV0","1","1",0.0933591424769705
"M4","genome-wide","PPP","CV0","1","2",0.111472978712088
"M4","haplotype-tagged","PPP","CV0","1","2",0.12362784050981
"M4","genome-wide","PPP","CV0","1","3",0.0726970005236642
"M4","haplotype-tagged","PPP","CV0","1","3",0.089775043040627
"M4","genome-wide","PPP","CV0","1","4",0.22378028144143
"M4","haplotype-tagged","PPP","CV0","1","4",0.231438694931071
"M4","genome-wide","PPP","CV0","1","5",0.0914004701818373
"M4","haplotype-tagged","PPP","CV0","1","5",0.112675894910761
"M4","genome-wide","PPP","CV00","1","1",0.174677789355036
"M4","haplotype-tagged","PPP","CV00","1","1",0.0948060661818287
"M4","genome-wide","PPP","CV00","1","2",0.109851432349472
"M4","haplotype-tagged","PPP","CV00","1","2",0.173589250329799
"M4","genome-wide","PPP","CV00","1","3",0.301864599442407
"M4","haplotype-tagged","PPP","CV00","1","3",0.158745296947746
"M4","genome-wide","PPP","CV00","1","4",-0.101920951192859
"M4","haplotype-tagged","PPP","CV00","1","4",-0.204255510909875
"M4","genome-wide","PPP","CV00","1","5",0.153772505623454
"M4","haplotype-tagged","PPP","CV00","1","5",0.1891026455893
"M4","genome-wide","YPPlnt","CV1","1","1",0.0830218287066227
"M4","haplotype-tagged","YPPlnt","CV1","1","1",0.0836489397362532
"M4","genome-wide","YPPlnt","CV1","1","2",0.137259989878765
"M4","haplotype-tagged","YPPlnt","CV1","1","2",-0.0476947456650725
"M4","genome-wide","YPPlnt","CV1","1","3",0.0900165528139823
"M4","haplotype-tagged","YPPlnt","CV1","1","3",0.0658739658016816
"M4","genome-wide","YPPlnt","CV1","1","4",0.115080298264794
"M4","haplotype-tagged","YPPlnt","CV1","1","4",0.0693346837773822
"M4","genome-wide","YPPlnt","CV1","1","5",0.173535426566788
"M4","haplotype-tagged","YPPlnt","CV1","1","5",0.116293446566659
"M4","genome-wide","YPPlnt","CV2","1","1",0.0985087930951253
"M4","haplotype-tagged","YPPlnt","CV2","1","1",0.0731211040006273
"M4","genome-wide","YPPlnt","CV2","1","2",0.0828584328531938
"M4","haplotype-tagged","YPPlnt","CV2","1","2",0.12763067360476
"M4","genome-wide","YPPlnt","CV2","1","3",0.248104261133038
"M4","haplotype-tagged","YPPlnt","CV2","1","3",0.217406414562093
"M4","genome-wide","YPPlnt","CV2","1","4",0.133668128979251
"M4","haplotype-tagged","YPPlnt","CV2","1","4",0.124056055511455
"M4","genome-wide","YPPlnt","CV2","1","5",0.203495578142182
"M4","haplotype-tagged","YPPlnt","CV2","1","5",0.173324789485295
"M4","genome-wide","YPPlnt","CV0","1","1",0.180025120179315
"M4","haplotype-tagged","YPPlnt","CV0","1","1",0.198517681047643
"M4","genome-wide","YPPlnt","CV0","1","2",0.092923462110038
"M4","haplotype-tagged","YPPlnt","CV0","1","2",0.128462324965645
"M4","genome-wide","YPPlnt","CV0","1","3",0.207536186804087
"M4","haplotype-tagged","YPPlnt","CV0","1","3",0.182432123739595
"M4","genome-wide","YPPlnt","CV0","1","4",0.0667032036332585
"M4","haplotype-tagged","YPPlnt","CV0","1","4",0.0743213108662112
"M4","genome-wide","YPPlnt","CV0","1","5",0.12853187145565
"M4","haplotype-tagged","YPPlnt","CV0","1","5",0.0852429970582354
"M4","genome-wide","YPPlnt","CV00","1","1",0.0642837604018035
"M4","haplotype-tagged","YPPlnt","CV00","1","1",0.0216757941033708
"M4","genome-wide","YPPlnt","CV00","1","2",0.136662624679594
"M4","haplotype-tagged","YPPlnt","CV00","1","2",0.153984706213836
"M4","genome-wide","YPPlnt","CV00","1","3",0.14901212884047
"M4","haplotype-tagged","YPPlnt","CV00","1","3",0.00717322017191148
"M4","genome-wide","YPPlnt","CV00","1","4",0.139360993146452
"M4","haplotype-tagged","YPPlnt","CV00","1","4",0.169905092364124
"M4","genome-wide","YPPlnt","CV00","1","5",-0.112957441876785
"M4","haplotype-tagged","YPPlnt","CV00","1","5",-0.135413086879426
"M4","genome-wide","DTF","CV1","2","1",0.489218521980928
"M4","haplotype-tagged","DTF","CV1","2","1",0.218799302011944
"M4","genome-wide","DTF","CV1","2","2",0.530516927845238
"M4","haplotype-tagged","DTF","CV1","2","2",0.544145575208819
"M4","genome-wide","DTF","CV1","2","3",0.437913534602198
"M4","haplotype-tagged","DTF","CV1","2","3",0.445472641771626
"M4","genome-wide","DTF","CV1","2","4",0.323347065564207
"M4","haplotype-tagged","DTF","CV1","2","4",0.216874743209483
"M4","genome-wide","DTF","CV1","2","5",0.388844257285507
"M4","haplotype-tagged","DTF","CV1","2","5",0.15891137523039
"M4","genome-wide","DTF","CV2","2","1",0.588156566824015
"M4","haplotype-tagged","DTF","CV2","2","1",0.572173167577516
"M4","genome-wide","DTF","CV2","2","2",0.651124177314983
"M4","haplotype-tagged","DTF","CV2","2","2",0.655236087781504
"M4","genome-wide","DTF","CV2","2","3",0.656563599813354
"M4","haplotype-tagged","DTF","CV2","2","3",0.665342590511872
"M4","genome-wide","DTF","CV2","2","4",0.556659467780928
"M4","haplotype-tagged","DTF","CV2","2","4",0.551205498079663
"M4","genome-wide","DTF","CV2","2","5",0.559547297407623
"M4","haplotype-tagged","DTF","CV2","2","5",0.576571465590917
"M4","genome-wide","DTF","CV0","2","1",0.689827773099417
"M4","haplotype-tagged","DTF","CV0","2","1",0.68876145572774
"M4","genome-wide","DTF","CV0","2","2",0.651826151954495
"M4","haplotype-tagged","DTF","CV0","2","2",0.638237218443604
"M4","genome-wide","DTF","CV0","2","3",0.551973428762936
"M4","haplotype-tagged","DTF","CV0","2","3",0.548578959265025
"M4","genome-wide","DTF","CV0","2","4",0.577487029228838
"M4","haplotype-tagged","DTF","CV0","2","4",0.590565569906395
"M4","genome-wide","DTF","CV0","2","5",0.606338941612612
"M4","haplotype-tagged","DTF","CV0","2","5",0.640338087996198
"M4","genome-wide","DTF","CV00","2","1",0.325183731255012
"M4","haplotype-tagged","DTF","CV00","2","1",0.161560737056743
"M4","genome-wide","DTF","CV00","2","2",0.618730735912711
"M4","haplotype-tagged","DTF","CV00","2","2",0.42778237633331
"M4","genome-wide","DTF","CV00","2","3",0.399004348835151
"M4","haplotype-tagged","DTF","CV00","2","3",0.176770131695556
"M4","genome-wide","DTF","CV00","2","4",0.435715918872648
"M4","haplotype-tagged","DTF","CV00","2","4",0.197377408686474
"M4","genome-wide","DTF","CV00","2","5",0.210250571765069
"M4","haplotype-tagged","DTF","CV00","2","5",0.00612070713149296
"M4","genome-wide","DTM","CV1","2","1",0.304689862642595
"M4","haplotype-tagged","DTM","CV1","2","1",0.128451078031001
"M4","genome-wide","DTM","CV1","2","2",0.362314674789568
"M4","haplotype-tagged","DTM","CV1","2","2",0.283919110356678
"M4","genome-wide","DTM","CV1","2","3",0.313162576977872
"M4","haplotype-tagged","DTM","CV1","2","3",0.0840388180661277
"M4","genome-wide","DTM","CV1","2","4",0.171924194211393
"M4","haplotype-tagged","DTM","CV1","2","4",0.0894979720581694
"M4","genome-wide","DTM","CV1","2","5",0.297622125211261
"M4","haplotype-tagged","DTM","CV1","2","5",0.0478164516491332
"M4","genome-wide","DTM","CV2","2","1",0.498742920838181
"M4","haplotype-tagged","DTM","CV2","2","1",0.488498410171019
"M4","genome-wide","DTM","CV2","2","2",0.429090857231717
"M4","haplotype-tagged","DTM","CV2","2","2",0.444931815354148
"M4","genome-wide","DTM","CV2","2","3",0.516118821657397
"M4","haplotype-tagged","DTM","CV2","2","3",0.532725835690959
"M4","genome-wide","DTM","CV2","2","4",0.47860834339092
"M4","haplotype-tagged","DTM","CV2","2","4",0.46685140554137
"M4","genome-wide","DTM","CV2","2","5",0.504127107890087
"M4","haplotype-tagged","DTM","CV2","2","5",0.477634843441241
"M4","genome-wide","DTM","CV0","2","1",0.483493508130586
"M4","haplotype-tagged","DTM","CV0","2","1",0.471965317235738
"M4","genome-wide","DTM","CV0","2","2",0.519414219328433
"M4","haplotype-tagged","DTM","CV0","2","2",0.514234118205433
"M4","genome-wide","DTM","CV0","2","3",0.384977281784852
"M4","haplotype-tagged","DTM","CV0","2","3",0.362411840031476
"M4","genome-wide","DTM","CV0","2","4",0.532665564239103
"M4","haplotype-tagged","DTM","CV0","2","4",0.52874664893057
"M4","genome-wide","DTM","CV0","2","5",0.54476122702242
"M4","haplotype-tagged","DTM","CV0","2","5",0.509596467117007
"M4","genome-wide","DTM","CV00","2","1",0.403689148039848
"M4","haplotype-tagged","DTM","CV00","2","1",0.191002866519946
"M4","genome-wide","DTM","CV00","2","2",0.150121851146074
"M4","haplotype-tagged","DTM","CV00","2","2",-0.133903547140991
"M4","genome-wide","DTM","CV00","2","3",0.428156544170553
"M4","haplotype-tagged","DTM","CV00","2","3",0.334172377903593
"M4","genome-wide","DTM","CV00","2","4",0.0952469758228198
"M4","haplotype-tagged","DTM","CV00","2","4",0.0541090559107418
"M4","genome-wide","DTM","CV00","2","5",0.289385624594073
"M4","haplotype-tagged","DTM","CV00","2","5",0.527396315530583
"M4","genome-wide","HSW","CV1","2","1",0.725621882638506
"M4","haplotype-tagged","HSW","CV1","2","1",0.496981353697852
"M4","genome-wide","HSW","CV1","2","2",0.542224157742382
"M4","haplotype-tagged","HSW","CV1","2","2",0.209986067263115
"M4","genome-wide","HSW","CV1","2","3",0.584279368486699
"M4","haplotype-tagged","HSW","CV1","2","3",0.418930897136737
"M4","genome-wide","HSW","CV1","2","4",0.499173000352625
"M4","haplotype-tagged","HSW","CV1","2","4",0.551181653147218
"M4","genome-wide","HSW","CV1","2","5",0.543012148564896
"M4","haplotype-tagged","HSW","CV1","2","5",0.479081072590453
"M4","genome-wide","HSW","CV2","2","1",0.762950095939863
"M4","haplotype-tagged","HSW","CV2","2","1",0.755269981526349
"M4","genome-wide","HSW","CV2","2","2",0.79960357250536
"M4","haplotype-tagged","HSW","CV2","2","2",0.786097276696105
"M4","genome-wide","HSW","CV2","2","3",0.743440896460718
"M4","haplotype-tagged","HSW","CV2","2","3",0.748567079588591
"M4","genome-wide","HSW","CV2","2","4",0.699478647042186
"M4","haplotype-tagged","HSW","CV2","2","4",0.726278199211912
"M4","genome-wide","HSW","CV2","2","5",0.747873744185731
"M4","haplotype-tagged","HSW","CV2","2","5",0.737846489988419
"M4","genome-wide","HSW","CV0","2","1",0.802095909537063
"M4","haplotype-tagged","HSW","CV0","2","1",0.805286395873535
"M4","genome-wide","HSW","CV0","2","2",0.780892676451558
"M4","haplotype-tagged","HSW","CV0","2","2",0.773528484245946
"M4","genome-wide","HSW","CV0","2","3",0.672963061968939
"M4","haplotype-tagged","HSW","CV0","2","3",0.669543179989412
"M4","genome-wide","HSW","CV0","2","4",0.70832502107467
"M4","haplotype-tagged","HSW","CV0","2","4",0.713760683077735
"M4","genome-wide","HSW","CV0","2","5",0.869159426113055
"M4","haplotype-tagged","HSW","CV0","2","5",0.853528505442831
"M4","genome-wide","HSW","CV00","2","1",0.434170804011029
"M4","haplotype-tagged","HSW","CV00","2","1",0.403232260746613
"M4","genome-wide","HSW","CV00","2","2",0.638754870285683
"M4","haplotype-tagged","HSW","CV00","2","2",0.424827837544157
"M4","genome-wide","HSW","CV00","2","3",0.502613890551096
"M4","haplotype-tagged","HSW","CV00","2","3",0.358678642231643
"M4","genome-wide","HSW","CV00","2","4",0.585959491422195
"M4","haplotype-tagged","HSW","CV00","2","4",0.407622149440518
"M4","genome-wide","HSW","CV00","2","5",0.71901735380194
"M4","haplotype-tagged","HSW","CV00","2","5",0.316522094223297
"M4","genome-wide","PH","CV1","2","1",0.501239361985544
"M4","haplotype-tagged","PH","CV1","2","1",0.431657766390997
"M4","genome-wide","PH","CV1","2","2",0.47850183333619
"M4","haplotype-tagged","PH","CV1","2","2",0.327010635177765
"M4","genome-wide","PH","CV1","2","3",0.516966164805337
"M4","haplotype-tagged","PH","CV1","2","3",0.393117969189497
"M4","genome-wide","PH","CV1","2","4",0.306109008620569
"M4","haplotype-tagged","PH","CV1","2","4",0.207527814050198
"M4","genome-wide","PH","CV1","2","5",0.392113795921868
"M4","haplotype-tagged","PH","CV1","2","5",0.182677922938333
"M4","genome-wide","PH","CV2","2","1",0.629914663133801
"M4","haplotype-tagged","PH","CV2","2","1",0.639713158771556
"M4","genome-wide","PH","CV2","2","2",0.50859582983359
"M4","haplotype-tagged","PH","CV2","2","2",0.485626505117616
"M4","genome-wide","PH","CV2","2","3",0.574718447908492
"M4","haplotype-tagged","PH","CV2","2","3",0.550651392814766
"M4","genome-wide","PH","CV2","2","4",0.528034646078549
"M4","haplotype-tagged","PH","CV2","2","4",0.507535915389639
"M4","genome-wide","PH","CV2","2","5",0.656453551698881
"M4","haplotype-tagged","PH","CV2","2","5",0.640915232334828
"M4","genome-wide","PH","CV0","2","1",0.641647004196969
"M4","haplotype-tagged","PH","CV0","2","1",0.632188252980242
"M4","genome-wide","PH","CV0","2","2",0.641008765718865
"M4","haplotype-tagged","PH","CV0","2","2",0.621487760454779
"M4","genome-wide","PH","CV0","2","3",0.615016797475657
"M4","haplotype-tagged","PH","CV0","2","3",0.590417743760351
"M4","genome-wide","PH","CV0","2","4",0.65414956771903
"M4","haplotype-tagged","PH","CV0","2","4",0.633395829686278
"M4","genome-wide","PH","CV0","2","5",0.100653334305907
"M4","haplotype-tagged","PH","CV0","2","5",0.0970989116978295
"M4","genome-wide","PH","CV00","2","1",0.0850494159693587
"M4","haplotype-tagged","PH","CV00","2","1",-0.00610146497941116
"M4","genome-wide","PH","CV00","2","2",0.330906256722818
"M4","haplotype-tagged","PH","CV00","2","2",0.173002204756113
"M4","genome-wide","PH","CV00","2","3",0.463875156986768
"M4","haplotype-tagged","PH","CV00","2","3",0.47509311405509
"M4","genome-wide","PH","CV00","2","4",0.426014393444871
"M4","haplotype-tagged","PH","CV00","2","4",0.351393248229606
"M4","genome-wide","PH","CV00","2","5",0.619811959023412
"M4","haplotype-tagged","PH","CV00","2","5",0.388180762377151
"M4","genome-wide","PPP","CV1","2","1",0.177948527645342
"M4","haplotype-tagged","PPP","CV1","2","1",0.175711723031976
"M4","genome-wide","PPP","CV1","2","2",0.124803616894994
"M4","haplotype-tagged","PPP","CV1","2","2",0.172493364685486
"M4","genome-wide","PPP","CV1","2","3",0.260413467258951
"M4","haplotype-tagged","PPP","CV1","2","3",0.179545025528168
"M4","genome-wide","PPP","CV1","2","4",0.101264718228246
"M4","haplotype-tagged","PPP","CV1","2","4",0.187219338468056
"M4","genome-wide","PPP","CV1","2","5",0.155945329629639
"M4","haplotype-tagged","PPP","CV1","2","5",0.222170400328168
"M4","genome-wide","PPP","CV2","2","1",0.184977225419846
"M4","haplotype-tagged","PPP","CV2","2","1",0.206160353885344
"M4","genome-wide","PPP","CV2","2","2",0.109654863212016
"M4","haplotype-tagged","PPP","CV2","2","2",0.156718767950223
"M4","genome-wide","PPP","CV2","2","3",0.179177998231944
"M4","haplotype-tagged","PPP","CV2","2","3",0.140653131617932
"M4","genome-wide","PPP","CV2","2","4",0.07465645252999
"M4","haplotype-tagged","PPP","CV2","2","4",0.0546009930024021
"M4","genome-wide","PPP","CV2","2","5",0.174468687002377
"M4","haplotype-tagged","PPP","CV2","2","5",0.183566741225059
"M4","genome-wide","PPP","CV0","2","1",0.19110980364448
"M4","haplotype-tagged","PPP","CV0","2","1",0.187268956432087
"M4","genome-wide","PPP","CV0","2","2",0.0686024724529226
"M4","haplotype-tagged","PPP","CV0","2","2",0.0928069500418248
"M4","genome-wide","PPP","CV0","2","3",0.223830094960588
"M4","haplotype-tagged","PPP","CV0","2","3",0.256087620126387
"M4","genome-wide","PPP","CV0","2","4",0.178975175667258
"M4","haplotype-tagged","PPP","CV0","2","4",0.187971855544739
"M4","genome-wide","PPP","CV0","2","5",0.00110019226469798
"M4","haplotype-tagged","PPP","CV0","2","5",-0.00466120135343348
"M4","genome-wide","PPP","CV00","2","1",0.082943634338261
"M4","haplotype-tagged","PPP","CV00","2","1",0.103866865246127
"M4","genome-wide","PPP","CV00","2","2",-0.151776358200173
"M4","haplotype-tagged","PPP","CV00","2","2",-0.106494089986859
"M4","genome-wide","PPP","CV00","2","3",0.260637890005115
"M4","haplotype-tagged","PPP","CV00","2","3",0.0843375344910198
"M4","genome-wide","PPP","CV00","2","4",0.36138100380446
"M4","haplotype-tagged","PPP","CV00","2","4",0.203113609841021
"M4","genome-wide","PPP","CV00","2","5",0.0277617196121983
"M4","haplotype-tagged","PPP","CV00","2","5",-0.220251143402616
"M4","genome-wide","YPPlnt","CV1","2","1",0.184628084702883
"M4","haplotype-tagged","YPPlnt","CV1","2","1",0.0264334216697531
"M4","genome-wide","YPPlnt","CV1","2","2",0.169412984273468
"M4","haplotype-tagged","YPPlnt","CV1","2","2",0.072881082955601
"M4","genome-wide","YPPlnt","CV1","2","3",0.0370746881915549
"M4","haplotype-tagged","YPPlnt","CV1","2","3",0.121717333549765
"M4","genome-wide","YPPlnt","CV1","2","4",0.204673749203562
"M4","haplotype-tagged","YPPlnt","CV1","2","4",0.219240556828061
"M4","genome-wide","YPPlnt","CV1","2","5",-0.000635775745023744
"M4","haplotype-tagged","YPPlnt","CV1","2","5",0.0345173881875144
"M4","genome-wide","YPPlnt","CV2","2","1",0.140545042680212
"M4","haplotype-tagged","YPPlnt","CV2","2","1",0.0937905027128169
"M4","genome-wide","YPPlnt","CV2","2","2",0.16997935708183
"M4","haplotype-tagged","YPPlnt","CV2","2","2",0.150009473178222
"M4","genome-wide","YPPlnt","CV2","2","3",0.139247774718663
"M4","haplotype-tagged","YPPlnt","CV2","2","3",0.157213721173287
"M4","genome-wide","YPPlnt","CV2","2","4",0.1261993217019
"M4","haplotype-tagged","YPPlnt","CV2","2","4",0.0812372566335439
"M4","genome-wide","YPPlnt","CV2","2","5",0.150082153595941
"M4","haplotype-tagged","YPPlnt","CV2","2","5",0.112788059811747
"M4","genome-wide","YPPlnt","CV0","2","1",0.167018630718448
"M4","haplotype-tagged","YPPlnt","CV0","2","1",0.163602338142647
"M4","genome-wide","YPPlnt","CV0","2","2",0.21404758022799
"M4","haplotype-tagged","YPPlnt","CV0","2","2",0.192145818044576
"M4","genome-wide","YPPlnt","CV0","2","3",0.0898006285967047
"M4","haplotype-tagged","YPPlnt","CV0","2","3",0.1022641824069
"M4","genome-wide","YPPlnt","CV0","2","4",0.0681296824188091
"M4","haplotype-tagged","YPPlnt","CV0","2","4",0.0350195845734259
"M4","genome-wide","YPPlnt","CV0","2","5",0.209052553489656
"M4","haplotype-tagged","YPPlnt","CV0","2","5",0.191644166989528
"M4","genome-wide","YPPlnt","CV00","2","1",-0.0624656560385556
"M4","haplotype-tagged","YPPlnt","CV00","2","1",-0.150025843752334
"M4","genome-wide","YPPlnt","CV00","2","2",0.0281897062067218
"M4","haplotype-tagged","YPPlnt","CV00","2","2",0.0969487602716893
"M4","genome-wide","YPPlnt","CV00","2","3",0.0477840539986371
"M4","haplotype-tagged","YPPlnt","CV00","2","3",-0.0102595527668044
"M4","genome-wide","YPPlnt","CV00","2","4",0.15680950099313
"M4","haplotype-tagged","YPPlnt","CV00","2","4",0.194574612189411
"M4","genome-wide","YPPlnt","CV00","2","5",0.107216167270103
"M4","haplotype-tagged","YPPlnt","CV00","2","5",0.146202051181912
"M4","genome-wide","DTF","CV1","3","1",0.527967525466446
"M4","haplotype-tagged","DTF","CV1","3","1",0.433870629764472
"M4","genome-wide","DTF","CV1","3","2",0.44032971596411
"M4","haplotype-tagged","DTF","CV1","3","2",0.291977363877831
"M4","genome-wide","DTF","CV1","3","3",0.370854073661633
"M4","haplotype-tagged","DTF","CV1","3","3",0.238022255042071
"M4","genome-wide","DTF","CV1","3","4",0.492846664129112
"M4","haplotype-tagged","DTF","CV1","3","4",0.362223415914504
"M4","genome-wide","DTF","CV1","3","5",0.406112139539685
"M4","haplotype-tagged","DTF","CV1","3","5",0.278979990549303
"M4","genome-wide","DTF","CV2","3","1",0.576879898209586
"M4","haplotype-tagged","DTF","CV2","3","1",0.591039916859918
"M4","genome-wide","DTF","CV2","3","2",0.62170118528539
"M4","haplotype-tagged","DTF","CV2","3","2",0.595893044285563
"M4","genome-wide","DTF","CV2","3","3",0.607718877193623
"M4","haplotype-tagged","DTF","CV2","3","3",0.605695438852838
"M4","genome-wide","DTF","CV2","3","4",0.600949537135514
"M4","haplotype-tagged","DTF","CV2","3","4",0.606763352979239
"M4","genome-wide","DTF","CV2","3","5",0.58751845496213
"M4","haplotype-tagged","DTF","CV2","3","5",0.60946066156034
"M4","genome-wide","DTF","CV0","3","1",0.643692523247399
"M4","haplotype-tagged","DTF","CV0","3","1",0.643613372772827
"M4","genome-wide","DTF","CV0","3","2",0.634787548240596
"M4","haplotype-tagged","DTF","CV0","3","2",0.629685189048005
"M4","genome-wide","DTF","CV0","3","3",0.693427695208803
"M4","haplotype-tagged","DTF","CV0","3","3",0.690113120500593
"M4","genome-wide","DTF","CV0","3","4",0.485452640031899
"M4","haplotype-tagged","DTF","CV0","3","4",0.514177709252443
"M4","genome-wide","DTF","CV0","3","5",0.632153467793092
"M4","haplotype-tagged","DTF","CV0","3","5",0.607857112701821
"M4","genome-wide","DTF","CV00","3","1",0.331032509998751
"M4","haplotype-tagged","DTF","CV00","3","1",0.224676176129398
"M4","genome-wide","DTF","CV00","3","2",0.394229790137896
"M4","haplotype-tagged","DTF","CV00","3","2",0.113680226902428
"M4","genome-wide","DTF","CV00","3","3",0.569650291568178
"M4","haplotype-tagged","DTF","CV00","3","3",0.349583617802619
"M4","genome-wide","DTF","CV00","3","4",0.668141915703234
"M4","haplotype-tagged","DTF","CV00","3","4",0.401882404610018
"M4","genome-wide","DTF","CV00","3","5",0.547097019805431
"M4","haplotype-tagged","DTF","CV00","3","5",0.286188829115971
"M4","genome-wide","DTM","CV1","3","1",0.313922945363459
"M4","haplotype-tagged","DTM","CV1","3","1",0.235362377983048
"M4","genome-wide","DTM","CV1","3","2",0.376574655599768
"M4","haplotype-tagged","DTM","CV1","3","2",0.304730451353297
"M4","genome-wide","DTM","CV1","3","3",0.232893921740942
"M4","haplotype-tagged","DTM","CV1","3","3",0.0423893932445532
"M4","genome-wide","DTM","CV1","3","4",0.343589960529698
"M4","haplotype-tagged","DTM","CV1","3","4",0.341966721532495
"M4","genome-wide","DTM","CV1","3","5",0.288856330402582
"M4","haplotype-tagged","DTM","CV1","3","5",0.221337822790645
"M4","genome-wide","DTM","CV2","3","1",0.495767800092288
"M4","haplotype-tagged","DTM","CV2","3","1",0.508423762212504
"M4","genome-wide","DTM","CV2","3","2",0.527108122954401
"M4","haplotype-tagged","DTM","CV2","3","2",0.526928279603783
"M4","genome-wide","DTM","CV2","3","3",0.490018231645131
"M4","haplotype-tagged","DTM","CV2","3","3",0.477307103656372
"M4","genome-wide","DTM","CV2","3","4",0.435293566680451
"M4","haplotype-tagged","DTM","CV2","3","4",0.458871273321613
"M4","genome-wide","DTM","CV2","3","5",0.481899593140374
"M4","haplotype-tagged","DTM","CV2","3","5",0.476162153628278
"M4","genome-wide","DTM","CV0","3","1",0.53484349274691
"M4","haplotype-tagged","DTM","CV0","3","1",0.531836620171965
"M4","genome-wide","DTM","CV0","3","2",0.52116912103971
"M4","haplotype-tagged","DTM","CV0","3","2",0.507874322325981
"M4","genome-wide","DTM","CV0","3","3",0.473757380162052
"M4","haplotype-tagged","DTM","CV0","3","3",0.474815246391011
"M4","genome-wide","DTM","CV0","3","4",0.44923930864096
"M4","haplotype-tagged","DTM","CV0","3","4",0.432463806218592
"M4","genome-wide","DTM","CV0","3","5",0.400570102961969
"M4","haplotype-tagged","DTM","CV0","3","5",0.38622916078282
"M4","genome-wide","DTM","CV00","3","1",0.0692004061526371
"M4","haplotype-tagged","DTM","CV00","3","1",0.117809351481182
"M4","genome-wide","DTM","CV00","3","2",0.363253794125247
"M4","haplotype-tagged","DTM","CV00","3","2",0.23465833077547
"M4","genome-wide","DTM","CV00","3","3",0.367341370118372
"M4","haplotype-tagged","DTM","CV00","3","3",0.261597453723992
"M4","genome-wide","DTM","CV00","3","4",0.335498109187465
"M4","haplotype-tagged","DTM","CV00","3","4",0.35718042854667
"M4","genome-wide","DTM","CV00","3","5",0.0998901766755525
"M4","haplotype-tagged","DTM","CV00","3","5",-0.171543021346923
"M4","genome-wide","HSW","CV1","3","1",0.418603425057482
"M4","haplotype-tagged","HSW","CV1","3","1",0.333184536428212
"M4","genome-wide","HSW","CV1","3","2",0.642524453818282
"M4","haplotype-tagged","HSW","CV1","3","2",0.519071722635077
"M4","genome-wide","HSW","CV1","3","3",0.612665927585663
"M4","haplotype-tagged","HSW","CV1","3","3",0.547086518125515
"M4","genome-wide","HSW","CV1","3","4",0.569822461106167
"M4","haplotype-tagged","HSW","CV1","3","4",0.5262514333071
"M4","genome-wide","HSW","CV1","3","5",0.45460723702225
"M4","haplotype-tagged","HSW","CV1","3","5",0.259829593939385
"M4","genome-wide","HSW","CV2","3","1",0.722966521556328
"M4","haplotype-tagged","HSW","CV2","3","1",0.728400225432869
"M4","genome-wide","HSW","CV2","3","2",0.761813632491319
"M4","haplotype-tagged","HSW","CV2","3","2",0.762103228512457
"M4","genome-wide","HSW","CV2","3","3",0.778160797141814
"M4","haplotype-tagged","HSW","CV2","3","3",0.779530029763792
"M4","genome-wide","HSW","CV2","3","4",0.743502253837494
"M4","haplotype-tagged","HSW","CV2","3","4",0.749217309280531
"M4","genome-wide","HSW","CV2","3","5",0.73926419624021
"M4","haplotype-tagged","HSW","CV2","3","5",0.728994187228069
"M4","genome-wide","HSW","CV0","3","1",0.722748962755728
"M4","haplotype-tagged","HSW","CV0","3","1",0.72122248538607
"M4","genome-wide","HSW","CV0","3","2",0.754030881132527
"M4","haplotype-tagged","HSW","CV0","3","2",0.749200494084254
"M4","genome-wide","HSW","CV0","3","3",0.801856379240816
"M4","haplotype-tagged","HSW","CV0","3","3",0.805131758492566
"M4","genome-wide","HSW","CV0","3","4",0.745470211024915
"M4","haplotype-tagged","HSW","CV0","3","4",0.743317506356486
"M4","genome-wide","HSW","CV0","3","5",0.783981931139778
"M4","haplotype-tagged","HSW","CV0","3","5",0.78261011497369
"M4","genome-wide","HSW","CV00","3","1",0.658879911027915
"M4","haplotype-tagged","HSW","CV00","3","1",0.501809411796913
"M4","genome-wide","HSW","CV00","3","2",0.42162242568858
"M4","haplotype-tagged","HSW","CV00","3","2",0.430788234687303
"M4","genome-wide","HSW","CV00","3","3",0.618713082372754
"M4","haplotype-tagged","HSW","CV00","3","3",0.477110098285259
"M4","genome-wide","HSW","CV00","3","4",0.330763705356825
"M4","haplotype-tagged","HSW","CV00","3","4",0.200486790501543
"M4","genome-wide","HSW","CV00","3","5",0.446075997688681
"M4","haplotype-tagged","HSW","CV00","3","5",0.260120420436332
"M4","genome-wide","PH","CV1","3","1",0.482108410094758
"M4","haplotype-tagged","PH","CV1","3","1",0.319521200533023
"M4","genome-wide","PH","CV1","3","2",0.442731585025939
"M4","haplotype-tagged","PH","CV1","3","2",0.418635811608164
"M4","genome-wide","PH","CV1","3","3",0.448074085562698
"M4","haplotype-tagged","PH","CV1","3","3",0.415350949284036
"M4","genome-wide","PH","CV1","3","4",0.526442066726667
"M4","haplotype-tagged","PH","CV1","3","4",0.372433578277889
"M4","genome-wide","PH","CV1","3","5",0.260409342852325
"M4","haplotype-tagged","PH","CV1","3","5",0.173402529719566
"M4","genome-wide","PH","CV2","3","1",0.499371070399278
"M4","haplotype-tagged","PH","CV2","3","1",0.475455924559044
"M4","genome-wide","PH","CV2","3","2",0.656477613536897
"M4","haplotype-tagged","PH","CV2","3","2",0.614479547629589
"M4","genome-wide","PH","CV2","3","3",0.592892128218184
"M4","haplotype-tagged","PH","CV2","3","3",0.571647431035512
"M4","genome-wide","PH","CV2","3","4",0.545571811588032
"M4","haplotype-tagged","PH","CV2","3","4",0.541013488375826
"M4","genome-wide","PH","CV2","3","5",0.60753555173266
"M4","haplotype-tagged","PH","CV2","3","5",0.585658826376747
"M4","genome-wide","PH","CV0","3","1",0.719159892653472
"M4","haplotype-tagged","PH","CV0","3","1",0.691388920039158
"M4","genome-wide","PH","CV0","3","2",0.590706092730181
"M4","haplotype-tagged","PH","CV0","3","2",0.569471021048947
"M4","genome-wide","PH","CV0","3","3",0.640608177454612
"M4","haplotype-tagged","PH","CV0","3","3",0.636134389827709
"M4","genome-wide","PH","CV0","3","4",0.347105298341063
"M4","haplotype-tagged","PH","CV0","3","4",0.351903686521017
"M4","genome-wide","PH","CV0","3","5",0.6423529984726
"M4","haplotype-tagged","PH","CV0","3","5",0.651701578816055
"M4","genome-wide","PH","CV00","3","1",0.48100498647306
"M4","haplotype-tagged","PH","CV00","3","1",0.473020260821948
"M4","genome-wide","PH","CV00","3","2",0.280799825111845
"M4","haplotype-tagged","PH","CV00","3","2",0.266278831746409
"M4","genome-wide","PH","CV00","3","3",0.639792987104812
"M4","haplotype-tagged","PH","CV00","3","3",0.396312636557114
"M4","genome-wide","PH","CV00","3","4",0.232176017477981
"M4","haplotype-tagged","PH","CV00","3","4",0.115950034198665
"M4","genome-wide","PH","CV00","3","5",0.613638414065252
"M4","haplotype-tagged","PH","CV00","3","5",0.380529449010301
"M4","genome-wide","PPP","CV1","3","1",0.157567970886076
"M4","haplotype-tagged","PPP","CV1","3","1",0.161590354958916
"M4","genome-wide","PPP","CV1","3","2",0.173883576454998
"M4","haplotype-tagged","PPP","CV1","3","2",0.152407873532534
"M4","genome-wide","PPP","CV1","3","3",0.207225874428734
"M4","haplotype-tagged","PPP","CV1","3","3",0.107504102502147
"M4","genome-wide","PPP","CV1","3","4",0.164735151821836
"M4","haplotype-tagged","PPP","CV1","3","4",0.197118420264903
"M4","genome-wide","PPP","CV1","3","5",0.165321874771427
"M4","haplotype-tagged","PPP","CV1","3","5",0.0737245182745436
"M4","genome-wide","PPP","CV2","3","1",0.0957803152699287
"M4","haplotype-tagged","PPP","CV2","3","1",0.0764687391463787
"M4","genome-wide","PPP","CV2","3","2",0.178355478965918
"M4","haplotype-tagged","PPP","CV2","3","2",0.17257340291407
"M4","genome-wide","PPP","CV2","3","3",0.207439555655911
"M4","haplotype-tagged","PPP","CV2","3","3",0.193560484142908
"M4","genome-wide","PPP","CV2","3","4",0.186954086676644
"M4","haplotype-tagged","PPP","CV2","3","4",0.158394820054176
"M4","genome-wide","PPP","CV2","3","5",0.215662397997466
"M4","haplotype-tagged","PPP","CV2","3","5",0.207445619925075
"M4","genome-wide","PPP","CV0","3","1",0.229126177342918
"M4","haplotype-tagged","PPP","CV0","3","1",0.218283326273947
"M4","genome-wide","PPP","CV0","3","2",0.188989446218186
"M4","haplotype-tagged","PPP","CV0","3","2",0.183914826231356
"M4","genome-wide","PPP","CV0","3","3",0.181876363922446
"M4","haplotype-tagged","PPP","CV0","3","3",0.204825646168629
"M4","genome-wide","PPP","CV0","3","4",0.051995944920434
"M4","haplotype-tagged","PPP","CV0","3","4",0.0529602691298336
"M4","genome-wide","PPP","CV0","3","5",0.096210190820514
"M4","haplotype-tagged","PPP","CV0","3","5",0.0869374396248901
"M4","genome-wide","PPP","CV00","3","1",0.211454833190989
"M4","haplotype-tagged","PPP","CV00","3","1",0.105265339347617
"M4","genome-wide","PPP","CV00","3","2",0.103709042622054
"M4","haplotype-tagged","PPP","CV00","3","2",0.163361407720472
"M4","genome-wide","PPP","CV00","3","3",0.268255514152073
"M4","haplotype-tagged","PPP","CV00","3","3",0.0361983218319611
"M4","genome-wide","PPP","CV00","3","4",0.333822298819959
"M4","haplotype-tagged","PPP","CV00","3","4",0.249974758423304
"M4","genome-wide","PPP","CV00","3","5",-0.00718721343799838
"M4","haplotype-tagged","PPP","CV00","3","5",0.120962167094162
"M4","genome-wide","YPPlnt","CV1","3","1",0.0675029114418344
"M4","haplotype-tagged","YPPlnt","CV1","3","1",0.0184544209556545
"M4","genome-wide","YPPlnt","CV1","3","2",0.19607266822988
"M4","haplotype-tagged","YPPlnt","CV1","3","2",0.141670695929979
"M4","genome-wide","YPPlnt","CV1","3","3",0.0632976904882018
"M4","haplotype-tagged","YPPlnt","CV1","3","3",0.0707611151668571
"M4","genome-wide","YPPlnt","CV1","3","4",0.119273962994158
"M4","haplotype-tagged","YPPlnt","CV1","3","4",0.088600029193879
"M4","genome-wide","YPPlnt","CV1","3","5",0.0734064019945576
"M4","haplotype-tagged","YPPlnt","CV1","3","5",0.00179670240804876
"M4","genome-wide","YPPlnt","CV2","3","1",0.0432328898528138
"M4","haplotype-tagged","YPPlnt","CV2","3","1",0.107939597850263
"M4","genome-wide","YPPlnt","CV2","3","2",0.150864489488699
"M4","haplotype-tagged","YPPlnt","CV2","3","2",0.126989319772902
"M4","genome-wide","YPPlnt","CV2","3","3",0.0760028764425277
"M4","haplotype-tagged","YPPlnt","CV2","3","3",0.0601349268590623
"M4","genome-wide","YPPlnt","CV2","3","4",0.234663392604014
"M4","haplotype-tagged","YPPlnt","CV2","3","4",0.231945909632125
"M4","genome-wide","YPPlnt","CV2","3","5",0.0738742808195593
"M4","haplotype-tagged","YPPlnt","CV2","3","5",0.0874266124763706
"M4","genome-wide","YPPlnt","CV0","3","1",0.0806795307599266
"M4","haplotype-tagged","YPPlnt","CV0","3","1",0.106573330920103
"M4","genome-wide","YPPlnt","CV0","3","2",0.136666825497561
"M4","haplotype-tagged","YPPlnt","CV0","3","2",0.125638613222352
"M4","genome-wide","YPPlnt","CV0","3","3",0.161081590276809
"M4","haplotype-tagged","YPPlnt","CV0","3","3",0.154901413409513
"M4","genome-wide","YPPlnt","CV0","3","4",0.173375044615976
"M4","haplotype-tagged","YPPlnt","CV0","3","4",0.139940411589905
"M4","genome-wide","YPPlnt","CV0","3","5",0.251815920000637
"M4","haplotype-tagged","YPPlnt","CV0","3","5",0.213982244432763
"M4","genome-wide","YPPlnt","CV00","3","1",-0.03505040650194
"M4","haplotype-tagged","YPPlnt","CV00","3","1",0.120028057509738
"M4","genome-wide","YPPlnt","CV00","3","2",-0.0382977160893451
"M4","haplotype-tagged","YPPlnt","CV00","3","2",0.0545248087168048
"M4","genome-wide","YPPlnt","CV00","3","3",0.24632842291057
"M4","haplotype-tagged","YPPlnt","CV00","3","3",0.147536996242489
"M4","genome-wide","YPPlnt","CV00","3","4",0.122660583952588
"M4","haplotype-tagged","YPPlnt","CV00","3","4",0.108792241885053
"M4","genome-wide","YPPlnt","CV00","3","5",0.413400333857535
"M4","haplotype-tagged","YPPlnt","CV00","3","5",0.432865702145456
"M4","genome-wide","DTF","CV1","4","1",0.389217111371293
"M4","haplotype-tagged","DTF","CV1","4","1",0.353574102405267
"M4","genome-wide","DTF","CV1","4","2",0.303909259289078
"M4","haplotype-tagged","DTF","CV1","4","2",0.261659900424118
"M4","genome-wide","DTF","CV1","4","3",0.497235495194726
"M4","haplotype-tagged","DTF","CV1","4","3",0.393936352082155
"M4","genome-wide","DTF","CV1","4","4",0.419543268993534
"M4","haplotype-tagged","DTF","CV1","4","4",0.408270375434811
"M4","genome-wide","DTF","CV1","4","5",0.492043820007288
"M4","haplotype-tagged","DTF","CV1","4","5",0.342509061162986
"M4","genome-wide","DTF","CV2","4","1",0.563935210868502
"M4","haplotype-tagged","DTF","CV2","4","1",0.534832992559769
"M4","genome-wide","DTF","CV2","4","2",0.642652335245778
"M4","haplotype-tagged","DTF","CV2","4","2",0.625451606400705
"M4","genome-wide","DTF","CV2","4","3",0.574942963136774
"M4","haplotype-tagged","DTF","CV2","4","3",0.568938163960919
"M4","genome-wide","DTF","CV2","4","4",0.612907807788278
"M4","haplotype-tagged","DTF","CV2","4","4",0.621767796453293
"M4","genome-wide","DTF","CV2","4","5",0.611234575953537
"M4","haplotype-tagged","DTF","CV2","4","5",0.613613738994641
"M4","genome-wide","DTF","CV0","4","1",0.601595631713638
"M4","haplotype-tagged","DTF","CV0","4","1",0.594779042451422
"M4","genome-wide","DTF","CV0","4","2",0.507036466387325
"M4","haplotype-tagged","DTF","CV0","4","2",0.49538611748189
"M4","genome-wide","DTF","CV0","4","3",0.690755304777108
"M4","haplotype-tagged","DTF","CV0","4","3",0.691617540718491
"M4","genome-wide","DTF","CV0","4","4",0.616757542830747
"M4","haplotype-tagged","DTF","CV0","4","4",0.616093188393895
"M4","genome-wide","DTF","CV0","4","5",0.767617811822726
"M4","haplotype-tagged","DTF","CV0","4","5",0.773738855088198
"M4","genome-wide","DTF","CV00","4","1",0.484611136827474
"M4","haplotype-tagged","DTF","CV00","4","1",0.291938049710002
"M4","genome-wide","DTF","CV00","4","2",0.551019308628825
"M4","haplotype-tagged","DTF","CV00","4","2",0.513482294466694
"M4","genome-wide","DTF","CV00","4","3",0.192333153116166
"M4","haplotype-tagged","DTF","CV00","4","3",0.150827547846727
"M4","genome-wide","DTF","CV00","4","4",0.547071598199113
"M4","haplotype-tagged","DTF","CV00","4","4",0.285844715352354
"M4","genome-wide","DTF","CV00","4","5",0.617783558873429
"M4","haplotype-tagged","DTF","CV00","4","5",0.382948939954591
"M4","genome-wide","DTM","CV1","4","1",0.415003359059323
"M4","haplotype-tagged","DTM","CV1","4","1",0.194303903322476
"M4","genome-wide","DTM","CV1","4","2",0.233435156796547
"M4","haplotype-tagged","DTM","CV1","4","2",0.141280392382955
"M4","genome-wide","DTM","CV1","4","3",0.2994445610619
"M4","haplotype-tagged","DTM","CV1","4","3",0.191184888812138
"M4","genome-wide","DTM","CV1","4","4",0.252954886328824
"M4","haplotype-tagged","DTM","CV1","4","4",0.198698455113177
"M4","genome-wide","DTM","CV1","4","5",0.451876248795427
"M4","haplotype-tagged","DTM","CV1","4","5",0.256031850761003
"M4","genome-wide","DTM","CV2","4","1",0.483673349283208
"M4","haplotype-tagged","DTM","CV2","4","1",0.482643218616849
"M4","genome-wide","DTM","CV2","4","2",0.539671815483571
"M4","haplotype-tagged","DTM","CV2","4","2",0.544668427130511
"M4","genome-wide","DTM","CV2","4","3",0.473236815271504
"M4","haplotype-tagged","DTM","CV2","4","3",0.489688522197023
"M4","genome-wide","DTM","CV2","4","4",0.466851163690085
"M4","haplotype-tagged","DTM","CV2","4","4",0.469501335950963
"M4","genome-wide","DTM","CV2","4","5",0.464982269355448
"M4","haplotype-tagged","DTM","CV2","4","5",0.457556349893618
"M4","genome-wide","DTM","CV0","4","1",0.484952939691844
"M4","haplotype-tagged","DTM","CV0","4","1",0.485028148400028
"M4","genome-wide","DTM","CV0","4","2",0.382451644624519
"M4","haplotype-tagged","DTM","CV0","4","2",0.389646709452936
"M4","genome-wide","DTM","CV0","4","3",0.47295619263225
"M4","haplotype-tagged","DTM","CV0","4","3",0.47159757973105
"M4","genome-wide","DTM","CV0","4","4",0.469104411350118
"M4","haplotype-tagged","DTM","CV0","4","4",0.441079418918016
"M4","genome-wide","DTM","CV0","4","5",0.698375650908938
"M4","haplotype-tagged","DTM","CV0","4","5",0.673961400876104
"M4","genome-wide","DTM","CV00","4","1",0.3290704398869
"M4","haplotype-tagged","DTM","CV00","4","1",0.165731092629043
"M4","genome-wide","DTM","CV00","4","2",0.302103033196942
"M4","haplotype-tagged","DTM","CV00","4","2",0.180155641219319
"M4","genome-wide","DTM","CV00","4","3",0.257106170345158
"M4","haplotype-tagged","DTM","CV00","4","3",0.108714592186375
"M4","genome-wide","DTM","CV00","4","4",0.227625567425024
"M4","haplotype-tagged","DTM","CV00","4","4",0.193513540216784
"M4","genome-wide","DTM","CV00","4","5",0.407849312656733
"M4","haplotype-tagged","DTM","CV00","4","5",0.245083737586196
"M4","genome-wide","HSW","CV1","4","1",0.612712729232847
"M4","haplotype-tagged","HSW","CV1","4","1",0.442654890758545
"M4","genome-wide","HSW","CV1","4","2",0.503329641566106
"M4","haplotype-tagged","HSW","CV1","4","2",0.347596154215414
"M4","genome-wide","HSW","CV1","4","3",0.526001685638358
"M4","haplotype-tagged","HSW","CV1","4","3",0.226097599830692
"M4","genome-wide","HSW","CV1","4","4",0.593084080601426
"M4","haplotype-tagged","HSW","CV1","4","4",0.330057837623384
"M4","genome-wide","HSW","CV1","4","5",0.636073633618537
"M4","haplotype-tagged","HSW","CV1","4","5",0.591441419093893
"M4","genome-wide","HSW","CV2","4","1",0.749979944242151
"M4","haplotype-tagged","HSW","CV2","4","1",0.753381931978322
"M4","genome-wide","HSW","CV2","4","2",0.776911535369241
"M4","haplotype-tagged","HSW","CV2","4","2",0.787078109688578
"M4","genome-wide","HSW","CV2","4","3",0.7078817039745
"M4","haplotype-tagged","HSW","CV2","4","3",0.706302031909881
"M4","genome-wide","HSW","CV2","4","4",0.758646697543679
"M4","haplotype-tagged","HSW","CV2","4","4",0.75142993188138
"M4","genome-wide","HSW","CV2","4","5",0.76564244309775
"M4","haplotype-tagged","HSW","CV2","4","5",0.768672137793658
"M4","genome-wide","HSW","CV0","4","1",0.714099069340916
"M4","haplotype-tagged","HSW","CV0","4","1",0.704147875723607
"M4","genome-wide","HSW","CV0","4","2",0.694686280130903
"M4","haplotype-tagged","HSW","CV0","4","2",0.699588177703273
"M4","genome-wide","HSW","CV0","4","3",0.800754717433478
"M4","haplotype-tagged","HSW","CV0","4","3",0.805687250829464
"M4","genome-wide","HSW","CV0","4","4",0.787049006744043
"M4","haplotype-tagged","HSW","CV0","4","4",0.782830264474921
"M4","genome-wide","HSW","CV0","4","5",0.780717534895128
"M4","haplotype-tagged","HSW","CV0","4","5",0.780699678404267
"M4","genome-wide","HSW","CV00","4","1",0.402639797666391
"M4","haplotype-tagged","HSW","CV00","4","1",0.173948608169461
"M4","genome-wide","HSW","CV00","4","2",0.624755005062803
"M4","haplotype-tagged","HSW","CV00","4","2",0.599731713939593
"M4","genome-wide","HSW","CV00","4","3",0.687014828050239
"M4","haplotype-tagged","HSW","CV00","4","3",0.396459536062071
"M4","genome-wide","HSW","CV00","4","4",0.602482446458568
"M4","haplotype-tagged","HSW","CV00","4","4",0.439072083475082
"M4","genome-wide","HSW","CV00","4","5",0.664752862745466
"M4","haplotype-tagged","HSW","CV00","4","5",0.56945628788862
"M4","genome-wide","PH","CV1","4","1",0.517751177424368
"M4","haplotype-tagged","PH","CV1","4","1",0.462997612424179
"M4","genome-wide","PH","CV1","4","2",0.106126945542301
"M4","haplotype-tagged","PH","CV1","4","2",0.215195655669462
"M4","genome-wide","PH","CV1","4","3",0.463203842442174
"M4","haplotype-tagged","PH","CV1","4","3",0.421879712607442
"M4","genome-wide","PH","CV1","4","4",0.237082710119829
"M4","haplotype-tagged","PH","CV1","4","4",0.198436491200925
"M4","genome-wide","PH","CV1","4","5",0.553132374832351
"M4","haplotype-tagged","PH","CV1","4","5",0.408410199882409
"M4","genome-wide","PH","CV2","4","1",0.627568923341085
"M4","haplotype-tagged","PH","CV2","4","1",0.633071074735861
"M4","genome-wide","PH","CV2","4","2",0.530982573012499
"M4","haplotype-tagged","PH","CV2","4","2",0.52298722314061
"M4","genome-wide","PH","CV2","4","3",0.595268019236528
"M4","haplotype-tagged","PH","CV2","4","3",0.568951405182942
"M4","genome-wide","PH","CV2","4","4",0.471232674051209
"M4","haplotype-tagged","PH","CV2","4","4",0.448495322871832
"M4","genome-wide","PH","CV2","4","5",0.547820632112442
"M4","haplotype-tagged","PH","CV2","4","5",0.525892780765013
"M4","genome-wide","PH","CV0","4","1",0.702294220541227
"M4","haplotype-tagged","PH","CV0","4","1",0.678295688278361
"M4","genome-wide","PH","CV0","4","2",0.6031328821793
"M4","haplotype-tagged","PH","CV0","4","2",0.625425009827346
"M4","genome-wide","PH","CV0","4","3",0.63555055811291
"M4","haplotype-tagged","PH","CV0","4","3",0.631047505705713
"M4","genome-wide","PH","CV0","4","4",0.292285479500563
"M4","haplotype-tagged","PH","CV0","4","4",0.278971629662506
"M4","genome-wide","PH","CV0","4","5",0.751489719923974
"M4","haplotype-tagged","PH","CV0","4","5",0.731159585540067
"M4","genome-wide","PH","CV00","4","1",0.553129485635046
"M4","haplotype-tagged","PH","CV00","4","1",0.493629067329765
"M4","genome-wide","PH","CV00","4","2",0.108176855992448
"M4","haplotype-tagged","PH","CV00","4","2",-0.0308757164429738
"M4","genome-wide","PH","CV00","4","3",0.469688110487675
"M4","haplotype-tagged","PH","CV00","4","3",0.334963697583614
"M4","genome-wide","PH","CV00","4","4",0.505897956676468
"M4","haplotype-tagged","PH","CV00","4","4",0.388515900323241
"M4","genome-wide","PH","CV00","4","5",0.180933512305577
"M4","haplotype-tagged","PH","CV00","4","5",-0.122677419773155
"M4","genome-wide","PPP","CV1","4","1",0.241140500722932
"M4","haplotype-tagged","PPP","CV1","4","1",0.252713717652474
"M4","genome-wide","PPP","CV1","4","2",0.186903074984122
"M4","haplotype-tagged","PPP","CV1","4","2",0.138825122320734
"M4","genome-wide","PPP","CV1","4","3",0.123007400748969
"M4","haplotype-tagged","PPP","CV1","4","3",0.0869016132440623
"M4","genome-wide","PPP","CV1","4","4",0.0730436752482498
"M4","haplotype-tagged","PPP","CV1","4","4",0.122763231128934
"M4","genome-wide","PPP","CV1","4","5",0.274463933565888
"M4","haplotype-tagged","PPP","CV1","4","5",0.235189230141352
"M4","genome-wide","PPP","CV2","4","1",0.143783730500977
"M4","haplotype-tagged","PPP","CV2","4","1",0.160172169589073
"M4","genome-wide","PPP","CV2","4","2",0.207411524129734
"M4","haplotype-tagged","PPP","CV2","4","2",0.211941396957895
"M4","genome-wide","PPP","CV2","4","3",0.084709464207269
"M4","haplotype-tagged","PPP","CV2","4","3",0.0736897969479044
"M4","genome-wide","PPP","CV2","4","4",0.126666685175735
"M4","haplotype-tagged","PPP","CV2","4","4",0.167912664293792
"M4","genome-wide","PPP","CV2","4","5",0.222831619941586
"M4","haplotype-tagged","PPP","CV2","4","5",0.225424372216146
"M4","genome-wide","PPP","CV0","4","1",0.111017883420977
"M4","haplotype-tagged","PPP","CV0","4","1",0.0967314789508682
"M4","genome-wide","PPP","CV0","4","2",0.098597472357958
"M4","haplotype-tagged","PPP","CV0","4","2",0.11299376473433
"M4","genome-wide","PPP","CV0","4","3",0.186918044172454
"M4","haplotype-tagged","PPP","CV0","4","3",0.196331696816553
"M4","genome-wide","PPP","CV0","4","4",0.108696099986929
"M4","haplotype-tagged","PPP","CV0","4","4",0.121230809264661
"M4","genome-wide","PPP","CV0","4","5",0.246246737383893
"M4","haplotype-tagged","PPP","CV0","4","5",0.237771293642087
"M4","genome-wide","PPP","CV00","4","1",0.150590336434669
"M4","haplotype-tagged","PPP","CV00","4","1",-0.0573083870287678
"M4","genome-wide","PPP","CV00","4","2",0.113174042153882
"M4","haplotype-tagged","PPP","CV00","4","2",-0.0259745248653074
"M4","genome-wide","PPP","CV00","4","3",0.203804110854481
"M4","haplotype-tagged","PPP","CV00","4","3",0.194596587292417
"M4","genome-wide","PPP","CV00","4","4",0.345972192298239
"M4","haplotype-tagged","PPP","CV00","4","4",0.141298975345077
"M4","genome-wide","PPP","CV00","4","5",0.259572148207636
"M4","haplotype-tagged","PPP","CV00","4","5",0.0813487749162787
"M4","genome-wide","YPPlnt","CV1","4","1",0.136693708119982
"M4","haplotype-tagged","YPPlnt","CV1","4","1",0.174090771857246
"M4","genome-wide","YPPlnt","CV1","4","2",0.106155739241066
"M4","haplotype-tagged","YPPlnt","CV1","4","2",0.168284157671408
"M4","genome-wide","YPPlnt","CV1","4","3",0.0815277974081987
"M4","haplotype-tagged","YPPlnt","CV1","4","3",0.0755950985878566
"M4","genome-wide","YPPlnt","CV1","4","4",0.148056998399099
"M4","haplotype-tagged","YPPlnt","CV1","4","4",0.105924532721551
"M4","genome-wide","YPPlnt","CV1","4","5",0.130974616869404
"M4","haplotype-tagged","YPPlnt","CV1","4","5",0.0932435149929298
"M4","genome-wide","YPPlnt","CV2","4","1",0.136644383445218
"M4","haplotype-tagged","YPPlnt","CV2","4","1",0.0961988408449818
"M4","genome-wide","YPPlnt","CV2","4","2",0.0978086229155979
"M4","haplotype-tagged","YPPlnt","CV2","4","2",0.0746920976829892
"M4","genome-wide","YPPlnt","CV2","4","3",0.125572927884285
"M4","haplotype-tagged","YPPlnt","CV2","4","3",0.141269540411137
"M4","genome-wide","YPPlnt","CV2","4","4",0.0477132464012702
"M4","haplotype-tagged","YPPlnt","CV2","4","4",0.0356018554384712
"M4","genome-wide","YPPlnt","CV2","4","5",0.183123080063893
"M4","haplotype-tagged","YPPlnt","CV2","4","5",0.181173249464822
"M4","genome-wide","YPPlnt","CV0","4","1",0.230241946891234
"M4","haplotype-tagged","YPPlnt","CV0","4","1",0.218788282162708
"M4","genome-wide","YPPlnt","CV0","4","2",0.152629656706484
"M4","haplotype-tagged","YPPlnt","CV0","4","2",0.14359918830564
"M4","genome-wide","YPPlnt","CV0","4","3",0.166429142214647
"M4","haplotype-tagged","YPPlnt","CV0","4","3",0.154562426731045
"M4","genome-wide","YPPlnt","CV0","4","4",0.098371457501234
"M4","haplotype-tagged","YPPlnt","CV0","4","4",0.132540263000573
"M4","genome-wide","YPPlnt","CV0","4","5",-0.0196044522178635
"M4","haplotype-tagged","YPPlnt","CV0","4","5",-0.0202671297635506
"M4","genome-wide","YPPlnt","CV00","4","1",0.20274258349475
"M4","haplotype-tagged","YPPlnt","CV00","4","1",0.224569318583499
"M4","genome-wide","YPPlnt","CV00","4","2",-0.00328584205868428
"M4","haplotype-tagged","YPPlnt","CV00","4","2",0.0292467511554312
"M4","genome-wide","YPPlnt","CV00","4","3",0.253496763569585
"M4","haplotype-tagged","YPPlnt","CV00","4","3",0.158045985111495
"M4","genome-wide","YPPlnt","CV00","4","4",0.256549705972337
"M4","haplotype-tagged","YPPlnt","CV00","4","4",0.18848019673427
"M4","genome-wide","YPPlnt","CV00","4","5",0.195565097293542
"M4","haplotype-tagged","YPPlnt","CV00","4","5",0.296522333680862
"M4","genome-wide","DTF","CV1","5","1",0.34799788236349
"M4","haplotype-tagged","DTF","CV1","5","1",0.092938300892426
"M4","genome-wide","DTF","CV1","5","2",0.459343846540981
"M4","haplotype-tagged","DTF","CV1","5","2",0.244235004945907
"M4","genome-wide","DTF","CV1","5","3",0.457730414990436
"M4","haplotype-tagged","DTF","CV1","5","3",0.213876189592668
"M4","genome-wide","DTF","CV1","5","4",0.532662403172085
"M4","haplotype-tagged","DTF","CV1","5","4",0.412032837288595
"M4","genome-wide","DTF","CV1","5","5",0.41297291131646
"M4","haplotype-tagged","DTF","CV1","5","5",0.287042233460806
"M4","genome-wide","DTF","CV2","5","1",0.649542966834733
"M4","haplotype-tagged","DTF","CV2","5","1",0.667259904151982
"M4","genome-wide","DTF","CV2","5","2",0.675730778579668
"M4","haplotype-tagged","DTF","CV2","5","2",0.66595109266898
"M4","genome-wide","DTF","CV2","5","3",0.682941104390562
"M4","haplotype-tagged","DTF","CV2","5","3",0.654181502637172
"M4","genome-wide","DTF","CV2","5","4",0.496206270528627
"M4","haplotype-tagged","DTF","CV2","5","4",0.463836669641316
"M4","genome-wide","DTF","CV2","5","5",0.558881885953176
"M4","haplotype-tagged","DTF","CV2","5","5",0.556885775272137
"M4","genome-wide","DTF","CV0","5","1",0.6416097210929
"M4","haplotype-tagged","DTF","CV0","5","1",0.638910814156121
"M4","genome-wide","DTF","CV0","5","2",0.613585515305701
"M4","haplotype-tagged","DTF","CV0","5","2",0.635694800445765
"M4","genome-wide","DTF","CV0","5","3",0.567216728831019
"M4","haplotype-tagged","DTF","CV0","5","3",0.548763343261183
"M4","genome-wide","DTF","CV0","5","4",0.600707008209803
"M4","haplotype-tagged","DTF","CV0","5","4",0.607742726134847
"M4","genome-wide","DTF","CV0","5","5",0.636041108094005
"M4","haplotype-tagged","DTF","CV0","5","5",0.60775314221685
"M4","genome-wide","DTF","CV00","5","1",0.358385568080376
"M4","haplotype-tagged","DTF","CV00","5","1",0.142313714340176
"M4","genome-wide","DTF","CV00","5","2",0.519053186897957
"M4","haplotype-tagged","DTF","CV00","5","2",0.307496638138778
"M4","genome-wide","DTF","CV00","5","3",0.615709841249547
"M4","haplotype-tagged","DTF","CV00","5","3",0.429162739332775
"M4","genome-wide","DTF","CV00","5","4",0.481571198479619
"M4","haplotype-tagged","DTF","CV00","5","4",0.214093609623042
"M4","genome-wide","DTF","CV00","5","5",0.731480903497984
"M4","haplotype-tagged","DTF","CV00","5","5",0.285512723437819
"M4","genome-wide","DTM","CV1","5","1",0.282743505226798
"M4","haplotype-tagged","DTM","CV1","5","1",0.149761282702467
"M4","genome-wide","DTM","CV1","5","2",0.30678389435126
"M4","haplotype-tagged","DTM","CV1","5","2",0.182360366567634
"M4","genome-wide","DTM","CV1","5","3",0.378853768848808
"M4","haplotype-tagged","DTM","CV1","5","3",0.218080491281142
"M4","genome-wide","DTM","CV1","5","4",0.398328433787534
"M4","haplotype-tagged","DTM","CV1","5","4",0.100072887056618
"M4","genome-wide","DTM","CV1","5","5",0.230666707301376
"M4","haplotype-tagged","DTM","CV1","5","5",0.120868920384866
"M4","genome-wide","DTM","CV2","5","1",0.489665203728627
"M4","haplotype-tagged","DTM","CV2","5","1",0.509324943577503
"M4","genome-wide","DTM","CV2","5","2",0.50917333465889
"M4","haplotype-tagged","DTM","CV2","5","2",0.506273586417517
"M4","genome-wide","DTM","CV2","5","3",0.495336976945909
"M4","haplotype-tagged","DTM","CV2","5","3",0.500828796167598
"M4","genome-wide","DTM","CV2","5","4",0.469000663201977
"M4","haplotype-tagged","DTM","CV2","5","4",0.44259808072101
"M4","genome-wide","DTM","CV2","5","5",0.429197675901912
"M4","haplotype-tagged","DTM","CV2","5","5",0.41206327981312
"M4","genome-wide","DTM","CV0","5","1",0.489434989568327
"M4","haplotype-tagged","DTM","CV0","5","1",0.469278646331427
"M4","genome-wide","DTM","CV0","5","2",0.578774846574632
"M4","haplotype-tagged","DTM","CV0","5","2",0.53710662916199
"M4","genome-wide","DTM","CV0","5","3",0.386115790013674
"M4","haplotype-tagged","DTM","CV0","5","3",0.358131507571272
"M4","genome-wide","DTM","CV0","5","4",0.544034823033719
"M4","haplotype-tagged","DTM","CV0","5","4",0.509444986581491
"M4","genome-wide","DTM","CV0","5","5",0.403842273952086
"M4","haplotype-tagged","DTM","CV0","5","5",0.377481805790391
"M4","genome-wide","DTM","CV00","5","1",0.184469218287892
"M4","haplotype-tagged","DTM","CV00","5","1",0.0676301288057856
"M4","genome-wide","DTM","CV00","5","2",0.394495654733706
"M4","haplotype-tagged","DTM","CV00","5","2",0.202196159480124
"M4","genome-wide","DTM","CV00","5","3",0.441553869850719
"M4","haplotype-tagged","DTM","CV00","5","3",0.262760152928017
"M4","genome-wide","DTM","CV00","5","4",0.116704644905545
"M4","haplotype-tagged","DTM","CV00","5","4",-0.0456278864133024
"M4","genome-wide","DTM","CV00","5","5",0.624453845195988
"M4","haplotype-tagged","DTM","CV00","5","5",0.305749331844209
"M4","genome-wide","HSW","CV1","5","1",0.595772668876044
"M4","haplotype-tagged","HSW","CV1","5","1",0.424876241171467
"M4","genome-wide","HSW","CV1","5","2",0.65700907130553
"M4","haplotype-tagged","HSW","CV1","5","2",0.309896731348051
"M4","genome-wide","HSW","CV1","5","3",0.553420257376348
"M4","haplotype-tagged","HSW","CV1","5","3",0.37624278512435
"M4","genome-wide","HSW","CV1","5","4",0.515029549593403
"M4","haplotype-tagged","HSW","CV1","5","4",0.317828432335513
"M4","genome-wide","HSW","CV1","5","5",0.586848827168963
"M4","haplotype-tagged","HSW","CV1","5","5",0.503821175795158
"M4","genome-wide","HSW","CV2","5","1",0.727968617541021
"M4","haplotype-tagged","HSW","CV2","5","1",0.718500383922693
"M4","genome-wide","HSW","CV2","5","2",0.705941806715679
"M4","haplotype-tagged","HSW","CV2","5","2",0.719617770534624
"M4","genome-wide","HSW","CV2","5","3",0.729569581835416
"M4","haplotype-tagged","HSW","CV2","5","3",0.735574420799735
"M4","genome-wide","HSW","CV2","5","4",0.78054773202734
"M4","haplotype-tagged","HSW","CV2","5","4",0.783751127698192
"M4","genome-wide","HSW","CV2","5","5",0.721715012311199
"M4","haplotype-tagged","HSW","CV2","5","5",0.722261173316758
"M4","genome-wide","HSW","CV0","5","1",0.74482081543936
"M4","haplotype-tagged","HSW","CV0","5","1",0.74781969018003
"M4","genome-wide","HSW","CV0","5","2",0.79981659814897
"M4","haplotype-tagged","HSW","CV0","5","2",0.788088254212811
"M4","genome-wide","HSW","CV0","5","3",0.672044671822339
"M4","haplotype-tagged","HSW","CV0","5","3",0.669540537665613
"M4","genome-wide","HSW","CV0","5","4",0.748602290973872
"M4","haplotype-tagged","HSW","CV0","5","4",0.749175673979139
"M4","genome-wide","HSW","CV0","5","5",0.784247100099881
"M4","haplotype-tagged","HSW","CV0","5","5",0.783444620507838
"M4","genome-wide","HSW","CV00","5","1",0.633977291361855
"M4","haplotype-tagged","HSW","CV00","5","1",0.445980019606816
"M4","genome-wide","HSW","CV00","5","2",0.6764939327778
"M4","haplotype-tagged","HSW","CV00","5","2",0.469208869079545
"M4","genome-wide","HSW","CV00","5","3",0.569233992625366
"M4","haplotype-tagged","HSW","CV00","5","3",0.499288765226358
"M4","genome-wide","HSW","CV00","5","4",0.646741876755964
"M4","haplotype-tagged","HSW","CV00","5","4",0.596584612745993
"M4","genome-wide","HSW","CV00","5","5",0.786613011455461
"M4","haplotype-tagged","HSW","CV00","5","5",0.635490596616397
"M4","genome-wide","PH","CV1","5","1",0.357643330036082
"M4","haplotype-tagged","PH","CV1","5","1",0.269805476584202
"M4","genome-wide","PH","CV1","5","2",0.535143382505738
"M4","haplotype-tagged","PH","CV1","5","2",0.382031527646252
"M4","genome-wide","PH","CV1","5","3",0.466015383790532
"M4","haplotype-tagged","PH","CV1","5","3",0.376197563715617
"M4","genome-wide","PH","CV1","5","4",0.432714858544994
"M4","haplotype-tagged","PH","CV1","5","4",0.394764121972703
"M4","genome-wide","PH","CV1","5","5",0.444704286784335
"M4","haplotype-tagged","PH","CV1","5","5",0.382340883879068
"M4","genome-wide","PH","CV2","5","1",0.532064508341751
"M4","haplotype-tagged","PH","CV2","5","1",0.523141571789974
"M4","genome-wide","PH","CV2","5","2",0.63622074439693
"M4","haplotype-tagged","PH","CV2","5","2",0.640638479412078
"M4","genome-wide","PH","CV2","5","3",0.562283219468166
"M4","haplotype-tagged","PH","CV2","5","3",0.559951331582414
"M4","genome-wide","PH","CV2","5","4",0.553196552154285
"M4","haplotype-tagged","PH","CV2","5","4",0.52382634107629
"M4","genome-wide","PH","CV2","5","5",0.578861168575214
"M4","haplotype-tagged","PH","CV2","5","5",0.586302218733884
"M4","genome-wide","PH","CV0","5","1",0.598094542061035
"M4","haplotype-tagged","PH","CV0","5","1",0.586346947917743
"M4","genome-wide","PH","CV0","5","2",0.403747104595497
"M4","haplotype-tagged","PH","CV0","5","2",0.390222788760269
"M4","genome-wide","PH","CV0","5","3",0.614938189073547
"M4","haplotype-tagged","PH","CV0","5","3",0.592535857759416
"M4","genome-wide","PH","CV0","5","4",0.679583710729619
"M4","haplotype-tagged","PH","CV0","5","4",0.673696776931235
"M4","genome-wide","PH","CV0","5","5",0.644013700155617
"M4","haplotype-tagged","PH","CV0","5","5",0.655403885859427
"M4","genome-wide","PH","CV00","5","1",0.471605382285533
"M4","haplotype-tagged","PH","CV00","5","1",0.453361184226225
"M4","genome-wide","PH","CV00","5","2",0.554653517022817
"M4","haplotype-tagged","PH","CV00","5","2",0.477221618927708
"M4","genome-wide","PH","CV00","5","3",0.59742904411125
"M4","haplotype-tagged","PH","CV00","5","3",0.314733193670146
"M4","genome-wide","PH","CV00","5","4",0.188223195824667
"M4","haplotype-tagged","PH","CV00","5","4",0.223836201657206
"M4","genome-wide","PH","CV00","5","5",0.732824940466436
"M4","haplotype-tagged","PH","CV00","5","5",0.482228705925068
"M4","genome-wide","PPP","CV1","5","1",0.198119542963866
"M4","haplotype-tagged","PPP","CV1","5","1",0.208068874284596
"M4","genome-wide","PPP","CV1","5","2",0.179504332031849
"M4","haplotype-tagged","PPP","CV1","5","2",0.131953079925801
"M4","genome-wide","PPP","CV1","5","3",0.156975082692717
"M4","haplotype-tagged","PPP","CV1","5","3",0.092044546485109
"M4","genome-wide","PPP","CV1","5","4",0.137439336326745
"M4","haplotype-tagged","PPP","CV1","5","4",0.162863555413774
"M4","genome-wide","PPP","CV1","5","5",0.201598441184896
"M4","haplotype-tagged","PPP","CV1","5","5",0.14680920336315
"M4","genome-wide","PPP","CV2","5","1",0.193996223496482
"M4","haplotype-tagged","PPP","CV2","5","1",0.176417976441162
"M4","genome-wide","PPP","CV2","5","2",0.187348252443715
"M4","haplotype-tagged","PPP","CV2","5","2",0.181703599922432
"M4","genome-wide","PPP","CV2","5","3",0.0989782795368533
"M4","haplotype-tagged","PPP","CV2","5","3",0.115322941108293
"M4","genome-wide","PPP","CV2","5","4",0.261791257191941
"M4","haplotype-tagged","PPP","CV2","5","4",0.280962733836506
"M4","genome-wide","PPP","CV2","5","5",0.140900053089201
"M4","haplotype-tagged","PPP","CV2","5","5",0.112663482149107
"M4","genome-wide","PPP","CV0","5","1",0.158144891767561
"M4","haplotype-tagged","PPP","CV0","5","1",0.149548352407945
"M4","genome-wide","PPP","CV0","5","2",0.0756976807701017
"M4","haplotype-tagged","PPP","CV0","5","2",0.0631414190382444
"M4","genome-wide","PPP","CV0","5","3",0.223709301282355
"M4","haplotype-tagged","PPP","CV0","5","3",0.248978948903439
"M4","genome-wide","PPP","CV0","5","4",0.195511241012967
"M4","haplotype-tagged","PPP","CV0","5","4",0.178670700899159
"M4","genome-wide","PPP","CV0","5","5",0.0910420849263532
"M4","haplotype-tagged","PPP","CV0","5","5",0.084420765728234
"M4","genome-wide","PPP","CV00","5","1",0.243862227250963
"M4","haplotype-tagged","PPP","CV00","5","1",0.215800870715971
"M4","genome-wide","PPP","CV00","5","2",0.204871921033888
"M4","haplotype-tagged","PPP","CV00","5","2",0.0125118267803953
"M4","genome-wide","PPP","CV00","5","3",0.0962526468430135
"M4","haplotype-tagged","PPP","CV00","5","3",0.227729190260295
"M4","genome-wide","PPP","CV00","5","4",0.13286077335329
"M4","haplotype-tagged","PPP","CV00","5","4",0.290323051369117
"M4","genome-wide","PPP","CV00","5","5",0.314711622596775
"M4","haplotype-tagged","PPP","CV00","5","5",0.191270284926065
"M4","genome-wide","YPPlnt","CV1","5","1",0.0915769113249337
"M4","haplotype-tagged","YPPlnt","CV1","5","1",0.120892220653793
"M4","genome-wide","YPPlnt","CV1","5","2",0.1234128709022
"M4","haplotype-tagged","YPPlnt","CV1","5","2",0.128637893445178
"M4","genome-wide","YPPlnt","CV1","5","3",0.0607936841010033
"M4","haplotype-tagged","YPPlnt","CV1","5","3",0.124280654325166
"M4","genome-wide","YPPlnt","CV1","5","4",0.112886204195083
"M4","haplotype-tagged","YPPlnt","CV1","5","4",0.0627485467874601
"M4","genome-wide","YPPlnt","CV1","5","5",0.138775365530237
"M4","haplotype-tagged","YPPlnt","CV1","5","5",0.0825601101876997
"M4","genome-wide","YPPlnt","CV2","5","1",0.110492178272827
"M4","haplotype-tagged","YPPlnt","CV2","5","1",0.108076990811842
"M4","genome-wide","YPPlnt","CV2","5","2",0.117214489825934
"M4","haplotype-tagged","YPPlnt","CV2","5","2",0.0910987995355658
"M4","genome-wide","YPPlnt","CV2","5","3",0.173798569540613
"M4","haplotype-tagged","YPPlnt","CV2","5","3",0.117496089429158
"M4","genome-wide","YPPlnt","CV2","5","4",0.126369595701944
"M4","haplotype-tagged","YPPlnt","CV2","5","4",0.0865495848971196
"M4","genome-wide","YPPlnt","CV2","5","5",0.185253228298906
"M4","haplotype-tagged","YPPlnt","CV2","5","5",0.158031288785258
"M4","genome-wide","YPPlnt","CV0","5","1",0.0881137336852841
"M4","haplotype-tagged","YPPlnt","CV0","5","1",0.0607550476610985
"M4","genome-wide","YPPlnt","CV0","5","2",0.220304614937236
"M4","haplotype-tagged","YPPlnt","CV0","5","2",0.202345499710318
"M4","genome-wide","YPPlnt","CV0","5","3",0.105003157999245
"M4","haplotype-tagged","YPPlnt","CV0","5","3",0.0973946006983013
"M4","genome-wide","YPPlnt","CV0","5","4",0.169312472104864
"M4","haplotype-tagged","YPPlnt","CV0","5","4",0.144066910695415
"M4","genome-wide","YPPlnt","CV0","5","5",0.242668888994134
"M4","haplotype-tagged","YPPlnt","CV0","5","5",0.218477434271653
"M4","genome-wide","YPPlnt","CV00","5","1",0.104603916896782
"M4","haplotype-tagged","YPPlnt","CV00","5","1",0.100374010628412
"M4","genome-wide","YPPlnt","CV00","5","2",0.0721580232413442
"M4","haplotype-tagged","YPPlnt","CV00","5","2",-0.0261100653419458
"M4","genome-wide","YPPlnt","CV00","5","3",0.311211498483242
"M4","haplotype-tagged","YPPlnt","CV00","5","3",-0.0558217395791976
"M4","genome-wide","YPPlnt","CV00","5","4",0.0532790157031327
"M4","haplotype-tagged","YPPlnt","CV00","5","4",-0.0741287157832613
"M4","genome-wide","YPPlnt","CV00","5","5",-0.0581553103931201
"M4","haplotype-tagged","YPPlnt","CV00","5","5",0.0693841712264606
"M4","genome-wide","DTF","CV1","6","1",0.388851616111403
"M4","haplotype-tagged","DTF","CV1","6","1",0.407622948113553
"M4","genome-wide","DTF","CV1","6","2",0.381138477494975
"M4","haplotype-tagged","DTF","CV1","6","2",0.275864639279085
"M4","genome-wide","DTF","CV1","6","3",0.450224444049765
"M4","haplotype-tagged","DTF","CV1","6","3",0.351463012071762
"M4","genome-wide","DTF","CV1","6","4",0.452928875547811
"M4","haplotype-tagged","DTF","CV1","6","4",0.173653466081883
"M4","genome-wide","DTF","CV1","6","5",0.374946056671299
"M4","haplotype-tagged","DTF","CV1","6","5",0.159926708781472
"M4","genome-wide","DTF","CV2","6","1",0.638063864119866
"M4","haplotype-tagged","DTF","CV2","6","1",0.650005433019363
"M4","genome-wide","DTF","CV2","6","2",0.568376085311475
"M4","haplotype-tagged","DTF","CV2","6","2",0.572305540852849
"M4","genome-wide","DTF","CV2","6","3",0.578592482526044
"M4","haplotype-tagged","DTF","CV2","6","3",0.594706495800808
"M4","genome-wide","DTF","CV2","6","4",0.612162536820187
"M4","haplotype-tagged","DTF","CV2","6","4",0.590501621529973
"M4","genome-wide","DTF","CV2","6","5",0.629926005659889
"M4","haplotype-tagged","DTF","CV2","6","5",0.604864880164419
"M4","genome-wide","DTF","CV0","6","1",0.553372119522792
"M4","haplotype-tagged","DTF","CV0","6","1",0.550660319093422
"M4","genome-wide","DTF","CV0","6","2",0.665975878630793
"M4","haplotype-tagged","DTF","CV0","6","2",0.680838182323151
"M4","genome-wide","DTF","CV0","6","3",0.593750266950036
"M4","haplotype-tagged","DTF","CV0","6","3",0.606100160441582
"M4","genome-wide","DTF","CV0","6","4",0.741022309943219
"M4","haplotype-tagged","DTF","CV0","6","4",0.725133065411015
"M4","genome-wide","DTF","CV0","6","5",0.361932543118132
"M4","haplotype-tagged","DTF","CV0","6","5",0.378658696068377
"M4","genome-wide","DTF","CV00","6","1",0.447150256082491
"M4","haplotype-tagged","DTF","CV00","6","1",0.328187299581565
"M4","genome-wide","DTF","CV00","6","2",0.322835870558367
"M4","haplotype-tagged","DTF","CV00","6","2",0.247126543914799
"M4","genome-wide","DTF","CV00","6","3",0.584660587469699
"M4","haplotype-tagged","DTF","CV00","6","3",0.276066384029453
"M4","genome-wide","DTF","CV00","6","4",0.251811562000916
"M4","haplotype-tagged","DTF","CV00","6","4",0.276808503977095
"M4","genome-wide","DTF","CV00","6","5",0.470470954046023
"M4","haplotype-tagged","DTF","CV00","6","5",0.335904132657798
"M4","genome-wide","DTM","CV1","6","1",0.232782057728074
"M4","haplotype-tagged","DTM","CV1","6","1",0.145692528179062
"M4","genome-wide","DTM","CV1","6","2",0.342575229812867
"M4","haplotype-tagged","DTM","CV1","6","2",0.208677894483339
"M4","genome-wide","DTM","CV1","6","3",0.423897330088897
"M4","haplotype-tagged","DTM","CV1","6","3",0.275425321617753
"M4","genome-wide","DTM","CV1","6","4",0.339445883686418
"M4","haplotype-tagged","DTM","CV1","6","4",0.106818553751921
"M4","genome-wide","DTM","CV1","6","5",0.246079468463393
"M4","haplotype-tagged","DTM","CV1","6","5",-0.0208188255964625
"M4","genome-wide","DTM","CV2","6","1",0.522843641978067
"M4","haplotype-tagged","DTM","CV2","6","1",0.49532018994309
"M4","genome-wide","DTM","CV2","6","2",0.485860268478084
"M4","haplotype-tagged","DTM","CV2","6","2",0.479856716807024
"M4","genome-wide","DTM","CV2","6","3",0.467639882863883
"M4","haplotype-tagged","DTM","CV2","6","3",0.466668538766684
"M4","genome-wide","DTM","CV2","6","4",0.444226004691427
"M4","haplotype-tagged","DTM","CV2","6","4",0.448854674925534
"M4","genome-wide","DTM","CV2","6","5",0.517807996726228
"M4","haplotype-tagged","DTM","CV2","6","5",0.55205436437406
"M4","genome-wide","DTM","CV0","6","1",0.384489387403453
"M4","haplotype-tagged","DTM","CV0","6","1",0.364075198181011
"M4","genome-wide","DTM","CV0","6","2",0.605086812790688
"M4","haplotype-tagged","DTM","CV0","6","2",0.552649140696108
"M4","genome-wide","DTM","CV0","6","3",0.469738918052013
"M4","haplotype-tagged","DTM","CV0","6","3",0.454505117344028
"M4","genome-wide","DTM","CV0","6","4",0.55524310971946
"M4","haplotype-tagged","DTM","CV0","6","4",0.531667007029587
"M4","genome-wide","DTM","CV0","6","5",0.374701031625952
"M4","haplotype-tagged","DTM","CV0","6","5",0.382009970250835
"M4","genome-wide","DTM","CV00","6","1",0.360081606416661
"M4","haplotype-tagged","DTM","CV00","6","1",0.309974828294612
"M4","genome-wide","DTM","CV00","6","2",0.176585539838395
"M4","haplotype-tagged","DTM","CV00","6","2",0.0191450808156121
"M4","genome-wide","DTM","CV00","6","3",0.12734000462409
"M4","haplotype-tagged","DTM","CV00","6","3",-0.0119042957923698
"M4","genome-wide","DTM","CV00","6","4",0.0708387646817969
"M4","haplotype-tagged","DTM","CV00","6","4",-0.013458152024335
"M4","genome-wide","DTM","CV00","6","5",0.300885169058482
"M4","haplotype-tagged","DTM","CV00","6","5",0.0840520936342485
"M4","genome-wide","HSW","CV1","6","1",0.702624680834833
"M4","haplotype-tagged","HSW","CV1","6","1",0.334129828116807
"M4","genome-wide","HSW","CV1","6","2",0.519622245594981
"M4","haplotype-tagged","HSW","CV1","6","2",0.41106276864338
"M4","genome-wide","HSW","CV1","6","3",0.64423554496052
"M4","haplotype-tagged","HSW","CV1","6","3",0.511970672172755
"M4","genome-wide","HSW","CV1","6","4",0.447818719222121
"M4","haplotype-tagged","HSW","CV1","6","4",0.412083181315622
"M4","genome-wide","HSW","CV1","6","5",0.588975722239965
"M4","haplotype-tagged","HSW","CV1","6","5",0.500300094919446
"M4","genome-wide","HSW","CV2","6","1",0.71517074486043
"M4","haplotype-tagged","HSW","CV2","6","1",0.725767987434608
"M4","genome-wide","HSW","CV2","6","2",0.714444854481126
"M4","haplotype-tagged","HSW","CV2","6","2",0.721897658729011
"M4","genome-wide","HSW","CV2","6","3",0.741069019443239
"M4","haplotype-tagged","HSW","CV2","6","3",0.74702746097279
"M4","genome-wide","HSW","CV2","6","4",0.77982546191695
"M4","haplotype-tagged","HSW","CV2","6","4",0.77208811060249
"M4","genome-wide","HSW","CV2","6","5",0.783539728128057
"M4","haplotype-tagged","HSW","CV2","6","5",0.782208841564684
"M4","genome-wide","HSW","CV0","6","1",0.672791443565671
"M4","haplotype-tagged","HSW","CV0","6","1",0.66847418004878
"M4","genome-wide","HSW","CV0","6","2",0.793110821810543
"M4","haplotype-tagged","HSW","CV0","6","2",0.788215267467982
"M4","genome-wide","HSW","CV0","6","3",0.744827580392144
"M4","haplotype-tagged","HSW","CV0","6","3",0.741128793515836
"M4","genome-wide","HSW","CV0","6","4",0.832193527116373
"M4","haplotype-tagged","HSW","CV0","6","4",0.832298368135336
"M4","genome-wide","HSW","CV0","6","5",0.601021331580476
"M4","haplotype-tagged","HSW","CV0","6","5",0.606670059449125
"M4","genome-wide","HSW","CV00","6","1",0.679498032157066
"M4","haplotype-tagged","HSW","CV00","6","1",0.502241492775501
"M4","genome-wide","HSW","CV00","6","2",0.506386354477599
"M4","haplotype-tagged","HSW","CV00","6","2",0.54238755553851
"M4","genome-wide","HSW","CV00","6","3",0.619034210520401
"M4","haplotype-tagged","HSW","CV00","6","3",0.212761856471923
"M4","genome-wide","HSW","CV00","6","4",0.540621529016524
"M4","haplotype-tagged","HSW","CV00","6","4",0.454727933320329
"M4","genome-wide","HSW","CV00","6","5",0.367457341336533
"M4","haplotype-tagged","HSW","CV00","6","5",0.221811137121073
"M4","genome-wide","PH","CV1","6","1",0.516393294622601
"M4","haplotype-tagged","PH","CV1","6","1",0.266137036672951
"M4","genome-wide","PH","CV1","6","2",0.303890247573147
"M4","haplotype-tagged","PH","CV1","6","2",0.265669306076542
"M4","genome-wide","PH","CV1","6","3",0.321624485680605
"M4","haplotype-tagged","PH","CV1","6","3",0.19256264733831
"M4","genome-wide","PH","CV1","6","4",0.526507545039789
"M4","haplotype-tagged","PH","CV1","6","4",0.436293107076477
"M4","genome-wide","PH","CV1","6","5",0.398871725102053
"M4","haplotype-tagged","PH","CV1","6","5",0.358680205774847
"M4","genome-wide","PH","CV2","6","1",0.529683437819686
"M4","haplotype-tagged","PH","CV2","6","1",0.523623557604482
"M4","genome-wide","PH","CV2","6","2",0.524641377645028
"M4","haplotype-tagged","PH","CV2","6","2",0.507514497246872
"M4","genome-wide","PH","CV2","6","3",0.629611892517255
"M4","haplotype-tagged","PH","CV2","6","3",0.611149107693078
"M4","genome-wide","PH","CV2","6","4",0.618250507976098
"M4","haplotype-tagged","PH","CV2","6","4",0.6111534154412
"M4","genome-wide","PH","CV2","6","5",0.639740015307552
"M4","haplotype-tagged","PH","CV2","6","5",0.623913690708965
"M4","genome-wide","PH","CV0","6","1",0.613310960465374
"M4","haplotype-tagged","PH","CV0","6","1",0.591804302613354
"M4","genome-wide","PH","CV0","6","2",0.437415282412025
"M4","haplotype-tagged","PH","CV0","6","2",0.427307425692828
"M4","genome-wide","PH","CV0","6","3",0.579951652419324
"M4","haplotype-tagged","PH","CV0","6","3",0.572777804429261
"M4","genome-wide","PH","CV0","6","4",0.719008007200872
"M4","haplotype-tagged","PH","CV0","6","4",0.710213480446738
"M4","genome-wide","PH","CV0","6","5",0.570538334667419
"M4","haplotype-tagged","PH","CV0","6","5",0.585492775181685
"M4","genome-wide","PH","CV00","6","1",0.235874895906214
"M4","haplotype-tagged","PH","CV00","6","1",0.159547467765827
"M4","genome-wide","PH","CV00","6","2",0.296575717499601
"M4","haplotype-tagged","PH","CV00","6","2",0.294967334502593
"M4","genome-wide","PH","CV00","6","3",0.228554561024019
"M4","haplotype-tagged","PH","CV00","6","3",0.126399546762206
"M4","genome-wide","PH","CV00","6","4",0.460002413669543
"M4","haplotype-tagged","PH","CV00","6","4",0.513895972710585
"M4","genome-wide","PH","CV00","6","5",0.743790591270089
"M4","haplotype-tagged","PH","CV00","6","5",0.535973136601633
"M4","genome-wide","PPP","CV1","6","1",0.146881969056624
"M4","haplotype-tagged","PPP","CV1","6","1",0.146829642083344
"M4","genome-wide","PPP","CV1","6","2",0.245754708805556
"M4","haplotype-tagged","PPP","CV1","6","2",0.16476966331777
"M4","genome-wide","PPP","CV1","6","3",0.145821408470944
"M4","haplotype-tagged","PPP","CV1","6","3",0.0573011291060435
"M4","genome-wide","PPP","CV1","6","4",0.0869923972011504
"M4","haplotype-tagged","PPP","CV1","6","4",0.192914296924843
"M4","genome-wide","PPP","CV1","6","5",0.0874853419117472
"M4","haplotype-tagged","PPP","CV1","6","5",0.087741209904461
"M4","genome-wide","PPP","CV2","6","1",0.17358612994915
"M4","haplotype-tagged","PPP","CV2","6","1",0.173354505700751
"M4","genome-wide","PPP","CV2","6","2",0.25390275648637
"M4","haplotype-tagged","PPP","CV2","6","2",0.250699229066406
"M4","genome-wide","PPP","CV2","6","3",0.0840007502743682
"M4","haplotype-tagged","PPP","CV2","6","3",0.076148864539037
"M4","genome-wide","PPP","CV2","6","4",0.171917975050492
"M4","haplotype-tagged","PPP","CV2","6","4",0.161298449998811
"M4","genome-wide","PPP","CV2","6","5",0.141955325271361
"M4","haplotype-tagged","PPP","CV2","6","5",0.109197854624834
"M4","genome-wide","PPP","CV0","6","1",0.221966732987611
"M4","haplotype-tagged","PPP","CV0","6","1",0.24626708868658
"M4","genome-wide","PPP","CV0","6","2",0.134240042978169
"M4","haplotype-tagged","PPP","CV0","6","2",0.124320433871182
"M4","genome-wide","PPP","CV0","6","3",0.0449448328844406
"M4","haplotype-tagged","PPP","CV0","6","3",0.0543898127849427
"M4","genome-wide","PPP","CV0","6","4",0.221386026809664
"M4","haplotype-tagged","PPP","CV0","6","4",0.222941786925061
"M4","genome-wide","PPP","CV0","6","5",0.0908666195419025
"M4","haplotype-tagged","PPP","CV0","6","5",0.105971655116108
"M4","genome-wide","PPP","CV00","6","1",0.153611913566714
"M4","haplotype-tagged","PPP","CV00","6","1",0.1303467656231
"M4","genome-wide","PPP","CV00","6","2",0.125940731377044
"M4","haplotype-tagged","PPP","CV00","6","2",0.0283531441656568
"M4","genome-wide","PPP","CV00","6","3",-0.00786946251992051
"M4","haplotype-tagged","PPP","CV00","6","3",0.0223190352576912
"M4","genome-wide","PPP","CV00","6","4",0.271369623710162
"M4","haplotype-tagged","PPP","CV00","6","4",0.268653067780395
"M4","genome-wide","PPP","CV00","6","5",0.268397888987707
"M4","haplotype-tagged","PPP","CV00","6","5",0.232616454687049
"M4","genome-wide","YPPlnt","CV1","6","1",0.0387928377600107
"M4","haplotype-tagged","YPPlnt","CV1","6","1",-0.00352600441100152
"M4","genome-wide","YPPlnt","CV1","6","2",0.161464390833896
"M4","haplotype-tagged","YPPlnt","CV1","6","2",0.142599552672851
"M4","genome-wide","YPPlnt","CV1","6","3",0.10883071235148
"M4","haplotype-tagged","YPPlnt","CV1","6","3",0.0618492576690624
"M4","genome-wide","YPPlnt","CV1","6","4",0.129011617873001
"M4","haplotype-tagged","YPPlnt","CV1","6","4",0.0380599760158983
"M4","genome-wide","YPPlnt","CV1","6","5",0.181211688332219
"M4","haplotype-tagged","YPPlnt","CV1","6","5",0.00948357039771664
"M4","genome-wide","YPPlnt","CV2","6","1",0.213603257704352
"M4","haplotype-tagged","YPPlnt","CV2","6","1",0.200741570321581
"M4","genome-wide","YPPlnt","CV2","6","2",0.304606413038464
"M4","haplotype-tagged","YPPlnt","CV2","6","2",0.348236741886304
"M4","genome-wide","YPPlnt","CV2","6","3",0.152358303540373
"M4","haplotype-tagged","YPPlnt","CV2","6","3",0.119234616069145
"M4","genome-wide","YPPlnt","CV2","6","4",0.0615398418495164
"M4","haplotype-tagged","YPPlnt","CV2","6","4",0.0544430331970752
"M4","genome-wide","YPPlnt","CV2","6","5",0.0636263579711511
"M4","haplotype-tagged","YPPlnt","CV2","6","5",0.0176449092446866
"M4","genome-wide","YPPlnt","CV0","6","1",0.0953665174554114
"M4","haplotype-tagged","YPPlnt","CV0","6","1",0.0969854892629926
"M4","genome-wide","YPPlnt","CV0","6","2",0.0562957107974052
"M4","haplotype-tagged","YPPlnt","CV0","6","2",0.0620797421397549
"M4","genome-wide","YPPlnt","CV0","6","3",0.17494167541958
"M4","haplotype-tagged","YPPlnt","CV0","6","3",0.143693282224174
"M4","genome-wide","YPPlnt","CV0","6","4",0.21376597932613
"M4","haplotype-tagged","YPPlnt","CV0","6","4",0.186912486513271
"M4","genome-wide","YPPlnt","CV0","6","5",0.125626988348053
"M4","haplotype-tagged","YPPlnt","CV0","6","5",0.0879855615260409
"M4","genome-wide","YPPlnt","CV00","6","1",0.0992007176816077
"M4","haplotype-tagged","YPPlnt","CV00","6","1",-0.174247457119203
"M4","genome-wide","YPPlnt","CV00","6","2",0.0538350381569529
"M4","haplotype-tagged","YPPlnt","CV00","6","2",0.0898788955787619
"M4","genome-wide","YPPlnt","CV00","6","3",0.0248302669243108
"M4","haplotype-tagged","YPPlnt","CV00","6","3",0.124785938403999
"M4","genome-wide","YPPlnt","CV00","6","4",0.0311880502919021
"M4","haplotype-tagged","YPPlnt","CV00","6","4",0.165641172325851
"M4","genome-wide","YPPlnt","CV00","6","5",0.244274589072134
"M4","haplotype-tagged","YPPlnt","CV00","6","5",0.409155141923139
"M4","genome-wide","DTF","CV1","7","1",0.550657706032412
"M4","haplotype-tagged","DTF","CV1","7","1",0.303104433882888
"M4","genome-wide","DTF","CV1","7","2",0.447070669125381
"M4","haplotype-tagged","DTF","CV1","7","2",0.287238335768037
"M4","genome-wide","DTF","CV1","7","3",0.436995794223667
"M4","haplotype-tagged","DTF","CV1","7","3",0.370044471655724
"M4","genome-wide","DTF","CV1","7","4",0.360943071051636
"M4","haplotype-tagged","DTF","CV1","7","4",0.102498553040774
"M4","genome-wide","DTF","CV1","7","5",0.472861967784966
"M4","haplotype-tagged","DTF","CV1","7","5",0.24236354483182
"M4","genome-wide","DTF","CV2","7","1",0.637398881559795
"M4","haplotype-tagged","DTF","CV2","7","1",0.631278455613012
"M4","genome-wide","DTF","CV2","7","2",0.62896192233134
"M4","haplotype-tagged","DTF","CV2","7","2",0.625634963164054
"M4","genome-wide","DTF","CV2","7","3",0.543816271056738
"M4","haplotype-tagged","DTF","CV2","7","3",0.527466177302355
"M4","genome-wide","DTF","CV2","7","4",0.576070071478888
"M4","haplotype-tagged","DTF","CV2","7","4",0.568591638309595
"M4","genome-wide","DTF","CV2","7","5",0.629953208116515
"M4","haplotype-tagged","DTF","CV2","7","5",0.620759702181867
"M4","genome-wide","DTF","CV0","7","1",0.708932086111847
"M4","haplotype-tagged","DTF","CV0","7","1",0.712120835509938
"M4","genome-wide","DTF","CV0","7","2",0.685306868899388
"M4","haplotype-tagged","DTF","CV0","7","2",0.681173660231893
"M4","genome-wide","DTF","CV0","7","3",0.504022751650391
"M4","haplotype-tagged","DTF","CV0","7","3",0.493872438375483
"M4","genome-wide","DTF","CV0","7","4",0.615365715242355
"M4","haplotype-tagged","DTF","CV0","7","4",0.616489472387066
"M4","genome-wide","DTF","CV0","7","5",0.536727355822393
"M4","haplotype-tagged","DTF","CV0","7","5",0.519887034024927
"M4","genome-wide","DTF","CV00","7","1",0.358640473404187
"M4","haplotype-tagged","DTF","CV00","7","1",0.277955294429485
"M4","genome-wide","DTF","CV00","7","2",0.371361448291627
"M4","haplotype-tagged","DTF","CV00","7","2",0.19414170134818
"M4","genome-wide","DTF","CV00","7","3",0.305582760307064
"M4","haplotype-tagged","DTF","CV00","7","3",0.343635271181937
"M4","genome-wide","DTF","CV00","7","4",0.382692128881268
"M4","haplotype-tagged","DTF","CV00","7","4",0.315757786399018
"M4","genome-wide","DTF","CV00","7","5",0.613228587669761
"M4","haplotype-tagged","DTF","CV00","7","5",0.204333935822481
"M4","genome-wide","DTM","CV1","7","1",0.342022596532786
"M4","haplotype-tagged","DTM","CV1","7","1",0.308861396729608
"M4","genome-wide","DTM","CV1","7","2",0.356466262628511
"M4","haplotype-tagged","DTM","CV1","7","2",0.192902756100441
"M4","genome-wide","DTM","CV1","7","3",0.339162203179431
"M4","haplotype-tagged","DTM","CV1","7","3",0.199776459803919
"M4","genome-wide","DTM","CV1","7","4",0.257987480902493
"M4","haplotype-tagged","DTM","CV1","7","4",0.0626957974859306
"M4","genome-wide","DTM","CV1","7","5",0.420370777299123
"M4","haplotype-tagged","DTM","CV1","7","5",0.221842559449465
"M4","genome-wide","DTM","CV2","7","1",0.452174338078096
"M4","haplotype-tagged","DTM","CV2","7","1",0.458988088635878
"M4","genome-wide","DTM","CV2","7","2",0.546036108250122
"M4","haplotype-tagged","DTM","CV2","7","2",0.557415826947034
"M4","genome-wide","DTM","CV2","7","3",0.357015312054448
"M4","haplotype-tagged","DTM","CV2","7","3",0.362653678003135
"M4","genome-wide","DTM","CV2","7","4",0.50370916644832
"M4","haplotype-tagged","DTM","CV2","7","4",0.478324018006952
"M4","genome-wide","DTM","CV2","7","5",0.538126651557552
"M4","haplotype-tagged","DTM","CV2","7","5",0.515687257818523
"M4","genome-wide","DTM","CV0","7","1",0.627496695496939
"M4","haplotype-tagged","DTM","CV0","7","1",0.586787459241139
"M4","genome-wide","DTM","CV0","7","2",0.501089440094133
"M4","haplotype-tagged","DTM","CV0","7","2",0.493740759695967
"M4","genome-wide","DTM","CV0","7","3",0.378576142852358
"M4","haplotype-tagged","DTM","CV0","7","3",0.376626759464058
"M4","genome-wide","DTM","CV0","7","4",0.470063067000246
"M4","haplotype-tagged","DTM","CV0","7","4",0.446324582051563
"M4","genome-wide","DTM","CV0","7","5",0.306574730333561
"M4","haplotype-tagged","DTM","CV0","7","5",0.29947367264766
"M4","genome-wide","DTM","CV00","7","1",0.326866490276779
"M4","haplotype-tagged","DTM","CV00","7","1",0.228768451894806
"M4","genome-wide","DTM","CV00","7","2",0.19440676670828
"M4","haplotype-tagged","DTM","CV00","7","2",0.0884766433277016
"M4","genome-wide","DTM","CV00","7","3",0.0899645294202985
"M4","haplotype-tagged","DTM","CV00","7","3",0.10137804914275
"M4","genome-wide","DTM","CV00","7","4",0.133242343135708
"M4","haplotype-tagged","DTM","CV00","7","4",0.0384327712763902
"M4","genome-wide","DTM","CV00","7","5",0.492985729043722
"M4","haplotype-tagged","DTM","CV00","7","5",0.250774893239907
"M4","genome-wide","HSW","CV1","7","1",0.619688940960048
"M4","haplotype-tagged","HSW","CV1","7","1",0.405780193921876
"M4","genome-wide","HSW","CV1","7","2",0.600574816392908
"M4","haplotype-tagged","HSW","CV1","7","2",0.416144894539996
"M4","genome-wide","HSW","CV1","7","3",0.528874920732568
"M4","haplotype-tagged","HSW","CV1","7","3",0.405734558273773
"M4","genome-wide","HSW","CV1","7","4",0.618798013760955
"M4","haplotype-tagged","HSW","CV1","7","4",0.373939305826035
"M4","genome-wide","HSW","CV1","7","5",0.478166034142197
"M4","haplotype-tagged","HSW","CV1","7","5",0.501085873496865
"M4","genome-wide","HSW","CV2","7","1",0.775240773602171
"M4","haplotype-tagged","HSW","CV2","7","1",0.76051256466162
"M4","genome-wide","HSW","CV2","7","2",0.741102726058961
"M4","haplotype-tagged","HSW","CV2","7","2",0.743840819649884
"M4","genome-wide","HSW","CV2","7","3",0.746008146942746
"M4","haplotype-tagged","HSW","CV2","7","3",0.733045490707361
"M4","genome-wide","HSW","CV2","7","4",0.645385390227652
"M4","haplotype-tagged","HSW","CV2","7","4",0.659272881129188
"M4","genome-wide","HSW","CV2","7","5",0.759733969898139
"M4","haplotype-tagged","HSW","CV2","7","5",0.76066394812208
"M4","genome-wide","HSW","CV0","7","1",0.762748207310811
"M4","haplotype-tagged","HSW","CV0","7","1",0.754014800021684
"M4","genome-wide","HSW","CV0","7","2",0.7585108693071
"M4","haplotype-tagged","HSW","CV0","7","2",0.757561497336559
"M4","genome-wide","HSW","CV0","7","3",0.69443821401105
"M4","haplotype-tagged","HSW","CV0","7","3",0.697800204267029
"M4","genome-wide","HSW","CV0","7","4",0.78661351721152
"M4","haplotype-tagged","HSW","CV0","7","4",0.782451405854504
"M4","genome-wide","HSW","CV0","7","5",0.714038536513866
"M4","haplotype-tagged","HSW","CV0","7","5",0.719346275703826
"M4","genome-wide","HSW","CV00","7","1",0.322066588924054
"M4","haplotype-tagged","HSW","CV00","7","1",0.161234076634412
"M4","genome-wide","HSW","CV00","7","2",0.595139433157657
"M4","haplotype-tagged","HSW","CV00","7","2",0.385677444197611
"M4","genome-wide","HSW","CV00","7","3",0.585980231655843
"M4","haplotype-tagged","HSW","CV00","7","3",0.150485520113345
"M4","genome-wide","HSW","CV00","7","4",0.538728913632891
"M4","haplotype-tagged","HSW","CV00","7","4",0.308783997686178
"M4","genome-wide","HSW","CV00","7","5",0.828039335215081
"M4","haplotype-tagged","HSW","CV00","7","5",0.598188595155066
"M4","genome-wide","PH","CV1","7","1",0.412898543466598
"M4","haplotype-tagged","PH","CV1","7","1",0.3289855462757
"M4","genome-wide","PH","CV1","7","2",0.310676437221262
"M4","haplotype-tagged","PH","CV1","7","2",0.276943219293691
"M4","genome-wide","PH","CV1","7","3",0.548854726063447
"M4","haplotype-tagged","PH","CV1","7","3",0.463184371410012
"M4","genome-wide","PH","CV1","7","4",0.549808758083795
"M4","haplotype-tagged","PH","CV1","7","4",0.397424783527109
"M4","genome-wide","PH","CV1","7","5",0.514957713386048
"M4","haplotype-tagged","PH","CV1","7","5",0.485557493360201
"M4","genome-wide","PH","CV2","7","1",0.589583074324593
"M4","haplotype-tagged","PH","CV2","7","1",0.579528437488331
"M4","genome-wide","PH","CV2","7","2",0.612271339722821
"M4","haplotype-tagged","PH","CV2","7","2",0.591117000927409
"M4","genome-wide","PH","CV2","7","3",0.58758362175003
"M4","haplotype-tagged","PH","CV2","7","3",0.563719598087669
"M4","genome-wide","PH","CV2","7","4",0.50316428226347
"M4","haplotype-tagged","PH","CV2","7","4",0.485222652440931
"M4","genome-wide","PH","CV2","7","5",0.576961776539648
"M4","haplotype-tagged","PH","CV2","7","5",0.532256414082684
"M4","genome-wide","PH","CV0","7","1",0.70858971556166
"M4","haplotype-tagged","PH","CV0","7","1",0.677724663359825
"M4","genome-wide","PH","CV0","7","2",0.754396092085646
"M4","haplotype-tagged","PH","CV0","7","2",0.724513767737242
"M4","genome-wide","PH","CV0","7","3",0.608422940368227
"M4","haplotype-tagged","PH","CV0","7","3",0.625854299340344
"M4","genome-wide","PH","CV0","7","4",0.292913296789869
"M4","haplotype-tagged","PH","CV0","7","4",0.278801601109915
"M4","genome-wide","PH","CV0","7","5",0.492551308603466
"M4","haplotype-tagged","PH","CV0","7","5",0.495734468678364
"M4","genome-wide","PH","CV00","7","1",0.44072213687028
"M4","haplotype-tagged","PH","CV00","7","1",0.550571794120457
"M4","genome-wide","PH","CV00","7","2",0.364778545321879
"M4","haplotype-tagged","PH","CV00","7","2",0.244491210734047
"M4","genome-wide","PH","CV00","7","3",0.501546687871085
"M4","haplotype-tagged","PH","CV00","7","3",0.272008245020052
"M4","genome-wide","PH","CV00","7","4",0.364279974732211
"M4","haplotype-tagged","PH","CV00","7","4",0.348258010266514
"M4","genome-wide","PH","CV00","7","5",0.766987975147137
"M4","haplotype-tagged","PH","CV00","7","5",0.594805150987135
"M4","genome-wide","PPP","CV1","7","1",0.1358419131772
"M4","haplotype-tagged","PPP","CV1","7","1",0.139468257313379
"M4","genome-wide","PPP","CV1","7","2",0.260303101629617
"M4","haplotype-tagged","PPP","CV1","7","2",0.140043644552873
"M4","genome-wide","PPP","CV1","7","3",0.152987954482583
"M4","haplotype-tagged","PPP","CV1","7","3",0.150912880162677
"M4","genome-wide","PPP","CV1","7","4",0.181913983447036
"M4","haplotype-tagged","PPP","CV1","7","4",0.176958649149213
"M4","genome-wide","PPP","CV1","7","5",0.138039785675501
"M4","haplotype-tagged","PPP","CV1","7","5",0.0153142904538668
"M4","genome-wide","PPP","CV2","7","1",0.164069450495612
"M4","haplotype-tagged","PPP","CV2","7","1",0.168215226729384
"M4","genome-wide","PPP","CV2","7","2",0.100401669003429
"M4","haplotype-tagged","PPP","CV2","7","2",0.120501115798677
"M4","genome-wide","PPP","CV2","7","3",0.147253845484368
"M4","haplotype-tagged","PPP","CV2","7","3",0.155120630136199
"M4","genome-wide","PPP","CV2","7","4",0.203855815846295
"M4","haplotype-tagged","PPP","CV2","7","4",0.212537834688508
"M4","genome-wide","PPP","CV2","7","5",0.175189301038285
"M4","haplotype-tagged","PPP","CV2","7","5",0.14616592154054
"M4","genome-wide","PPP","CV0","7","1",0.174347338502804
"M4","haplotype-tagged","PPP","CV0","7","1",0.168495828708119
"M4","genome-wide","PPP","CV0","7","2",0.260556612383725
"M4","haplotype-tagged","PPP","CV0","7","2",0.257966641402449
"M4","genome-wide","PPP","CV0","7","3",0.102549131338347
"M4","haplotype-tagged","PPP","CV0","7","3",0.117221735649465
"M4","genome-wide","PPP","CV0","7","4",0.106559530597791
"M4","haplotype-tagged","PPP","CV0","7","4",0.127622647204726
"M4","genome-wide","PPP","CV0","7","5",0.0305430329043808
"M4","haplotype-tagged","PPP","CV0","7","5",0.0654595882770768
"M4","genome-wide","PPP","CV00","7","1",0.0607523646378603
"M4","haplotype-tagged","PPP","CV00","7","1",-0.0619738452381297
"M4","genome-wide","PPP","CV00","7","2",0.2535371317315
"M4","haplotype-tagged","PPP","CV00","7","2",0.0977703499543541
"M4","genome-wide","PPP","CV00","7","3",0.142890563465343
"M4","haplotype-tagged","PPP","CV00","7","3",0.054918288782344
"M4","genome-wide","PPP","CV00","7","4",0.161592694789958
"M4","haplotype-tagged","PPP","CV00","7","4",-0.000428985468791838
"M4","genome-wide","PPP","CV00","7","5",0.484737819837947
"M4","haplotype-tagged","PPP","CV00","7","5",0.169003227545974
"M4","genome-wide","YPPlnt","CV1","7","1",0.0376834766784925
"M4","haplotype-tagged","YPPlnt","CV1","7","1",0.0753739767462006
"M4","genome-wide","YPPlnt","CV1","7","2",0.160345859007503
"M4","haplotype-tagged","YPPlnt","CV1","7","2",0.106456433212329
"M4","genome-wide","YPPlnt","CV1","7","3",0.0390619028701227
"M4","haplotype-tagged","YPPlnt","CV1","7","3",0.0721184940352245
"M4","genome-wide","YPPlnt","CV1","7","4",0.012170544016189
"M4","haplotype-tagged","YPPlnt","CV1","7","4",-0.0137297055018453
"M4","genome-wide","YPPlnt","CV1","7","5",0.180097180031416
"M4","haplotype-tagged","YPPlnt","CV1","7","5",0.088559545489411
"M4","genome-wide","YPPlnt","CV2","7","1",0.147313393272506
"M4","haplotype-tagged","YPPlnt","CV2","7","1",0.136941363496569
"M4","genome-wide","YPPlnt","CV2","7","2",0.132736005993848
"M4","haplotype-tagged","YPPlnt","CV2","7","2",0.150770718415389
"M4","genome-wide","YPPlnt","CV2","7","3",0.138229660796176
"M4","haplotype-tagged","YPPlnt","CV2","7","3",0.117469443707523
"M4","genome-wide","YPPlnt","CV2","7","4",0.154284194196073
"M4","haplotype-tagged","YPPlnt","CV2","7","4",0.126195985832986
"M4","genome-wide","YPPlnt","CV2","7","5",0.128150551602614
"M4","haplotype-tagged","YPPlnt","CV2","7","5",0.0690677491559387
"M4","genome-wide","YPPlnt","CV0","7","1",0.113505127305412
"M4","haplotype-tagged","YPPlnt","CV0","7","1",0.0999803527768606
"M4","genome-wide","YPPlnt","CV0","7","2",0.209411232157239
"M4","haplotype-tagged","YPPlnt","CV0","7","2",0.174592537934279
"M4","genome-wide","YPPlnt","CV0","7","3",0.15664815447901
"M4","haplotype-tagged","YPPlnt","CV0","7","3",0.142280604710373
"M4","genome-wide","YPPlnt","CV0","7","4",0.0873953959749497
"M4","haplotype-tagged","YPPlnt","CV0","7","4",0.130940715284002
"M4","genome-wide","YPPlnt","CV0","7","5",0.112356738237627
"M4","haplotype-tagged","YPPlnt","CV0","7","5",0.123764831906717
"M4","genome-wide","YPPlnt","CV00","7","1",0.136048839376062
"M4","haplotype-tagged","YPPlnt","CV00","7","1",0.0613907415090342
"M4","genome-wide","YPPlnt","CV00","7","2",0.259865559812837
"M4","haplotype-tagged","YPPlnt","CV00","7","2",0.190569699157029
"M4","genome-wide","YPPlnt","CV00","7","3",0.0579361826666991
"M4","haplotype-tagged","YPPlnt","CV00","7","3",0.15270966596113
"M4","genome-wide","YPPlnt","CV00","7","4",0.25619682343176
"M4","haplotype-tagged","YPPlnt","CV00","7","4",0.200559448315917
"M4","genome-wide","YPPlnt","CV00","7","5",-0.0104680468798898
"M4","haplotype-tagged","YPPlnt","CV00","7","5",-0.0647049461264938
"M4","genome-wide","DTF","CV1","8","1",0.449208411366632
"M4","haplotype-tagged","DTF","CV1","8","1",0.297355507353517
"M4","genome-wide","DTF","CV1","8","2",0.423047380037738
"M4","haplotype-tagged","DTF","CV1","8","2",0.28426401794106
"M4","genome-wide","DTF","CV1","8","3",0.383265338112856
"M4","haplotype-tagged","DTF","CV1","8","3",0.289663957208205
"M4","genome-wide","DTF","CV1","8","4",0.482084205481759
"M4","haplotype-tagged","DTF","CV1","8","4",0.456234884376427
"M4","genome-wide","DTF","CV1","8","5",0.484818378692628
"M4","haplotype-tagged","DTF","CV1","8","5",0.334772164113508
"M4","genome-wide","DTF","CV2","8","1",0.633822532761363
"M4","haplotype-tagged","DTF","CV2","8","1",0.619384287973414
"M4","genome-wide","DTF","CV2","8","2",0.576175833026139
"M4","haplotype-tagged","DTF","CV2","8","2",0.565663699664094
"M4","genome-wide","DTF","CV2","8","3",0.575174302295147
"M4","haplotype-tagged","DTF","CV2","8","3",0.548229689115933
"M4","genome-wide","DTF","CV2","8","4",0.597576166415771
"M4","haplotype-tagged","DTF","CV2","8","4",0.614815113629647
"M4","genome-wide","DTF","CV2","8","5",0.619710197914509
"M4","haplotype-tagged","DTF","CV2","8","5",0.620438010799152
"M4","genome-wide","DTF","CV0","8","1",0.505957407313188
"M4","haplotype-tagged","DTF","CV0","8","1",0.501072424576027
"M4","genome-wide","DTF","CV0","8","2",0.709740874305242
"M4","haplotype-tagged","DTF","CV0","8","2",0.701765007707044
"M4","genome-wide","DTF","CV0","8","3",0.710260302673619
"M4","haplotype-tagged","DTF","CV0","8","3",0.712768609362689
"M4","genome-wide","DTF","CV0","8","4",0.543836141930224
"M4","haplotype-tagged","DTF","CV0","8","4",0.523314416420369
"M4","genome-wide","DTF","CV0","8","5",0.624288526367555
"M4","haplotype-tagged","DTF","CV0","8","5",0.637926967459202
"M4","genome-wide","DTF","CV00","8","1",0.487142851389473
"M4","haplotype-tagged","DTF","CV00","8","1",0.15070949515162
"M4","genome-wide","DTF","CV00","8","2",0.322142638358655
"M4","haplotype-tagged","DTF","CV00","8","2",0.11272768849591
"M4","genome-wide","DTF","CV00","8","3",0.60549622080126
"M4","haplotype-tagged","DTF","CV00","8","3",0.388525474320836
"M4","genome-wide","DTF","CV00","8","4",0.461072090332217
"M4","haplotype-tagged","DTF","CV00","8","4",-0.0209493291125621
"M4","genome-wide","DTF","CV00","8","5",0.550523716177363
"M4","haplotype-tagged","DTF","CV00","8","5",0.158489770856144
"M4","genome-wide","DTM","CV1","8","1",0.308609654275481
"M4","haplotype-tagged","DTM","CV1","8","1",0.115867328870267
"M4","genome-wide","DTM","CV1","8","2",0.304178374353055
"M4","haplotype-tagged","DTM","CV1","8","2",0.118458683299925
"M4","genome-wide","DTM","CV1","8","3",0.231234040747371
"M4","haplotype-tagged","DTM","CV1","8","3",0.153948876534469
"M4","genome-wide","DTM","CV1","8","4",0.282280780304884
"M4","haplotype-tagged","DTM","CV1","8","4",0.17523109089194
"M4","genome-wide","DTM","CV1","8","5",0.436373662111732
"M4","haplotype-tagged","DTM","CV1","8","5",0.184833724464079
"M4","genome-wide","DTM","CV2","8","1",0.469302556638752
"M4","haplotype-tagged","DTM","CV2","8","1",0.455954619369454
"M4","genome-wide","DTM","CV2","8","2",0.508562775695468
"M4","haplotype-tagged","DTM","CV2","8","2",0.500813067671189
"M4","genome-wide","DTM","CV2","8","3",0.475964661586321
"M4","haplotype-tagged","DTM","CV2","8","3",0.476429381957215
"M4","genome-wide","DTM","CV2","8","4",0.464638222837136
"M4","haplotype-tagged","DTM","CV2","8","4",0.487080639594146
"M4","genome-wide","DTM","CV2","8","5",0.476778458649116
"M4","haplotype-tagged","DTM","CV2","8","5",0.444968122666962
"M4","genome-wide","DTM","CV0","8","1",0.375730483442031
"M4","haplotype-tagged","DTM","CV0","8","1",0.378105245302424
"M4","genome-wide","DTM","CV0","8","2",0.565015123435071
"M4","haplotype-tagged","DTM","CV0","8","2",0.542546082349864
"M4","genome-wide","DTM","CV0","8","3",0.630542469254729
"M4","haplotype-tagged","DTM","CV0","8","3",0.586377697799671
"M4","genome-wide","DTM","CV0","8","4",0.349384691045085
"M4","haplotype-tagged","DTM","CV0","8","4",0.339522199503957
"M4","genome-wide","DTM","CV0","8","5",0.540031516883672
"M4","haplotype-tagged","DTM","CV0","8","5",0.507181013371193
"M4","genome-wide","DTM","CV00","8","1",0.41342180187125
"M4","haplotype-tagged","DTM","CV00","8","1",0.129077712819039
"M4","genome-wide","DTM","CV00","8","2",0.22038351576252
"M4","haplotype-tagged","DTM","CV00","8","2",0.056882610802211
"M4","genome-wide","DTM","CV00","8","3",0.202713748028538
"M4","haplotype-tagged","DTM","CV00","8","3",0.00487145312094534
"M4","genome-wide","DTM","CV00","8","4",0.477449669887861
"M4","haplotype-tagged","DTM","CV00","8","4",0.0540751068893728
"M4","genome-wide","DTM","CV00","8","5",0.249295263786732
"M4","haplotype-tagged","DTM","CV00","8","5",0.172462510072003
"M4","genome-wide","HSW","CV1","8","1",0.541497998255603
"M4","haplotype-tagged","HSW","CV1","8","1",0.382068481692668
"M4","genome-wide","HSW","CV1","8","2",0.646211410255381
"M4","haplotype-tagged","HSW","CV1","8","2",0.41000130222727
"M4","genome-wide","HSW","CV1","8","3",0.686322788449356
"M4","haplotype-tagged","HSW","CV1","8","3",0.512725613091431
"M4","genome-wide","HSW","CV1","8","4",0.685992136662833
"M4","haplotype-tagged","HSW","CV1","8","4",0.50780467065348
"M4","genome-wide","HSW","CV1","8","5",0.455694038431369
"M4","haplotype-tagged","HSW","CV1","8","5",0.268094671237919
"M4","genome-wide","HSW","CV2","8","1",0.749836140570907
"M4","haplotype-tagged","HSW","CV2","8","1",0.753509231908145
"M4","genome-wide","HSW","CV2","8","2",0.790822286278322
"M4","haplotype-tagged","HSW","CV2","8","2",0.792595415634332
"M4","genome-wide","HSW","CV2","8","3",0.733665420845978
"M4","haplotype-tagged","HSW","CV2","8","3",0.74510215189208
"M4","genome-wide","HSW","CV2","8","4",0.762876262799422
"M4","haplotype-tagged","HSW","CV2","8","4",0.751074951920326
"M4","genome-wide","HSW","CV2","8","5",0.657734010010664
"M4","haplotype-tagged","HSW","CV2","8","5",0.661580339338926
"M4","genome-wide","HSW","CV0","8","1",0.694404685567197
"M4","haplotype-tagged","HSW","CV0","8","1",0.698348667982948
"M4","genome-wide","HSW","CV0","8","2",0.789649841396402
"M4","haplotype-tagged","HSW","CV0","8","2",0.791459412448923
"M4","genome-wide","HSW","CV0","8","3",0.761630620727418
"M4","haplotype-tagged","HSW","CV0","8","3",0.752956333622612
"M4","genome-wide","HSW","CV0","8","4",0.678456736396095
"M4","haplotype-tagged","HSW","CV0","8","4",0.677370492521002
"M4","genome-wide","HSW","CV0","8","5",0.867394536406239
"M4","haplotype-tagged","HSW","CV0","8","5",0.854785457768012
"M4","genome-wide","HSW","CV00","8","1",0.700747412221616
"M4","haplotype-tagged","HSW","CV00","8","1",0.29766302934935
"M4","genome-wide","HSW","CV00","8","2",0.579200391888957
"M4","haplotype-tagged","HSW","CV00","8","2",0.439903644143897
"M4","genome-wide","HSW","CV00","8","3",0.659853989345732
"M4","haplotype-tagged","HSW","CV00","8","3",0.46429524774429
"M4","genome-wide","HSW","CV00","8","4",0.654467804308073
"M4","haplotype-tagged","HSW","CV00","8","4",0.516058071053909
"M4","genome-wide","HSW","CV00","8","5",0.727011305197134
"M4","haplotype-tagged","HSW","CV00","8","5",0.426440880416853
"M4","genome-wide","PH","CV1","8","1",0.431052210590297
"M4","haplotype-tagged","PH","CV1","8","1",0.290935223563079
"M4","genome-wide","PH","CV1","8","2",0.500098485961708
"M4","haplotype-tagged","PH","CV1","8","2",0.286527134214014
"M4","genome-wide","PH","CV1","8","3",0.330252508221353
"M4","haplotype-tagged","PH","CV1","8","3",0.322107951093771
"M4","genome-wide","PH","CV1","8","4",0.466874957246028
"M4","haplotype-tagged","PH","CV1","8","4",0.366155607715229
"M4","genome-wide","PH","CV1","8","5",0.477934890972456
"M4","haplotype-tagged","PH","CV1","8","5",0.291743508860827
"M4","genome-wide","PH","CV2","8","1",0.579551515138088
"M4","haplotype-tagged","PH","CV2","8","1",0.586213600844449
"M4","genome-wide","PH","CV2","8","2",0.630354965662199
"M4","haplotype-tagged","PH","CV2","8","2",0.610526604237861
"M4","genome-wide","PH","CV2","8","3",0.563812723791692
"M4","haplotype-tagged","PH","CV2","8","3",0.563126270609219
"M4","genome-wide","PH","CV2","8","4",0.555600361651705
"M4","haplotype-tagged","PH","CV2","8","4",0.521248509929386
"M4","genome-wide","PH","CV2","8","5",0.528870066250807
"M4","haplotype-tagged","PH","CV2","8","5",0.525952315737632
"M4","genome-wide","PH","CV0","8","1",0.605855960670084
"M4","haplotype-tagged","PH","CV0","8","1",0.623681814035528
"M4","genome-wide","PH","CV0","8","2",0.625312999219516
"M4","haplotype-tagged","PH","CV0","8","2",0.596831215169065
"M4","genome-wide","PH","CV0","8","3",0.707798381311157
"M4","haplotype-tagged","PH","CV0","8","3",0.673985040524598
"M4","genome-wide","PH","CV0","8","4",0.605407943960053
"M4","haplotype-tagged","PH","CV0","8","4",0.596890447449126
"M4","genome-wide","PH","CV0","8","5",0.105777525238601
"M4","haplotype-tagged","PH","CV0","8","5",0.0984431674339209
"M4","genome-wide","PH","CV00","8","1",0.566609103337342
"M4","haplotype-tagged","PH","CV00","8","1",0.547321424481168
"M4","genome-wide","PH","CV00","8","2",0.163431711294826
"M4","haplotype-tagged","PH","CV00","8","2",0.0764916049897767
"M4","genome-wide","PH","CV00","8","3",0.240221806634274
"M4","haplotype-tagged","PH","CV00","8","3",0.271885623051137
"M4","genome-wide","PH","CV00","8","4",0.397573866730356
"M4","haplotype-tagged","PH","CV00","8","4",0.573081355840539
"M4","genome-wide","PH","CV00","8","5",0.471799395606974
"M4","haplotype-tagged","PH","CV00","8","5",0.436960501683575
"M4","genome-wide","PPP","CV1","8","1",0.18112549049579
"M4","haplotype-tagged","PPP","CV1","8","1",0.0800056606270736
"M4","genome-wide","PPP","CV1","8","2",0.15391211848825
"M4","haplotype-tagged","PPP","CV1","8","2",0.235703076217903
"M4","genome-wide","PPP","CV1","8","3",0.166844937863145
"M4","haplotype-tagged","PPP","CV1","8","3",0.199014749572733
"M4","genome-wide","PPP","CV1","8","4",0.212346820845947
"M4","haplotype-tagged","PPP","CV1","8","4",0.165517186338273
"M4","genome-wide","PPP","CV1","8","5",0.0218235068308487
"M4","haplotype-tagged","PPP","CV1","8","5",-0.0385356360196432
"M4","genome-wide","PPP","CV2","8","1",0.148902265612285
"M4","haplotype-tagged","PPP","CV2","8","1",0.142948789266241
"M4","genome-wide","PPP","CV2","8","2",0.188375694883607
"M4","haplotype-tagged","PPP","CV2","8","2",0.180336977027874
"M4","genome-wide","PPP","CV2","8","3",0.151953420163015
"M4","haplotype-tagged","PPP","CV2","8","3",0.141926979889934
"M4","genome-wide","PPP","CV2","8","4",0.159441179617488
"M4","haplotype-tagged","PPP","CV2","8","4",0.130068840910455
"M4","genome-wide","PPP","CV2","8","5",0.183744354834974
"M4","haplotype-tagged","PPP","CV2","8","5",0.171666827240466
"M4","genome-wide","PPP","CV0","8","1",0.096462588483391
"M4","haplotype-tagged","PPP","CV0","8","1",0.113961645586529
"M4","genome-wide","PPP","CV0","8","2",0.163407387397144
"M4","haplotype-tagged","PPP","CV0","8","2",0.200374285086021
"M4","genome-wide","PPP","CV0","8","3",0.185985524704807
"M4","haplotype-tagged","PPP","CV0","8","3",0.171958785292964
"M4","genome-wide","PPP","CV0","8","4",0.0827365099456658
"M4","haplotype-tagged","PPP","CV0","8","4",0.091922367309732
"M4","genome-wide","PPP","CV0","8","5",-0.00194339412536508
"M4","haplotype-tagged","PPP","CV0","8","5",0.00929516081630851
"M4","genome-wide","PPP","CV00","8","1",0.258639554192532
"M4","haplotype-tagged","PPP","CV00","8","1",0.0792858328815838
"M4","genome-wide","PPP","CV00","8","2",0.18670709025022
"M4","haplotype-tagged","PPP","CV00","8","2",0.149743158671019
"M4","genome-wide","PPP","CV00","8","3",0.137602439645195
"M4","haplotype-tagged","PPP","CV00","8","3",0.094060796121524
"M4","genome-wide","PPP","CV00","8","4",0.221542186881743
"M4","haplotype-tagged","PPP","CV00","8","4",0.148372439056393
"M4","genome-wide","PPP","CV00","8","5",0.14760143316825
"M4","haplotype-tagged","PPP","CV00","8","5",0.266737269758118
"M4","genome-wide","YPPlnt","CV1","8","1",0.0769004890397673
"M4","haplotype-tagged","YPPlnt","CV1","8","1",0.0457812020309113
"M4","genome-wide","YPPlnt","CV1","8","2",0.181318047015138
"M4","haplotype-tagged","YPPlnt","CV1","8","2",0.0028904795920533
"M4","genome-wide","YPPlnt","CV1","8","3",0.0314047956754579
"M4","haplotype-tagged","YPPlnt","CV1","8","3",-0.024939144330352
"M4","genome-wide","YPPlnt","CV1","8","4",0.105105953285283
"M4","haplotype-tagged","YPPlnt","CV1","8","4",0.0306891952139839
"M4","genome-wide","YPPlnt","CV1","8","5",0.135650957341735
"M4","haplotype-tagged","YPPlnt","CV1","8","5",0.139840556574811
"M4","genome-wide","YPPlnt","CV2","8","1",0.036976258818742
"M4","haplotype-tagged","YPPlnt","CV2","8","1",0.0146680781538511
"M4","genome-wide","YPPlnt","CV2","8","2",0.1273862655885
"M4","haplotype-tagged","YPPlnt","CV2","8","2",0.0823226214870378
"M4","genome-wide","YPPlnt","CV2","8","3",0.101738049459128
"M4","haplotype-tagged","YPPlnt","CV2","8","3",0.0759829128878184
"M4","genome-wide","YPPlnt","CV2","8","4",0.166204308735235
"M4","haplotype-tagged","YPPlnt","CV2","8","4",0.131978899547671
"M4","genome-wide","YPPlnt","CV2","8","5",0.16589503739802
"M4","haplotype-tagged","YPPlnt","CV2","8","5",0.183903586637626
"M4","genome-wide","YPPlnt","CV0","8","1",0.154940232351753
"M4","haplotype-tagged","YPPlnt","CV0","8","1",0.138437712316107
"M4","genome-wide","YPPlnt","CV0","8","2",0.0806271509285853
"M4","haplotype-tagged","YPPlnt","CV0","8","2",0.0519211253383825
"M4","genome-wide","YPPlnt","CV0","8","3",0.112294698704495
"M4","haplotype-tagged","YPPlnt","CV0","8","3",0.102209658202464
"M4","genome-wide","YPPlnt","CV0","8","4",0.180369874185405
"M4","haplotype-tagged","YPPlnt","CV0","8","4",0.200202779612897
"M4","genome-wide","YPPlnt","CV0","8","5",0.19396981731528
"M4","haplotype-tagged","YPPlnt","CV0","8","5",0.196277474432125
"M4","genome-wide","YPPlnt","CV00","8","1",0.246684860070415
"M4","haplotype-tagged","YPPlnt","CV00","8","1",0.174463329579863
"M4","genome-wide","YPPlnt","CV00","8","2",0.0934759956863556
"M4","haplotype-tagged","YPPlnt","CV00","8","2",0.0375633698581293
"M4","genome-wide","YPPlnt","CV00","8","3",0.272901577836062
"M4","haplotype-tagged","YPPlnt","CV00","8","3",0.272280937526363
"M4","genome-wide","YPPlnt","CV00","8","4",-0.0182884072217304
"M4","haplotype-tagged","YPPlnt","CV00","8","4",0.0197604494399071
"M4","genome-wide","YPPlnt","CV00","8","5",-0.218435925948101
"M4","haplotype-tagged","YPPlnt","CV00","8","5",0.0206550176343447
"M4","genome-wide","DTF","CV1","9","1",0.420120881324278
"M4","haplotype-tagged","DTF","CV1","9","1",0.141163852079594
"M4","genome-wide","DTF","CV1","9","2",0.422607274119222
"M4","haplotype-tagged","DTF","CV1","9","2",0.177768337778392
"M4","genome-wide","DTF","CV1","9","3",0.477002252568434
"M4","haplotype-tagged","DTF","CV1","9","3",0.295060417442736
"M4","genome-wide","DTF","CV1","9","4",0.468450034632787
"M4","haplotype-tagged","DTF","CV1","9","4",0.288184466381431
"M4","genome-wide","DTF","CV1","9","5",0.453357482333708
"M4","haplotype-tagged","DTF","CV1","9","5",0.238417947877986
"M4","genome-wide","DTF","CV2","9","1",0.625958241739901
"M4","haplotype-tagged","DTF","CV2","9","1",0.601974031266588
"M4","genome-wide","DTF","CV2","9","2",0.59330944499658
"M4","haplotype-tagged","DTF","CV2","9","2",0.589958507945538
"M4","genome-wide","DTF","CV2","9","3",0.624586726015974
"M4","haplotype-tagged","DTF","CV2","9","3",0.621099751662748
"M4","genome-wide","DTF","CV2","9","4",0.630320283493225
"M4","haplotype-tagged","DTF","CV2","9","4",0.617057037822677
"M4","genome-wide","DTF","CV2","9","5",0.609431954929112
"M4","haplotype-tagged","DTF","CV2","9","5",0.602368105645207
"M4","genome-wide","DTF","CV0","9","1",0.737795604087105
"M4","haplotype-tagged","DTF","CV0","9","1",0.767230787165677
"M4","genome-wide","DTF","CV0","9","2",0.684288574189023
"M4","haplotype-tagged","DTF","CV0","9","2",0.677361251691848
"M4","genome-wide","DTF","CV0","9","3",0.61595014171141
"M4","haplotype-tagged","DTF","CV0","9","3",0.615559557974233
"M4","genome-wide","DTF","CV0","9","4",0.447452206600714
"M4","haplotype-tagged","DTF","CV0","9","4",0.438071090866826
"M4","genome-wide","DTF","CV0","9","5",0.523577750029186
"M4","haplotype-tagged","DTF","CV0","9","5",0.528547352289443
"M4","genome-wide","DTF","CV00","9","1",0.405217204328491
"M4","haplotype-tagged","DTF","CV00","9","1",0.508600379730826
"M4","genome-wide","DTF","CV00","9","2",0.384951866459361
"M4","haplotype-tagged","DTF","CV00","9","2",0.322741574715677
"M4","genome-wide","DTF","CV00","9","3",0.502400939736709
"M4","haplotype-tagged","DTF","CV00","9","3",0.300957128715329
"M4","genome-wide","DTF","CV00","9","4",0.543301958482325
"M4","haplotype-tagged","DTF","CV00","9","4",0.373907510641801
"M4","genome-wide","DTF","CV00","9","5",0.531556881748226
"M4","haplotype-tagged","DTF","CV00","9","5",0.388302328240074
"M4","genome-wide","DTM","CV1","9","1",0.305974066338415
"M4","haplotype-tagged","DTM","CV1","9","1",0.0281283262654991
"M4","genome-wide","DTM","CV1","9","2",0.306891534507095
"M4","haplotype-tagged","DTM","CV1","9","2",0.0928209832556349
"M4","genome-wide","DTM","CV1","9","3",0.378992571393968
"M4","haplotype-tagged","DTM","CV1","9","3",0.283112189196944
"M4","genome-wide","DTM","CV1","9","4",0.366419090172672
"M4","haplotype-tagged","DTM","CV1","9","4",0.25413149237017
"M4","genome-wide","DTM","CV1","9","5",0.335999162677874
"M4","haplotype-tagged","DTM","CV1","9","5",0.0401666545622282
"M4","genome-wide","DTM","CV2","9","1",0.528335694763296
"M4","haplotype-tagged","DTM","CV2","9","1",0.521003916710389
"M4","genome-wide","DTM","CV2","9","2",0.470151676958276
"M4","haplotype-tagged","DTM","CV2","9","2",0.449839758130007
"M4","genome-wide","DTM","CV2","9","3",0.499609014794762
"M4","haplotype-tagged","DTM","CV2","9","3",0.488540125487913
"M4","genome-wide","DTM","CV2","9","4",0.446792345086265
"M4","haplotype-tagged","DTM","CV2","9","4",0.44935032869929
"M4","genome-wide","DTM","CV2","9","5",0.491817207750087
"M4","haplotype-tagged","DTM","CV2","9","5",0.497376903348165
"M4","genome-wide","DTM","CV0","9","1",0.64015782173439
"M4","haplotype-tagged","DTM","CV0","9","1",0.585806724870686
"M4","genome-wide","DTM","CV0","9","2",0.542249225827812
"M4","haplotype-tagged","DTM","CV0","9","2",0.518769203925582
"M4","genome-wide","DTM","CV0","9","3",0.47192495540553
"M4","haplotype-tagged","DTM","CV0","9","3",0.443358354874525
"M4","genome-wide","DTM","CV0","9","4",0.370624729067161
"M4","haplotype-tagged","DTM","CV0","9","4",0.362189021529131
"M4","genome-wide","DTM","CV0","9","5",0.299005019606011
"M4","haplotype-tagged","DTM","CV0","9","5",0.303851758755898
"M4","genome-wide","DTM","CV00","9","1",0.345980736822787
"M4","haplotype-tagged","DTM","CV00","9","1",0.263041742831031
"M4","genome-wide","DTM","CV00","9","2",0.195371609871475
"M4","haplotype-tagged","DTM","CV00","9","2",0.157980325860616
"M4","genome-wide","DTM","CV00","9","3",0.302004499088009
"M4","haplotype-tagged","DTM","CV00","9","3",0.0991089870808771
"M4","genome-wide","DTM","CV00","9","4",0.321530763996987
"M4","haplotype-tagged","DTM","CV00","9","4",0.167206689593653
"M4","genome-wide","DTM","CV00","9","5",0.25349328972738
"M4","haplotype-tagged","DTM","CV00","9","5",0.267901671703404
"M4","genome-wide","HSW","CV1","9","1",0.55842829781903
"M4","haplotype-tagged","HSW","CV1","9","1",0.428731217935166
"M4","genome-wide","HSW","CV1","9","2",0.643070852428304
"M4","haplotype-tagged","HSW","CV1","9","2",0.338041084856305
"M4","genome-wide","HSW","CV1","9","3",0.645949296308879
"M4","haplotype-tagged","HSW","CV1","9","3",0.56178137055891
"M4","genome-wide","HSW","CV1","9","4",0.590548785059451
"M4","haplotype-tagged","HSW","CV1","9","4",0.546521474073565
"M4","genome-wide","HSW","CV1","9","5",0.542433319026707
"M4","haplotype-tagged","HSW","CV1","9","5",0.311514741835005
"M4","genome-wide","HSW","CV2","9","1",0.751364398772461
"M4","haplotype-tagged","HSW","CV2","9","1",0.765260787299385
"M4","genome-wide","HSW","CV2","9","2",0.736489874183905
"M4","haplotype-tagged","HSW","CV2","9","2",0.73645284005512
"M4","genome-wide","HSW","CV2","9","3",0.759580894252878
"M4","haplotype-tagged","HSW","CV2","9","3",0.765464910388733
"M4","genome-wide","HSW","CV2","9","4",0.740284823133487
"M4","haplotype-tagged","HSW","CV2","9","4",0.740095681416749
"M4","genome-wide","HSW","CV2","9","5",0.703282638538505
"M4","haplotype-tagged","HSW","CV2","9","5",0.70078738398283
"M4","genome-wide","HSW","CV0","9","1",0.820678518055045
"M4","haplotype-tagged","HSW","CV0","9","1",0.811483763648418
"M4","genome-wide","HSW","CV0","9","2",0.77978487506112
"M4","haplotype-tagged","HSW","CV0","9","2",0.784407147431314
"M4","genome-wide","HSW","CV0","9","3",0.787670821591247
"M4","haplotype-tagged","HSW","CV0","9","3",0.782410480916693
"M4","genome-wide","HSW","CV0","9","4",0.594133836079589
"M4","haplotype-tagged","HSW","CV0","9","4",0.591796968297565
"M4","genome-wide","HSW","CV0","9","5",0.713440378511121
"M4","haplotype-tagged","HSW","CV0","9","5",0.718642821869078
"M4","genome-wide","HSW","CV00","9","1",0.56687090175385
"M4","haplotype-tagged","HSW","CV00","9","1",0.168511012201325
"M4","genome-wide","HSW","CV00","9","2",0.686286641195623
"M4","haplotype-tagged","HSW","CV00","9","2",0.361138259777319
"M4","genome-wide","HSW","CV00","9","3",0.468353477682735
"M4","haplotype-tagged","HSW","CV00","9","3",0.378016120670239
"M4","genome-wide","HSW","CV00","9","4",0.635498651977319
"M4","haplotype-tagged","HSW","CV00","9","4",0.377063594956156
"M4","genome-wide","HSW","CV00","9","5",0.784682684590182
"M4","haplotype-tagged","HSW","CV00","9","5",0.616846285054349
"M4","genome-wide","PH","CV1","9","1",0.420333220599634
"M4","haplotype-tagged","PH","CV1","9","1",0.330327147843085
"M4","genome-wide","PH","CV1","9","2",0.566506620462424
"M4","haplotype-tagged","PH","CV1","9","2",0.297979801747526
"M4","genome-wide","PH","CV1","9","3",0.46990415172653
"M4","haplotype-tagged","PH","CV1","9","3",0.28254841338013
"M4","genome-wide","PH","CV1","9","4",0.40881224331918
"M4","haplotype-tagged","PH","CV1","9","4",0.302337762017501
"M4","genome-wide","PH","CV1","9","5",0.29305814000166
"M4","haplotype-tagged","PH","CV1","9","5",0.315537540193824
"M4","genome-wide","PH","CV2","9","1",0.56433100789822
"M4","haplotype-tagged","PH","CV2","9","1",0.556402246727999
"M4","genome-wide","PH","CV2","9","2",0.645173751493395
"M4","haplotype-tagged","PH","CV2","9","2",0.633141861666463
"M4","genome-wide","PH","CV2","9","3",0.576614170979547
"M4","haplotype-tagged","PH","CV2","9","3",0.537340814380742
"M4","genome-wide","PH","CV2","9","4",0.573591977177569
"M4","haplotype-tagged","PH","CV2","9","4",0.551714676326162
"M4","genome-wide","PH","CV2","9","5",0.498791967663424
"M4","haplotype-tagged","PH","CV2","9","5",0.475061953221373
"M4","genome-wide","PH","CV0","9","1",0.742704954585548
"M4","haplotype-tagged","PH","CV0","9","1",0.715007951518497
"M4","genome-wide","PH","CV0","9","2",0.676994992461048
"M4","haplotype-tagged","PH","CV0","9","2",0.663247040262674
"M4","genome-wide","PH","CV0","9","3",0.294340523718034
"M4","haplotype-tagged","PH","CV0","9","3",0.277372754255114
"M4","genome-wide","PH","CV0","9","4",0.64166118416638
"M4","haplotype-tagged","PH","CV0","9","4",0.645345155020877
"M4","genome-wide","PH","CV0","9","5",0.495377424937089
"M4","haplotype-tagged","PH","CV0","9","5",0.499017967067846
"M4","genome-wide","PH","CV00","9","1",0.293646514031092
"M4","haplotype-tagged","PH","CV00","9","1",0.201177191700257
"M4","genome-wide","PH","CV00","9","2",0.75540504675197
"M4","haplotype-tagged","PH","CV00","9","2",0.588809439430674
"M4","genome-wide","PH","CV00","9","3",0.0714919948917817
"M4","haplotype-tagged","PH","CV00","9","3",0.107567807224066
"M4","genome-wide","PH","CV00","9","4",0.395144683581763
"M4","haplotype-tagged","PH","CV00","9","4",0.409865009790754
"M4","genome-wide","PH","CV00","9","5",0.4887446334484
"M4","haplotype-tagged","PH","CV00","9","5",0.33171661058196
"M4","genome-wide","PPP","CV1","9","1",0.167961479540649
"M4","haplotype-tagged","PPP","CV1","9","1",0.177178892821306
"M4","genome-wide","PPP","CV1","9","2",0.0847599412920408
"M4","haplotype-tagged","PPP","CV1","9","2",0.010959346941226
"M4","genome-wide","PPP","CV1","9","3",0.210966596988828
"M4","haplotype-tagged","PPP","CV1","9","3",0.127930862209765
"M4","genome-wide","PPP","CV1","9","4",0.166455847349741
"M4","haplotype-tagged","PPP","CV1","9","4",0.113362485068473
"M4","genome-wide","PPP","CV1","9","5",0.270178032132096
"M4","haplotype-tagged","PPP","CV1","9","5",0.227528595954082
"M4","genome-wide","PPP","CV2","9","1",0.24468349246329
"M4","haplotype-tagged","PPP","CV2","9","1",0.207043475922094
"M4","genome-wide","PPP","CV2","9","2",0.185334309700678
"M4","haplotype-tagged","PPP","CV2","9","2",0.185092896906326
"M4","genome-wide","PPP","CV2","9","3",0.15747602227283
"M4","haplotype-tagged","PPP","CV2","9","3",0.123714096615682
"M4","genome-wide","PPP","CV2","9","4",0.186623363856144
"M4","haplotype-tagged","PPP","CV2","9","4",0.168610643846137
"M4","genome-wide","PPP","CV2","9","5",0.125607422142976
"M4","haplotype-tagged","PPP","CV2","9","5",0.132682451230853
"M4","genome-wide","PPP","CV0","9","1",0.162964012462785
"M4","haplotype-tagged","PPP","CV0","9","1",0.138664773437521
"M4","genome-wide","PPP","CV0","9","2",0.128718956334687
"M4","haplotype-tagged","PPP","CV0","9","2",0.108024523942654
"M4","genome-wide","PPP","CV0","9","3",0.101769540799776
"M4","haplotype-tagged","PPP","CV0","9","3",0.125884307174496
"M4","genome-wide","PPP","CV0","9","4",0.106015405853526
"M4","haplotype-tagged","PPP","CV0","9","4",0.0906854567829308
"M4","genome-wide","PPP","CV0","9","5",0.0304419951620826
"M4","haplotype-tagged","PPP","CV0","9","5",0.0642447901610893
"M4","genome-wide","PPP","CV00","9","1",0.258725853920248
"M4","haplotype-tagged","PPP","CV00","9","1",0.104469007910681
"M4","genome-wide","PPP","CV00","9","2",0.139328770630009
"M4","haplotype-tagged","PPP","CV00","9","2",0.0071692180515849
"M4","genome-wide","PPP","CV00","9","3",0.148466888241313
"M4","haplotype-tagged","PPP","CV00","9","3",0.113259259787092
"M4","genome-wide","PPP","CV00","9","4",0.047604374637012
"M4","haplotype-tagged","PPP","CV00","9","4",0.173840042819739
"M4","genome-wide","PPP","CV00","9","5",0.10929080228214
"M4","haplotype-tagged","PPP","CV00","9","5",0.123246807020051
"M4","genome-wide","YPPlnt","CV1","9","1",0.139773925906427
"M4","haplotype-tagged","YPPlnt","CV1","9","1",0.106572917367006
"M4","genome-wide","YPPlnt","CV1","9","2",0.135102097002854
"M4","haplotype-tagged","YPPlnt","CV1","9","2",0.0310828167544779
"M4","genome-wide","YPPlnt","CV1","9","3",0.0588582959199369
"M4","haplotype-tagged","YPPlnt","CV1","9","3",-0.0321141311983937
"M4","genome-wide","YPPlnt","CV1","9","4",0.0762987386968154
"M4","haplotype-tagged","YPPlnt","CV1","9","4",0.0782727619482444
"M4","genome-wide","YPPlnt","CV1","9","5",0.0964219984408961
"M4","haplotype-tagged","YPPlnt","CV1","9","5",0.0921131696688222
"M4","genome-wide","YPPlnt","CV2","9","1",0.070023366810976
"M4","haplotype-tagged","YPPlnt","CV2","9","1",0.0501416420213144
"M4","genome-wide","YPPlnt","CV2","9","2",0.166347901143674
"M4","haplotype-tagged","YPPlnt","CV2","9","2",0.162001265420628
"M4","genome-wide","YPPlnt","CV2","9","3",0.129889395012843
"M4","haplotype-tagged","YPPlnt","CV2","9","3",0.0927359247102551
"M4","genome-wide","YPPlnt","CV2","9","4",0.10169786222651
"M4","haplotype-tagged","YPPlnt","CV2","9","4",0.143959293011985
"M4","genome-wide","YPPlnt","CV2","9","5",0.132230170656114
"M4","haplotype-tagged","YPPlnt","CV2","9","5",0.11266824735849
"M4","genome-wide","YPPlnt","CV0","9","1",0.191200561669855
"M4","haplotype-tagged","YPPlnt","CV0","9","1",0.145171159145678
"M4","genome-wide","YPPlnt","CV0","9","2",0.120392929995516
"M4","haplotype-tagged","YPPlnt","CV0","9","2",0.0942377408204559
"M4","genome-wide","YPPlnt","CV0","9","3",0.0967085098287441
"M4","haplotype-tagged","YPPlnt","CV0","9","3",0.140357806466468
"M4","genome-wide","YPPlnt","CV0","9","4",0.179499347950121
"M4","haplotype-tagged","YPPlnt","CV0","9","4",0.137398267679278
"M4","genome-wide","YPPlnt","CV0","9","5",0.119768722646079
"M4","haplotype-tagged","YPPlnt","CV0","9","5",0.114568919484501
"M4","genome-wide","YPPlnt","CV00","9","1",0.235780731097691
"M4","haplotype-tagged","YPPlnt","CV00","9","1",0.163776741410448
"M4","genome-wide","YPPlnt","CV00","9","2",-0.0235028540530998
"M4","haplotype-tagged","YPPlnt","CV00","9","2",-0.0279404513811865
"M4","genome-wide","YPPlnt","CV00","9","3",-0.0663309152018275
"M4","haplotype-tagged","YPPlnt","CV00","9","3",-0.264142648862444
"M4","genome-wide","YPPlnt","CV00","9","4",0.0103553807491269
"M4","haplotype-tagged","YPPlnt","CV00","9","4",-0.0237257611208435
"M4","genome-wide","YPPlnt","CV00","9","5",0.0363574840230903
"M4","haplotype-tagged","YPPlnt","CV00","9","5",-0.0424859362368729
"M4","genome-wide","DTF","CV1","10","1",0.349848475971479
"M4","haplotype-tagged","DTF","CV1","10","1",0.325146248260459
"M4","genome-wide","DTF","CV1","10","2",0.484466684683942
"M4","haplotype-tagged","DTF","CV1","10","2",0.224221347912168
"M4","genome-wide","DTF","CV1","10","3",0.486828313210415
"M4","haplotype-tagged","DTF","CV1","10","3",0.348375900293954
"M4","genome-wide","DTF","CV1","10","4",0.39206149865827
"M4","haplotype-tagged","DTF","CV1","10","4",0.254796500629845
"M4","genome-wide","DTF","CV1","10","5",0.462669284976108
"M4","haplotype-tagged","DTF","CV1","10","5",0.317856569943683
"M4","genome-wide","DTF","CV2","10","1",0.622724678237652
"M4","haplotype-tagged","DTF","CV2","10","1",0.617322579250554
"M4","genome-wide","DTF","CV2","10","2",0.653384403556008
"M4","haplotype-tagged","DTF","CV2","10","2",0.646601526881921
"M4","genome-wide","DTF","CV2","10","3",0.573199152398898
"M4","haplotype-tagged","DTF","CV2","10","3",0.547650181103319
"M4","genome-wide","DTF","CV2","10","4",0.578328829146032
"M4","haplotype-tagged","DTF","CV2","10","4",0.560398963382454
"M4","genome-wide","DTF","CV2","10","5",0.552988344059998
"M4","haplotype-tagged","DTF","CV2","10","5",0.566956706900572
"M4","genome-wide","DTF","CV0","10","1",0.683996438370556
"M4","haplotype-tagged","DTF","CV0","10","1",0.682759352274418
"M4","genome-wide","DTF","CV0","10","2",0.615634996397174
"M4","haplotype-tagged","DTF","CV0","10","2",0.615565227238276
"M4","genome-wide","DTF","CV0","10","3",0.428916526251517
"M4","haplotype-tagged","DTF","CV0","10","3",0.436498942102263
"M4","genome-wide","DTF","CV0","10","4",0.656512676667057
"M4","haplotype-tagged","DTF","CV0","10","4",0.640369333201079
"M4","genome-wide","DTF","CV0","10","5",0.757869006181958
"M4","haplotype-tagged","DTF","CV0","10","5",0.772930904523154
"M4","genome-wide","DTF","CV00","10","1",0.272427375938927
"M4","haplotype-tagged","DTF","CV00","10","1",0.0836682516857901
"M4","genome-wide","DTF","CV00","10","2",0.488178986219485
"M4","haplotype-tagged","DTF","CV00","10","2",0.277107258575047
"M4","genome-wide","DTF","CV00","10","3",0.458100217811885
"M4","haplotype-tagged","DTF","CV00","10","3",0.230306349455289
"M4","genome-wide","DTF","CV00","10","4",0.651057834424337
"M4","haplotype-tagged","DTF","CV00","10","4",0.394472530654541
"M4","genome-wide","DTF","CV00","10","5",0.192175524349403
"M4","haplotype-tagged","DTF","CV00","10","5",0.0871292794054485
"M4","genome-wide","DTM","CV1","10","1",0.270538510466955
"M4","haplotype-tagged","DTM","CV1","10","1",0.209812990518487
"M4","genome-wide","DTM","CV1","10","2",0.376301681821043
"M4","haplotype-tagged","DTM","CV1","10","2",0.0817693137786802
"M4","genome-wide","DTM","CV1","10","3",0.348176340339555
"M4","haplotype-tagged","DTM","CV1","10","3",0.277963081562255
"M4","genome-wide","DTM","CV1","10","4",0.341745216593072
"M4","haplotype-tagged","DTM","CV1","10","4",0.179003462789414
"M4","genome-wide","DTM","CV1","10","5",0.264405691548084
"M4","haplotype-tagged","DTM","CV1","10","5",0.156737658513678
"M4","genome-wide","DTM","CV2","10","1",0.501123203049666
"M4","haplotype-tagged","DTM","CV2","10","1",0.493992756650491
"M4","genome-wide","DTM","CV2","10","2",0.491155975666747
"M4","haplotype-tagged","DTM","CV2","10","2",0.481717513484968
"M4","genome-wide","DTM","CV2","10","3",0.475317215426212
"M4","haplotype-tagged","DTM","CV2","10","3",0.465787597908229
"M4","genome-wide","DTM","CV2","10","4",0.452969785156048
"M4","haplotype-tagged","DTM","CV2","10","4",0.479030785582224
"M4","genome-wide","DTM","CV2","10","5",0.459070924706581
"M4","haplotype-tagged","DTM","CV2","10","5",0.430950923429245
"M4","genome-wide","DTM","CV0","10","1",0.501431608550433
"M4","haplotype-tagged","DTM","CV0","10","1",0.500441753084082
"M4","genome-wide","DTM","CV0","10","2",0.476374814613351
"M4","haplotype-tagged","DTM","CV0","10","2",0.445953811867341
"M4","genome-wide","DTM","CV0","10","3",0.328715889244644
"M4","haplotype-tagged","DTM","CV0","10","3",0.34387059891535
"M4","genome-wide","DTM","CV0","10","4",0.518707075204269
"M4","haplotype-tagged","DTM","CV0","10","4",0.517962900783963
"M4","genome-wide","DTM","CV0","10","5",0.694647052246061
"M4","haplotype-tagged","DTM","CV0","10","5",0.674188234588471
"M4","genome-wide","DTM","CV00","10","1",0.0860681577524785
"M4","haplotype-tagged","DTM","CV00","10","1",0.153022285375723
"M4","genome-wide","DTM","CV00","10","2",0.37640147491196
"M4","haplotype-tagged","DTM","CV00","10","2",0.153381516368105
"M4","genome-wide","DTM","CV00","10","3",0.440258355699652
"M4","haplotype-tagged","DTM","CV00","10","3",0.236465326917244
"M4","genome-wide","DTM","CV00","10","4",0.704123063716509
"M4","haplotype-tagged","DTM","CV00","10","4",0.178639598436255
"M4","genome-wide","DTM","CV00","10","5",0.531903874933668
"M4","haplotype-tagged","DTM","CV00","10","5",0.31940216629872
"M4","genome-wide","HSW","CV1","10","1",0.612422991335754
"M4","haplotype-tagged","HSW","CV1","10","1",0.214090416428093
"M4","genome-wide","HSW","CV1","10","2",0.484161701031307
"M4","haplotype-tagged","HSW","CV1","10","2",0.20296435091615
"M4","genome-wide","HSW","CV1","10","3",0.502357627195951
"M4","haplotype-tagged","HSW","CV1","10","3",0.341721830120759
"M4","genome-wide","HSW","CV1","10","4",0.585015897226532
"M4","haplotype-tagged","HSW","CV1","10","4",0.355913499811313
"M4","genome-wide","HSW","CV1","10","5",0.681068345597825
"M4","haplotype-tagged","HSW","CV1","10","5",0.512885646701655
"M4","genome-wide","HSW","CV2","10","1",0.726859370463616
"M4","haplotype-tagged","HSW","CV2","10","1",0.725721995128282
"M4","genome-wide","HSW","CV2","10","2",0.771864281843081
"M4","haplotype-tagged","HSW","CV2","10","2",0.773516362184327
"M4","genome-wide","HSW","CV2","10","3",0.785698631676096
"M4","haplotype-tagged","HSW","CV2","10","3",0.783417958924608
"M4","genome-wide","HSW","CV2","10","4",0.71100793339764
"M4","haplotype-tagged","HSW","CV2","10","4",0.707323729546519
"M4","genome-wide","HSW","CV2","10","5",0.726780365684131
"M4","haplotype-tagged","HSW","CV2","10","5",0.733497070431877
"M4","genome-wide","HSW","CV0","10","1",0.759746686637274
"M4","haplotype-tagged","HSW","CV0","10","1",0.757884364354405
"M4","genome-wide","HSW","CV0","10","2",0.786927819588738
"M4","haplotype-tagged","HSW","CV0","10","2",0.781515013510645
"M4","genome-wide","HSW","CV0","10","3",0.615766735808475
"M4","haplotype-tagged","HSW","CV0","10","3",0.615934400357867
"M4","genome-wide","HSW","CV0","10","4",0.780914513107021
"M4","haplotype-tagged","HSW","CV0","10","4",0.77552674513599
"M4","genome-wide","HSW","CV0","10","5",0.779849298823092
"M4","haplotype-tagged","HSW","CV0","10","5",0.783364009511824
"M4","genome-wide","HSW","CV00","10","1",0.218284740322504
"M4","haplotype-tagged","HSW","CV00","10","1",0.142036953724016
"M4","genome-wide","HSW","CV00","10","2",0.628331011937648
"M4","haplotype-tagged","HSW","CV00","10","2",0.513713321827366
"M4","genome-wide","HSW","CV00","10","3",0.720905739479711
"M4","haplotype-tagged","HSW","CV00","10","3",0.323730462746831
"M4","genome-wide","HSW","CV00","10","4",0.551991826090694
"M4","haplotype-tagged","HSW","CV00","10","4",0.343416783301788
"M4","genome-wide","HSW","CV00","10","5",0.796123114550015
"M4","haplotype-tagged","HSW","CV00","10","5",0.51420355210158
"M4","genome-wide","PH","CV1","10","1",0.348827795446186
"M4","haplotype-tagged","PH","CV1","10","1",0.151023990340641
"M4","genome-wide","PH","CV1","10","2",0.410173180338815
"M4","haplotype-tagged","PH","CV1","10","2",0.375315082490159
"M4","genome-wide","PH","CV1","10","3",0.312607497923485
"M4","haplotype-tagged","PH","CV1","10","3",0.215102473627475
"M4","genome-wide","PH","CV1","10","4",0.489806838013157
"M4","haplotype-tagged","PH","CV1","10","4",0.395159829259968
"M4","genome-wide","PH","CV1","10","5",0.55247263196548
"M4","haplotype-tagged","PH","CV1","10","5",0.409462714626414
"M4","genome-wide","PH","CV2","10","1",0.572961636977099
"M4","haplotype-tagged","PH","CV2","10","1",0.577447569140843
"M4","genome-wide","PH","CV2","10","2",0.617678435586515
"M4","haplotype-tagged","PH","CV2","10","2",0.631768883399687
"M4","genome-wide","PH","CV2","10","3",0.584090213057604
"M4","haplotype-tagged","PH","CV2","10","3",0.535264018484779
"M4","genome-wide","PH","CV2","10","4",0.587055270341728
"M4","haplotype-tagged","PH","CV2","10","4",0.573699894248763
"M4","genome-wide","PH","CV2","10","5",0.573315118746387
"M4","haplotype-tagged","PH","CV2","10","5",0.541700702246316
"M4","genome-wide","PH","CV0","10","1",0.75592050579892
"M4","haplotype-tagged","PH","CV0","10","1",0.724544974144244
"M4","genome-wide","PH","CV0","10","2",0.29258749000945
"M4","haplotype-tagged","PH","CV0","10","2",0.277676739566795
"M4","genome-wide","PH","CV0","10","3",0.536153041452512
"M4","haplotype-tagged","PH","CV0","10","3",0.551475111303053
"M4","genome-wide","PH","CV0","10","4",0.639403043893636
"M4","haplotype-tagged","PH","CV0","10","4",0.614462567710939
"M4","genome-wide","PH","CV0","10","5",0.750531223542239
"M4","haplotype-tagged","PH","CV0","10","5",0.727135223965507
"M4","genome-wide","PH","CV00","10","1",0.378583416416306
"M4","haplotype-tagged","PH","CV00","10","1",0.259617758419272
"M4","genome-wide","PH","CV00","10","2",0.656964417977694
"M4","haplotype-tagged","PH","CV00","10","2",0.471249285471315
"M4","genome-wide","PH","CV00","10","3",0.546922188563951
"M4","haplotype-tagged","PH","CV00","10","3",0.373132924021782
"M4","genome-wide","PH","CV00","10","4",0.389477105214468
"M4","haplotype-tagged","PH","CV00","10","4",0.285594584365307
"M4","genome-wide","PH","CV00","10","5",0.14726362340355
"M4","haplotype-tagged","PH","CV00","10","5",0.145449909531078
"M4","genome-wide","PPP","CV1","10","1",0.148091757678365
"M4","haplotype-tagged","PPP","CV1","10","1",0.090554074312639
"M4","genome-wide","PPP","CV1","10","2",0.151223400946525
"M4","haplotype-tagged","PPP","CV1","10","2",0.14650885067866
"M4","genome-wide","PPP","CV1","10","3",0.262852700860019
"M4","haplotype-tagged","PPP","CV1","10","3",0.199007070415759
"M4","genome-wide","PPP","CV1","10","4",0.0956117358512776
"M4","haplotype-tagged","PPP","CV1","10","4",0.138919057387806
"M4","genome-wide","PPP","CV1","10","5",0.169432725736934
"M4","haplotype-tagged","PPP","CV1","10","5",0.155165045057112
"M4","genome-wide","PPP","CV2","10","1",0.15416577130652
"M4","haplotype-tagged","PPP","CV2","10","1",0.167482813389792
"M4","genome-wide","PPP","CV2","10","2",0.142188522714283
"M4","haplotype-tagged","PPP","CV2","10","2",0.150516136177165
"M4","genome-wide","PPP","CV2","10","3",0.170753992266697
"M4","haplotype-tagged","PPP","CV2","10","3",0.156569659424273
"M4","genome-wide","PPP","CV2","10","4",0.209411938393699
"M4","haplotype-tagged","PPP","CV2","10","4",0.184692128965725
"M4","genome-wide","PPP","CV2","10","5",0.220740538693744
"M4","haplotype-tagged","PPP","CV2","10","5",0.190201602033823
"M4","genome-wide","PPP","CV0","10","1",0.257917389071162
"M4","haplotype-tagged","PPP","CV0","10","1",0.258851847015269
"M4","genome-wide","PPP","CV0","10","2",0.103929621765151
"M4","haplotype-tagged","PPP","CV0","10","2",0.119664991520019
"M4","genome-wide","PPP","CV0","10","3",0.0751352980814325
"M4","haplotype-tagged","PPP","CV0","10","3",0.091739077527931
"M4","genome-wide","PPP","CV0","10","4",0.0726716076671463
"M4","haplotype-tagged","PPP","CV0","10","4",0.0889399887934968
"M4","genome-wide","PPP","CV0","10","5",0.250020309829254
"M4","haplotype-tagged","PPP","CV0","10","5",0.233517677046896
"M4","genome-wide","PPP","CV00","10","1",0.155893055509032
"M4","haplotype-tagged","PPP","CV00","10","1",0.124641144512332
"M4","genome-wide","PPP","CV00","10","2",0.216447745991245
"M4","haplotype-tagged","PPP","CV00","10","2",0.0318514711714655
"M4","genome-wide","PPP","CV00","10","3",0.0999075175625544
"M4","haplotype-tagged","PPP","CV00","10","3",0.178308366601495
"M4","genome-wide","PPP","CV00","10","4",0.0886906063187274
"M4","haplotype-tagged","PPP","CV00","10","4",0.0839583607715221
"M4","genome-wide","PPP","CV00","10","5",-0.169289438485415
"M4","haplotype-tagged","PPP","CV00","10","5",-0.137120220252422
"M4","genome-wide","YPPlnt","CV1","10","1",0.121716872993951
"M4","haplotype-tagged","YPPlnt","CV1","10","1",0.0716297642474235
"M4","genome-wide","YPPlnt","CV1","10","2",0.051482175282464
"M4","haplotype-tagged","YPPlnt","CV1","10","2",0.0474287738512098
"M4","genome-wide","YPPlnt","CV1","10","3",0.0633404978993335
"M4","haplotype-tagged","YPPlnt","CV1","10","3",0.0679788985541643
"M4","genome-wide","YPPlnt","CV1","10","4",0.0494865622061244
"M4","haplotype-tagged","YPPlnt","CV1","10","4",-0.0402018549816588
"M4","genome-wide","YPPlnt","CV1","10","5",0.161853812257516
"M4","haplotype-tagged","YPPlnt","CV1","10","5",0.157899144608678
"M4","genome-wide","YPPlnt","CV2","10","1",0.145919046802965
"M4","haplotype-tagged","YPPlnt","CV2","10","1",0.147505333945361
"M4","genome-wide","YPPlnt","CV2","10","2",0.0921166817551003
"M4","haplotype-tagged","YPPlnt","CV2","10","2",0.0525555990321295
"M4","genome-wide","YPPlnt","CV2","10","3",0.108567586572594
"M4","haplotype-tagged","YPPlnt","CV2","10","3",0.118718780082563
"M4","genome-wide","YPPlnt","CV2","10","4",0.0540830142990242
"M4","haplotype-tagged","YPPlnt","CV2","10","4",0.10063290709569
"M4","genome-wide","YPPlnt","CV2","10","5",0.166689772195695
"M4","haplotype-tagged","YPPlnt","CV2","10","5",0.227121925538691
"M4","genome-wide","YPPlnt","CV0","10","1",0.203675296250714
"M4","haplotype-tagged","YPPlnt","CV0","10","1",0.177111686748543
"M4","genome-wide","YPPlnt","CV0","10","2",0.101956826639685
"M4","haplotype-tagged","YPPlnt","CV0","10","2",0.129817402017525
"M4","genome-wide","YPPlnt","CV0","10","3",0.0947959760375214
"M4","haplotype-tagged","YPPlnt","CV0","10","3",0.0840414880171964
"M4","genome-wide","YPPlnt","CV0","10","4",0.205333514987802
"M4","haplotype-tagged","YPPlnt","CV0","10","4",0.188255278004516
"M4","genome-wide","YPPlnt","CV0","10","5",-0.0330449594855925
"M4","haplotype-tagged","YPPlnt","CV0","10","5",-0.0138681089704893
"M4","genome-wide","YPPlnt","CV00","10","1",0.0912795437000191
"M4","haplotype-tagged","YPPlnt","CV00","10","1",0.135568757079417
"M4","genome-wide","YPPlnt","CV00","10","2",0.217379691204705
"M4","haplotype-tagged","YPPlnt","CV00","10","2",0.251398086667133
"M4","genome-wide","YPPlnt","CV00","10","3",0.14139728270596
"M4","haplotype-tagged","YPPlnt","CV00","10","3",0.153410473981435
"M4","genome-wide","YPPlnt","CV00","10","4",0.12441800550458
"M4","haplotype-tagged","YPPlnt","CV00","10","4",0.147701282276308
"M4","genome-wide","YPPlnt","CV00","10","5",0.026984521517252
"M4","haplotype-tagged","YPPlnt","CV00","10","5",-0.0587830875135859
