"Model","Panel","Trait","CV","Repetition","Fold","PA"
"M2","genome-wide","DTF","CV0","1","1",0.51995
"M3","genome-wide","DTF","CV0","1","1",0.5193
"M2","haplotype-tagged","DTF","CV0","1","1",0.51565
"M3","haplotype-tagged","DTF","CV0","1","1",0.5156
"M2","genome-wide","DTM","CV0","1","1",0.3393
"M3","genome-wide","DTM","CV0","1","1",0.33705
"M2","haplotype-tagged","DTM","CV0","1","1",0.33695
"M3","haplotype-tagged","DTM","CV0","1","1",0.33925
"M2","genome-wide","HSW","CV0","1","1",0.67475
"M3","genome-wide","HSW","CV0","1","1",0.67555
"M2","haplotype-tagged","HSW","CV0","1","1",0.67765
"M3","haplotype-tagged","HSW","CV0","1","1",0.6789
"M2","genome-wide","PH","CV0","1","1",0.5976
"M3","genome-wide","PH","CV0","1","1",0.59955
"M2","haplotype-tagged","PH","CV0","1","1",0.6009
"M3","haplotype-tagged","PH","CV0","1","1",0.5954
"M2","genome-wide","PPP","CV0","1","1",0.14195
"M3","genome-wide","PPP","CV0","1","1",0.11985
"M2","haplotype-tagged","PPP","CV0","1","1",0.10615
"M3","haplotype-tagged","PPP","CV0","1","1",0.09735
"M2","genome-wide","YPPlnt","CV0","1","1",0.18845
"M3","genome-wide","YPPlnt","CV0","1","1",0.17775
"M2","haplotype-tagged","YPPlnt","CV0","1","1",0.1688
"M3","haplotype-tagged","YPPlnt","CV0","1","1",0.1615
"M2","genome-wide","DTF","CV00","1","1",0.30655
"M3","genome-wide","DTF","CV00","1","1",0.2757
"M2","haplotype-tagged","DTF","CV00","1","1",0.09225
"M3","haplotype-tagged","DTF","CV00","1","1",0.08615
"M2","genome-wide","DTM","CV00","1","1",0.159
"M3","genome-wide","DTM","CV00","1","1",0.1394
"M2","haplotype-tagged","DTM","CV00","1","1",0.1254
"M3","haplotype-tagged","DTM","CV00","1","1",0.01705
"M2","genome-wide","HSW","CV00","1","1",0.6671
"M3","genome-wide","HSW","CV00","1","1",0.67595
"M2","haplotype-tagged","HSW","CV00","1","1",0.5196
"M3","haplotype-tagged","HSW","CV00","1","1",0.4788
"M2","genome-wide","PH","CV00","1","1",0.46785
"M3","genome-wide","PH","CV00","1","1",0.45215
"M2","haplotype-tagged","PH","CV00","1","1",0.4251
"M3","haplotype-tagged","PH","CV00","1","1",0.52065
"M2","genome-wide","PPP","CV00","1","1",0.23715
"M3","genome-wide","PPP","CV00","1","1",0.2218
"M2","haplotype-tagged","PPP","CV00","1","1",0.2551
"M3","haplotype-tagged","PPP","CV00","1","1",0.2077
"M2","genome-wide","YPPlnt","CV00","1","1",0.16075
"M3","genome-wide","YPPlnt","CV00","1","1",0.151
"M2","haplotype-tagged","YPPlnt","CV00","1","1",0.11965
"M3","haplotype-tagged","YPPlnt","CV00","1","1",0.1848
"M2","genome-wide","DTF","CV1","1","1",0.471711111111111
"M3","genome-wide","DTF","CV1","1","1",0.417333333333333
"M2","haplotype-tagged","DTF","CV1","1","1",0.350811111111111
"M3","haplotype-tagged","DTF","CV1","1","1",0.275888888888889
"M2","genome-wide","DTM","CV1","1","1",0.355688888888889
"M3","genome-wide","DTM","CV1","1","1",0.351633333333333
"M2","haplotype-tagged","DTM","CV1","1","1",0.327311111111111
"M3","haplotype-tagged","DTM","CV1","1","1",0.284888888888889
"M2","genome-wide","HSW","CV1","1","1",0.612155555555556
"M3","genome-wide","HSW","CV1","1","1",0.589133333333333
"M2","haplotype-tagged","HSW","CV1","1","1",0.561377777777778
"M3","haplotype-tagged","HSW","CV1","1","1",0.577611111111111
"M2","genome-wide","PH","CV1","1","1",0.462255555555556
"M3","genome-wide","PH","CV1","1","1",0.460888888888889
"M2","haplotype-tagged","PH","CV1","1","1",0.474322222222222
"M3","haplotype-tagged","PH","CV1","1","1",0.466711111111111
"M2","genome-wide","PPP","CV1","1","1",0.180588888888889
"M3","genome-wide","PPP","CV1","1","1",0.143511111111111
"M2","haplotype-tagged","PPP","CV1","1","1",0.148766666666667
"M3","haplotype-tagged","PPP","CV1","1","1",0.0648666666666667
"M2","genome-wide","YPPlnt","CV1","1","1",0.0733888888888889
"M3","genome-wide","YPPlnt","CV1","1","1",0.0751888888888889
"M2","haplotype-tagged","YPPlnt","CV1","1","1",0.123922222222222
"M3","haplotype-tagged","YPPlnt","CV1","1","1",0.0589444444444444
"M2","genome-wide","DTF","CV2","1","1",0.633044444444445
"M3","genome-wide","DTF","CV2","1","1",0.586155555555556
"M2","haplotype-tagged","DTF","CV2","1","1",0.617988888888889
"M3","haplotype-tagged","DTF","CV2","1","1",0.621544444444444
"M2","genome-wide","DTM","CV2","1","1",0.460822222222222
"M3","genome-wide","DTM","CV2","1","1",0.460177777777778
"M2","haplotype-tagged","DTM","CV2","1","1",0.4382
"M3","haplotype-tagged","DTM","CV2","1","1",0.455422222222222
"M2","genome-wide","HSW","CV2","1","1",0.809433333333333
"M3","genome-wide","HSW","CV2","1","1",0.789166666666667
"M2","haplotype-tagged","HSW","CV2","1","1",0.803466666666667
"M3","haplotype-tagged","HSW","CV2","1","1",0.795788888888889
"M2","genome-wide","PH","CV2","1","1",0.631677777777778
"M3","genome-wide","PH","CV2","1","1",0.625
"M2","haplotype-tagged","PH","CV2","1","1",0.623133333333333
"M3","haplotype-tagged","PH","CV2","1","1",0.624433333333333
"M2","genome-wide","PPP","CV2","1","1",0.198188888888889
"M3","genome-wide","PPP","CV2","1","1",0.216955555555556
"M2","haplotype-tagged","PPP","CV2","1","1",0.157022222222222
"M3","haplotype-tagged","PPP","CV2","1","1",0.191955555555556
"M2","genome-wide","YPPlnt","CV2","1","1",0.122933333333333
"M3","genome-wide","YPPlnt","CV2","1","1",0.0999555555555556
"M2","haplotype-tagged","YPPlnt","CV2","1","1",0.0895666666666667
"M3","haplotype-tagged","YPPlnt","CV2","1","1",0.0884888888888889
"M2","genome-wide","DTF","CV0","2","1",0.68995
"M3","genome-wide","DTF","CV0","2","1",0.6702
"M2","haplotype-tagged","DTF","CV0","2","1",0.67995
"M3","haplotype-tagged","DTF","CV0","2","1",0.6827
"M2","genome-wide","DTM","CV0","2","1",0.52115
"M3","genome-wide","DTM","CV0","2","1",0.5092
"M2","haplotype-tagged","DTM","CV0","2","1",0.49685
"M3","haplotype-tagged","DTM","CV0","2","1",0.48945
"M2","genome-wide","HSW","CV0","2","1",0.8065
"M3","genome-wide","HSW","CV0","2","1",0.80565
"M2","haplotype-tagged","HSW","CV0","2","1",0.8034
"M3","haplotype-tagged","HSW","CV0","2","1",0.8024
"M2","genome-wide","PH","CV0","2","1",0.6531
"M3","genome-wide","PH","CV0","2","1",0.6506
"M2","haplotype-tagged","PH","CV0","2","1",0.64825
"M3","haplotype-tagged","PH","CV0","2","1",0.64235
"M2","genome-wide","PPP","CV0","2","1",0.24825
"M3","genome-wide","PPP","CV0","2","1",0.21985
"M2","haplotype-tagged","PPP","CV0","2","1",0.22125
"M3","haplotype-tagged","PPP","CV0","2","1",0.19985
"M2","genome-wide","YPPlnt","CV0","2","1",0.1578
"M3","genome-wide","YPPlnt","CV0","2","1",0.16295
"M2","haplotype-tagged","YPPlnt","CV0","2","1",0.1588
"M3","haplotype-tagged","YPPlnt","CV0","2","1",0.15985
"M2","genome-wide","DTF","CV00","2","1",0.3388
"M3","genome-wide","DTF","CV00","2","1",0.3517
"M2","haplotype-tagged","DTF","CV00","2","1",0.1893
"M3","haplotype-tagged","DTF","CV00","2","1",0.1102
"M2","genome-wide","DTM","CV00","2","1",0.425
"M3","genome-wide","DTM","CV00","2","1",0.3795
"M2","haplotype-tagged","DTM","CV00","2","1",0.3627
"M3","haplotype-tagged","DTM","CV00","2","1",0.31325
"M2","genome-wide","HSW","CV00","2","1",0.49495
"M3","genome-wide","HSW","CV00","2","1",0.51235
"M2","haplotype-tagged","HSW","CV00","2","1",0.36345
"M3","haplotype-tagged","HSW","CV00","2","1",0.32885
"M2","genome-wide","PH","CV00","2","1",-0.00735
"M3","genome-wide","PH","CV00","2","1",-0.0243
"M2","haplotype-tagged","PH","CV00","2","1",0.02355
"M3","haplotype-tagged","PH","CV00","2","1",0.05075
"M2","genome-wide","PPP","CV00","2","1",0.0729
"M3","genome-wide","PPP","CV00","2","1",0.0867
"M2","haplotype-tagged","PPP","CV00","2","1",0.13955
"M3","haplotype-tagged","PPP","CV00","2","1",0.0519
"M2","genome-wide","YPPlnt","CV00","2","1",-0.15905
"M3","genome-wide","YPPlnt","CV00","2","1",-0.1843
"M2","haplotype-tagged","YPPlnt","CV00","2","1",-0.19445
"M3","haplotype-tagged","YPPlnt","CV00","2","1",-0.09195
"M2","genome-wide","DTF","CV1","2","1",0.506677777777778
"M3","genome-wide","DTF","CV1","2","1",0.468233333333333
"M2","haplotype-tagged","DTF","CV1","2","1",0.308944444444444
"M3","haplotype-tagged","DTF","CV1","2","1",0.340933333333333
"M2","genome-wide","DTM","CV1","2","1",0.339333333333333
"M3","genome-wide","DTM","CV1","2","1",0.340155555555556
"M2","haplotype-tagged","DTM","CV1","2","1",0.264411111111111
"M3","haplotype-tagged","DTM","CV1","2","1",0.233544444444444
"M2","genome-wide","HSW","CV1","2","1",0.702477777777778
"M3","genome-wide","HSW","CV1","2","1",0.692433333333333
"M2","haplotype-tagged","HSW","CV1","2","1",0.665177777777778
"M3","haplotype-tagged","HSW","CV1","2","1",0.630022222222222
"M2","genome-wide","PH","CV1","2","1",0.506788888888889
"M3","genome-wide","PH","CV1","2","1",0.520166666666667
"M2","haplotype-tagged","PH","CV1","2","1",0.4846
"M3","haplotype-tagged","PH","CV1","2","1",0.459677777777778
"M2","genome-wide","PPP","CV1","2","1",0.230377777777778
"M3","genome-wide","PPP","CV1","2","1",0.2716
"M2","haplotype-tagged","PPP","CV1","2","1",0.150477777777778
"M3","haplotype-tagged","PPP","CV1","2","1",0.216255555555556
"M2","genome-wide","YPPlnt","CV1","2","1",0.161533333333333
"M3","genome-wide","YPPlnt","CV1","2","1",0.141333333333333
"M2","haplotype-tagged","YPPlnt","CV1","2","1",0.173577777777778
"M3","haplotype-tagged","YPPlnt","CV1","2","1",0.119055555555556
"M2","genome-wide","DTF","CV2","2","1",0.5992
"M3","genome-wide","DTF","CV2","2","1",0.5786
"M2","haplotype-tagged","DTF","CV2","2","1",0.589077777777778
"M3","haplotype-tagged","DTF","CV2","2","1",0.578555555555556
"M2","genome-wide","DTM","CV2","2","1",0.515655555555556
"M3","genome-wide","DTM","CV2","2","1",0.501844444444444
"M2","haplotype-tagged","DTM","CV2","2","1",0.499666666666667
"M3","haplotype-tagged","DTM","CV2","2","1",0.505955555555556
"M2","genome-wide","HSW","CV2","2","1",0.7564
"M3","genome-wide","HSW","CV2","2","1",0.751644444444444
"M2","haplotype-tagged","HSW","CV2","2","1",0.753188888888889
"M3","haplotype-tagged","HSW","CV2","2","1",0.754766666666667
"M2","genome-wide","PH","CV2","2","1",0.618633333333333
"M3","genome-wide","PH","CV2","2","1",0.623311111111111
"M2","haplotype-tagged","PH","CV2","2","1",0.6009
"M3","haplotype-tagged","PH","CV2","2","1",0.619133333333333
"M2","genome-wide","PPP","CV2","2","1",0.274022222222222
"M3","genome-wide","PPP","CV2","2","1",0.182733333333333
"M2","haplotype-tagged","PPP","CV2","2","1",0.221922222222222
"M3","haplotype-tagged","PPP","CV2","2","1",0.195388888888889
"M2","genome-wide","YPPlnt","CV2","2","1",0.154044444444444
"M3","genome-wide","YPPlnt","CV2","2","1",0.144133333333333
"M2","haplotype-tagged","YPPlnt","CV2","2","1",0.125522222222222
"M3","haplotype-tagged","YPPlnt","CV2","2","1",0.103844444444444
"M2","genome-wide","DTF","CV0","3","1",0.6452
"M3","genome-wide","DTF","CV0","3","1",0.64405
"M2","haplotype-tagged","DTF","CV0","3","1",0.64185
"M3","haplotype-tagged","DTF","CV0","3","1",0.63825
"M2","genome-wide","DTM","CV0","3","1",0.52755
"M3","genome-wide","DTM","CV0","3","1",0.53315
"M2","haplotype-tagged","DTM","CV0","3","1",0.535
"M3","haplotype-tagged","DTM","CV0","3","1",0.52685
"M2","genome-wide","HSW","CV0","3","1",0.7269
"M3","genome-wide","HSW","CV0","3","1",0.7269
"M2","haplotype-tagged","HSW","CV0","3","1",0.72575
"M3","haplotype-tagged","HSW","CV0","3","1",0.72455
"M2","genome-wide","PH","CV0","3","1",0.7151
"M3","genome-wide","PH","CV0","3","1",0.71425
"M2","haplotype-tagged","PH","CV0","3","1",0.70785
"M3","haplotype-tagged","PH","CV0","3","1",0.70675
"M2","genome-wide","PPP","CV0","3","1",0.32665
"M3","genome-wide","PPP","CV0","3","1",0.28325
"M2","haplotype-tagged","PPP","CV0","3","1",0.2733
"M3","haplotype-tagged","PPP","CV0","3","1",0.2623
"M2","genome-wide","YPPlnt","CV0","3","1",0.1279
"M3","genome-wide","YPPlnt","CV0","3","1",0.1299
"M2","haplotype-tagged","YPPlnt","CV0","3","1",0.11155
"M3","haplotype-tagged","YPPlnt","CV0","3","1",0.10865
"M2","genome-wide","DTF","CV00","3","1",0.28585
"M3","genome-wide","DTF","CV00","3","1",0.2645
"M2","haplotype-tagged","DTF","CV00","3","1",0.2136
"M3","haplotype-tagged","DTF","CV00","3","1",0.28845
"M2","genome-wide","DTM","CV00","3","1",0.27245
"M3","genome-wide","DTM","CV00","3","1",0.30155
"M2","haplotype-tagged","DTM","CV00","3","1",0.16125
"M3","haplotype-tagged","DTM","CV00","3","1",0.08445
"M2","genome-wide","HSW","CV00","3","1",0.6667
"M3","genome-wide","HSW","CV00","3","1",0.66585
"M2","haplotype-tagged","HSW","CV00","3","1",0.6219
"M3","haplotype-tagged","HSW","CV00","3","1",0.6626
"M2","genome-wide","PH","CV00","3","1",0.45475
"M3","genome-wide","PH","CV00","3","1",0.4714
"M2","haplotype-tagged","PH","CV00","3","1",0.387
"M3","haplotype-tagged","PH","CV00","3","1",0.3997
"M2","genome-wide","PPP","CV00","3","1",0.30695
"M3","genome-wide","PPP","CV00","3","1",0.2952
"M2","haplotype-tagged","PPP","CV00","3","1",0.26965
"M3","haplotype-tagged","PPP","CV00","3","1",0.1667
"M2","genome-wide","YPPlnt","CV00","3","1",0.0822
"M3","genome-wide","YPPlnt","CV00","3","1",0.00165
"M2","haplotype-tagged","YPPlnt","CV00","3","1",0.20195
"M3","haplotype-tagged","YPPlnt","CV00","3","1",0.1564
"M2","genome-wide","DTF","CV1","3","1",0.479955555555556
"M3","genome-wide","DTF","CV1","3","1",0.493177777777778
"M2","haplotype-tagged","DTF","CV1","3","1",0.401322222222222
"M3","haplotype-tagged","DTF","CV1","3","1",0.355722222222222
"M2","genome-wide","DTM","CV1","3","1",0.353
"M3","genome-wide","DTM","CV1","3","1",0.340444444444444
"M2","haplotype-tagged","DTM","CV1","3","1",0.248022222222222
"M3","haplotype-tagged","DTM","CV1","3","1",0.223711111111111
"M2","genome-wide","HSW","CV1","3","1",0.560111111111111
"M3","genome-wide","HSW","CV1","3","1",0.569622222222222
"M2","haplotype-tagged","HSW","CV1","3","1",0.373455555555556
"M3","haplotype-tagged","HSW","CV1","3","1",0.376711111111111
"M2","genome-wide","PH","CV1","3","1",0.450055555555556
"M3","genome-wide","PH","CV1","3","1",0.447577777777778
"M2","haplotype-tagged","PH","CV1","3","1",0.446422222222222
"M3","haplotype-tagged","PH","CV1","3","1",0.455122222222222
"M2","genome-wide","PPP","CV1","3","1",0.171422222222222
"M3","genome-wide","PPP","CV1","3","1",0.182311111111111
"M2","haplotype-tagged","PPP","CV1","3","1",0.134755555555556
"M3","haplotype-tagged","PPP","CV1","3","1",0.159511111111111
"M2","genome-wide","YPPlnt","CV1","3","1",0.122055555555556
"M3","genome-wide","YPPlnt","CV1","3","1",0.125622222222222
"M2","haplotype-tagged","YPPlnt","CV1","3","1",0.0994777777777778
"M3","haplotype-tagged","YPPlnt","CV1","3","1",0.00207777777777778
"M2","genome-wide","DTF","CV2","3","1",0.592066666666667
"M3","genome-wide","DTF","CV2","3","1",0.5716
"M2","haplotype-tagged","DTF","CV2","3","1",0.585933333333333
"M3","haplotype-tagged","DTF","CV2","3","1",0.583277777777778
"M2","genome-wide","DTM","CV2","3","1",0.5173
"M3","genome-wide","DTM","CV2","3","1",0.494733333333333
"M2","haplotype-tagged","DTM","CV2","3","1",0.509688888888889
"M3","haplotype-tagged","DTM","CV2","3","1",0.514288888888889
"M2","genome-wide","HSW","CV2","3","1",0.725755555555555
"M3","genome-wide","HSW","CV2","3","1",0.722844444444444
"M2","haplotype-tagged","HSW","CV2","3","1",0.722166666666667
"M3","haplotype-tagged","HSW","CV2","3","1",0.723244444444444
"M2","genome-wide","PH","CV2","3","1",0.504177777777778
"M3","genome-wide","PH","CV2","3","1",0.492788888888889
"M2","haplotype-tagged","PH","CV2","3","1",0.492922222222222
"M3","haplotype-tagged","PH","CV2","3","1",0.494922222222222
"M2","genome-wide","PPP","CV2","3","1",0.100333333333333
"M3","genome-wide","PPP","CV2","3","1",0.129066666666667
"M2","haplotype-tagged","PPP","CV2","3","1",0.0587333333333333
"M3","haplotype-tagged","PPP","CV2","3","1",0.106433333333333
"M2","genome-wide","YPPlnt","CV2","3","1",0.1123
"M3","genome-wide","YPPlnt","CV2","3","1",0.0625111111111111
"M2","haplotype-tagged","YPPlnt","CV2","3","1",0.0880555555555556
"M3","haplotype-tagged","YPPlnt","CV2","3","1",0.0495888888888889
"M2","genome-wide","DTF","CV0","4","1",0.59465
"M3","genome-wide","DTF","CV0","4","1",0.59565
"M2","haplotype-tagged","DTF","CV0","4","1",0.5971
"M3","haplotype-tagged","DTF","CV0","4","1",0.599
"M2","genome-wide","DTM","CV0","4","1",0.49635
"M3","genome-wide","DTM","CV0","4","1",0.49865
"M2","haplotype-tagged","DTM","CV0","4","1",0.5004
"M3","haplotype-tagged","DTM","CV0","4","1",0.48985
"M2","genome-wide","HSW","CV0","4","1",0.7092
"M3","genome-wide","HSW","CV0","4","1",0.71115
"M2","haplotype-tagged","HSW","CV0","4","1",0.7072
"M3","haplotype-tagged","HSW","CV0","4","1",0.70805
"M2","genome-wide","PH","CV0","4","1",0.6981
"M3","genome-wide","PH","CV0","4","1",0.69555
"M2","haplotype-tagged","PH","CV0","4","1",0.6903
"M3","haplotype-tagged","PH","CV0","4","1",0.6867
"M2","genome-wide","PPP","CV0","4","1",0.15755
"M3","genome-wide","PPP","CV0","4","1",0.1337
"M2","haplotype-tagged","PPP","CV0","4","1",0.12765
"M3","haplotype-tagged","PPP","CV0","4","1",0.11445
"M2","genome-wide","YPPlnt","CV0","4","1",0.242
"M3","genome-wide","YPPlnt","CV0","4","1",0.2205
"M2","haplotype-tagged","YPPlnt","CV0","4","1",0.22305
"M3","haplotype-tagged","YPPlnt","CV0","4","1",0.20415
"M2","genome-wide","DTF","CV00","4","1",0.3454
"M3","genome-wide","DTF","CV00","4","1",0.35905
"M2","haplotype-tagged","DTF","CV00","4","1",0.2724
"M3","haplotype-tagged","DTF","CV00","4","1",0.37095
"M2","genome-wide","DTM","CV00","4","1",0.2951
"M3","genome-wide","DTM","CV00","4","1",0.33175
"M2","haplotype-tagged","DTM","CV00","4","1",0.1411
"M3","haplotype-tagged","DTM","CV00","4","1",-0.0023
"M2","genome-wide","HSW","CV00","4","1",0.29005
"M3","genome-wide","HSW","CV00","4","1",0.2658
"M2","haplotype-tagged","HSW","CV00","4","1",0.2265
"M3","haplotype-tagged","HSW","CV00","4","1",0.2425
"M2","genome-wide","PH","CV00","4","1",0.4903
"M3","genome-wide","PH","CV00","4","1",0.47765
"M2","haplotype-tagged","PH","CV00","4","1",0.45225
"M3","haplotype-tagged","PH","CV00","4","1",0.4142
"M2","genome-wide","PPP","CV00","4","1",0.0627
"M3","genome-wide","PPP","CV00","4","1",0.0525
"M2","haplotype-tagged","PPP","CV00","4","1",0.07195
"M3","haplotype-tagged","PPP","CV00","4","1",-5e-04
"M2","genome-wide","YPPlnt","CV00","4","1",0.09995
"M3","genome-wide","YPPlnt","CV00","4","1",0.1034
"M2","haplotype-tagged","YPPlnt","CV00","4","1",0.1956
"M3","haplotype-tagged","YPPlnt","CV00","4","1",-0.0524
"M2","genome-wide","DTF","CV1","4","1",0.461522222222222
"M3","genome-wide","DTF","CV1","4","1",0.450988888888889
"M2","haplotype-tagged","DTF","CV1","4","1",0.286255555555556
"M3","haplotype-tagged","DTF","CV1","4","1",0.253333333333333
"M2","genome-wide","DTM","CV1","4","1",0.442755555555556
"M3","genome-wide","DTM","CV1","4","1",0.4394
"M2","haplotype-tagged","DTM","CV1","4","1",0.355077777777778
"M3","haplotype-tagged","DTM","CV1","4","1",0.253888888888889
"M2","genome-wide","HSW","CV1","4","1",0.549944444444444
"M3","genome-wide","HSW","CV1","4","1",0.5497
"M2","haplotype-tagged","HSW","CV1","4","1",0.525288888888889
"M3","haplotype-tagged","HSW","CV1","4","1",0.539544444444444
"M2","genome-wide","PH","CV1","4","1",0.446711111111111
"M3","genome-wide","PH","CV1","4","1",0.442588888888889
"M2","haplotype-tagged","PH","CV1","4","1",0.520411111111111
"M3","haplotype-tagged","PH","CV1","4","1",0.460877777777778
"M2","genome-wide","PPP","CV1","4","1",0.275733333333333
"M3","genome-wide","PPP","CV1","4","1",0.218655555555556
"M2","haplotype-tagged","PPP","CV1","4","1",0.2385
"M3","haplotype-tagged","PPP","CV1","4","1",0.122422222222222
"M2","genome-wide","YPPlnt","CV1","4","1",0.164577777777778
"M3","genome-wide","YPPlnt","CV1","4","1",0.134766666666667
"M2","haplotype-tagged","YPPlnt","CV1","4","1",0.0845444444444444
"M3","haplotype-tagged","YPPlnt","CV1","4","1",0.0564222222222222
"M2","genome-wide","DTF","CV2","4","1",0.549111111111111
"M3","genome-wide","DTF","CV2","4","1",0.563644444444444
"M2","haplotype-tagged","DTF","CV2","4","1",0.547177777777778
"M3","haplotype-tagged","DTF","CV2","4","1",0.547777777777778
"M2","genome-wide","DTM","CV2","4","1",0.494955555555556
"M3","genome-wide","DTM","CV2","4","1",0.483822222222222
"M2","haplotype-tagged","DTM","CV2","4","1",0.501077777777778
"M3","haplotype-tagged","DTM","CV2","4","1",0.502188888888889
"M2","genome-wide","HSW","CV2","4","1",0.752822222222222
"M3","genome-wide","HSW","CV2","4","1",0.7436
"M2","haplotype-tagged","HSW","CV2","4","1",0.753744444444444
"M3","haplotype-tagged","HSW","CV2","4","1",0.750622222222222
"M2","genome-wide","PH","CV2","4","1",0.635588888888889
"M3","genome-wide","PH","CV2","4","1",0.634411111111111
"M2","haplotype-tagged","PH","CV2","4","1",0.633788888888889
"M3","haplotype-tagged","PH","CV2","4","1",0.627266666666667
"M2","genome-wide","PPP","CV2","4","1",0.1945
"M3","genome-wide","PPP","CV2","4","1",0.157777777777778
"M2","haplotype-tagged","PPP","CV2","4","1",0.157988888888889
"M3","haplotype-tagged","PPP","CV2","4","1",0.154955555555556
"M2","genome-wide","YPPlnt","CV2","4","1",0.154955555555556
"M3","genome-wide","YPPlnt","CV2","4","1",0.127522222222222
"M2","haplotype-tagged","YPPlnt","CV2","4","1",0.1196
"M3","haplotype-tagged","YPPlnt","CV2","4","1",0.0959666666666667
"M2","genome-wide","DTF","CV0","5","1",0.64515
"M3","genome-wide","DTF","CV0","5","1",0.64385
"M2","haplotype-tagged","DTF","CV0","5","1",0.634
"M3","haplotype-tagged","DTF","CV0","5","1",0.6303
"M2","genome-wide","DTM","CV0","5","1",0.4925
"M3","genome-wide","DTM","CV0","5","1",0.48525
"M2","haplotype-tagged","DTM","CV0","5","1",0.4766
"M3","haplotype-tagged","DTM","CV0","5","1",0.47535
"M2","genome-wide","HSW","CV0","5","1",0.7508
"M3","genome-wide","HSW","CV0","5","1",0.74775
"M2","haplotype-tagged","HSW","CV0","5","1",0.74655
"M3","haplotype-tagged","HSW","CV0","5","1",0.74615
"M2","genome-wide","PH","CV0","5","1",0.6125
"M3","genome-wide","PH","CV0","5","1",0.60665
"M2","haplotype-tagged","PH","CV0","5","1",0.6023
"M3","haplotype-tagged","PH","CV0","5","1",0.5975
"M2","genome-wide","PPP","CV0","5","1",0.23405
"M3","genome-wide","PPP","CV0","5","1",0.2021
"M2","haplotype-tagged","PPP","CV0","5","1",0.2003
"M3","haplotype-tagged","PPP","CV0","5","1",0.165
"M2","genome-wide","YPPlnt","CV0","5","1",0.1157
"M3","genome-wide","YPPlnt","CV0","5","1",0.11745
"M2","haplotype-tagged","YPPlnt","CV0","5","1",0.1046
"M3","haplotype-tagged","YPPlnt","CV0","5","1",0.1017
"M2","genome-wide","DTF","CV00","5","1",0.3384
"M3","genome-wide","DTF","CV00","5","1",0.3192
"M2","haplotype-tagged","DTF","CV00","5","1",0.23965
"M3","haplotype-tagged","DTF","CV00","5","1",0.30895
"M2","genome-wide","DTM","CV00","5","1",0.086
"M3","genome-wide","DTM","CV00","5","1",0.10765
"M2","haplotype-tagged","DTM","CV00","5","1",0.06895
"M3","haplotype-tagged","DTM","CV00","5","1",0.0884
"M2","genome-wide","HSW","CV00","5","1",0.65395
"M3","genome-wide","HSW","CV00","5","1",0.6454
"M2","haplotype-tagged","HSW","CV00","5","1",0.51755
"M3","haplotype-tagged","HSW","CV00","5","1",0.5364
"M2","genome-wide","PH","CV00","5","1",0.40745
"M3","genome-wide","PH","CV00","5","1",0.4091
"M2","haplotype-tagged","PH","CV00","5","1",0.4132
"M3","haplotype-tagged","PH","CV00","5","1",0.4035
"M2","genome-wide","PPP","CV00","5","1",0.25105
"M3","genome-wide","PPP","CV00","5","1",0.26195
"M2","haplotype-tagged","PPP","CV00","5","1",0.2011
"M3","haplotype-tagged","PPP","CV00","5","1",0.2163
"M2","genome-wide","YPPlnt","CV00","5","1",0.13935
"M3","genome-wide","YPPlnt","CV00","5","1",0.205
"M2","haplotype-tagged","YPPlnt","CV00","5","1",0.06085
"M3","haplotype-tagged","YPPlnt","CV00","5","1",-0.0799
"M2","genome-wide","DTF","CV1","5","1",0.376266666666667
"M3","genome-wide","DTF","CV1","5","1",0.350288888888889
"M2","haplotype-tagged","DTF","CV1","5","1",0.217522222222222
"M3","haplotype-tagged","DTF","CV1","5","1",0.164077777777778
"M2","genome-wide","DTM","CV1","5","1",0.301555555555556
"M3","genome-wide","DTM","CV1","5","1",0.289322222222222
"M2","haplotype-tagged","DTM","CV1","5","1",0.204044444444444
"M3","haplotype-tagged","DTM","CV1","5","1",0.172288888888889
"M2","genome-wide","HSW","CV1","5","1",0.6475
"M3","genome-wide","HSW","CV1","5","1",0.6204
"M2","haplotype-tagged","HSW","CV1","5","1",0.619655555555556
"M3","haplotype-tagged","HSW","CV1","5","1",0.585322222222222
"M2","genome-wide","PH","CV1","5","1",0.326444444444444
"M3","genome-wide","PH","CV1","5","1",0.352811111111111
"M2","haplotype-tagged","PH","CV1","5","1",0.3213
"M3","haplotype-tagged","PH","CV1","5","1",0.331633333333333
"M2","genome-wide","PPP","CV1","5","1",0.253177777777778
"M3","genome-wide","PPP","CV1","5","1",0.245288888888889
"M2","haplotype-tagged","PPP","CV1","5","1",0.212077777777778
"M3","haplotype-tagged","PPP","CV1","5","1",0.210588888888889
"M2","genome-wide","YPPlnt","CV1","5","1",0.146111111111111
"M3","genome-wide","YPPlnt","CV1","5","1",0.123933333333333
"M2","haplotype-tagged","YPPlnt","CV1","5","1",0.103711111111111
"M3","haplotype-tagged","YPPlnt","CV1","5","1",0.0414555555555556
"M2","genome-wide","DTF","CV2","5","1",0.678511111111111
"M3","genome-wide","DTF","CV2","5","1",0.647988888888889
"M2","haplotype-tagged","DTF","CV2","5","1",0.669977777777778
"M3","haplotype-tagged","DTF","CV2","5","1",0.668455555555556
"M2","genome-wide","DTM","CV2","5","1",0.538233333333333
"M3","genome-wide","DTM","CV2","5","1",0.4852
"M2","haplotype-tagged","DTM","CV2","5","1",0.512288888888889
"M3","haplotype-tagged","DTM","CV2","5","1",0.502033333333333
"M2","genome-wide","HSW","CV2","5","1",0.724277777777778
"M3","genome-wide","HSW","CV2","5","1",0.724722222222222
"M2","haplotype-tagged","HSW","CV2","5","1",0.715588888888889
"M3","haplotype-tagged","HSW","CV2","5","1",0.718944444444444
"M2","genome-wide","PH","CV2","5","1",0.530277777777778
"M3","genome-wide","PH","CV2","5","1",0.524511111111111
"M2","haplotype-tagged","PH","CV2","5","1",0.530555555555556
"M3","haplotype-tagged","PH","CV2","5","1",0.5358
"M2","genome-wide","PPP","CV2","5","1",0.202788888888889
"M3","genome-wide","PPP","CV2","5","1",0.202944444444444
"M2","haplotype-tagged","PPP","CV2","5","1",0.169311111111111
"M3","haplotype-tagged","PPP","CV2","5","1",0.157011111111111
"M2","genome-wide","YPPlnt","CV2","5","1",0.107088888888889
"M3","genome-wide","YPPlnt","CV2","5","1",0.0943
"M2","haplotype-tagged","YPPlnt","CV2","5","1",0.119733333333333
"M3","haplotype-tagged","YPPlnt","CV2","5","1",0.0947666666666667
"M2","genome-wide","DTF","CV0","6","1",0.55105
"M3","genome-wide","DTF","CV0","6","1",0.5494
"M2","haplotype-tagged","DTF","CV0","6","1",0.5509
"M3","haplotype-tagged","DTF","CV0","6","1",0.5528
"M2","genome-wide","DTM","CV0","6","1",0.36985
"M3","genome-wide","DTM","CV0","6","1",0.3697
"M2","haplotype-tagged","DTM","CV0","6","1",0.37845
"M3","haplotype-tagged","DTM","CV0","6","1",0.3777
"M2","genome-wide","HSW","CV0","6","1",0.67015
"M3","genome-wide","HSW","CV0","6","1",0.67
"M2","haplotype-tagged","HSW","CV0","6","1",0.6712
"M3","haplotype-tagged","HSW","CV0","6","1",0.67055
"M2","genome-wide","PH","CV0","6","1",0.59445
"M3","genome-wide","PH","CV0","6","1",0.60205
"M2","haplotype-tagged","PH","CV0","6","1",0.60155
"M3","haplotype-tagged","PH","CV0","6","1",0.59965
"M2","genome-wide","PPP","CV0","6","1",0.3005
"M3","genome-wide","PPP","CV0","6","1",0.2465
"M2","haplotype-tagged","PPP","CV0","6","1",0.27085
"M3","haplotype-tagged","PPP","CV0","6","1",0.2347
"M2","genome-wide","YPPlnt","CV0","6","1",0.1034
"M3","genome-wide","YPPlnt","CV0","6","1",0.0864
"M2","haplotype-tagged","YPPlnt","CV0","6","1",0.07015
"M3","haplotype-tagged","YPPlnt","CV0","6","1",0.0632
"M2","genome-wide","DTF","CV00","6","1",0.5737
"M3","genome-wide","DTF","CV00","6","1",0.60685
"M2","haplotype-tagged","DTF","CV00","6","1",0.44205
"M3","haplotype-tagged","DTF","CV00","6","1",0.4048
"M2","genome-wide","DTM","CV00","6","1",0.47075
"M3","genome-wide","DTM","CV00","6","1",0.46855
"M2","haplotype-tagged","DTM","CV00","6","1",0.294
"M3","haplotype-tagged","DTM","CV00","6","1",0.2052
"M2","genome-wide","HSW","CV00","6","1",0.80895
"M3","genome-wide","HSW","CV00","6","1",0.811
"M2","haplotype-tagged","HSW","CV00","6","1",0.70745
"M3","haplotype-tagged","HSW","CV00","6","1",0.71015
"M2","genome-wide","PH","CV00","6","1",0.33755
"M3","genome-wide","PH","CV00","6","1",0.3406
"M2","haplotype-tagged","PH","CV00","6","1",0.4106
"M3","haplotype-tagged","PH","CV00","6","1",0.38245
"M2","genome-wide","PPP","CV00","6","1",0.2264
"M3","genome-wide","PPP","CV00","6","1",0.2269
"M2","haplotype-tagged","PPP","CV00","6","1",0.1912
"M3","haplotype-tagged","PPP","CV00","6","1",0.13795
"M2","genome-wide","YPPlnt","CV00","6","1",0.08055
"M3","genome-wide","YPPlnt","CV00","6","1",0.1237
"M2","haplotype-tagged","YPPlnt","CV00","6","1",0.03975
"M3","haplotype-tagged","YPPlnt","CV00","6","1",-0.0531
"M2","genome-wide","DTF","CV1","6","1",0.354366666666667
"M3","genome-wide","DTF","CV1","6","1",0.3586
"M2","haplotype-tagged","DTF","CV1","6","1",0.324844444444444
"M3","haplotype-tagged","DTF","CV1","6","1",0.148266666666667
"M2","genome-wide","DTM","CV1","6","1",0.238188888888889
"M3","genome-wide","DTM","CV1","6","1",0.214233333333333
"M2","haplotype-tagged","DTM","CV1","6","1",0.121455555555556
"M3","haplotype-tagged","DTM","CV1","6","1",0.0835555555555556
"M2","genome-wide","HSW","CV1","6","1",0.694688888888889
"M3","genome-wide","HSW","CV1","6","1",0.693722222222222
"M2","haplotype-tagged","HSW","CV1","6","1",0.572022222222222
"M3","haplotype-tagged","HSW","CV1","6","1",0.487955555555556
"M2","genome-wide","PH","CV1","6","1",0.554044444444444
"M3","genome-wide","PH","CV1","6","1",0.5432
"M2","haplotype-tagged","PH","CV1","6","1",0.495311111111111
"M3","haplotype-tagged","PH","CV1","6","1",0.512855555555556
"M2","genome-wide","PPP","CV1","6","1",0.268222222222222
"M3","genome-wide","PPP","CV1","6","1",0.163922222222222
"M2","haplotype-tagged","PPP","CV1","6","1",0.218155555555556
"M3","haplotype-tagged","PPP","CV1","6","1",0.126811111111111
"M2","genome-wide","YPPlnt","CV1","6","1",0.152955555555556
"M3","genome-wide","YPPlnt","CV1","6","1",0.121533333333333
"M2","haplotype-tagged","YPPlnt","CV1","6","1",0.0222666666666667
"M3","haplotype-tagged","YPPlnt","CV1","6","1",0.00522222222222222
"M2","genome-wide","DTF","CV2","6","1",0.657833333333333
"M3","genome-wide","DTF","CV2","6","1",0.619422222222222
"M2","haplotype-tagged","DTF","CV2","6","1",0.645566666666667
"M3","haplotype-tagged","DTF","CV2","6","1",0.641355555555556
"M2","genome-wide","DTM","CV2","6","1",0.471388888888889
"M3","genome-wide","DTM","CV2","6","1",0.510966666666667
"M2","haplotype-tagged","DTM","CV2","6","1",0.456644444444444
"M3","haplotype-tagged","DTM","CV2","6","1",0.489122222222222
"M2","genome-wide","HSW","CV2","6","1",0.729766666666667
"M3","genome-wide","HSW","CV2","6","1",0.719222222222222
"M2","haplotype-tagged","HSW","CV2","6","1",0.726322222222222
"M3","haplotype-tagged","HSW","CV2","6","1",0.725211111111111
"M2","genome-wide","PH","CV2","6","1",0.518333333333333
"M3","genome-wide","PH","CV2","6","1",0.524788888888889
"M2","haplotype-tagged","PH","CV2","6","1",0.508022222222222
"M3","haplotype-tagged","PH","CV2","6","1",0.523777777777778
"M2","genome-wide","PPP","CV2","6","1",0.213555555555556
"M3","genome-wide","PPP","CV2","6","1",0.208822222222222
"M2","haplotype-tagged","PPP","CV2","6","1",0.168288888888889
"M3","haplotype-tagged","PPP","CV2","6","1",0.190533333333333
"M2","genome-wide","YPPlnt","CV2","6","1",0.216777777777778
"M3","genome-wide","YPPlnt","CV2","6","1",0.206133333333333
"M2","haplotype-tagged","YPPlnt","CV2","6","1",0.221688888888889
"M3","haplotype-tagged","YPPlnt","CV2","6","1",0.209466666666667
"M2","genome-wide","DTF","CV0","7","1",0.7334
"M3","genome-wide","DTF","CV0","7","1",0.7312
"M2","haplotype-tagged","DTF","CV0","7","1",0.7287
"M3","haplotype-tagged","DTF","CV0","7","1",0.7253
"M2","genome-wide","DTM","CV0","7","1",0.6532
"M3","genome-wide","DTM","CV0","7","1",0.6358
"M2","haplotype-tagged","DTM","CV0","7","1",0.62665
"M3","haplotype-tagged","DTM","CV0","7","1",0.61615
"M2","genome-wide","HSW","CV0","7","1",0.7717
"M3","genome-wide","HSW","CV0","7","1",0.7703
"M2","haplotype-tagged","HSW","CV0","7","1",0.76015
"M3","haplotype-tagged","HSW","CV0","7","1",0.76135
"M2","genome-wide","PH","CV0","7","1",0.72735
"M3","genome-wide","PH","CV0","7","1",0.72145
"M2","haplotype-tagged","PH","CV0","7","1",0.71095
"M3","haplotype-tagged","PH","CV0","7","1",0.70555
"M2","genome-wide","PPP","CV0","7","1",0.2491
"M3","genome-wide","PPP","CV0","7","1",0.24125
"M2","haplotype-tagged","PPP","CV0","7","1",0.22275
"M3","haplotype-tagged","PPP","CV0","7","1",0.2052
"M2","genome-wide","YPPlnt","CV0","7","1",0.14215
"M3","genome-wide","YPPlnt","CV0","7","1",0.1311
"M2","haplotype-tagged","YPPlnt","CV0","7","1",0.1207
"M3","haplotype-tagged","YPPlnt","CV0","7","1",0.11165
"M2","genome-wide","DTF","CV00","7","1",0.32945
"M3","genome-wide","DTF","CV00","7","1",0.33275
"M2","haplotype-tagged","DTF","CV00","7","1",0.2624
"M3","haplotype-tagged","DTF","CV00","7","1",0.32085
"M2","genome-wide","DTM","CV00","7","1",0.2869
"M3","genome-wide","DTM","CV00","7","1",0.273
"M2","haplotype-tagged","DTM","CV00","7","1",0.2741
"M3","haplotype-tagged","DTM","CV00","7","1",0.2591
"M2","genome-wide","HSW","CV00","7","1",0.35565
"M3","genome-wide","HSW","CV00","7","1",0.3642
"M2","haplotype-tagged","HSW","CV00","7","1",0.3287
"M3","haplotype-tagged","HSW","CV00","7","1",0.3109
"M2","genome-wide","PH","CV00","7","1",0.53935
"M3","genome-wide","PH","CV00","7","1",0.5385
"M2","haplotype-tagged","PH","CV00","7","1",0.49185
"M3","haplotype-tagged","PH","CV00","7","1",0.48515
"M2","genome-wide","PPP","CV00","7","1",0.0561
"M3","genome-wide","PPP","CV00","7","1",0.0473
"M2","haplotype-tagged","PPP","CV00","7","1",0.0474
"M3","haplotype-tagged","PPP","CV00","7","1",-0.08885
"M2","genome-wide","YPPlnt","CV00","7","1",0.0116
"M3","genome-wide","YPPlnt","CV00","7","1",0.0157
"M2","haplotype-tagged","YPPlnt","CV00","7","1",0.3171
"M3","haplotype-tagged","YPPlnt","CV00","7","1",0.20295
"M2","genome-wide","DTF","CV1","7","1",0.520555555555556
"M3","genome-wide","DTF","CV1","7","1",0.489677777777778
"M2","haplotype-tagged","DTF","CV1","7","1",0.3728
"M3","haplotype-tagged","DTF","CV1","7","1",0.326177777777778
"M2","genome-wide","DTM","CV1","7","1",0.321777777777778
"M3","genome-wide","DTM","CV1","7","1",0.307622222222222
"M2","haplotype-tagged","DTM","CV1","7","1",0.224877777777778
"M3","haplotype-tagged","DTM","CV1","7","1",0.2357
"M2","genome-wide","HSW","CV1","7","1",0.598744444444444
"M3","genome-wide","HSW","CV1","7","1",0.5916
"M2","haplotype-tagged","HSW","CV1","7","1",0.493911111111111
"M3","haplotype-tagged","HSW","CV1","7","1",0.475111111111111
"M2","genome-wide","PH","CV1","7","1",0.391433333333333
"M3","genome-wide","PH","CV1","7","1",0.414377777777778
"M2","haplotype-tagged","PH","CV1","7","1",0.338433333333333
"M3","haplotype-tagged","PH","CV1","7","1",0.340677777777778
"M2","genome-wide","PPP","CV1","7","1",0.163311111111111
"M3","genome-wide","PPP","CV1","7","1",0.134777777777778
"M2","haplotype-tagged","PPP","CV1","7","1",0.116644444444444
"M3","haplotype-tagged","PPP","CV1","7","1",0.0746444444444444
"M2","genome-wide","YPPlnt","CV1","7","1",0.073
"M3","genome-wide","YPPlnt","CV1","7","1",0.103322222222222
"M2","haplotype-tagged","YPPlnt","CV1","7","1",0.190688888888889
"M3","haplotype-tagged","YPPlnt","CV1","7","1",0.111233333333333
"M2","genome-wide","DTF","CV2","7","1",0.626455555555556
"M3","genome-wide","DTF","CV2","7","1",0.6353
"M2","haplotype-tagged","DTF","CV2","7","1",0.616266666666667
"M3","haplotype-tagged","DTF","CV2","7","1",0.636377777777778
"M2","genome-wide","DTM","CV2","7","1",0.4785
"M3","genome-wide","DTM","CV2","7","1",0.460322222222222
"M2","haplotype-tagged","DTM","CV2","7","1",0.456366666666667
"M3","haplotype-tagged","DTM","CV2","7","1",0.4629
"M2","genome-wide","HSW","CV2","7","1",0.768544444444444
"M3","genome-wide","HSW","CV2","7","1",0.770933333333333
"M2","haplotype-tagged","HSW","CV2","7","1",0.7596
"M3","haplotype-tagged","HSW","CV2","7","1",0.761155555555556
"M2","genome-wide","PH","CV2","7","1",0.604855555555556
"M3","genome-wide","PH","CV2","7","1",0.587577777777778
"M2","haplotype-tagged","PH","CV2","7","1",0.601611111111111
"M3","haplotype-tagged","PH","CV2","7","1",0.594677777777778
"M2","genome-wide","PPP","CV2","7","1",0.243011111111111
"M3","genome-wide","PPP","CV2","7","1",0.184066666666667
"M2","haplotype-tagged","PPP","CV2","7","1",0.203944444444444
"M3","haplotype-tagged","PPP","CV2","7","1",0.170433333333333
"M2","genome-wide","YPPlnt","CV2","7","1",0.131311111111111
"M3","genome-wide","YPPlnt","CV2","7","1",0.120755555555556
"M2","haplotype-tagged","YPPlnt","CV2","7","1",0.112777777777778
"M3","haplotype-tagged","YPPlnt","CV2","7","1",0.109177777777778
"M2","genome-wide","DTF","CV0","8","1",0.4926
"M3","genome-wide","DTF","CV0","8","1",0.49325
"M2","haplotype-tagged","DTF","CV0","8","1",0.49525
"M3","haplotype-tagged","DTF","CV0","8","1",0.4914
"M2","genome-wide","DTM","CV0","8","1",0.38895
"M3","genome-wide","DTM","CV0","8","1",0.3935
"M2","haplotype-tagged","DTM","CV0","8","1",0.388
"M3","haplotype-tagged","DTM","CV0","8","1",0.38115
"M2","genome-wide","HSW","CV0","8","1",0.6948
"M3","genome-wide","HSW","CV0","8","1",0.69685
"M2","haplotype-tagged","HSW","CV0","8","1",0.6976
"M3","haplotype-tagged","HSW","CV0","8","1",0.6983
"M2","genome-wide","PH","CV0","8","1",0.6195
"M3","genome-wide","PH","CV0","8","1",0.6171
"M2","haplotype-tagged","PH","CV0","8","1",0.6176
"M3","haplotype-tagged","PH","CV0","8","1",0.61465
"M2","genome-wide","PPP","CV0","8","1",0.1277
"M3","genome-wide","PPP","CV0","8","1",0.127
"M2","haplotype-tagged","PPP","CV0","8","1",0.119
"M3","haplotype-tagged","PPP","CV0","8","1",0.11025
"M2","genome-wide","YPPlnt","CV0","8","1",0.14375
"M3","genome-wide","YPPlnt","CV0","8","1",0.1376
"M2","haplotype-tagged","YPPlnt","CV0","8","1",0.14235
"M3","haplotype-tagged","YPPlnt","CV0","8","1",0.1399
"M2","genome-wide","DTF","CV00","8","1",0.40065
"M3","genome-wide","DTF","CV00","8","1",0.3772
"M2","haplotype-tagged","DTF","CV00","8","1",0.38545
"M3","haplotype-tagged","DTF","CV00","8","1",0.24175
"M2","genome-wide","DTM","CV00","8","1",0.42455
"M3","genome-wide","DTM","CV00","8","1",0.3988
"M2","haplotype-tagged","DTM","CV00","8","1",0.3687
"M3","haplotype-tagged","DTM","CV00","8","1",0.10545
"M2","genome-wide","HSW","CV00","8","1",0.64425
"M3","genome-wide","HSW","CV00","8","1",0.64565
"M2","haplotype-tagged","HSW","CV00","8","1",0.49855
"M3","haplotype-tagged","HSW","CV00","8","1",0.50755
"M2","genome-wide","PH","CV00","8","1",0.60585
"M3","genome-wide","PH","CV00","8","1",0.5812
"M2","haplotype-tagged","PH","CV00","8","1",0.5462
"M3","haplotype-tagged","PH","CV00","8","1",0.45205
"M2","genome-wide","PPP","CV00","8","1",0.23055
"M3","genome-wide","PPP","CV00","8","1",0.18115
"M2","haplotype-tagged","PPP","CV00","8","1",-0.0411
"M3","haplotype-tagged","PPP","CV00","8","1",0.0325
"M2","genome-wide","YPPlnt","CV00","8","1",0.2485
"M3","genome-wide","YPPlnt","CV00","8","1",0.2163
"M2","haplotype-tagged","YPPlnt","CV00","8","1",0.19015
"M3","haplotype-tagged","YPPlnt","CV00","8","1",0.05795
"M2","genome-wide","DTF","CV1","8","1",0.497466666666667
"M3","genome-wide","DTF","CV1","8","1",0.508944444444444
"M2","haplotype-tagged","DTF","CV1","8","1",0.432622222222222
"M3","haplotype-tagged","DTF","CV1","8","1",0.429711111111111
"M2","genome-wide","DTM","CV1","8","1",0.351777777777778
"M3","genome-wide","DTM","CV1","8","1",0.336155555555556
"M2","haplotype-tagged","DTM","CV1","8","1",0.312233333333333
"M3","haplotype-tagged","DTM","CV1","8","1",0.315966666666667
"M2","genome-wide","HSW","CV1","8","1",0.540644444444444
"M3","genome-wide","HSW","CV1","8","1",0.547588888888889
"M2","haplotype-tagged","HSW","CV1","8","1",0.4653
"M3","haplotype-tagged","HSW","CV1","8","1",0.477944444444444
"M2","genome-wide","PH","CV1","8","1",0.414588888888889
"M3","genome-wide","PH","CV1","8","1",0.427688888888889
"M2","haplotype-tagged","PH","CV1","8","1",0.4913
"M3","haplotype-tagged","PH","CV1","8","1",0.448488888888889
"M2","genome-wide","PPP","CV1","8","1",0.255188888888889
"M3","genome-wide","PPP","CV1","8","1",0.190111111111111
"M2","haplotype-tagged","PPP","CV1","8","1",0.252088888888889
"M3","haplotype-tagged","PPP","CV1","8","1",0.1723
"M2","genome-wide","YPPlnt","CV1","8","1",0.114855555555556
"M3","genome-wide","YPPlnt","CV1","8","1",0.0600222222222222
"M2","haplotype-tagged","YPPlnt","CV1","8","1",0.00236666666666667
"M3","haplotype-tagged","YPPlnt","CV1","8","1",-0.0122
"M2","genome-wide","DTF","CV2","8","1",0.621477777777778
"M3","genome-wide","DTF","CV2","8","1",0.612611111111111
"M2","haplotype-tagged","DTF","CV2","8","1",0.607544444444444
"M3","haplotype-tagged","DTF","CV2","8","1",0.614822222222222
"M2","genome-wide","DTM","CV2","8","1",0.468266666666667
"M3","genome-wide","DTM","CV2","8","1",0.480011111111111
"M2","haplotype-tagged","DTM","CV2","8","1",0.455055555555556
"M3","haplotype-tagged","DTM","CV2","8","1",0.4805
"M2","genome-wide","HSW","CV2","8","1",0.757633333333333
"M3","genome-wide","HSW","CV2","8","1",0.7481
"M2","haplotype-tagged","HSW","CV2","8","1",0.759222222222222
"M3","haplotype-tagged","HSW","CV2","8","1",0.7574
"M2","genome-wide","PH","CV2","8","1",0.593166666666667
"M3","genome-wide","PH","CV2","8","1",0.577055555555556
"M2","haplotype-tagged","PH","CV2","8","1",0.585733333333333
"M3","haplotype-tagged","PH","CV2","8","1",0.593544444444444
"M2","genome-wide","PPP","CV2","8","1",0.174411111111111
"M3","genome-wide","PPP","CV2","8","1",0.164733333333333
"M2","haplotype-tagged","PPP","CV2","8","1",0.136155555555556
"M3","haplotype-tagged","PPP","CV2","8","1",0.163322222222222
"M2","genome-wide","YPPlnt","CV2","8","1",0.0660444444444444
"M3","genome-wide","YPPlnt","CV2","8","1",0.0641111111111111
"M2","haplotype-tagged","YPPlnt","CV2","8","1",0.0466222222222222
"M3","haplotype-tagged","YPPlnt","CV2","8","1",0.0408111111111111
"M2","genome-wide","DTF","CV0","9","1",0.77885
"M3","genome-wide","DTF","CV0","9","1",0.7812
"M2","haplotype-tagged","DTF","CV0","9","1",0.77825
"M3","haplotype-tagged","DTF","CV0","9","1",0.77645
"M2","genome-wide","DTM","CV0","9","1",0.6948
"M3","genome-wide","DTM","CV0","9","1",0.68545
"M2","haplotype-tagged","DTM","CV0","9","1",0.6642
"M3","haplotype-tagged","DTM","CV0","9","1",0.64615
"M2","genome-wide","HSW","CV0","9","1",0.82385
"M3","genome-wide","HSW","CV0","9","1",0.8204
"M2","haplotype-tagged","HSW","CV0","9","1",0.812
"M3","haplotype-tagged","HSW","CV0","9","1",0.81055
"M2","genome-wide","PH","CV0","9","1",0.766
"M3","genome-wide","PH","CV0","9","1",0.75575
"M2","haplotype-tagged","PH","CV0","9","1",0.74945
"M3","haplotype-tagged","PH","CV0","9","1",0.7422
"M2","genome-wide","PPP","CV0","9","1",0.2191
"M3","genome-wide","PPP","CV0","9","1",0.19065
"M2","haplotype-tagged","PPP","CV0","9","1",0.18565
"M3","haplotype-tagged","PPP","CV0","9","1",0.1666
"M2","genome-wide","YPPlnt","CV0","9","1",0.16615
"M3","genome-wide","YPPlnt","CV0","9","1",0.1617
"M2","haplotype-tagged","YPPlnt","CV0","9","1",0.1566
"M3","haplotype-tagged","YPPlnt","CV0","9","1",0.14585
"M2","genome-wide","DTF","CV00","9","1",0.42185
"M3","genome-wide","DTF","CV00","9","1",0.44455
"M2","haplotype-tagged","DTF","CV00","9","1",0.18055
"M3","haplotype-tagged","DTF","CV00","9","1",0.3454
"M2","genome-wide","DTM","CV00","9","1",0.3329
"M3","genome-wide","DTM","CV00","9","1",0.3471
"M2","haplotype-tagged","DTM","CV00","9","1",0.20785
"M3","haplotype-tagged","DTM","CV00","9","1",0.15115
"M2","genome-wide","HSW","CV00","9","1",0.5266
"M3","genome-wide","HSW","CV00","9","1",0.5391
"M2","haplotype-tagged","HSW","CV00","9","1",0.5845
"M3","haplotype-tagged","HSW","CV00","9","1",0.56885
"M2","genome-wide","PH","CV00","9","1",0.21455
"M3","genome-wide","PH","CV00","9","1",0.2304
"M2","haplotype-tagged","PH","CV00","9","1",0.21365
"M3","haplotype-tagged","PH","CV00","9","1",0.26965
"M2","genome-wide","PPP","CV00","9","1",0.23255
"M3","genome-wide","PPP","CV00","9","1",0.2475
"M2","haplotype-tagged","PPP","CV00","9","1",0.15585
"M3","haplotype-tagged","PPP","CV00","9","1",0.0829
"M2","genome-wide","YPPlnt","CV00","9","1",0.25635
"M3","genome-wide","YPPlnt","CV00","9","1",0.27655
"M2","haplotype-tagged","YPPlnt","CV00","9","1",0.18825
"M3","haplotype-tagged","YPPlnt","CV00","9","1",0.096
"M2","genome-wide","DTF","CV1","9","1",0.472044444444444
"M3","genome-wide","DTF","CV1","9","1",0.438066666666667
"M2","haplotype-tagged","DTF","CV1","9","1",0.218033333333333
"M3","haplotype-tagged","DTF","CV1","9","1",0.272122222222222
"M2","genome-wide","DTM","CV1","9","1",0.345533333333333
"M3","genome-wide","DTM","CV1","9","1",0.314566666666667
"M2","haplotype-tagged","DTM","CV1","9","1",0.320066666666667
"M3","haplotype-tagged","DTM","CV1","9","1",0.112588888888889
"M2","genome-wide","HSW","CV1","9","1",0.456977777777778
"M3","genome-wide","HSW","CV1","9","1",0.458355555555556
"M2","haplotype-tagged","HSW","CV1","9","1",0.329922222222222
"M3","haplotype-tagged","HSW","CV1","9","1",0.430288888888889
"M2","genome-wide","PH","CV1","9","1",0.439744444444444
"M3","genome-wide","PH","CV1","9","1",0.388133333333333
"M2","haplotype-tagged","PH","CV1","9","1",0.390088888888889
"M3","haplotype-tagged","PH","CV1","9","1",0.344222222222222
"M2","genome-wide","PPP","CV1","9","1",0.215955555555556
"M3","genome-wide","PPP","CV1","9","1",0.213988888888889
"M2","haplotype-tagged","PPP","CV1","9","1",0.1936
"M3","haplotype-tagged","PPP","CV1","9","1",0.103688888888889
"M2","genome-wide","YPPlnt","CV1","9","1",0.186611111111111
"M3","genome-wide","YPPlnt","CV1","9","1",0.136944444444444
"M2","haplotype-tagged","YPPlnt","CV1","9","1",0.134777777777778
"M3","haplotype-tagged","YPPlnt","CV1","9","1",0.142611111111111
"M2","genome-wide","DTF","CV2","9","1",0.603466666666667
"M3","genome-wide","DTF","CV2","9","1",0.608911111111111
"M2","haplotype-tagged","DTF","CV2","9","1",0.592177777777778
"M3","haplotype-tagged","DTF","CV2","9","1",0.599288888888889
"M2","genome-wide","DTM","CV2","9","1",0.527133333333333
"M3","genome-wide","DTM","CV2","9","1",0.532866666666667
"M2","haplotype-tagged","DTM","CV2","9","1",0.502155555555556
"M3","haplotype-tagged","DTM","CV2","9","1",0.516711111111111
"M2","genome-wide","HSW","CV2","9","1",0.771866666666667
"M3","genome-wide","HSW","CV2","9","1",0.757866666666667
"M2","haplotype-tagged","HSW","CV2","9","1",0.774788888888889
"M3","haplotype-tagged","HSW","CV2","9","1",0.7727
"M2","genome-wide","PH","CV2","9","1",0.573188888888889
"M3","genome-wide","PH","CV2","9","1",0.553988888888889
"M2","haplotype-tagged","PH","CV2","9","1",0.560166666666667
"M3","haplotype-tagged","PH","CV2","9","1",0.559955555555556
"M2","genome-wide","PPP","CV2","9","1",0.199122222222222
"M3","genome-wide","PPP","CV2","9","1",0.266155555555556
"M2","haplotype-tagged","PPP","CV2","9","1",0.182055555555556
"M3","haplotype-tagged","PPP","CV2","9","1",0.2224
"M2","genome-wide","YPPlnt","CV2","9","1",0.0319777777777778
"M3","genome-wide","YPPlnt","CV2","9","1",0.0499666666666667
"M2","haplotype-tagged","YPPlnt","CV2","9","1",0.0344888888888889
"M3","haplotype-tagged","YPPlnt","CV2","9","1",0.0450555555555556
"M2","genome-wide","DTF","CV0","10","1",0.6884
"M3","genome-wide","DTF","CV0","10","1",0.69055
"M2","haplotype-tagged","DTF","CV0","10","1",0.68415
"M3","haplotype-tagged","DTF","CV0","10","1",0.68375
"M2","genome-wide","DTM","CV0","10","1",0.53575
"M3","genome-wide","DTM","CV0","10","1",0.5392
"M2","haplotype-tagged","DTM","CV0","10","1",0.5247
"M3","haplotype-tagged","DTM","CV0","10","1",0.5159
"M2","genome-wide","HSW","CV0","10","1",0.76615
"M3","genome-wide","HSW","CV0","10","1",0.76655
"M2","haplotype-tagged","HSW","CV0","10","1",0.7622
"M3","haplotype-tagged","HSW","CV0","10","1",0.7618
"M2","genome-wide","PH","CV0","10","1",0.759
"M3","genome-wide","PH","CV0","10","1",0.75525
"M2","haplotype-tagged","PH","CV0","10","1",0.7523
"M3","haplotype-tagged","PH","CV0","10","1",0.7443
"M2","genome-wide","PPP","CV0","10","1",0.3389
"M3","genome-wide","PPP","CV0","10","1",0.2978
"M2","haplotype-tagged","PPP","CV0","10","1",0.29275
"M3","haplotype-tagged","PPP","CV0","10","1",0.2439
"M2","genome-wide","YPPlnt","CV0","10","1",0.17475
"M3","genome-wide","YPPlnt","CV0","10","1",0.1619
"M2","haplotype-tagged","YPPlnt","CV0","10","1",0.15625
"M3","haplotype-tagged","YPPlnt","CV0","10","1",0.14975
"M2","genome-wide","DTF","CV00","10","1",0.28175
"M3","genome-wide","DTF","CV00","10","1",0.2994
"M2","haplotype-tagged","DTF","CV00","10","1",0.15035
"M3","haplotype-tagged","DTF","CV00","10","1",0.05725
"M2","genome-wide","DTM","CV00","10","1",0.09505
"M3","genome-wide","DTM","CV00","10","1",0.1061
"M2","haplotype-tagged","DTM","CV00","10","1",0.04465
"M3","haplotype-tagged","DTM","CV00","10","1",0.05335
"M2","genome-wide","HSW","CV00","10","1",0.21875
"M3","genome-wide","HSW","CV00","10","1",0.2221
"M2","haplotype-tagged","HSW","CV00","10","1",0.14585
"M3","haplotype-tagged","HSW","CV00","10","1",0.11195
"M2","genome-wide","PH","CV00","10","1",0.339
"M3","genome-wide","PH","CV00","10","1",0.33215
"M2","haplotype-tagged","PH","CV00","10","1",0.46745
"M3","haplotype-tagged","PH","CV00","10","1",0.4132
"M2","genome-wide","PPP","CV00","10","1",0.3037
"M3","genome-wide","PPP","CV00","10","1",0.3043
"M2","haplotype-tagged","PPP","CV00","10","1",0.1488
"M3","haplotype-tagged","PPP","CV00","10","1",0.09055
"M2","genome-wide","YPPlnt","CV00","10","1",0.15635
"M3","genome-wide","YPPlnt","CV00","10","1",0.11135
"M2","haplotype-tagged","YPPlnt","CV00","10","1",0.0219
"M3","haplotype-tagged","YPPlnt","CV00","10","1",-0.0126
"M2","genome-wide","DTF","CV1","10","1",0.402277777777778
"M3","genome-wide","DTF","CV1","10","1",0.432544444444444
"M2","haplotype-tagged","DTF","CV1","10","1",0.213533333333333
"M3","haplotype-tagged","DTF","CV1","10","1",0.253122222222222
"M2","genome-wide","DTM","CV1","10","1",0.36
"M3","genome-wide","DTM","CV1","10","1",0.382788888888889
"M2","haplotype-tagged","DTM","CV1","10","1",0.237088888888889
"M3","haplotype-tagged","DTM","CV1","10","1",0.2169
"M2","genome-wide","HSW","CV1","10","1",0.640677777777778
"M3","genome-wide","HSW","CV1","10","1",0.619466666666667
"M2","haplotype-tagged","HSW","CV1","10","1",0.485511111111111
"M3","haplotype-tagged","HSW","CV1","10","1",0.506422222222222
"M2","genome-wide","PH","CV1","10","1",0.303566666666667
"M3","genome-wide","PH","CV1","10","1",0.3412
"M2","haplotype-tagged","PH","CV1","10","1",0.307188888888889
"M3","haplotype-tagged","PH","CV1","10","1",0.299766666666667
"M2","genome-wide","PPP","CV1","10","1",0.1691
"M3","genome-wide","PPP","CV1","10","1",0.181466666666667
"M2","haplotype-tagged","PPP","CV1","10","1",0.156588888888889
"M3","haplotype-tagged","PPP","CV1","10","1",0.103322222222222
"M2","genome-wide","YPPlnt","CV1","10","1",0.123333333333333
"M3","genome-wide","YPPlnt","CV1","10","1",0.123266666666667
"M2","haplotype-tagged","YPPlnt","CV1","10","1",0.0660777777777778
"M3","haplotype-tagged","YPPlnt","CV1","10","1",0.0937444444444444
"M2","genome-wide","DTF","CV2","10","1",0.624244444444444
"M3","genome-wide","DTF","CV2","10","1",0.612666666666667
"M2","haplotype-tagged","DTF","CV2","10","1",0.607366666666667
"M3","haplotype-tagged","DTF","CV2","10","1",0.6138
"M2","genome-wide","DTM","CV2","10","1",0.483477777777778
"M3","genome-wide","DTM","CV2","10","1",0.5069
"M2","haplotype-tagged","DTM","CV2","10","1",0.465922222222222
"M3","haplotype-tagged","DTM","CV2","10","1",0.493811111111111
"M2","genome-wide","HSW","CV2","10","1",0.719244444444444
"M3","genome-wide","HSW","CV2","10","1",0.724911111111111
"M2","haplotype-tagged","HSW","CV2","10","1",0.719155555555556
"M3","haplotype-tagged","HSW","CV2","10","1",0.7222
"M2","genome-wide","PH","CV2","10","1",0.585977777777778
"M3","genome-wide","PH","CV2","10","1",0.5525
"M2","haplotype-tagged","PH","CV2","10","1",0.583788888888889
"M3","haplotype-tagged","PH","CV2","10","1",0.5682
"M2","genome-wide","PPP","CV2","10","1",0.202077777777778
"M3","genome-wide","PPP","CV2","10","1",0.174833333333333
"M2","haplotype-tagged","PPP","CV2","10","1",0.163577777777778
"M3","haplotype-tagged","PPP","CV2","10","1",0.155577777777778
"M2","genome-wide","YPPlnt","CV2","10","1",0.123911111111111
"M3","genome-wide","YPPlnt","CV2","10","1",0.170744444444444
"M2","haplotype-tagged","YPPlnt","CV2","10","1",0.117355555555556
"M3","haplotype-tagged","YPPlnt","CV2","10","1",0.130844444444444
"M2","genome-wide","DTF","CV0","1","2",0.63285
"M3","genome-wide","DTF","CV0","1","2",0.62665
"M2","haplotype-tagged","DTF","CV0","1","2",0.6257
"M3","haplotype-tagged","DTF","CV0","1","2",0.62055
"M2","genome-wide","DTM","CV0","1","2",0.4584
"M3","genome-wide","DTM","CV0","1","2",0.4623
"M2","haplotype-tagged","DTM","CV0","1","2",0.45985
"M3","haplotype-tagged","DTM","CV0","1","2",0.46165
"M2","genome-wide","HSW","CV0","1","2",0.79135
"M3","genome-wide","HSW","CV0","1","2",0.7908
"M2","haplotype-tagged","HSW","CV0","1","2",0.7888
"M3","haplotype-tagged","HSW","CV0","1","2",0.788
"M2","genome-wide","PH","CV0","1","2",0.28095
"M3","genome-wide","PH","CV0","1","2",0.28425
"M2","haplotype-tagged","PH","CV0","1","2",0.2858
"M3","haplotype-tagged","PH","CV0","1","2",0.286
"M2","genome-wide","PPP","CV0","1","2",0.1629
"M3","genome-wide","PPP","CV0","1","2",0.14475
"M2","haplotype-tagged","PPP","CV0","1","2",0.14565
"M3","haplotype-tagged","PPP","CV0","1","2",0.1071
"M2","genome-wide","YPPlnt","CV0","1","2",0.10435
"M3","genome-wide","YPPlnt","CV0","1","2",0.09415
"M2","haplotype-tagged","YPPlnt","CV0","1","2",0.08175
"M3","haplotype-tagged","YPPlnt","CV0","1","2",0.08855
"M2","genome-wide","DTF","CV00","1","2",0.0162
"M3","genome-wide","DTF","CV00","1","2",0.003
"M2","haplotype-tagged","DTF","CV00","1","2",0.03635
"M3","haplotype-tagged","DTF","CV00","1","2",0.0664
"M2","genome-wide","DTM","CV00","1","2",0.1647
"M3","genome-wide","DTM","CV00","1","2",0.16355
"M2","haplotype-tagged","DTM","CV00","1","2",0.21835
"M3","haplotype-tagged","DTM","CV00","1","2",0.2644
"M2","genome-wide","HSW","CV00","1","2",0.46555
"M3","genome-wide","HSW","CV00","1","2",0.44325
"M2","haplotype-tagged","HSW","CV00","1","2",0.44305
"M3","haplotype-tagged","HSW","CV00","1","2",0.4562
"M2","genome-wide","PH","CV00","1","2",0.1298
"M3","genome-wide","PH","CV00","1","2",0.1129
"M2","haplotype-tagged","PH","CV00","1","2",0.14405
"M3","haplotype-tagged","PH","CV00","1","2",0.155
"M2","genome-wide","PPP","CV00","1","2",0.0371
"M3","genome-wide","PPP","CV00","1","2",0.0513
"M2","haplotype-tagged","PPP","CV00","1","2",0.0649
"M3","haplotype-tagged","PPP","CV00","1","2",0.14435
"M2","genome-wide","YPPlnt","CV00","1","2",0.14725
"M3","genome-wide","YPPlnt","CV00","1","2",0.062
"M2","haplotype-tagged","YPPlnt","CV00","1","2",-0.05385
"M3","haplotype-tagged","YPPlnt","CV00","1","2",0.00765
"M2","genome-wide","DTF","CV1","1","2",0.506144444444445
"M3","genome-wide","DTF","CV1","1","2",0.5221
"M2","haplotype-tagged","DTF","CV1","1","2",0.218688888888889
"M3","haplotype-tagged","DTF","CV1","1","2",0.269244444444444
"M2","genome-wide","DTM","CV1","1","2",0.425277777777778
"M3","genome-wide","DTM","CV1","1","2",0.435288888888889
"M2","haplotype-tagged","DTM","CV1","1","2",0.252677777777778
"M3","haplotype-tagged","DTM","CV1","1","2",0.337955555555556
"M2","genome-wide","HSW","CV1","1","2",0.667988888888889
"M3","genome-wide","HSW","CV1","1","2",0.654488888888889
"M2","haplotype-tagged","HSW","CV1","1","2",0.594266666666667
"M3","haplotype-tagged","HSW","CV1","1","2",0.573833333333333
"M2","genome-wide","PH","CV1","1","2",0.456488888888889
"M3","genome-wide","PH","CV1","1","2",0.469988888888889
"M2","haplotype-tagged","PH","CV1","1","2",0.438711111111111
"M3","haplotype-tagged","PH","CV1","1","2",0.448544444444444
"M2","genome-wide","PPP","CV1","1","2",0.260188888888889
"M3","genome-wide","PPP","CV1","1","2",0.198544444444444
"M2","haplotype-tagged","PPP","CV1","1","2",0.219655555555556
"M3","haplotype-tagged","PPP","CV1","1","2",0.135977777777778
"M2","genome-wide","YPPlnt","CV1","1","2",0.116855555555556
"M3","genome-wide","YPPlnt","CV1","1","2",0.104322222222222
"M2","haplotype-tagged","YPPlnt","CV1","1","2",0.0158333333333333
"M3","haplotype-tagged","YPPlnt","CV1","1","2",-0.0618777777777778
"M2","genome-wide","DTF","CV2","1","2",0.605477777777778
"M3","genome-wide","DTF","CV2","1","2",0.601822222222222
"M2","haplotype-tagged","DTF","CV2","1","2",0.602533333333333
"M3","haplotype-tagged","DTF","CV2","1","2",0.607366666666667
"M2","genome-wide","DTM","CV2","1","2",0.4662
"M3","genome-wide","DTM","CV2","1","2",0.470811111111111
"M2","haplotype-tagged","DTM","CV2","1","2",0.4539
"M3","haplotype-tagged","DTM","CV2","1","2",0.465944444444444
"M2","genome-wide","HSW","CV2","1","2",0.669611111111111
"M3","genome-wide","HSW","CV2","1","2",0.6687
"M2","haplotype-tagged","HSW","CV2","1","2",0.666433333333333
"M3","haplotype-tagged","HSW","CV2","1","2",0.667777777777778
"M2","genome-wide","PH","CV2","1","2",0.571755555555556
"M3","genome-wide","PH","CV2","1","2",0.573022222222222
"M2","haplotype-tagged","PH","CV2","1","2",0.566233333333333
"M3","haplotype-tagged","PH","CV2","1","2",0.565344444444444
"M2","genome-wide","PPP","CV2","1","2",0.161888888888889
"M3","genome-wide","PPP","CV2","1","2",0.177744444444444
"M2","haplotype-tagged","PPP","CV2","1","2",0.128666666666667
"M3","haplotype-tagged","PPP","CV2","1","2",0.166666666666667
"M2","genome-wide","YPPlnt","CV2","1","2",0.0916333333333333
"M3","genome-wide","YPPlnt","CV2","1","2",0.0634555555555556
"M2","haplotype-tagged","YPPlnt","CV2","1","2",0.0727777777777778
"M3","haplotype-tagged","YPPlnt","CV2","1","2",0.0952
"M2","genome-wide","DTF","CV0","2","2",0.64285
"M3","genome-wide","DTF","CV0","2","2",0.64535
"M2","haplotype-tagged","DTF","CV0","2","2",0.647
"M3","haplotype-tagged","DTF","CV0","2","2",0.646
"M2","genome-wide","DTM","CV0","2","2",0.5321
"M3","genome-wide","DTM","CV0","2","2",0.5333
"M2","haplotype-tagged","DTM","CV0","2","2",0.53145
"M3","haplotype-tagged","DTM","CV0","2","2",0.53825
"M2","genome-wide","HSW","CV0","2","2",0.7792
"M3","genome-wide","HSW","CV0","2","2",0.77895
"M2","haplotype-tagged","HSW","CV0","2","2",0.7761
"M3","haplotype-tagged","HSW","CV0","2","2",0.7758
"M2","genome-wide","PH","CV0","2","2",0.6701
"M3","genome-wide","PH","CV0","2","2",0.66675
"M2","haplotype-tagged","PH","CV0","2","2",0.6588
"M3","haplotype-tagged","PH","CV0","2","2",0.65745
"M2","genome-wide","PPP","CV0","2","2",0.1174
"M3","genome-wide","PPP","CV0","2","2",0.11325
"M2","haplotype-tagged","PPP","CV0","2","2",0.10555
"M3","haplotype-tagged","PPP","CV0","2","2",0.08865
"M2","genome-wide","YPPlnt","CV0","2","2",0.19975
"M3","genome-wide","YPPlnt","CV0","2","2",0.18285
"M2","haplotype-tagged","YPPlnt","CV0","2","2",0.18525
"M3","haplotype-tagged","YPPlnt","CV0","2","2",0.18755
"M2","genome-wide","DTF","CV00","2","2",0.63745
"M3","genome-wide","DTF","CV00","2","2",0.66055
"M2","haplotype-tagged","DTF","CV00","2","2",0.4164
"M3","haplotype-tagged","DTF","CV00","2","2",0.4058
"M2","genome-wide","DTM","CV00","2","2",0.16175
"M3","genome-wide","DTM","CV00","2","2",0.17185
"M2","haplotype-tagged","DTM","CV00","2","2",0.1363
"M3","haplotype-tagged","DTM","CV00","2","2",0.3164
"M2","genome-wide","HSW","CV00","2","2",0.6487
"M3","genome-wide","HSW","CV00","2","2",0.64785
"M2","haplotype-tagged","HSW","CV00","2","2",0.59755
"M3","haplotype-tagged","HSW","CV00","2","2",0.62855
"M2","genome-wide","PH","CV00","2","2",0.27225
"M3","genome-wide","PH","CV00","2","2",0.27565
"M2","haplotype-tagged","PH","CV00","2","2",0.20835
"M3","haplotype-tagged","PH","CV00","2","2",0.1713
"M2","genome-wide","PPP","CV00","2","2",0.0846
"M3","genome-wide","PPP","CV00","2","2",0.0739
"M2","haplotype-tagged","PPP","CV00","2","2",0.1123
"M3","haplotype-tagged","PPP","CV00","2","2",-0.1356
"M2","genome-wide","YPPlnt","CV00","2","2",0.0327
"M3","genome-wide","YPPlnt","CV00","2","2",-0.01545
"M2","haplotype-tagged","YPPlnt","CV00","2","2",0.0139
"M3","haplotype-tagged","YPPlnt","CV00","2","2",0.02575
"M2","genome-wide","DTF","CV1","2","2",0.492844444444444
"M3","genome-wide","DTF","CV1","2","2",0.518277777777778
"M2","haplotype-tagged","DTF","CV1","2","2",0.289433333333333
"M3","haplotype-tagged","DTF","CV1","2","2",0.3317
"M2","genome-wide","DTM","CV1","2","2",0.388788888888889
"M3","genome-wide","DTM","CV1","2","2",0.359133333333333
"M2","haplotype-tagged","DTM","CV1","2","2",0.286077777777778
"M3","haplotype-tagged","DTM","CV1","2","2",0.226855555555556
"M2","genome-wide","HSW","CV1","2","2",0.516844444444444
"M3","genome-wide","HSW","CV1","2","2",0.529533333333333
"M2","haplotype-tagged","HSW","CV1","2","2",0.361266666666667
"M3","haplotype-tagged","HSW","CV1","2","2",0.320055555555556
"M2","genome-wide","PH","CV1","2","2",0.465944444444444
"M3","genome-wide","PH","CV1","2","2",0.459366666666667
"M2","haplotype-tagged","PH","CV1","2","2",0.408944444444444
"M3","haplotype-tagged","PH","CV1","2","2",0.456344444444444
"M2","genome-wide","PPP","CV1","2","2",0.122266666666667
"M3","genome-wide","PPP","CV1","2","2",0.1198
"M2","haplotype-tagged","PPP","CV1","2","2",0.1219
"M3","haplotype-tagged","PPP","CV1","2","2",0.0792777777777778
"M2","genome-wide","YPPlnt","CV1","2","2",0.1436
"M3","genome-wide","YPPlnt","CV1","2","2",0.1512
"M2","haplotype-tagged","YPPlnt","CV1","2","2",0.136166666666667
"M3","haplotype-tagged","YPPlnt","CV1","2","2",0.140255555555556
"M2","genome-wide","DTF","CV2","2","2",0.645466666666667
"M3","genome-wide","DTF","CV2","2","2",0.643944444444444
"M2","haplotype-tagged","DTF","CV2","2","2",0.632911111111111
"M3","haplotype-tagged","DTF","CV2","2","2",0.6528
"M2","genome-wide","DTM","CV2","2","2",0.447722222222222
"M3","genome-wide","DTM","CV2","2","2",0.441388888888889
"M2","haplotype-tagged","DTM","CV2","2","2",0.4353
"M3","haplotype-tagged","DTM","CV2","2","2",0.445611111111111
"M2","genome-wide","HSW","CV2","2","2",0.790544444444444
"M3","genome-wide","HSW","CV2","2","2",0.795511111111111
"M2","haplotype-tagged","HSW","CV2","2","2",0.785744444444444
"M3","haplotype-tagged","HSW","CV2","2","2",0.785088888888889
"M2","genome-wide","PH","CV2","2","2",0.487344444444444
"M3","genome-wide","PH","CV2","2","2",0.508822222222222
"M2","haplotype-tagged","PH","CV2","2","2",0.483444444444444
"M3","haplotype-tagged","PH","CV2","2","2",0.491955555555556
"M2","genome-wide","PPP","CV2","2","2",0.1479
"M3","genome-wide","PPP","CV2","2","2",0.138911111111111
"M2","haplotype-tagged","PPP","CV2","2","2",0.110922222222222
"M3","haplotype-tagged","PPP","CV2","2","2",0.167122222222222
"M2","genome-wide","YPPlnt","CV2","2","2",0.168244444444444
"M3","genome-wide","YPPlnt","CV2","2","2",0.184522222222222
"M2","haplotype-tagged","YPPlnt","CV2","2","2",0.156366666666667
"M3","haplotype-tagged","YPPlnt","CV2","2","2",0.151077777777778
"M2","genome-wide","DTF","CV0","3","2",0.6395
"M3","genome-wide","DTF","CV0","3","2",0.6362
"M2","haplotype-tagged","DTF","CV0","3","2",0.64155
"M3","haplotype-tagged","DTF","CV0","3","2",0.6389
"M2","genome-wide","DTM","CV0","3","2",0.52825
"M3","genome-wide","DTM","CV0","3","2",0.53155
"M2","haplotype-tagged","DTM","CV0","3","2",0.52845
"M3","haplotype-tagged","DTM","CV0","3","2",0.532
"M2","genome-wide","HSW","CV0","3","2",0.75545
"M3","genome-wide","HSW","CV0","3","2",0.75595
"M2","haplotype-tagged","HSW","CV0","3","2",0.7505
"M3","haplotype-tagged","HSW","CV0","3","2",0.75085
"M2","genome-wide","PH","CV0","3","2",0.58775
"M3","genome-wide","PH","CV0","3","2",0.59125
"M2","haplotype-tagged","PH","CV0","3","2",0.5885
"M3","haplotype-tagged","PH","CV0","3","2",0.5929
"M2","genome-wide","PPP","CV0","3","2",0.22095
"M3","genome-wide","PPP","CV0","3","2",0.2102
"M2","haplotype-tagged","PPP","CV0","3","2",0.2112
"M3","haplotype-tagged","PPP","CV0","3","2",0.1963
"M2","genome-wide","YPPlnt","CV0","3","2",0.13305
"M3","genome-wide","YPPlnt","CV0","3","2",0.1298
"M2","haplotype-tagged","YPPlnt","CV0","3","2",0.1114
"M3","haplotype-tagged","YPPlnt","CV0","3","2",0.10695
"M2","genome-wide","DTF","CV00","3","2",0.42685
"M3","genome-wide","DTF","CV00","3","2",0.444
"M2","haplotype-tagged","DTF","CV00","3","2",0.28015
"M3","haplotype-tagged","DTF","CV00","3","2",0.2418
"M2","genome-wide","DTM","CV00","3","2",0.45235
"M3","genome-wide","DTM","CV00","3","2",0.36495
"M2","haplotype-tagged","DTM","CV00","3","2",0.13145
"M3","haplotype-tagged","DTM","CV00","3","2",0.1515
"M2","genome-wide","HSW","CV00","3","2",0.4866
"M3","genome-wide","HSW","CV00","3","2",0.473
"M2","haplotype-tagged","HSW","CV00","3","2",0.53455
"M3","haplotype-tagged","HSW","CV00","3","2",0.4789
"M2","genome-wide","PH","CV00","3","2",0.3394
"M3","genome-wide","PH","CV00","3","2",0.3284
"M2","haplotype-tagged","PH","CV00","3","2",0.23025
"M3","haplotype-tagged","PH","CV00","3","2",0.2346
"M2","genome-wide","PPP","CV00","3","2",0.04285
"M3","genome-wide","PPP","CV00","3","2",0.01155
"M2","haplotype-tagged","PPP","CV00","3","2",0.096
"M3","haplotype-tagged","PPP","CV00","3","2",0.0448
"M2","genome-wide","YPPlnt","CV00","3","2",-0.00144999999999998
"M3","genome-wide","YPPlnt","CV00","3","2",-0.05685
"M2","haplotype-tagged","YPPlnt","CV00","3","2",-0.17025
"M3","haplotype-tagged","YPPlnt","CV00","3","2",-0.04035
"M2","genome-wide","DTF","CV1","3","2",0.4041
"M3","genome-wide","DTF","CV1","3","2",0.376644444444444
"M2","haplotype-tagged","DTF","CV1","3","2",0.2484
"M3","haplotype-tagged","DTF","CV1","3","2",0.215611111111111
"M2","genome-wide","DTM","CV1","3","2",0.407144444444444
"M3","genome-wide","DTM","CV1","3","2",0.410988888888889
"M2","haplotype-tagged","DTM","CV1","3","2",0.192122222222222
"M3","haplotype-tagged","DTM","CV1","3","2",0.284411111111111
"M2","genome-wide","HSW","CV1","3","2",0.653211111111111
"M3","genome-wide","HSW","CV1","3","2",0.658477777777778
"M2","haplotype-tagged","HSW","CV1","3","2",0.633666666666667
"M3","haplotype-tagged","HSW","CV1","3","2",0.590555555555556
"M2","genome-wide","PH","CV1","3","2",0.4436
"M3","genome-wide","PH","CV1","3","2",0.459966666666667
"M2","haplotype-tagged","PH","CV1","3","2",0.444411111111111
"M3","haplotype-tagged","PH","CV1","3","2",0.417977777777778
"M2","genome-wide","PPP","CV1","3","2",0.220622222222222
"M3","genome-wide","PPP","CV1","3","2",0.175533333333333
"M2","haplotype-tagged","PPP","CV1","3","2",0.2021
"M3","haplotype-tagged","PPP","CV1","3","2",0.116166666666667
"M2","genome-wide","YPPlnt","CV1","3","2",0.177166666666667
"M3","genome-wide","YPPlnt","CV1","3","2",0.146677777777778
"M2","haplotype-tagged","YPPlnt","CV1","3","2",0.151088888888889
"M3","haplotype-tagged","YPPlnt","CV1","3","2",0.0666777777777778
"M2","genome-wide","DTF","CV2","3","2",0.599333333333333
"M3","genome-wide","DTF","CV2","3","2",0.613166666666667
"M2","haplotype-tagged","DTF","CV2","3","2",0.597055555555556
"M3","haplotype-tagged","DTF","CV2","3","2",0.602788888888889
"M2","genome-wide","DTM","CV2","3","2",0.547255555555555
"M3","genome-wide","DTM","CV2","3","2",0.5348
"M2","haplotype-tagged","DTM","CV2","3","2",0.526177777777778
"M3","haplotype-tagged","DTM","CV2","3","2",0.530555555555556
"M2","genome-wide","HSW","CV2","3","2",0.768166666666667
"M3","genome-wide","HSW","CV2","3","2",0.748611111111111
"M2","haplotype-tagged","HSW","CV2","3","2",0.763511111111111
"M3","haplotype-tagged","HSW","CV2","3","2",0.758244444444444
"M2","genome-wide","PH","CV2","3","2",0.625
"M3","genome-wide","PH","CV2","3","2",0.656711111111111
"M2","haplotype-tagged","PH","CV2","3","2",0.622855555555556
"M3","haplotype-tagged","PH","CV2","3","2",0.636411111111111
"M2","genome-wide","PPP","CV2","3","2",0.223955555555556
"M3","genome-wide","PPP","CV2","3","2",0.1963
"M2","haplotype-tagged","PPP","CV2","3","2",0.205411111111111
"M3","haplotype-tagged","PPP","CV2","3","2",0.222122222222222
"M2","genome-wide","YPPlnt","CV2","3","2",0.141411111111111
"M3","genome-wide","YPPlnt","CV2","3","2",0.154033333333333
"M2","haplotype-tagged","YPPlnt","CV2","3","2",0.129233333333333
"M3","haplotype-tagged","YPPlnt","CV2","3","2",0.134155555555556
"M2","genome-wide","DTF","CV0","4","2",0.4912
"M3","genome-wide","DTF","CV0","4","2",0.49175
"M2","haplotype-tagged","DTF","CV0","4","2",0.49495
"M3","haplotype-tagged","DTF","CV0","4","2",0.4938
"M2","genome-wide","DTM","CV0","4","2",0.388
"M3","genome-wide","DTM","CV0","4","2",0.3899
"M2","haplotype-tagged","DTM","CV0","4","2",0.3866
"M3","haplotype-tagged","DTM","CV0","4","2",0.38485
"M2","genome-wide","HSW","CV0","4","2",0.69405
"M3","genome-wide","HSW","CV0","4","2",0.69705
"M2","haplotype-tagged","HSW","CV0","4","2",0.69765
"M3","haplotype-tagged","HSW","CV0","4","2",0.6977
"M2","genome-wide","PH","CV0","4","2",0.62155
"M3","genome-wide","PH","CV0","4","2",0.62105
"M2","haplotype-tagged","PH","CV0","4","2",0.61695
"M3","haplotype-tagged","PH","CV0","4","2",0.6146
"M2","genome-wide","PPP","CV0","4","2",0.1291
"M3","genome-wide","PPP","CV0","4","2",0.12165
"M2","haplotype-tagged","PPP","CV0","4","2",0.1219
"M3","haplotype-tagged","PPP","CV0","4","2",0.1178
"M2","genome-wide","YPPlnt","CV0","4","2",0.13965
"M3","genome-wide","YPPlnt","CV0","4","2",0.1375
"M2","haplotype-tagged","YPPlnt","CV0","4","2",0.1388
"M3","haplotype-tagged","YPPlnt","CV0","4","2",0.13085
"M2","genome-wide","DTF","CV00","4","2",0.5329
"M3","genome-wide","DTF","CV00","4","2",0.52095
"M2","haplotype-tagged","DTF","CV00","4","2",0.40495
"M3","haplotype-tagged","DTF","CV00","4","2",0.24035
"M2","genome-wide","DTM","CV00","4","2",0.34985
"M3","genome-wide","DTM","CV00","4","2",0.3903
"M2","haplotype-tagged","DTM","CV00","4","2",0.183
"M3","haplotype-tagged","DTM","CV00","4","2",0.07145
"M2","genome-wide","HSW","CV00","4","2",0.6
"M3","genome-wide","HSW","CV00","4","2",0.6097
"M2","haplotype-tagged","HSW","CV00","4","2",0.4787
"M3","haplotype-tagged","HSW","CV00","4","2",0.4893
"M2","genome-wide","PH","CV00","4","2",0.14305
"M3","genome-wide","PH","CV00","4","2",0.13475
"M2","haplotype-tagged","PH","CV00","4","2",0.19465
"M3","haplotype-tagged","PH","CV00","4","2",0.17305
"M2","genome-wide","PPP","CV00","4","2",0.2596
"M3","genome-wide","PPP","CV00","4","2",0.2909
"M2","haplotype-tagged","PPP","CV00","4","2",0.3506
"M3","haplotype-tagged","PPP","CV00","4","2",0.34545
"M2","genome-wide","YPPlnt","CV00","4","2",0.03575
"M3","genome-wide","YPPlnt","CV00","4","2",0.05495
"M2","haplotype-tagged","YPPlnt","CV00","4","2",0.09335
"M3","haplotype-tagged","YPPlnt","CV00","4","2",-0.1431
"M2","genome-wide","DTF","CV1","4","2",0.363633333333333
"M3","genome-wide","DTF","CV1","4","2",0.344166666666667
"M2","haplotype-tagged","DTF","CV1","4","2",0.359022222222222
"M3","haplotype-tagged","DTF","CV1","4","2",0.148577777777778
"M2","genome-wide","DTM","CV1","4","2",0.247311111111111
"M3","genome-wide","DTM","CV1","4","2",0.211333333333333
"M2","haplotype-tagged","DTM","CV1","4","2",0.2494
"M3","haplotype-tagged","DTM","CV1","4","2",0.149911111111111
"M2","genome-wide","HSW","CV1","4","2",0.444011111111111
"M3","genome-wide","HSW","CV1","4","2",0.437633333333333
"M2","haplotype-tagged","HSW","CV1","4","2",0.291922222222222
"M3","haplotype-tagged","HSW","CV1","4","2",0.354266666666667
"M2","genome-wide","PH","CV1","4","2",0.0860333333333333
"M3","genome-wide","PH","CV1","4","2",0.106266666666667
"M2","haplotype-tagged","PH","CV1","4","2",0.155355555555556
"M3","haplotype-tagged","PH","CV1","4","2",0.157188888888889
"M2","genome-wide","PPP","CV1","4","2",0.184088888888889
"M3","genome-wide","PPP","CV1","4","2",0.214611111111111
"M2","haplotype-tagged","PPP","CV1","4","2",0.197066666666667
"M3","haplotype-tagged","PPP","CV1","4","2",0.164022222222222
"M2","genome-wide","YPPlnt","CV1","4","2",0.176088888888889
"M3","genome-wide","YPPlnt","CV1","4","2",0.109288888888889
"M2","haplotype-tagged","YPPlnt","CV1","4","2",0.177588888888889
"M3","haplotype-tagged","YPPlnt","CV1","4","2",0.1315
"M2","genome-wide","DTF","CV2","4","2",0.631988888888889
"M3","genome-wide","DTF","CV2","4","2",0.623511111111111
"M2","haplotype-tagged","DTF","CV2","4","2",0.6288
"M3","haplotype-tagged","DTF","CV2","4","2",0.638022222222222
"M2","genome-wide","DTM","CV2","4","2",0.523222222222222
"M3","genome-wide","DTM","CV2","4","2",0.514833333333333
"M2","haplotype-tagged","DTM","CV2","4","2",0.518988888888889
"M3","haplotype-tagged","DTM","CV2","4","2",0.531677777777778
"M2","genome-wide","HSW","CV2","4","2",0.780355555555556
"M3","genome-wide","HSW","CV2","4","2",0.776333333333333
"M2","haplotype-tagged","HSW","CV2","4","2",0.784388888888889
"M3","haplotype-tagged","HSW","CV2","4","2",0.786033333333333
"M2","genome-wide","PH","CV2","4","2",0.535933333333333
"M3","genome-wide","PH","CV2","4","2",0.528611111111111
"M2","haplotype-tagged","PH","CV2","4","2",0.528988888888889
"M3","haplotype-tagged","PH","CV2","4","2",0.5335
"M2","genome-wide","PPP","CV2","4","2",0.207544444444444
"M3","genome-wide","PPP","CV2","4","2",0.214411111111111
"M2","haplotype-tagged","PPP","CV2","4","2",0.200466666666667
"M3","haplotype-tagged","PPP","CV2","4","2",0.219644444444444
"M2","genome-wide","YPPlnt","CV2","4","2",0.0843111111111111
"M3","genome-wide","YPPlnt","CV2","4","2",0.0943444444444444
"M2","haplotype-tagged","YPPlnt","CV2","4","2",0.0666888888888889
"M3","haplotype-tagged","YPPlnt","CV2","4","2",0.0701333333333333
"M2","genome-wide","DTF","CV0","5","2",0.6473
"M3","genome-wide","DTF","CV0","5","2",0.64315
"M2","haplotype-tagged","DTF","CV0","5","2",0.6425
"M3","haplotype-tagged","DTF","CV0","5","2",0.63995
"M2","genome-wide","DTM","CV0","5","2",0.59185
"M3","genome-wide","DTM","CV0","5","2",0.5915
"M2","haplotype-tagged","DTM","CV0","5","2",0.58465
"M3","haplotype-tagged","DTM","CV0","5","2",0.5902
"M2","genome-wide","HSW","CV0","5","2",0.80045
"M3","genome-wide","HSW","CV0","5","2",0.8006
"M2","haplotype-tagged","HSW","CV0","5","2",0.7923
"M3","haplotype-tagged","HSW","CV0","5","2",0.79295
"M2","genome-wide","PH","CV0","5","2",0.40415
"M3","genome-wide","PH","CV0","5","2",0.40215
"M2","haplotype-tagged","PH","CV0","5","2",0.39995
"M3","haplotype-tagged","PH","CV0","5","2",0.39855
"M2","genome-wide","PPP","CV0","5","2",0.0699
"M3","genome-wide","PPP","CV0","5","2",0.0697
"M2","haplotype-tagged","PPP","CV0","5","2",0.0692
"M3","haplotype-tagged","PPP","CV0","5","2",0.0817
"M2","genome-wide","YPPlnt","CV0","5","2",0.2295
"M3","genome-wide","YPPlnt","CV0","5","2",0.1959
"M2","haplotype-tagged","YPPlnt","CV0","5","2",0.199
"M3","haplotype-tagged","YPPlnt","CV0","5","2",0.19635
"M2","genome-wide","DTF","CV00","5","2",0.49475
"M3","genome-wide","DTF","CV00","5","2",0.51115
"M2","haplotype-tagged","DTF","CV00","5","2",0.30205
"M3","haplotype-tagged","DTF","CV00","5","2",0.45345
"M2","genome-wide","DTM","CV00","5","2",0.38895
"M3","genome-wide","DTM","CV00","5","2",0.41555
"M2","haplotype-tagged","DTM","CV00","5","2",0.3586
"M3","haplotype-tagged","DTM","CV00","5","2",0.2269
"M2","genome-wide","HSW","CV00","5","2",0.68455
"M3","genome-wide","HSW","CV00","5","2",0.6902
"M2","haplotype-tagged","HSW","CV00","5","2",0.52235
"M3","haplotype-tagged","HSW","CV00","5","2",0.5361
"M2","genome-wide","PH","CV00","5","2",0.60725
"M3","genome-wide","PH","CV00","5","2",0.60395
"M2","haplotype-tagged","PH","CV00","5","2",0.55995
"M3","haplotype-tagged","PH","CV00","5","2",0.58505
"M2","genome-wide","PPP","CV00","5","2",0.15175
"M3","genome-wide","PPP","CV00","5","2",0.17715
"M2","haplotype-tagged","PPP","CV00","5","2",0.0977
"M3","haplotype-tagged","PPP","CV00","5","2",0.0391
"M2","genome-wide","YPPlnt","CV00","5","2",0.021
"M3","genome-wide","YPPlnt","CV00","5","2",-0.04385
"M2","haplotype-tagged","YPPlnt","CV00","5","2",0.2818
"M3","haplotype-tagged","YPPlnt","CV00","5","2",0.29495
"M2","genome-wide","DTF","CV1","5","2",0.356977777777778
"M3","genome-wide","DTF","CV1","5","2",0.391777777777778
"M2","haplotype-tagged","DTF","CV1","5","2",0.283644444444444
"M3","haplotype-tagged","DTF","CV1","5","2",0.301144444444444
"M2","genome-wide","DTM","CV1","5","2",0.331233333333333
"M3","genome-wide","DTM","CV1","5","2",0.298522222222222
"M2","haplotype-tagged","DTM","CV1","5","2",0.241922222222222
"M3","haplotype-tagged","DTM","CV1","5","2",0.278822222222222
"M2","genome-wide","HSW","CV1","5","2",0.635211111111111
"M3","genome-wide","HSW","CV1","5","2",0.636244444444444
"M2","haplotype-tagged","HSW","CV1","5","2",0.402466666666667
"M3","haplotype-tagged","HSW","CV1","5","2",0.396633333333333
"M2","genome-wide","PH","CV1","5","2",0.499511111111111
"M3","genome-wide","PH","CV1","5","2",0.538855555555556
"M2","haplotype-tagged","PH","CV1","5","2",0.462955555555556
"M3","haplotype-tagged","PH","CV1","5","2",0.456611111111111
"M2","genome-wide","PPP","CV1","5","2",0.107166666666667
"M3","genome-wide","PPP","CV1","5","2",0.141877777777778
"M2","haplotype-tagged","PPP","CV1","5","2",0.122644444444444
"M3","haplotype-tagged","PPP","CV1","5","2",0.182544444444444
"M2","genome-wide","YPPlnt","CV1","5","2",0.176322222222222
"M3","genome-wide","YPPlnt","CV1","5","2",0.172144444444444
"M2","haplotype-tagged","YPPlnt","CV1","5","2",0.0411444444444444
"M3","haplotype-tagged","YPPlnt","CV1","5","2",0.0344666666666667
"M2","genome-wide","DTF","CV2","5","2",0.666344444444444
"M3","genome-wide","DTF","CV2","5","2",0.665544444444444
"M2","haplotype-tagged","DTF","CV2","5","2",0.656722222222222
"M3","haplotype-tagged","DTF","CV2","5","2",0.666188888888889
"M2","genome-wide","DTM","CV2","5","2",0.484655555555556
"M3","genome-wide","DTM","CV2","5","2",0.505766666666667
"M2","haplotype-tagged","DTM","CV2","5","2",0.477422222222222
"M3","haplotype-tagged","DTM","CV2","5","2",0.507922222222222
"M2","genome-wide","HSW","CV2","5","2",0.721866666666667
"M3","genome-wide","HSW","CV2","5","2",0.716111111111111
"M2","haplotype-tagged","HSW","CV2","5","2",0.7224
"M3","haplotype-tagged","HSW","CV2","5","2",0.722011111111111
"M2","genome-wide","PH","CV2","5","2",0.638933333333333
"M3","genome-wide","PH","CV2","5","2",0.626488888888889
"M2","haplotype-tagged","PH","CV2","5","2",0.631611111111111
"M3","haplotype-tagged","PH","CV2","5","2",0.648355555555556
"M2","genome-wide","PPP","CV2","5","2",0.214288888888889
"M3","genome-wide","PPP","CV2","5","2",0.195033333333333
"M2","haplotype-tagged","PPP","CV2","5","2",0.200688888888889
"M3","haplotype-tagged","PPP","CV2","5","2",0.182644444444444
"M2","genome-wide","YPPlnt","CV2","5","2",0.0817444444444444
"M3","genome-wide","YPPlnt","CV2","5","2",0.0814888888888889
"M2","haplotype-tagged","YPPlnt","CV2","5","2",0.0709555555555555
"M3","haplotype-tagged","YPPlnt","CV2","5","2",0.0645777777777778
"M2","genome-wide","DTF","CV0","6","2",0.708
"M3","genome-wide","DTF","CV0","6","2",0.7075
"M2","haplotype-tagged","DTF","CV0","6","2",0.69655
"M3","haplotype-tagged","DTF","CV0","6","2",0.68785
"M2","genome-wide","DTM","CV0","6","2",0.59445
"M3","genome-wide","DTM","CV0","6","2",0.59235
"M2","haplotype-tagged","DTM","CV0","6","2",0.5802
"M3","haplotype-tagged","DTM","CV0","6","2",0.574
"M2","genome-wide","HSW","CV0","6","2",0.8082
"M3","genome-wide","HSW","CV0","6","2",0.8068
"M2","haplotype-tagged","HSW","CV0","6","2",0.7973
"M3","haplotype-tagged","HSW","CV0","6","2",0.79525
"M2","genome-wide","PH","CV0","6","2",0.4425
"M3","genome-wide","PH","CV0","6","2",0.44175
"M2","haplotype-tagged","PH","CV0","6","2",0.43855
"M3","haplotype-tagged","PH","CV0","6","2",0.4386
"M2","genome-wide","PPP","CV0","6","2",0.19715
"M3","genome-wide","PPP","CV0","6","2",0.16145
"M2","haplotype-tagged","PPP","CV0","6","2",0.1669
"M3","haplotype-tagged","PPP","CV0","6","2",0.12905
"M2","genome-wide","YPPlnt","CV0","6","2",0.10005
"M3","genome-wide","YPPlnt","CV0","6","2",0.08075
"M2","haplotype-tagged","YPPlnt","CV0","6","2",0.0752
"M3","haplotype-tagged","YPPlnt","CV0","6","2",0.08185
"M2","genome-wide","DTF","CV00","6","2",0.4052
"M3","genome-wide","DTF","CV00","6","2",0.40325
"M2","haplotype-tagged","DTF","CV00","6","2",0.26525
"M3","haplotype-tagged","DTF","CV00","6","2",0.15995
"M2","genome-wide","DTM","CV00","6","2",0.22805
"M3","genome-wide","DTM","CV00","6","2",0.23675
"M2","haplotype-tagged","DTM","CV00","6","2",0.2422
"M3","haplotype-tagged","DTM","CV00","6","2",0.2753
"M2","genome-wide","HSW","CV00","6","2",0.6407
"M3","genome-wide","HSW","CV00","6","2",0.63675
"M2","haplotype-tagged","HSW","CV00","6","2",0.65285
"M3","haplotype-tagged","HSW","CV00","6","2",0.6271
"M2","genome-wide","PH","CV00","6","2",0.32535
"M3","genome-wide","PH","CV00","6","2",0.32865
"M2","haplotype-tagged","PH","CV00","6","2",0.345
"M3","haplotype-tagged","PH","CV00","6","2",0.35085
"M2","genome-wide","PPP","CV00","6","2",0.1795
"M3","genome-wide","PPP","CV00","6","2",0.18105
"M2","haplotype-tagged","PPP","CV00","6","2",0.1655
"M3","haplotype-tagged","PPP","CV00","6","2",0.1924
"M2","genome-wide","YPPlnt","CV00","6","2",0.09225
"M3","genome-wide","YPPlnt","CV00","6","2",0.11775
"M2","haplotype-tagged","YPPlnt","CV00","6","2",0.1448
"M3","haplotype-tagged","YPPlnt","CV00","6","2",0.1385
"M2","genome-wide","DTF","CV1","6","2",0.513733333333333
"M3","genome-wide","DTF","CV1","6","2",0.4902
"M2","haplotype-tagged","DTF","CV1","6","2",0.405533333333333
"M3","haplotype-tagged","DTF","CV1","6","2",0.244988888888889
"M2","genome-wide","DTM","CV1","6","2",0.398911111111111
"M3","genome-wide","DTM","CV1","6","2",0.375733333333333
"M2","haplotype-tagged","DTM","CV1","6","2",0.213788888888889
"M3","haplotype-tagged","DTM","CV1","6","2",0.194588888888889
"M2","genome-wide","HSW","CV1","6","2",0.486522222222222
"M3","genome-wide","HSW","CV1","6","2",0.486944444444444
"M2","haplotype-tagged","HSW","CV1","6","2",0.4691
"M3","haplotype-tagged","HSW","CV1","6","2",0.4355
"M2","genome-wide","PH","CV1","6","2",0.226411111111111
"M3","genome-wide","PH","CV1","6","2",0.235455555555556
"M2","haplotype-tagged","PH","CV1","6","2",0.261011111111111
"M3","haplotype-tagged","PH","CV1","6","2",0.247055555555556
"M2","genome-wide","PPP","CV1","6","2",0.204744444444444
"M3","genome-wide","PPP","CV1","6","2",0.229388888888889
"M2","haplotype-tagged","PPP","CV1","6","2",0.166722222222222
"M3","haplotype-tagged","PPP","CV1","6","2",0.193344444444444
"M2","genome-wide","YPPlnt","CV1","6","2",0.158244444444444
"M3","genome-wide","YPPlnt","CV1","6","2",0.115055555555556
"M2","haplotype-tagged","YPPlnt","CV1","6","2",0.153433333333333
"M3","haplotype-tagged","YPPlnt","CV1","6","2",0.0920888888888889
"M2","genome-wide","DTF","CV2","6","2",0.578011111111111
"M3","genome-wide","DTF","CV2","6","2",0.574677777777778
"M2","haplotype-tagged","DTF","CV2","6","2",0.577944444444444
"M3","haplotype-tagged","DTF","CV2","6","2",0.588222222222222
"M2","genome-wide","DTM","CV2","6","2",0.480277777777778
"M3","genome-wide","DTM","CV2","6","2",0.482255555555556
"M2","haplotype-tagged","DTM","CV2","6","2",0.479222222222222
"M3","haplotype-tagged","DTM","CV2","6","2",0.489122222222222
"M2","genome-wide","HSW","CV2","6","2",0.718966666666667
"M3","genome-wide","HSW","CV2","6","2",0.717933333333333
"M2","haplotype-tagged","HSW","CV2","6","2",0.724311111111111
"M3","haplotype-tagged","HSW","CV2","6","2",0.7274
"M2","genome-wide","PH","CV2","6","2",0.4999
"M3","genome-wide","PH","CV2","6","2",0.511377777777778
"M2","haplotype-tagged","PH","CV2","6","2",0.504177777777778
"M3","haplotype-tagged","PH","CV2","6","2",0.518688888888889
"M2","genome-wide","PPP","CV2","6","2",0.250311111111111
"M3","genome-wide","PPP","CV2","6","2",0.267833333333333
"M2","haplotype-tagged","PPP","CV2","6","2",0.236622222222222
"M3","haplotype-tagged","PPP","CV2","6","2",0.239244444444444
"M2","genome-wide","YPPlnt","CV2","6","2",0.308511111111111
"M3","genome-wide","YPPlnt","CV2","6","2",0.278877777777778
"M2","haplotype-tagged","YPPlnt","CV2","6","2",0.296966666666667
"M3","haplotype-tagged","YPPlnt","CV2","6","2",0.317377777777778
"M2","genome-wide","DTF","CV0","7","2",0.68915
"M3","genome-wide","DTF","CV0","7","2",0.6844
"M2","haplotype-tagged","DTF","CV0","7","2",0.68425
"M3","haplotype-tagged","DTF","CV0","7","2",0.68085
"M2","genome-wide","DTM","CV0","7","2",0.5359
"M3","genome-wide","DTM","CV0","7","2",0.5238
"M2","haplotype-tagged","DTM","CV0","7","2",0.5279
"M3","haplotype-tagged","DTM","CV0","7","2",0.52555
"M2","genome-wide","HSW","CV0","7","2",0.7646
"M3","genome-wide","HSW","CV0","7","2",0.76655
"M2","haplotype-tagged","HSW","CV0","7","2",0.7619
"M3","haplotype-tagged","HSW","CV0","7","2",0.76285
"M2","genome-wide","PH","CV0","7","2",0.75875
"M3","genome-wide","PH","CV0","7","2",0.76095
"M2","haplotype-tagged","PH","CV0","7","2",0.7544
"M3","haplotype-tagged","PH","CV0","7","2",0.74055
"M2","genome-wide","PPP","CV0","7","2",0.33655
"M3","genome-wide","PPP","CV0","7","2",0.2819
"M2","haplotype-tagged","PPP","CV0","7","2",0.28995
"M3","haplotype-tagged","PPP","CV0","7","2",0.24485
"M2","genome-wide","YPPlnt","CV0","7","2",0.174
"M3","genome-wide","YPPlnt","CV0","7","2",0.16185
"M2","haplotype-tagged","YPPlnt","CV0","7","2",0.1601
"M3","haplotype-tagged","YPPlnt","CV0","7","2",0.15285
"M2","genome-wide","DTF","CV00","7","2",0.3055
"M3","genome-wide","DTF","CV00","7","2",0.3523
"M2","haplotype-tagged","DTF","CV00","7","2",0.2608
"M3","haplotype-tagged","DTF","CV00","7","2",0.2149
"M2","genome-wide","DTM","CV00","7","2",0.12325
"M3","genome-wide","DTM","CV00","7","2",0.11495
"M2","haplotype-tagged","DTM","CV00","7","2",-0.0471
"M3","haplotype-tagged","DTM","CV00","7","2",0.0097
"M2","genome-wide","HSW","CV00","7","2",0.5493
"M3","genome-wide","HSW","CV00","7","2",0.54255
"M2","haplotype-tagged","HSW","CV00","7","2",0.4618
"M3","haplotype-tagged","HSW","CV00","7","2",0.47365
"M2","genome-wide","PH","CV00","7","2",0.4163
"M3","genome-wide","PH","CV00","7","2",0.40005
"M2","haplotype-tagged","PH","CV00","7","2",0.43445
"M3","haplotype-tagged","PH","CV00","7","2",0.4536
"M2","genome-wide","PPP","CV00","7","2",0.3615
"M3","genome-wide","PPP","CV00","7","2",0.3563
"M2","haplotype-tagged","PPP","CV00","7","2",0.33495
"M3","haplotype-tagged","PPP","CV00","7","2",0.24355
"M2","genome-wide","YPPlnt","CV00","7","2",0.2385
"M3","genome-wide","YPPlnt","CV00","7","2",0.19585
"M2","haplotype-tagged","YPPlnt","CV00","7","2",0.1045
"M3","haplotype-tagged","YPPlnt","CV00","7","2",0.13645
"M2","genome-wide","DTF","CV1","7","2",0.488544444444444
"M3","genome-wide","DTF","CV1","7","2",0.477533333333333
"M2","haplotype-tagged","DTF","CV1","7","2",0.271477777777778
"M3","haplotype-tagged","DTF","CV1","7","2",0.244833333333333
"M2","genome-wide","DTM","CV1","7","2",0.352122222222222
"M3","genome-wide","DTM","CV1","7","2",0.3756
"M2","haplotype-tagged","DTM","CV1","7","2",0.188544444444444
"M3","haplotype-tagged","DTM","CV1","7","2",0.240111111111111
"M2","genome-wide","HSW","CV1","7","2",0.573988888888889
"M3","genome-wide","HSW","CV1","7","2",0.569855555555556
"M2","haplotype-tagged","HSW","CV1","7","2",0.539322222222222
"M3","haplotype-tagged","HSW","CV1","7","2",0.548811111111111
"M2","genome-wide","PH","CV1","7","2",0.239122222222222
"M3","genome-wide","PH","CV1","7","2",0.268288888888889
"M2","haplotype-tagged","PH","CV1","7","2",0.237766666666667
"M3","haplotype-tagged","PH","CV1","7","2",0.297555555555556
"M2","genome-wide","PPP","CV1","7","2",0.214666666666667
"M3","genome-wide","PPP","CV1","7","2",0.233566666666667
"M2","haplotype-tagged","PPP","CV1","7","2",0.202888888888889
"M3","haplotype-tagged","PPP","CV1","7","2",0.135544444444444
"M2","genome-wide","YPPlnt","CV1","7","2",0.160344444444444
"M3","genome-wide","YPPlnt","CV1","7","2",0.1734
"M2","haplotype-tagged","YPPlnt","CV1","7","2",0.0735666666666667
"M3","haplotype-tagged","YPPlnt","CV1","7","2",0.0712888888888889
"M2","genome-wide","DTF","CV2","7","2",0.634933333333333
"M3","genome-wide","DTF","CV2","7","2",0.621744444444444
"M2","haplotype-tagged","DTF","CV2","7","2",0.625866666666667
"M3","haplotype-tagged","DTF","CV2","7","2",0.618811111111111
"M2","genome-wide","DTM","CV2","7","2",0.5471
"M3","genome-wide","DTM","CV2","7","2",0.527588888888889
"M2","haplotype-tagged","DTM","CV2","7","2",0.541822222222222
"M3","haplotype-tagged","DTM","CV2","7","2",0.547766666666667
"M2","genome-wide","HSW","CV2","7","2",0.755677777777778
"M3","genome-wide","HSW","CV2","7","2",0.742722222222222
"M2","haplotype-tagged","HSW","CV2","7","2",0.756244444444444
"M3","haplotype-tagged","HSW","CV2","7","2",0.755355555555556
"M2","genome-wide","PH","CV2","7","2",0.604022222222222
"M3","genome-wide","PH","CV2","7","2",0.610022222222222
"M2","haplotype-tagged","PH","CV2","7","2",0.596011111111111
"M3","haplotype-tagged","PH","CV2","7","2",0.615888888888889
"M2","genome-wide","PPP","CV2","7","2",0.128611111111111
"M3","genome-wide","PPP","CV2","7","2",0.0952555555555556
"M2","haplotype-tagged","PPP","CV2","7","2",0.114877777777778
"M3","haplotype-tagged","PPP","CV2","7","2",0.112466666666667
"M2","genome-wide","YPPlnt","CV2","7","2",0.0920666666666667
"M3","genome-wide","YPPlnt","CV2","7","2",0.1069
"M2","haplotype-tagged","YPPlnt","CV2","7","2",0.0794888888888889
"M3","haplotype-tagged","YPPlnt","CV2","7","2",0.0993333333333333
"M2","genome-wide","DTF","CV0","8","2",0.72035
"M3","genome-wide","DTF","CV0","8","2",0.7183
"M2","haplotype-tagged","DTF","CV0","8","2",0.7115
"M3","haplotype-tagged","DTF","CV0","8","2",0.7054
"M2","genome-wide","DTM","CV0","8","2",0.5835
"M3","genome-wide","DTM","CV0","8","2",0.58545
"M2","haplotype-tagged","DTM","CV0","8","2",0.57745
"M3","haplotype-tagged","DTM","CV0","8","2",0.5719
"M2","genome-wide","HSW","CV0","8","2",0.80165
"M3","genome-wide","HSW","CV0","8","2",0.80075
"M2","haplotype-tagged","HSW","CV0","8","2",0.7945
"M3","haplotype-tagged","HSW","CV0","8","2",0.79325
"M2","genome-wide","PH","CV0","8","2",0.62545
"M3","genome-wide","PH","CV0","8","2",0.62615
"M2","haplotype-tagged","PH","CV0","8","2",0.6228
"M3","haplotype-tagged","PH","CV0","8","2",0.61935
"M2","genome-wide","PPP","CV0","8","2",0.30605
"M3","genome-wide","PPP","CV0","8","2",0.23355
"M2","haplotype-tagged","PPP","CV0","8","2",0.25675
"M3","haplotype-tagged","PPP","CV0","8","2",0.20775
"M2","genome-wide","YPPlnt","CV0","8","2",0.06455
"M3","genome-wide","YPPlnt","CV0","8","2",0.04745
"M2","haplotype-tagged","YPPlnt","CV0","8","2",0.0443
"M3","haplotype-tagged","YPPlnt","CV0","8","2",0.04685
"M2","genome-wide","DTF","CV00","8","2",0.3944
"M3","genome-wide","DTF","CV00","8","2",0.3739
"M2","haplotype-tagged","DTF","CV00","8","2",0.2213
"M3","haplotype-tagged","DTF","CV00","8","2",0.18465
"M2","genome-wide","DTM","CV00","8","2",0.3259
"M3","genome-wide","DTM","CV00","8","2",0.32605
"M2","haplotype-tagged","DTM","CV00","8","2",0.20315
"M3","haplotype-tagged","DTM","CV00","8","2",0.19925
"M2","genome-wide","HSW","CV00","8","2",0.6136
"M3","genome-wide","HSW","CV00","8","2",0.61005
"M2","haplotype-tagged","HSW","CV00","8","2",0.57175
"M3","haplotype-tagged","HSW","CV00","8","2",0.5882
"M2","genome-wide","PH","CV00","8","2",0.1978
"M3","genome-wide","PH","CV00","8","2",0.21
"M2","haplotype-tagged","PH","CV00","8","2",0.248
"M3","haplotype-tagged","PH","CV00","8","2",0.2332
"M2","genome-wide","PPP","CV00","8","2",0.1665
"M3","genome-wide","PPP","CV00","8","2",0.13405
"M2","haplotype-tagged","PPP","CV00","8","2",0.1815
"M3","haplotype-tagged","PPP","CV00","8","2",0.0642
"M2","genome-wide","YPPlnt","CV00","8","2",-0.0144
"M3","genome-wide","YPPlnt","CV00","8","2",-0.06975
"M2","haplotype-tagged","YPPlnt","CV00","8","2",0.037
"M3","haplotype-tagged","YPPlnt","CV00","8","2",0.06485
"M2","genome-wide","DTF","CV1","8","2",0.441622222222222
"M3","genome-wide","DTF","CV1","8","2",0.443111111111111
"M2","haplotype-tagged","DTF","CV1","8","2",0.283355555555556
"M3","haplotype-tagged","DTF","CV1","8","2",0.245433333333333
"M2","genome-wide","DTM","CV1","8","2",0.340322222222222
"M3","genome-wide","DTM","CV1","8","2",0.369277777777778
"M2","haplotype-tagged","DTM","CV1","8","2",0.223822222222222
"M3","haplotype-tagged","DTM","CV1","8","2",0.244366666666667
"M2","genome-wide","HSW","CV1","8","2",0.623911111111111
"M3","genome-wide","HSW","CV1","8","2",0.634133333333333
"M2","haplotype-tagged","HSW","CV1","8","2",0.544333333333333
"M3","haplotype-tagged","HSW","CV1","8","2",0.578533333333333
"M2","genome-wide","PH","CV1","8","2",0.371411111111111
"M3","genome-wide","PH","CV1","8","2",0.399077777777778
"M2","haplotype-tagged","PH","CV1","8","2",0.3981
"M3","haplotype-tagged","PH","CV1","8","2",0.409577777777778
"M2","genome-wide","PPP","CV1","8","2",0.1681
"M3","genome-wide","PPP","CV1","8","2",0.128144444444444
"M2","haplotype-tagged","PPP","CV1","8","2",0.175255555555556
"M3","haplotype-tagged","PPP","CV1","8","2",0.0996111111111111
"M2","genome-wide","YPPlnt","CV1","8","2",0.150988888888889
"M3","genome-wide","YPPlnt","CV1","8","2",0.189488888888889
"M2","haplotype-tagged","YPPlnt","CV1","8","2",0.110266666666667
"M3","haplotype-tagged","YPPlnt","CV1","8","2",0.0987
"M2","genome-wide","DTF","CV2","8","2",0.560211111111111
"M3","genome-wide","DTF","CV2","8","2",0.570055555555556
"M2","haplotype-tagged","DTF","CV2","8","2",0.562033333333333
"M3","haplotype-tagged","DTF","CV2","8","2",0.570166666666667
"M2","genome-wide","DTM","CV2","8","2",0.531877777777778
"M3","genome-wide","DTM","CV2","8","2",0.516088888888889
"M2","haplotype-tagged","DTM","CV2","8","2",0.528266666666667
"M3","haplotype-tagged","DTM","CV2","8","2",0.517155555555556
"M2","genome-wide","HSW","CV2","8","2",0.798377777777778
"M3","genome-wide","HSW","CV2","8","2",0.791788888888889
"M2","haplotype-tagged","HSW","CV2","8","2",0.792422222222222
"M3","haplotype-tagged","HSW","CV2","8","2",0.793333333333333
"M2","genome-wide","PH","CV2","8","2",0.628611111111111
"M3","genome-wide","PH","CV2","8","2",0.629244444444444
"M2","haplotype-tagged","PH","CV2","8","2",0.627166666666667
"M3","haplotype-tagged","PH","CV2","8","2",0.627222222222222
"M2","genome-wide","PPP","CV2","8","2",0.192655555555556
"M3","genome-wide","PPP","CV2","8","2",0.167044444444444
"M2","haplotype-tagged","PPP","CV2","8","2",0.1888
"M3","haplotype-tagged","PPP","CV2","8","2",0.179688888888889
"M2","genome-wide","YPPlnt","CV2","8","2",0.131411111111111
"M3","genome-wide","YPPlnt","CV2","8","2",0.128477777777778
"M2","haplotype-tagged","YPPlnt","CV2","8","2",0.123322222222222
"M3","haplotype-tagged","YPPlnt","CV2","8","2",0.114433333333333
"M2","genome-wide","DTF","CV0","9","2",0.6877
"M3","genome-wide","DTF","CV0","9","2",0.68585
"M2","haplotype-tagged","DTF","CV0","9","2",0.68325
"M3","haplotype-tagged","DTF","CV0","9","2",0.68175
"M2","genome-wide","DTM","CV0","9","2",0.53435
"M3","genome-wide","DTM","CV0","9","2",0.5312
"M2","haplotype-tagged","DTM","CV0","9","2",0.5271
"M3","haplotype-tagged","DTM","CV0","9","2",0.5219
"M2","genome-wide","HSW","CV0","9","2",0.791
"M3","genome-wide","HSW","CV0","9","2",0.79055
"M2","haplotype-tagged","HSW","CV0","9","2",0.7872
"M3","haplotype-tagged","HSW","CV0","9","2",0.7857
"M2","genome-wide","PH","CV0","9","2",0.70415
"M3","genome-wide","PH","CV0","9","2",0.70095
"M2","haplotype-tagged","PH","CV0","9","2",0.69075
"M3","haplotype-tagged","PH","CV0","9","2",0.6844
"M2","genome-wide","PPP","CV0","9","2",0.2139
"M3","genome-wide","PPP","CV0","9","2",0.17365
"M2","haplotype-tagged","PPP","CV0","9","2",0.16425
"M3","haplotype-tagged","PPP","CV0","9","2",0.1436
"M2","genome-wide","YPPlnt","CV0","9","2",0.12095
"M3","genome-wide","YPPlnt","CV0","9","2",0.11465
"M2","haplotype-tagged","YPPlnt","CV0","9","2",0.10965
"M3","haplotype-tagged","YPPlnt","CV0","9","2",0.09355
"M2","genome-wide","DTF","CV00","9","2",0.48475
"M3","genome-wide","DTF","CV00","9","2",0.4619
"M2","haplotype-tagged","DTF","CV00","9","2",0.2551
"M3","haplotype-tagged","DTF","CV00","9","2",0.02
"M2","genome-wide","DTM","CV00","9","2",0.4293
"M3","genome-wide","DTM","CV00","9","2",0.40595
"M2","haplotype-tagged","DTM","CV00","9","2",0.2952
"M3","haplotype-tagged","DTM","CV00","9","2",0.24585
"M2","genome-wide","HSW","CV00","9","2",0.7004
"M3","genome-wide","HSW","CV00","9","2",0.6835
"M2","haplotype-tagged","HSW","CV00","9","2",0.61705
"M3","haplotype-tagged","HSW","CV00","9","2",0.6713
"M2","genome-wide","PH","CV00","9","2",0.7308
"M3","genome-wide","PH","CV00","9","2",0.72985
"M2","haplotype-tagged","PH","CV00","9","2",0.72
"M3","haplotype-tagged","PH","CV00","9","2",0.71755
"M2","genome-wide","PPP","CV00","9","2",0.3081
"M3","genome-wide","PPP","CV00","9","2",0.30615
"M2","haplotype-tagged","PPP","CV00","9","2",0.34145
"M3","haplotype-tagged","PPP","CV00","9","2",0.2494
"M2","genome-wide","YPPlnt","CV00","9","2",0.03575
"M3","genome-wide","YPPlnt","CV00","9","2",-0.026
"M2","haplotype-tagged","YPPlnt","CV00","9","2",0.1614
"M3","haplotype-tagged","YPPlnt","CV00","9","2",0.0339
"M2","genome-wide","DTF","CV1","9","2",0.363944444444444
"M3","genome-wide","DTF","CV1","9","2",0.3883
"M2","haplotype-tagged","DTF","CV1","9","2",0.325588888888889
"M3","haplotype-tagged","DTF","CV1","9","2",0.2565
"M2","genome-wide","DTM","CV1","9","2",0.338044444444444
"M3","genome-wide","DTM","CV1","9","2",0.284755555555556
"M2","haplotype-tagged","DTM","CV1","9","2",0.2829
"M3","haplotype-tagged","DTM","CV1","9","2",0.210244444444444
"M2","genome-wide","HSW","CV1","9","2",0.714433333333333
"M3","genome-wide","HSW","CV1","9","2",0.7058
"M2","haplotype-tagged","HSW","CV1","9","2",0.590822222222222
"M3","haplotype-tagged","HSW","CV1","9","2",0.569277777777778
"M2","genome-wide","PH","CV1","9","2",0.571377777777778
"M3","genome-wide","PH","CV1","9","2",0.563966666666667
"M2","haplotype-tagged","PH","CV1","9","2",0.485244444444444
"M3","haplotype-tagged","PH","CV1","9","2",0.479011111111111
"M2","genome-wide","PPP","CV1","9","2",0.117166666666667
"M3","genome-wide","PPP","CV1","9","2",0.106411111111111
"M2","haplotype-tagged","PPP","CV1","9","2",0.0807
"M3","haplotype-tagged","PPP","CV1","9","2",0.0423111111111111
"M2","genome-wide","YPPlnt","CV1","9","2",0.0699111111111111
"M3","genome-wide","YPPlnt","CV1","9","2",0.103966666666667
"M2","haplotype-tagged","YPPlnt","CV1","9","2",0.102555555555556
"M3","haplotype-tagged","YPPlnt","CV1","9","2",0.0853333333333333
"M2","genome-wide","DTF","CV2","9","2",0.602244444444444
"M3","genome-wide","DTF","CV2","9","2",0.583855555555556
"M2","haplotype-tagged","DTF","CV2","9","2",0.597044444444444
"M3","haplotype-tagged","DTF","CV2","9","2",0.595044444444444
"M2","genome-wide","DTM","CV2","9","2",0.462433333333333
"M3","genome-wide","DTM","CV2","9","2",0.451733333333333
"M2","haplotype-tagged","DTM","CV2","9","2",0.466711111111111
"M3","haplotype-tagged","DTM","CV2","9","2",0.461822222222222
"M2","genome-wide","HSW","CV2","9","2",0.7407
"M3","genome-wide","HSW","CV2","9","2",0.739711111111111
"M2","haplotype-tagged","HSW","CV2","9","2",0.736777777777778
"M3","haplotype-tagged","HSW","CV2","9","2",0.734766666666667
"M2","genome-wide","PH","CV2","9","2",0.606055555555556
"M3","genome-wide","PH","CV2","9","2",0.629333333333333
"M2","haplotype-tagged","PH","CV2","9","2",0.605011111111111
"M3","haplotype-tagged","PH","CV2","9","2",0.625133333333333
"M2","genome-wide","PPP","CV2","9","2",0.203644444444444
"M3","genome-wide","PPP","CV2","9","2",0.185222222222222
"M2","haplotype-tagged","PPP","CV2","9","2",0.164811111111111
"M3","haplotype-tagged","PPP","CV2","9","2",0.183188888888889
"M2","genome-wide","YPPlnt","CV2","9","2",0.190133333333333
"M3","genome-wide","YPPlnt","CV2","9","2",0.159688888888889
"M2","haplotype-tagged","YPPlnt","CV2","9","2",0.152477777777778
"M3","haplotype-tagged","YPPlnt","CV2","9","2",0.125611111111111
"M2","genome-wide","DTF","CV0","10","2",0.63405
"M3","genome-wide","DTF","CV0","10","2",0.6254
"M2","haplotype-tagged","DTF","CV0","10","2",0.6248
"M3","haplotype-tagged","DTF","CV0","10","2",0.6205
"M2","genome-wide","DTM","CV0","10","2",0.45795
"M3","genome-wide","DTM","CV0","10","2",0.46505
"M2","haplotype-tagged","DTM","CV0","10","2",0.4606
"M3","haplotype-tagged","DTM","CV0","10","2",0.4614
"M2","genome-wide","HSW","CV0","10","2",0.79205
"M3","genome-wide","HSW","CV0","10","2",0.789
"M2","haplotype-tagged","HSW","CV0","10","2",0.78895
"M3","haplotype-tagged","HSW","CV0","10","2",0.78755
"M2","genome-wide","PH","CV0","10","2",0.2816
"M3","genome-wide","PH","CV0","10","2",0.2834
"M2","haplotype-tagged","PH","CV0","10","2",0.2838
"M3","haplotype-tagged","PH","CV0","10","2",0.2865
"M2","genome-wide","PPP","CV0","10","2",0.16205
"M3","genome-wide","PPP","CV0","10","2",0.14755
"M2","haplotype-tagged","PPP","CV0","10","2",0.1493
"M3","haplotype-tagged","PPP","CV0","10","2",0.11575
"M2","genome-wide","YPPlnt","CV0","10","2",0.1061
"M3","genome-wide","YPPlnt","CV0","10","2",0.08465
"M2","haplotype-tagged","YPPlnt","CV0","10","2",0.0796
"M3","haplotype-tagged","YPPlnt","CV0","10","2",0.0781
"M2","genome-wide","DTF","CV00","10","2",0.5885
"M3","genome-wide","DTF","CV00","10","2",0.61565
"M2","haplotype-tagged","DTF","CV00","10","2",0.33785
"M3","haplotype-tagged","DTF","CV00","10","2",0.4344
"M2","genome-wide","DTM","CV00","10","2",0.5103
"M3","genome-wide","DTM","CV00","10","2",0.5154
"M2","haplotype-tagged","DTM","CV00","10","2",0.33765
"M3","haplotype-tagged","DTM","CV00","10","2",0.31115
"M2","genome-wide","HSW","CV00","10","2",0.68985
"M3","genome-wide","HSW","CV00","10","2",0.6834
"M2","haplotype-tagged","HSW","CV00","10","2",0.62935
"M3","haplotype-tagged","HSW","CV00","10","2",0.59895
"M2","genome-wide","PH","CV00","10","2",0.59925
"M3","genome-wide","PH","CV00","10","2",0.59455
"M2","haplotype-tagged","PH","CV00","10","2",0.54595
"M3","haplotype-tagged","PH","CV00","10","2",0.576
"M2","genome-wide","PPP","CV00","10","2",0.35795
"M3","genome-wide","PPP","CV00","10","2",0.29705
"M2","haplotype-tagged","PPP","CV00","10","2",0.39735
"M3","haplotype-tagged","PPP","CV00","10","2",0.23605
"M2","genome-wide","YPPlnt","CV00","10","2",0.1537
"M3","genome-wide","YPPlnt","CV00","10","2",0.1065
"M2","haplotype-tagged","YPPlnt","CV00","10","2",0.1054
"M3","haplotype-tagged","YPPlnt","CV00","10","2",0.1943
"M2","genome-wide","DTF","CV1","10","2",0.4841
"M3","genome-wide","DTF","CV1","10","2",0.491233333333333
"M2","haplotype-tagged","DTF","CV1","10","2",0.3448
"M3","haplotype-tagged","DTF","CV1","10","2",0.3401
"M2","genome-wide","DTM","CV1","10","2",0.435155555555556
"M3","genome-wide","DTM","CV1","10","2",0.398222222222222
"M2","haplotype-tagged","DTM","CV1","10","2",0.231855555555556
"M3","haplotype-tagged","DTM","CV1","10","2",0.143333333333333
"M2","genome-wide","HSW","CV1","10","2",0.501511111111111
"M3","genome-wide","HSW","CV1","10","2",0.495155555555556
"M2","haplotype-tagged","HSW","CV1","10","2",0.344033333333333
"M3","haplotype-tagged","HSW","CV1","10","2",0.3689
"M2","genome-wide","PH","CV1","10","2",0.3721
"M3","genome-wide","PH","CV1","10","2",0.397288888888889
"M2","haplotype-tagged","PH","CV1","10","2",0.370022222222222
"M3","haplotype-tagged","PH","CV1","10","2",0.386466666666667
"M2","genome-wide","PPP","CV1","10","2",0.181222222222222
"M3","genome-wide","PPP","CV1","10","2",0.170166666666667
"M2","haplotype-tagged","PPP","CV1","10","2",0.160366666666667
"M3","haplotype-tagged","PPP","CV1","10","2",0.0329555555555556
"M2","genome-wide","YPPlnt","CV1","10","2",0.0992666666666667
"M3","genome-wide","YPPlnt","CV1","10","2",0.0881888888888889
"M2","haplotype-tagged","YPPlnt","CV1","10","2",0.0454777777777778
"M3","haplotype-tagged","YPPlnt","CV1","10","2",0.0224555555555556
"M2","genome-wide","DTF","CV2","10","2",0.6547
"M3","genome-wide","DTF","CV2","10","2",0.6449
"M2","haplotype-tagged","DTF","CV2","10","2",0.648077777777778
"M3","haplotype-tagged","DTF","CV2","10","2",0.648388888888889
"M2","genome-wide","DTM","CV2","10","2",0.525533333333333
"M3","genome-wide","DTM","CV2","10","2",0.495011111111111
"M2","haplotype-tagged","DTM","CV2","10","2",0.517088888888889
"M3","haplotype-tagged","DTM","CV2","10","2",0.513688888888889
"M2","genome-wide","HSW","CV2","10","2",0.780355555555556
"M3","genome-wide","HSW","CV2","10","2",0.774533333333333
"M2","haplotype-tagged","HSW","CV2","10","2",0.771211111111111
"M3","haplotype-tagged","HSW","CV2","10","2",0.776755555555556
"M2","genome-wide","PH","CV2","10","2",0.617233333333333
"M3","genome-wide","PH","CV2","10","2",0.616522222222222
"M2","haplotype-tagged","PH","CV2","10","2",0.604333333333333
"M3","haplotype-tagged","PH","CV2","10","2",0.619388888888889
"M2","genome-wide","PPP","CV2","10","2",0.147244444444444
"M3","genome-wide","PPP","CV2","10","2",0.1162
"M2","haplotype-tagged","PPP","CV2","10","2",0.130766666666667
"M3","haplotype-tagged","PPP","CV2","10","2",0.129177777777778
"M2","genome-wide","YPPlnt","CV2","10","2",0.0888666666666667
"M3","genome-wide","YPPlnt","CV2","10","2",0.109444444444444
"M2","haplotype-tagged","YPPlnt","CV2","10","2",0.100322222222222
"M3","haplotype-tagged","YPPlnt","CV2","10","2",0.0907666666666667
"M2","genome-wide","DTF","CV0","1","3",0.64345
"M3","genome-wide","DTF","CV0","1","3",0.64325
"M2","haplotype-tagged","DTF","CV0","1","3",0.64595
"M3","haplotype-tagged","DTF","CV0","1","3",0.6474
"M2","genome-wide","DTM","CV0","1","3",0.5322
"M3","genome-wide","DTM","CV0","1","3",0.53235
"M2","haplotype-tagged","DTM","CV0","1","3",0.5322
"M3","haplotype-tagged","DTM","CV0","1","3",0.5325
"M2","genome-wide","HSW","CV0","1","3",0.7789
"M3","genome-wide","HSW","CV0","1","3",0.77825
"M2","haplotype-tagged","HSW","CV0","1","3",0.77555
"M3","haplotype-tagged","HSW","CV0","1","3",0.7767
"M2","genome-wide","PH","CV0","1","3",0.6714
"M3","genome-wide","PH","CV0","1","3",0.66985
"M2","haplotype-tagged","PH","CV0","1","3",0.65775
"M3","haplotype-tagged","PH","CV0","1","3",0.6511
"M2","genome-wide","PPP","CV0","1","3",0.12075
"M3","genome-wide","PPP","CV0","1","3",0.1083
"M2","haplotype-tagged","PPP","CV0","1","3",0.1045
"M3","haplotype-tagged","PPP","CV0","1","3",0.10445
"M2","genome-wide","YPPlnt","CV0","1","3",0.20035
"M3","genome-wide","YPPlnt","CV0","1","3",0.1935
"M2","haplotype-tagged","YPPlnt","CV0","1","3",0.1897
"M3","haplotype-tagged","YPPlnt","CV0","1","3",0.17495
"M2","genome-wide","DTF","CV00","1","3",0.394
"M3","genome-wide","DTF","CV00","1","3",0.38675
"M2","haplotype-tagged","DTF","CV00","1","3",0.43435
"M3","haplotype-tagged","DTF","CV00","1","3",0.2707
"M2","genome-wide","DTM","CV00","1","3",0.3228
"M3","genome-wide","DTM","CV00","1","3",0.32895
"M2","haplotype-tagged","DTM","CV00","1","3",0.16735
"M3","haplotype-tagged","DTM","CV00","1","3",0.2235
"M2","genome-wide","HSW","CV00","1","3",0.6147
"M3","genome-wide","HSW","CV00","1","3",0.6171
"M2","haplotype-tagged","HSW","CV00","1","3",0.54135
"M3","haplotype-tagged","HSW","CV00","1","3",0.53235
"M2","genome-wide","PH","CV00","1","3",0.0918
"M3","genome-wide","PH","CV00","1","3",0.09325
"M2","haplotype-tagged","PH","CV00","1","3",0.0744
"M3","haplotype-tagged","PH","CV00","1","3",0.1191
"M2","genome-wide","PPP","CV00","1","3",0.32025
"M3","genome-wide","PPP","CV00","1","3",0.31645
"M2","haplotype-tagged","PPP","CV00","1","3",0.34935
"M3","haplotype-tagged","PPP","CV00","1","3",0.2653
"M2","genome-wide","YPPlnt","CV00","1","3",0.128
"M3","genome-wide","YPPlnt","CV00","1","3",0.1239
"M2","haplotype-tagged","YPPlnt","CV00","1","3",0.1112
"M3","haplotype-tagged","YPPlnt","CV00","1","3",0.2586
"M2","genome-wide","DTF","CV1","1","3",0.383544444444444
"M3","genome-wide","DTF","CV1","1","3",0.361688888888889
"M2","haplotype-tagged","DTF","CV1","1","3",0.302188888888889
"M3","haplotype-tagged","DTF","CV1","1","3",0.222166666666667
"M2","genome-wide","DTM","CV1","1","3",0.355455555555556
"M3","genome-wide","DTM","CV1","1","3",0.336822222222222
"M2","haplotype-tagged","DTM","CV1","1","3",0.263222222222222
"M3","haplotype-tagged","DTM","CV1","1","3",0.2483
"M2","genome-wide","HSW","CV1","1","3",0.638088888888889
"M3","genome-wide","HSW","CV1","1","3",0.635566666666667
"M2","haplotype-tagged","HSW","CV1","1","3",0.518677777777778
"M3","haplotype-tagged","HSW","CV1","1","3",0.449511111111111
"M2","genome-wide","PH","CV1","1","3",0.191666666666667
"M3","genome-wide","PH","CV1","1","3",0.2033
"M2","haplotype-tagged","PH","CV1","1","3",0.236366666666667
"M3","haplotype-tagged","PH","CV1","1","3",0.209777777777778
"M2","genome-wide","PPP","CV1","1","3",0.156755555555556
"M3","genome-wide","PPP","CV1","1","3",0.203522222222222
"M2","haplotype-tagged","PPP","CV1","1","3",0.125077777777778
"M3","haplotype-tagged","PPP","CV1","1","3",0.1442
"M2","genome-wide","YPPlnt","CV1","1","3",0.144844444444444
"M3","genome-wide","YPPlnt","CV1","1","3",0.118533333333333
"M2","haplotype-tagged","YPPlnt","CV1","1","3",0.157011111111111
"M3","haplotype-tagged","YPPlnt","CV1","1","3",0.0543444444444444
"M2","genome-wide","DTF","CV2","1","3",0.602444444444444
"M3","genome-wide","DTF","CV2","1","3",0.595111111111111
"M2","haplotype-tagged","DTF","CV2","1","3",0.589933333333333
"M3","haplotype-tagged","DTF","CV2","1","3",0.592355555555556
"M2","genome-wide","DTM","CV2","1","3",0.533011111111111
"M3","genome-wide","DTM","CV2","1","3",0.534811111111111
"M2","haplotype-tagged","DTM","CV2","1","3",0.513177777777778
"M3","haplotype-tagged","DTM","CV2","1","3",0.513155555555556
"M2","genome-wide","HSW","CV2","1","3",0.710877777777778
"M3","genome-wide","HSW","CV2","1","3",0.699422222222222
"M2","haplotype-tagged","HSW","CV2","1","3",0.710711111111111
"M3","haplotype-tagged","HSW","CV2","1","3",0.711888888888889
"M2","genome-wide","PH","CV2","1","3",0.521955555555556
"M3","genome-wide","PH","CV2","1","3",0.548144444444444
"M2","haplotype-tagged","PH","CV2","1","3",0.519044444444444
"M3","haplotype-tagged","PH","CV2","1","3",0.5327
"M2","genome-wide","PPP","CV2","1","3",0.161222222222222
"M3","genome-wide","PPP","CV2","1","3",0.142266666666667
"M2","haplotype-tagged","PPP","CV2","1","3",0.140944444444444
"M3","haplotype-tagged","PPP","CV2","1","3",0.125322222222222
"M2","genome-wide","YPPlnt","CV2","1","3",0.236933333333333
"M3","genome-wide","YPPlnt","CV2","1","3",0.223688888888889
"M2","haplotype-tagged","YPPlnt","CV2","1","3",0.209333333333333
"M3","haplotype-tagged","YPPlnt","CV2","1","3",0.199266666666667
"M2","genome-wide","DTF","CV0","2","3",0.5512
"M3","genome-wide","DTF","CV0","2","3",0.55225
"M2","haplotype-tagged","DTF","CV0","2","3",0.55205
"M3","haplotype-tagged","DTF","CV0","2","3",0.5542
"M2","genome-wide","DTM","CV0","2","3",0.36935
"M3","genome-wide","DTM","CV0","2","3",0.3766
"M2","haplotype-tagged","DTM","CV0","2","3",0.37715
"M3","haplotype-tagged","DTM","CV0","2","3",0.3794
"M2","genome-wide","HSW","CV0","2","3",0.66945
"M3","genome-wide","HSW","CV0","2","3",0.6672
"M2","haplotype-tagged","HSW","CV0","2","3",0.671
"M3","haplotype-tagged","HSW","CV0","2","3",0.67095
"M2","genome-wide","PH","CV0","2","3",0.59365
"M3","genome-wide","PH","CV0","2","3",0.6016
"M2","haplotype-tagged","PH","CV0","2","3",0.6015
"M3","haplotype-tagged","PH","CV0","2","3",0.602
"M2","genome-wide","PPP","CV0","2","3",0.30625
"M3","genome-wide","PPP","CV0","2","3",0.2695
"M2","haplotype-tagged","PPP","CV0","2","3",0.27555
"M3","haplotype-tagged","PPP","CV0","2","3",0.2486
"M2","genome-wide","YPPlnt","CV0","2","3",0.104
"M3","genome-wide","YPPlnt","CV0","2","3",0.0843
"M2","haplotype-tagged","YPPlnt","CV0","2","3",0.0731
"M3","haplotype-tagged","YPPlnt","CV0","2","3",0.0797
"M2","genome-wide","DTF","CV00","2","3",0.4576
"M3","genome-wide","DTF","CV00","2","3",0.4591
"M2","haplotype-tagged","DTF","CV00","2","3",0.41825
"M3","haplotype-tagged","DTF","CV00","2","3",0.24875
"M2","genome-wide","DTM","CV00","2","3",0.52955
"M3","genome-wide","DTM","CV00","2","3",0.52925
"M2","haplotype-tagged","DTM","CV00","2","3",0.32565
"M3","haplotype-tagged","DTM","CV00","2","3",0.2569
"M2","genome-wide","HSW","CV00","2","3",0.56775
"M3","genome-wide","HSW","CV00","2","3",0.5521
"M2","haplotype-tagged","HSW","CV00","2","3",0.5747
"M3","haplotype-tagged","HSW","CV00","2","3",0.57575
"M2","genome-wide","PH","CV00","2","3",0.57275
"M3","genome-wide","PH","CV00","2","3",0.5598
"M2","haplotype-tagged","PH","CV00","2","3",0.5495
"M3","haplotype-tagged","PH","CV00","2","3",0.4456
"M2","genome-wide","PPP","CV00","2","3",0.3466
"M3","genome-wide","PPP","CV00","2","3",0.3461
"M2","haplotype-tagged","PPP","CV00","2","3",0.23135
"M3","haplotype-tagged","PPP","CV00","2","3",0.2404
"M2","genome-wide","YPPlnt","CV00","2","3",0.18695
"M3","genome-wide","YPPlnt","CV00","2","3",0.191
"M2","haplotype-tagged","YPPlnt","CV00","2","3",0.1935
"M3","haplotype-tagged","YPPlnt","CV00","2","3",0.0714
"M2","genome-wide","DTF","CV1","2","3",0.381022222222222
"M3","genome-wide","DTF","CV1","2","3",0.356222222222222
"M2","haplotype-tagged","DTF","CV1","2","3",0.367066666666667
"M3","haplotype-tagged","DTF","CV1","2","3",0.342044444444444
"M2","genome-wide","DTM","CV1","2","3",0.399211111111111
"M3","genome-wide","DTM","CV1","2","3",0.454477777777778
"M2","haplotype-tagged","DTM","CV1","2","3",0.341755555555556
"M3","haplotype-tagged","DTM","CV1","2","3",0.283211111111111
"M2","genome-wide","HSW","CV1","2","3",0.515822222222222
"M3","genome-wide","HSW","CV1","2","3",0.496733333333333
"M2","haplotype-tagged","HSW","CV1","2","3",0.5095
"M3","haplotype-tagged","HSW","CV1","2","3",0.527455555555556
"M2","genome-wide","PH","CV1","2","3",0.401555555555556
"M3","genome-wide","PH","CV1","2","3",0.396488888888889
"M2","haplotype-tagged","PH","CV1","2","3",0.368733333333333
"M3","haplotype-tagged","PH","CV1","2","3",0.372522222222222
"M2","genome-wide","PPP","CV1","2","3",0.211988888888889
"M3","genome-wide","PPP","CV1","2","3",0.270888888888889
"M2","haplotype-tagged","PPP","CV1","2","3",0.220622222222222
"M3","haplotype-tagged","PPP","CV1","2","3",0.1218
"M2","genome-wide","YPPlnt","CV1","2","3",0.114133333333333
"M3","genome-wide","YPPlnt","CV1","2","3",0.118155555555556
"M2","haplotype-tagged","YPPlnt","CV1","2","3",0.0432666666666667
"M3","haplotype-tagged","YPPlnt","CV1","2","3",0.0814333333333333
"M2","genome-wide","DTF","CV2","2","3",0.667011111111111
"M3","genome-wide","DTF","CV2","2","3",0.653055555555556
"M2","haplotype-tagged","DTF","CV2","2","3",0.658255555555556
"M3","haplotype-tagged","DTF","CV2","2","3",0.655088888888889
"M2","genome-wide","DTM","CV2","2","3",0.548088888888889
"M3","genome-wide","DTM","CV2","2","3",0.5181
"M2","haplotype-tagged","DTM","CV2","2","3",0.524688888888889
"M3","haplotype-tagged","DTM","CV2","2","3",0.537388888888889
"M2","genome-wide","HSW","CV2","2","3",0.754511111111111
"M3","genome-wide","HSW","CV2","2","3",0.749
"M2","haplotype-tagged","HSW","CV2","2","3",0.749022222222222
"M3","haplotype-tagged","HSW","CV2","2","3",0.749844444444444
"M2","genome-wide","PH","CV2","2","3",0.561555555555556
"M3","genome-wide","PH","CV2","2","3",0.567166666666667
"M2","haplotype-tagged","PH","CV2","2","3",0.565455555555556
"M3","haplotype-tagged","PH","CV2","2","3",0.5678
"M2","genome-wide","PPP","CV2","2","3",0.180622222222222
"M3","genome-wide","PPP","CV2","2","3",0.189644444444444
"M2","haplotype-tagged","PPP","CV2","2","3",0.132655555555556
"M3","haplotype-tagged","PPP","CV2","2","3",0.163877777777778
"M2","genome-wide","YPPlnt","CV2","2","3",0.169322222222222
"M3","genome-wide","YPPlnt","CV2","2","3",0.143944444444444
"M2","haplotype-tagged","YPPlnt","CV2","2","3",0.183488888888889
"M3","haplotype-tagged","YPPlnt","CV2","2","3",0.167533333333333
"M2","genome-wide","DTF","CV0","3","3",0.69075
"M3","genome-wide","DTF","CV0","3","3",0.68415
"M2","haplotype-tagged","DTF","CV0","3","3",0.6796
"M3","haplotype-tagged","DTF","CV0","3","3",0.6818
"M2","genome-wide","DTM","CV0","3","3",0.5224
"M3","genome-wide","DTM","CV0","3","3",0.50625
"M2","haplotype-tagged","DTM","CV0","3","3",0.4985
"M3","haplotype-tagged","DTM","CV0","3","3",0.49025
"M2","genome-wide","HSW","CV0","3","3",0.8067
"M3","genome-wide","HSW","CV0","3","3",0.80485
"M2","haplotype-tagged","HSW","CV0","3","3",0.80245
"M3","haplotype-tagged","HSW","CV0","3","3",0.80255
"M2","genome-wide","PH","CV0","3","3",0.65335
"M3","genome-wide","PH","CV0","3","3",0.6454
"M2","haplotype-tagged","PH","CV0","3","3",0.64685
"M3","haplotype-tagged","PH","CV0","3","3",0.64345
"M2","genome-wide","PPP","CV0","3","3",0.24675
"M3","genome-wide","PPP","CV0","3","3",0.2224
"M2","haplotype-tagged","PPP","CV0","3","3",0.22055
"M3","haplotype-tagged","PPP","CV0","3","3",0.19515
"M2","genome-wide","YPPlnt","CV0","3","3",0.15595
"M3","genome-wide","YPPlnt","CV0","3","3",0.1563
"M2","haplotype-tagged","YPPlnt","CV0","3","3",0.15955
"M3","haplotype-tagged","YPPlnt","CV0","3","3",0.1492
"M2","genome-wide","DTF","CV00","3","3",0.57955
"M3","genome-wide","DTF","CV00","3","3",0.5724
"M2","haplotype-tagged","DTF","CV00","3","3",0.48015
"M3","haplotype-tagged","DTF","CV00","3","3",0.4751
"M2","genome-wide","DTM","CV00","3","3",0.41505
"M3","genome-wide","DTM","CV00","3","3",0.38505
"M2","haplotype-tagged","DTM","CV00","3","3",0.3969
"M3","haplotype-tagged","DTM","CV00","3","3",0.2474
"M2","genome-wide","HSW","CV00","3","3",0.58825
"M3","genome-wide","HSW","CV00","3","3",0.59725
"M2","haplotype-tagged","HSW","CV00","3","3",0.54505
"M3","haplotype-tagged","HSW","CV00","3","3",0.54765
"M2","genome-wide","PH","CV00","3","3",0.64155
"M3","genome-wide","PH","CV00","3","3",0.63795
"M2","haplotype-tagged","PH","CV00","3","3",0.63105
"M3","haplotype-tagged","PH","CV00","3","3",0.61585
"M2","genome-wide","PPP","CV00","3","3",0.30375
"M3","genome-wide","PPP","CV00","3","3",0.3068
"M2","haplotype-tagged","PPP","CV00","3","3",0.2827
"M3","haplotype-tagged","PPP","CV00","3","3",0.2138
"M2","genome-wide","YPPlnt","CV00","3","3",0.16885
"M3","genome-wide","YPPlnt","CV00","3","3",0.20555
"M2","haplotype-tagged","YPPlnt","CV00","3","3",0.1947
"M3","haplotype-tagged","YPPlnt","CV00","3","3",0.06485
"M2","genome-wide","DTF","CV1","3","3",0.324077777777778
"M3","genome-wide","DTF","CV1","3","3",0.337188888888889
"M2","haplotype-tagged","DTF","CV1","3","3",0.187333333333333
"M3","haplotype-tagged","DTF","CV1","3","3",0.234266666666667
"M2","genome-wide","DTM","CV1","3","3",0.235855555555556
"M3","genome-wide","DTM","CV1","3","3",0.2278
"M2","haplotype-tagged","DTM","CV1","3","3",0.1797
"M3","haplotype-tagged","DTM","CV1","3","3",0.126388888888889
"M2","genome-wide","HSW","CV1","3","3",0.601444444444444
"M3","genome-wide","HSW","CV1","3","3",0.589166666666667
"M2","haplotype-tagged","HSW","CV1","3","3",0.521422222222222
"M3","haplotype-tagged","HSW","CV1","3","3",0.506022222222222
"M2","genome-wide","PH","CV1","3","3",0.487233333333333
"M3","genome-wide","PH","CV1","3","3",0.487233333333333
"M2","haplotype-tagged","PH","CV1","3","3",0.426111111111111
"M3","haplotype-tagged","PH","CV1","3","3",0.477188888888889
"M2","genome-wide","PPP","CV1","3","3",0.200544444444444
"M3","genome-wide","PPP","CV1","3","3",0.196088888888889
"M2","haplotype-tagged","PPP","CV1","3","3",0.177922222222222
"M3","haplotype-tagged","PPP","CV1","3","3",0.102766666666667
"M2","genome-wide","YPPlnt","CV1","3","3",0.1829
"M3","genome-wide","YPPlnt","CV1","3","3",0.155933333333333
"M2","haplotype-tagged","YPPlnt","CV1","3","3",0.143988888888889
"M3","haplotype-tagged","YPPlnt","CV1","3","3",0.0842
"M2","genome-wide","DTF","CV2","3","3",0.603366666666667
"M3","genome-wide","DTF","CV2","3","3",0.597511111111111
"M2","haplotype-tagged","DTF","CV2","3","3",0.593866666666667
"M3","haplotype-tagged","DTF","CV2","3","3",0.5963
"M2","genome-wide","DTM","CV2","3","3",0.471422222222222
"M3","genome-wide","DTM","CV2","3","3",0.475733333333333
"M2","haplotype-tagged","DTM","CV2","3","3",0.463922222222222
"M3","haplotype-tagged","DTM","CV2","3","3",0.481088888888889
"M2","genome-wide","HSW","CV2","3","3",0.776366666666667
"M3","genome-wide","HSW","CV2","3","3",0.772555555555556
"M2","haplotype-tagged","HSW","CV2","3","3",0.7764
"M3","haplotype-tagged","HSW","CV2","3","3",0.777877777777778
"M2","genome-wide","PH","CV2","3","3",0.5879
"M3","genome-wide","PH","CV2","3","3",0.590455555555556
"M2","haplotype-tagged","PH","CV2","3","3",0.580111111111111
"M3","haplotype-tagged","PH","CV2","3","3",0.592466666666667
"M2","genome-wide","PPP","CV2","3","3",0.248077777777778
"M3","genome-wide","PPP","CV2","3","3",0.215622222222222
"M2","haplotype-tagged","PPP","CV2","3","3",0.211033333333333
"M3","haplotype-tagged","PPP","CV2","3","3",0.202966666666667
"M2","genome-wide","YPPlnt","CV2","3","3",0.0617444444444444
"M3","genome-wide","YPPlnt","CV2","3","3",0.0646
"M2","haplotype-tagged","YPPlnt","CV2","3","3",0.0649666666666667
"M3","haplotype-tagged","YPPlnt","CV2","3","3",0.00282222222222222
"M2","genome-wide","DTF","CV0","4","3",0.69
"M3","genome-wide","DTF","CV0","4","3",0.6869
"M2","haplotype-tagged","DTF","CV0","4","3",0.68005
"M3","haplotype-tagged","DTF","CV0","4","3",0.679
"M2","genome-wide","DTM","CV0","4","3",0.5197
"M3","genome-wide","DTM","CV0","4","3",0.50355
"M2","haplotype-tagged","DTM","CV0","4","3",0.4953
"M3","haplotype-tagged","DTM","CV0","4","3",0.4915
"M2","genome-wide","HSW","CV0","4","3",0.80615
"M3","genome-wide","HSW","CV0","4","3",0.80585
"M2","haplotype-tagged","HSW","CV0","4","3",0.80265
"M3","haplotype-tagged","HSW","CV0","4","3",0.8036
"M2","genome-wide","PH","CV0","4","3",0.6538
"M3","genome-wide","PH","CV0","4","3",0.64995
"M2","haplotype-tagged","PH","CV0","4","3",0.64715
"M3","haplotype-tagged","PH","CV0","4","3",0.63895
"M2","genome-wide","PPP","CV0","4","3",0.24765
"M3","genome-wide","PPP","CV0","4","3",0.22055
"M2","haplotype-tagged","PPP","CV0","4","3",0.22115
"M3","haplotype-tagged","PPP","CV0","4","3",0.18625
"M2","genome-wide","YPPlnt","CV0","4","3",0.15735
"M3","genome-wide","YPPlnt","CV0","4","3",0.15605
"M2","haplotype-tagged","YPPlnt","CV0","4","3",0.16015
"M3","haplotype-tagged","YPPlnt","CV0","4","3",0.16075
"M2","genome-wide","DTF","CV00","4","3",0.26965
"M3","genome-wide","DTF","CV00","4","3",0.25625
"M2","haplotype-tagged","DTF","CV00","4","3",0.2006
"M3","haplotype-tagged","DTF","CV00","4","3",0.16865
"M2","genome-wide","DTM","CV00","4","3",0.29755
"M3","genome-wide","DTM","CV00","4","3",0.2758
"M2","haplotype-tagged","DTM","CV00","4","3",0.0413
"M3","haplotype-tagged","DTM","CV00","4","3",0.08085
"M2","genome-wide","HSW","CV00","4","3",0.6299
"M3","genome-wide","HSW","CV00","4","3",0.6086
"M2","haplotype-tagged","HSW","CV00","4","3",0.4513
"M3","haplotype-tagged","HSW","CV00","4","3",0.4037
"M2","genome-wide","PH","CV00","4","3",0.49795
"M3","genome-wide","PH","CV00","4","3",0.5004
"M2","haplotype-tagged","PH","CV00","4","3",0.505
"M3","haplotype-tagged","PH","CV00","4","3",0.43765
"M2","genome-wide","PPP","CV00","4","3",0.3438
"M3","genome-wide","PPP","CV00","4","3",0.37825
"M2","haplotype-tagged","PPP","CV00","4","3",0.32545
"M3","haplotype-tagged","PPP","CV00","4","3",0.05215
"M2","genome-wide","YPPlnt","CV00","4","3",0.1831
"M3","genome-wide","YPPlnt","CV00","4","3",0.2129
"M2","haplotype-tagged","YPPlnt","CV00","4","3",0.1523
"M3","haplotype-tagged","YPPlnt","CV00","4","3",0.25545
"M2","genome-wide","DTF","CV1","4","3",0.439055555555556
"M3","genome-wide","DTF","CV1","4","3",0.437588888888889
"M2","haplotype-tagged","DTF","CV1","4","3",0.383766666666667
"M3","haplotype-tagged","DTF","CV1","4","3",0.311933333333333
"M2","genome-wide","DTM","CV1","4","3",0.361444444444444
"M3","genome-wide","DTM","CV1","4","3",0.326688888888889
"M2","haplotype-tagged","DTM","CV1","4","3",0.352811111111111
"M3","haplotype-tagged","DTM","CV1","4","3",0.237122222222222
"M2","genome-wide","HSW","CV1","4","3",0.5227
"M3","genome-wide","HSW","CV1","4","3",0.498088888888889
"M2","haplotype-tagged","HSW","CV1","4","3",0.411711111111111
"M3","haplotype-tagged","HSW","CV1","4","3",0.442977777777778
"M2","genome-wide","PH","CV1","4","3",0.412755555555556
"M3","genome-wide","PH","CV1","4","3",0.421144444444444
"M2","haplotype-tagged","PH","CV1","4","3",0.378644444444444
"M3","haplotype-tagged","PH","CV1","4","3",0.354977777777778
"M2","genome-wide","PPP","CV1","4","3",0.136833333333333
"M3","genome-wide","PPP","CV1","4","3",0.159833333333333
"M2","haplotype-tagged","PPP","CV1","4","3",0.122633333333333
"M3","haplotype-tagged","PPP","CV1","4","3",0.1475
"M2","genome-wide","YPPlnt","CV1","4","3",0.117488888888889
"M3","genome-wide","YPPlnt","CV1","4","3",0.0989555555555556
"M2","haplotype-tagged","YPPlnt","CV1","4","3",-0.0103666666666667
"M3","haplotype-tagged","YPPlnt","CV1","4","3",0.0510888888888889
"M2","genome-wide","DTF","CV2","4","3",0.572933333333333
"M3","genome-wide","DTF","CV2","4","3",0.564122222222222
"M2","haplotype-tagged","DTF","CV2","4","3",0.563255555555556
"M3","haplotype-tagged","DTF","CV2","4","3",0.5566
"M2","genome-wide","DTM","CV2","4","3",0.524566666666667
"M3","genome-wide","DTM","CV2","4","3",0.477355555555556
"M2","haplotype-tagged","DTM","CV2","4","3",0.518533333333333
"M3","haplotype-tagged","DTM","CV2","4","3",0.499188888888889
"M2","genome-wide","HSW","CV2","4","3",0.715777777777778
"M3","genome-wide","HSW","CV2","4","3",0.706166666666667
"M2","haplotype-tagged","HSW","CV2","4","3",0.7103
"M3","haplotype-tagged","HSW","CV2","4","3",0.708388888888889
"M2","genome-wide","PH","CV2","4","3",0.552833333333333
"M3","genome-wide","PH","CV2","4","3",0.579133333333333
"M2","haplotype-tagged","PH","CV2","4","3",0.558055555555556
"M3","haplotype-tagged","PH","CV2","4","3",0.565088888888889
"M2","genome-wide","PPP","CV2","4","3",0.0878111111111111
"M3","genome-wide","PPP","CV2","4","3",0.102788888888889
"M2","haplotype-tagged","PPP","CV2","4","3",0.0519333333333333
"M3","haplotype-tagged","PPP","CV2","4","3",0.0862888888888889
"M2","genome-wide","YPPlnt","CV2","4","3",0.155577777777778
"M3","genome-wide","YPPlnt","CV2","4","3",0.122822222222222
"M2","haplotype-tagged","YPPlnt","CV2","4","3",0.152544444444444
"M3","haplotype-tagged","YPPlnt","CV2","4","3",0.138933333333333
"M2","genome-wide","DTF","CV0","5","3",0.55075
"M3","genome-wide","DTF","CV0","5","3",0.55355
"M2","haplotype-tagged","DTF","CV0","5","3",0.55225
"M3","haplotype-tagged","DTF","CV0","5","3",0.5505
"M2","genome-wide","DTM","CV0","5","3",0.3691
"M3","genome-wide","DTM","CV0","5","3",0.3726
"M2","haplotype-tagged","DTM","CV0","5","3",0.37675
"M3","haplotype-tagged","DTM","CV0","5","3",0.37715
"M2","genome-wide","HSW","CV0","5","3",0.67045
"M3","genome-wide","HSW","CV0","5","3",0.6697
"M2","haplotype-tagged","HSW","CV0","5","3",0.6717
"M3","haplotype-tagged","HSW","CV0","5","3",0.6703
"M2","genome-wide","PH","CV0","5","3",0.5924
"M3","genome-wide","PH","CV0","5","3",0.60255
"M2","haplotype-tagged","PH","CV0","5","3",0.6028
"M3","haplotype-tagged","PH","CV0","5","3",0.6044
"M2","genome-wide","PPP","CV0","5","3",0.30255
"M3","genome-wide","PPP","CV0","5","3",0.26305
"M2","haplotype-tagged","PPP","CV0","5","3",0.2742
"M3","haplotype-tagged","PPP","CV0","5","3",0.25265
"M2","genome-wide","YPPlnt","CV0","5","3",0.10135
"M3","genome-wide","YPPlnt","CV0","5","3",0.0947
"M2","haplotype-tagged","YPPlnt","CV0","5","3",0.07645
"M3","haplotype-tagged","YPPlnt","CV0","5","3",0.0664
"M2","genome-wide","DTF","CV00","5","3",0.60285
"M3","genome-wide","DTF","CV00","5","3",0.6152
"M2","haplotype-tagged","DTF","CV00","5","3",0.42145
"M3","haplotype-tagged","DTF","CV00","5","3",0.3791
"M2","genome-wide","DTM","CV00","5","3",0.46835
"M3","genome-wide","DTM","CV00","5","3",0.4911
"M2","haplotype-tagged","DTM","CV00","5","3",0.36195
"M3","haplotype-tagged","DTM","CV00","5","3",0.33925
"M2","genome-wide","HSW","CV00","5","3",0.44925
"M3","genome-wide","HSW","CV00","5","3",0.44895
"M2","haplotype-tagged","HSW","CV00","5","3",0.4544
"M3","haplotype-tagged","HSW","CV00","5","3",0.45055
"M2","genome-wide","PH","CV00","5","3",0.4776
"M3","genome-wide","PH","CV00","5","3",0.49105
"M2","haplotype-tagged","PH","CV00","5","3",0.5202
"M3","haplotype-tagged","PH","CV00","5","3",0.48535
"M2","genome-wide","PPP","CV00","5","3",0.3865
"M3","genome-wide","PPP","CV00","5","3",0.36065
"M2","haplotype-tagged","PPP","CV00","5","3",0.2772
"M3","haplotype-tagged","PPP","CV00","5","3",0.23955
"M2","genome-wide","YPPlnt","CV00","5","3",0.168
"M3","genome-wide","YPPlnt","CV00","5","3",0.1833
"M2","haplotype-tagged","YPPlnt","CV00","5","3",0.2751
"M3","haplotype-tagged","YPPlnt","CV00","5","3",0.08455
"M2","genome-wide","DTF","CV1","5","3",0.493433333333333
"M3","genome-wide","DTF","CV1","5","3",0.456644444444444
"M2","haplotype-tagged","DTF","CV1","5","3",0.380111111111111
"M3","haplotype-tagged","DTF","CV1","5","3",0.135033333333333
"M2","genome-wide","DTM","CV1","5","3",0.433877777777778
"M3","genome-wide","DTM","CV1","5","3",0.4227
"M2","haplotype-tagged","DTM","CV1","5","3",0.319444444444444
"M3","haplotype-tagged","DTM","CV1","5","3",0.260877777777778
"M2","genome-wide","HSW","CV1","5","3",0.5154
"M3","genome-wide","HSW","CV1","5","3",0.514788888888889
"M2","haplotype-tagged","HSW","CV1","5","3",0.431022222222222
"M3","haplotype-tagged","HSW","CV1","5","3",0.475233333333333
"M2","genome-wide","PH","CV1","5","3",0.390422222222222
"M3","genome-wide","PH","CV1","5","3",0.3611
"M2","haplotype-tagged","PH","CV1","5","3",0.438233333333333
"M3","haplotype-tagged","PH","CV1","5","3",0.395533333333333
"M2","genome-wide","PPP","CV1","5","3",0.213322222222222
"M3","genome-wide","PPP","CV1","5","3",0.166222222222222
"M2","haplotype-tagged","PPP","CV1","5","3",0.181922222222222
"M3","haplotype-tagged","PPP","CV1","5","3",0.0487111111111111
"M2","genome-wide","YPPlnt","CV1","5","3",0.102877777777778
"M3","genome-wide","YPPlnt","CV1","5","3",0.0882777777777778
"M2","haplotype-tagged","YPPlnt","CV1","5","3",0.181611111111111
"M3","haplotype-tagged","YPPlnt","CV1","5","3",0.115555555555556
"M2","genome-wide","DTF","CV2","5","3",0.660166666666667
"M3","genome-wide","DTF","CV2","5","3",0.667633333333333
"M2","haplotype-tagged","DTF","CV2","5","3",0.651655555555556
"M3","haplotype-tagged","DTF","CV2","5","3",0.656155555555556
"M2","genome-wide","DTM","CV2","5","3",0.476144444444444
"M3","genome-wide","DTM","CV2","5","3",0.495466666666667
"M2","haplotype-tagged","DTM","CV2","5","3",0.469166666666667
"M3","haplotype-tagged","DTM","CV2","5","3",0.484911111111111
"M2","genome-wide","HSW","CV2","5","3",0.7382
"M3","genome-wide","HSW","CV2","5","3",0.733855555555556
"M2","haplotype-tagged","HSW","CV2","5","3",0.735155555555556
"M3","haplotype-tagged","HSW","CV2","5","3",0.734222222222222
"M2","genome-wide","PH","CV2","5","3",0.5513
"M3","genome-wide","PH","CV2","5","3",0.547377777777778
"M2","haplotype-tagged","PH","CV2","5","3",0.563888888888889
"M3","haplotype-tagged","PH","CV2","5","3",0.565377777777778
"M2","genome-wide","PPP","CV2","5","3",0.150466666666667
"M3","genome-wide","PPP","CV2","5","3",0.105422222222222
"M2","haplotype-tagged","PPP","CV2","5","3",0.125066666666667
"M3","haplotype-tagged","PPP","CV2","5","3",0.0938111111111111
"M2","genome-wide","YPPlnt","CV2","5","3",0.1901
"M3","genome-wide","YPPlnt","CV2","5","3",0.180044444444444
"M2","haplotype-tagged","YPPlnt","CV2","5","3",0.157611111111111
"M3","haplotype-tagged","YPPlnt","CV2","5","3",0.172233333333333
"M2","genome-wide","DTF","CV0","6","3",0.6037
"M3","genome-wide","DTF","CV0","6","3",0.60395
"M2","haplotype-tagged","DTF","CV0","6","3",0.60265
"M3","haplotype-tagged","DTF","CV0","6","3",0.60435
"M2","genome-wide","DTM","CV0","6","3",0.486
"M3","genome-wide","DTM","CV0","6","3",0.4719
"M2","haplotype-tagged","DTM","CV0","6","3",0.47185
"M3","haplotype-tagged","DTM","CV0","6","3",0.46795
"M2","genome-wide","HSW","CV0","6","3",0.7421
"M3","genome-wide","HSW","CV0","6","3",0.7426
"M2","haplotype-tagged","HSW","CV0","6","3",0.7392
"M3","haplotype-tagged","HSW","CV0","6","3",0.7401
"M2","genome-wide","PH","CV0","6","3",0.5838
"M3","genome-wide","PH","CV0","6","3",0.57925
"M2","haplotype-tagged","PH","CV0","6","3",0.57715
"M3","haplotype-tagged","PH","CV0","6","3",0.57365
"M2","genome-wide","PPP","CV0","6","3",0.0606
"M3","genome-wide","PPP","CV0","6","3",0.0556
"M2","haplotype-tagged","PPP","CV0","6","3",0.05445
"M3","haplotype-tagged","PPP","CV0","6","3",0.0445
"M2","genome-wide","YPPlnt","CV0","6","3",0.18295
"M3","genome-wide","YPPlnt","CV0","6","3",0.16825
"M2","haplotype-tagged","YPPlnt","CV0","6","3",0.1765
"M3","haplotype-tagged","YPPlnt","CV0","6","3",0.1669
"M2","genome-wide","DTF","CV00","6","3",0.49545
"M3","genome-wide","DTF","CV00","6","3",0.5461
"M2","haplotype-tagged","DTF","CV00","6","3",0.3421
"M3","haplotype-tagged","DTF","CV00","6","3",0.15065
"M2","genome-wide","DTM","CV00","6","3",0.255
"M3","genome-wide","DTM","CV00","6","3",0.2933
"M2","haplotype-tagged","DTM","CV00","6","3",0.1282
"M3","haplotype-tagged","DTM","CV00","6","3",0.2328
"M2","genome-wide","HSW","CV00","6","3",0.47815
"M3","genome-wide","HSW","CV00","6","3",0.4856
"M2","haplotype-tagged","HSW","CV00","6","3",0.2062
"M3","haplotype-tagged","HSW","CV00","6","3",0.1588
"M2","genome-wide","PH","CV00","6","3",0.32525
"M3","genome-wide","PH","CV00","6","3",0.3235
"M2","haplotype-tagged","PH","CV00","6","3",0.3017
"M3","haplotype-tagged","PH","CV00","6","3",0.3098
"M2","genome-wide","PPP","CV00","6","3",-0.0189
"M3","genome-wide","PPP","CV00","6","3",-0.03665
"M2","haplotype-tagged","PPP","CV00","6","3",-0.0287
"M3","haplotype-tagged","PPP","CV00","6","3",0.05545
"M2","genome-wide","YPPlnt","CV00","6","3",0.0766
"M3","genome-wide","YPPlnt","CV00","6","3",0.07175
"M2","haplotype-tagged","YPPlnt","CV00","6","3",0.0609
"M3","haplotype-tagged","YPPlnt","CV00","6","3",0.0412
"M2","genome-wide","DTF","CV1","6","3",0.478144444444444
"M3","genome-wide","DTF","CV1","6","3",0.514755555555556
"M2","haplotype-tagged","DTF","CV1","6","3",0.2998
"M3","haplotype-tagged","DTF","CV1","6","3",0.383566666666667
"M2","genome-wide","DTM","CV1","6","3",0.380066666666667
"M3","genome-wide","DTM","CV1","6","3",0.398455555555556
"M2","haplotype-tagged","DTM","CV1","6","3",0.194122222222222
"M3","haplotype-tagged","DTM","CV1","6","3",0.235444444444444
"M2","genome-wide","HSW","CV1","6","3",0.621077777777778
"M3","genome-wide","HSW","CV1","6","3",0.610155555555556
"M2","haplotype-tagged","HSW","CV1","6","3",0.608366666666667
"M3","haplotype-tagged","HSW","CV1","6","3",0.583266666666667
"M2","genome-wide","PH","CV1","6","3",0.317088888888889
"M3","genome-wide","PH","CV1","6","3",0.317055555555556
"M2","haplotype-tagged","PH","CV1","6","3",0.328411111111111
"M3","haplotype-tagged","PH","CV1","6","3",0.308855555555556
"M2","genome-wide","PPP","CV1","6","3",0.178166666666667
"M3","genome-wide","PPP","CV1","6","3",0.142744444444444
"M2","haplotype-tagged","PPP","CV1","6","3",0.163188888888889
"M3","haplotype-tagged","PPP","CV1","6","3",0.0872333333333333
"M2","genome-wide","YPPlnt","CV1","6","3",0.0920444444444444
"M3","genome-wide","YPPlnt","CV1","6","3",0.0807333333333333
"M2","haplotype-tagged","YPPlnt","CV1","6","3",0.193344444444444
"M3","haplotype-tagged","YPPlnt","CV1","6","3",0.0531222222222222
"M2","genome-wide","DTF","CV2","6","3",0.6035
"M3","genome-wide","DTF","CV2","6","3",0.577677777777778
"M2","haplotype-tagged","DTF","CV2","6","3",0.600866666666667
"M3","haplotype-tagged","DTF","CV2","6","3",0.597766666666667
"M2","genome-wide","DTM","CV2","6","3",0.464744444444444
"M3","genome-wide","DTM","CV2","6","3",0.455388888888889
"M2","haplotype-tagged","DTM","CV2","6","3",0.453111111111111
"M3","haplotype-tagged","DTM","CV2","6","3",0.455877777777778
"M2","genome-wide","HSW","CV2","6","3",0.749344444444444
"M3","genome-wide","HSW","CV2","6","3",0.7401
"M2","haplotype-tagged","HSW","CV2","6","3",0.748266666666667
"M3","haplotype-tagged","HSW","CV2","6","3",0.746455555555556
"M2","genome-wide","PH","CV2","6","3",0.642488888888889
"M3","genome-wide","PH","CV2","6","3",0.621911111111111
"M2","haplotype-tagged","PH","CV2","6","3",0.637444444444444
"M3","haplotype-tagged","PH","CV2","6","3",0.628955555555556
"M2","genome-wide","PPP","CV2","6","3",0.122877777777778
"M3","genome-wide","PPP","CV2","6","3",0.0761111111111111
"M2","haplotype-tagged","PPP","CV2","6","3",0.0763
"M3","haplotype-tagged","PPP","CV2","6","3",0.0794111111111111
"M2","genome-wide","YPPlnt","CV2","6","3",0.146922222222222
"M3","genome-wide","YPPlnt","CV2","6","3",0.121488888888889
"M2","haplotype-tagged","YPPlnt","CV2","6","3",0.121911111111111
"M3","haplotype-tagged","YPPlnt","CV2","6","3",0.112444444444444
"M2","genome-wide","DTF","CV0","7","3",0.4909
"M3","genome-wide","DTF","CV0","7","3",0.4923
"M2","haplotype-tagged","DTF","CV0","7","3",0.4956
"M3","haplotype-tagged","DTF","CV0","7","3",0.49365
"M2","genome-wide","DTM","CV0","7","3",0.3885
"M3","genome-wide","DTM","CV0","7","3",0.39425
"M2","haplotype-tagged","DTM","CV0","7","3",0.3883
"M3","haplotype-tagged","DTM","CV0","7","3",0.3913
"M2","genome-wide","HSW","CV0","7","3",0.69465
"M3","genome-wide","HSW","CV0","7","3",0.69605
"M2","haplotype-tagged","HSW","CV0","7","3",0.69785
"M3","haplotype-tagged","HSW","CV0","7","3",0.6983
"M2","genome-wide","PH","CV0","7","3",0.62135
"M3","genome-wide","PH","CV0","7","3",0.61705
"M2","haplotype-tagged","PH","CV0","7","3",0.6184
"M3","haplotype-tagged","PH","CV0","7","3",0.61435
"M2","genome-wide","PPP","CV0","7","3",0.12885
"M3","genome-wide","PPP","CV0","7","3",0.12295
"M2","haplotype-tagged","PPP","CV0","7","3",0.12125
"M3","haplotype-tagged","PPP","CV0","7","3",0.1218
"M2","genome-wide","YPPlnt","CV0","7","3",0.1462
"M3","genome-wide","YPPlnt","CV0","7","3",0.14535
"M2","haplotype-tagged","YPPlnt","CV0","7","3",0.1473
"M3","haplotype-tagged","YPPlnt","CV0","7","3",0.13845
"M2","genome-wide","DTF","CV00","7","3",0.27775
"M3","genome-wide","DTF","CV00","7","3",0.2423
"M2","haplotype-tagged","DTF","CV00","7","3",-0.0858
"M3","haplotype-tagged","DTF","CV00","7","3",0.018
"M2","genome-wide","DTM","CV00","7","3",0.30065
"M3","genome-wide","DTM","CV00","7","3",0.2831
"M2","haplotype-tagged","DTM","CV00","7","3",0.16005
"M3","haplotype-tagged","DTM","CV00","7","3",0.2144
"M2","genome-wide","HSW","CV00","7","3",0.5857
"M3","genome-wide","HSW","CV00","7","3",0.5615
"M2","haplotype-tagged","HSW","CV00","7","3",0.39825
"M3","haplotype-tagged","HSW","CV00","7","3",0.46855
"M2","genome-wide","PH","CV00","7","3",0.59245
"M3","genome-wide","PH","CV00","7","3",0.5912
"M2","haplotype-tagged","PH","CV00","7","3",0.50995
"M3","haplotype-tagged","PH","CV00","7","3",0.45005
"M2","genome-wide","PPP","CV00","7","3",0.2949
"M3","genome-wide","PPP","CV00","7","3",0.2548
"M2","haplotype-tagged","PPP","CV00","7","3",0.21935
"M3","haplotype-tagged","PPP","CV00","7","3",0.13565
"M2","genome-wide","YPPlnt","CV00","7","3",0.02115
"M3","genome-wide","YPPlnt","CV00","7","3",-0.0113
"M2","haplotype-tagged","YPPlnt","CV00","7","3",0.1785
"M3","haplotype-tagged","YPPlnt","CV00","7","3",0.1606
"M2","genome-wide","DTF","CV1","7","3",0.413422222222222
"M3","genome-wide","DTF","CV1","7","3",0.428144444444444
"M2","haplotype-tagged","DTF","CV1","7","3",0.379655555555556
"M3","haplotype-tagged","DTF","CV1","7","3",0.209966666666667
"M2","genome-wide","DTM","CV1","7","3",0.316077777777778
"M3","genome-wide","DTM","CV1","7","3",0.3067
"M2","haplotype-tagged","DTM","CV1","7","3",0.236
"M3","haplotype-tagged","DTM","CV1","7","3",0.295477777777778
"M2","genome-wide","HSW","CV1","7","3",0.562888888888889
"M3","genome-wide","HSW","CV1","7","3",0.560566666666667
"M2","haplotype-tagged","HSW","CV1","7","3",0.452355555555556
"M3","haplotype-tagged","HSW","CV1","7","3",0.451011111111111
"M2","genome-wide","PH","CV1","7","3",0.546088888888889
"M3","genome-wide","PH","CV1","7","3",0.505288888888889
"M2","haplotype-tagged","PH","CV1","7","3",0.569477777777778
"M3","haplotype-tagged","PH","CV1","7","3",0.543455555555556
"M2","genome-wide","PPP","CV1","7","3",0.194566666666667
"M3","genome-wide","PPP","CV1","7","3",0.143644444444444
"M2","haplotype-tagged","PPP","CV1","7","3",0.177011111111111
"M3","haplotype-tagged","PPP","CV1","7","3",0.0995444444444444
"M2","genome-wide","YPPlnt","CV1","7","3",0.123777777777778
"M3","genome-wide","YPPlnt","CV1","7","3",0.0515
"M2","haplotype-tagged","YPPlnt","CV1","7","3",0.0227
"M3","haplotype-tagged","YPPlnt","CV1","7","3",0.00196666666666666
"M2","genome-wide","DTF","CV2","7","3",0.544722222222222
"M3","genome-wide","DTF","CV2","7","3",0.536233333333333
"M2","haplotype-tagged","DTF","CV2","7","3",0.5256
"M3","haplotype-tagged","DTF","CV2","7","3",0.5192
"M2","genome-wide","DTM","CV2","7","3",0.381233333333333
"M3","genome-wide","DTM","CV2","7","3",0.356533333333333
"M2","haplotype-tagged","DTM","CV2","7","3",0.353811111111111
"M3","haplotype-tagged","DTM","CV2","7","3",0.351966666666667
"M2","genome-wide","HSW","CV2","7","3",0.748633333333333
"M3","genome-wide","HSW","CV2","7","3",0.741311111111111
"M2","haplotype-tagged","HSW","CV2","7","3",0.745977777777778
"M3","haplotype-tagged","HSW","CV2","7","3",0.740111111111111
"M2","genome-wide","PH","CV2","7","3",0.577411111111111
"M3","genome-wide","PH","CV2","7","3",0.593611111111111
"M2","haplotype-tagged","PH","CV2","7","3",0.557544444444444
"M3","haplotype-tagged","PH","CV2","7","3",0.557888888888889
"M2","genome-wide","PPP","CV2","7","3",0.164033333333333
"M3","genome-wide","PPP","CV2","7","3",0.137866666666667
"M2","haplotype-tagged","PPP","CV2","7","3",0.117344444444444
"M3","haplotype-tagged","PPP","CV2","7","3",0.133866666666667
"M2","genome-wide","YPPlnt","CV2","7","3",0.151388888888889
"M3","genome-wide","YPPlnt","CV2","7","3",0.124766666666667
"M2","haplotype-tagged","YPPlnt","CV2","7","3",0.120777777777778
"M3","haplotype-tagged","YPPlnt","CV2","7","3",0.120244444444444
"M2","genome-wide","DTF","CV0","8","3",0.7321
"M3","genome-wide","DTF","CV0","8","3",0.7302
"M2","haplotype-tagged","DTF","CV0","8","3",0.728
"M3","haplotype-tagged","DTF","CV0","8","3",0.72705
"M2","genome-wide","DTM","CV0","8","3",0.6529
"M3","genome-wide","DTM","CV0","8","3",0.6414
"M2","haplotype-tagged","DTM","CV0","8","3",0.6249
"M3","haplotype-tagged","DTM","CV0","8","3",0.6222
"M2","genome-wide","HSW","CV0","8","3",0.77105
"M3","genome-wide","HSW","CV0","8","3",0.76895
"M2","haplotype-tagged","HSW","CV0","8","3",0.7601
"M3","haplotype-tagged","HSW","CV0","8","3",0.75965
"M2","genome-wide","PH","CV0","8","3",0.72755
"M3","genome-wide","PH","CV0","8","3",0.71955
"M2","haplotype-tagged","PH","CV0","8","3",0.70935
"M3","haplotype-tagged","PH","CV0","8","3",0.7052
"M2","genome-wide","PPP","CV0","8","3",0.25275
"M3","genome-wide","PPP","CV0","8","3",0.2267
"M2","haplotype-tagged","PPP","CV0","8","3",0.22075
"M3","haplotype-tagged","PPP","CV0","8","3",0.19025
"M2","genome-wide","YPPlnt","CV0","8","3",0.13995
"M3","genome-wide","YPPlnt","CV0","8","3",0.128
"M2","haplotype-tagged","YPPlnt","CV0","8","3",0.1171
"M3","haplotype-tagged","YPPlnt","CV0","8","3",0.1201
"M2","genome-wide","DTF","CV00","8","3",0.567
"M3","genome-wide","DTF","CV00","8","3",0.548
"M2","haplotype-tagged","DTF","CV00","8","3",0.4367
"M3","haplotype-tagged","DTF","CV00","8","3",0.2363
"M2","genome-wide","DTM","CV00","8","3",0.2354
"M3","genome-wide","DTM","CV00","8","3",0.2424
"M2","haplotype-tagged","DTM","CV00","8","3",0.13405
"M3","haplotype-tagged","DTM","CV00","8","3",0.0298
"M2","genome-wide","HSW","CV00","8","3",0.6839
"M3","genome-wide","HSW","CV00","8","3",0.6813
"M2","haplotype-tagged","HSW","CV00","8","3",0.54935
"M3","haplotype-tagged","HSW","CV00","8","3",0.56315
"M2","genome-wide","PH","CV00","8","3",0.3278
"M3","genome-wide","PH","CV00","8","3",0.32015
"M2","haplotype-tagged","PH","CV00","8","3",0.3569
"M3","haplotype-tagged","PH","CV00","8","3",0.32425
"M2","genome-wide","PPP","CV00","8","3",0.1673
"M3","genome-wide","PPP","CV00","8","3",0.17475
"M2","haplotype-tagged","PPP","CV00","8","3",-0.00585000000000001
"M3","haplotype-tagged","PPP","CV00","8","3",0.0321
"M2","genome-wide","YPPlnt","CV00","8","3",0.227
"M3","genome-wide","YPPlnt","CV00","8","3",0.27715
"M2","haplotype-tagged","YPPlnt","CV00","8","3",0.0701
"M3","haplotype-tagged","YPPlnt","CV00","8","3",0.03955
"M2","genome-wide","DTF","CV1","8","3",0.283755555555556
"M3","genome-wide","DTF","CV1","8","3",0.318077777777778
"M2","haplotype-tagged","DTF","CV1","8","3",0.199355555555556
"M3","haplotype-tagged","DTF","CV1","8","3",0.284177777777778
"M2","genome-wide","DTM","CV1","8","3",0.220588888888889
"M3","genome-wide","DTM","CV1","8","3",0.205
"M2","haplotype-tagged","DTM","CV1","8","3",0.135922222222222
"M3","haplotype-tagged","DTM","CV1","8","3",0.153066666666667
"M2","genome-wide","HSW","CV1","8","3",0.682055555555556
"M3","genome-wide","HSW","CV1","8","3",0.6782
"M2","haplotype-tagged","HSW","CV1","8","3",0.653422222222222
"M3","haplotype-tagged","HSW","CV1","8","3",0.626488888888889
"M2","genome-wide","PH","CV1","8","3",0.386066666666667
"M3","genome-wide","PH","CV1","8","3",0.345188888888889
"M2","haplotype-tagged","PH","CV1","8","3",0.361966666666667
"M3","haplotype-tagged","PH","CV1","8","3",0.392611111111111
"M2","genome-wide","PPP","CV1","8","3",0.183944444444444
"M3","genome-wide","PPP","CV1","8","3",0.185588888888889
"M2","haplotype-tagged","PPP","CV1","8","3",0.180777777777778
"M3","haplotype-tagged","PPP","CV1","8","3",0.147544444444444
"M2","genome-wide","YPPlnt","CV1","8","3",0.145355555555556
"M3","genome-wide","YPPlnt","CV1","8","3",0.0708555555555555
"M2","haplotype-tagged","YPPlnt","CV1","8","3",0.0458111111111111
"M3","haplotype-tagged","YPPlnt","CV1","8","3",0.0182666666666667
"M2","genome-wide","DTF","CV2","8","3",0.577655555555556
"M3","genome-wide","DTF","CV2","8","3",0.563355555555556
"M2","haplotype-tagged","DTF","CV2","8","3",0.571155555555556
"M3","haplotype-tagged","DTF","CV2","8","3",0.561411111111111
"M2","genome-wide","DTM","CV2","8","3",0.462555555555556
"M3","genome-wide","DTM","CV2","8","3",0.469766666666667
"M2","haplotype-tagged","DTM","CV2","8","3",0.455433333333333
"M3","haplotype-tagged","DTM","CV2","8","3",0.474455555555556
"M2","genome-wide","HSW","CV2","8","3",0.745377777777778
"M3","genome-wide","HSW","CV2","8","3",0.742211111111111
"M2","haplotype-tagged","HSW","CV2","8","3",0.739133333333333
"M3","haplotype-tagged","HSW","CV2","8","3",0.742633333333333
"M2","genome-wide","PH","CV2","8","3",0.567722222222222
"M3","genome-wide","PH","CV2","8","3",0.556533333333333
"M2","haplotype-tagged","PH","CV2","8","3",0.564866666666667
"M3","haplotype-tagged","PH","CV2","8","3",0.569822222222222
"M2","genome-wide","PPP","CV2","8","3",0.1674
"M3","genome-wide","PPP","CV2","8","3",0.164544444444444
"M2","haplotype-tagged","PPP","CV2","8","3",0.146177777777778
"M3","haplotype-tagged","PPP","CV2","8","3",0.157811111111111
"M2","genome-wide","YPPlnt","CV2","8","3",0.119822222222222
"M3","genome-wide","YPPlnt","CV2","8","3",0.0786111111111111
"M2","haplotype-tagged","YPPlnt","CV2","8","3",0.105644444444444
"M3","haplotype-tagged","YPPlnt","CV2","8","3",0.101622222222222
"M2","genome-wide","DTF","CV0","9","3",0.63385
"M3","genome-wide","DTF","CV0","9","3",0.62565
"M2","haplotype-tagged","DTF","CV0","9","3",0.62515
"M3","haplotype-tagged","DTF","CV0","9","3",0.623
"M2","genome-wide","DTM","CV0","9","3",0.4567
"M3","genome-wide","DTM","CV0","9","3",0.46595
"M2","haplotype-tagged","DTM","CV0","9","3",0.46
"M3","haplotype-tagged","DTM","CV0","9","3",0.46355
"M2","genome-wide","HSW","CV0","9","3",0.7906
"M3","genome-wide","HSW","CV0","9","3",0.7912
"M2","haplotype-tagged","HSW","CV0","9","3",0.7884
"M3","haplotype-tagged","HSW","CV0","9","3",0.7891
"M2","genome-wide","PH","CV0","9","3",0.2819
"M3","genome-wide","PH","CV0","9","3",0.28105
"M2","haplotype-tagged","PH","CV0","9","3",0.2837
"M3","haplotype-tagged","PH","CV0","9","3",0.28755
"M2","genome-wide","PPP","CV0","9","3",0.165
"M3","genome-wide","PPP","CV0","9","3",0.152
"M2","haplotype-tagged","PPP","CV0","9","3",0.1468
"M3","haplotype-tagged","PPP","CV0","9","3",0.12195
"M2","genome-wide","YPPlnt","CV0","9","3",0.10625
"M3","genome-wide","YPPlnt","CV0","9","3",0.09425
"M2","haplotype-tagged","YPPlnt","CV0","9","3",0.08165
"M3","haplotype-tagged","YPPlnt","CV0","9","3",0.0862
"M2","genome-wide","DTF","CV00","9","3",0.548
"M3","genome-wide","DTF","CV00","9","3",0.55605
"M2","haplotype-tagged","DTF","CV00","9","3",0.26355
"M3","haplotype-tagged","DTF","CV00","9","3",0.2336
"M2","genome-wide","DTM","CV00","9","3",0.48115
"M3","genome-wide","DTM","CV00","9","3",0.50455
"M2","haplotype-tagged","DTM","CV00","9","3",0.4303
"M3","haplotype-tagged","DTM","CV00","9","3",0.28985
"M2","genome-wide","HSW","CV00","9","3",0.4192
"M3","genome-wide","HSW","CV00","9","3",0.43215
"M2","haplotype-tagged","HSW","CV00","9","3",0.3673
"M3","haplotype-tagged","HSW","CV00","9","3",0.4137
"M2","genome-wide","PH","CV00","9","3",0.2654
"M3","genome-wide","PH","CV00","9","3",0.2456
"M2","haplotype-tagged","PH","CV00","9","3",0.34355
"M3","haplotype-tagged","PH","CV00","9","3",0.32205
"M2","genome-wide","PPP","CV00","9","3",0.2701
"M3","genome-wide","PPP","CV00","9","3",0.2772
"M2","haplotype-tagged","PPP","CV00","9","3",0.24125
"M3","haplotype-tagged","PPP","CV00","9","3",0.1161
"M2","genome-wide","YPPlnt","CV00","9","3",0.08505
"M3","genome-wide","YPPlnt","CV00","9","3",0.0212
"M2","haplotype-tagged","YPPlnt","CV00","9","3",0.11285
"M3","haplotype-tagged","YPPlnt","CV00","9","3",-0.08095
"M2","genome-wide","DTF","CV1","9","3",0.524933333333333
"M3","genome-wide","DTF","CV1","9","3",0.512633333333333
"M2","haplotype-tagged","DTF","CV1","9","3",0.295011111111111
"M3","haplotype-tagged","DTF","CV1","9","3",0.338033333333333
"M2","genome-wide","DTM","CV1","9","3",0.393588888888889
"M3","genome-wide","DTM","CV1","9","3",0.428688888888889
"M2","haplotype-tagged","DTM","CV1","9","3",0.186022222222222
"M3","haplotype-tagged","DTM","CV1","9","3",0.256355555555556
"M2","genome-wide","HSW","CV1","9","3",0.643488888888889
"M3","genome-wide","HSW","CV1","9","3",0.639522222222222
"M2","haplotype-tagged","HSW","CV1","9","3",0.542666666666667
"M3","haplotype-tagged","HSW","CV1","9","3",0.561744444444444
"M2","genome-wide","PH","CV1","9","3",0.431111111111111
"M3","genome-wide","PH","CV1","9","3",0.426611111111111
"M2","haplotype-tagged","PH","CV1","9","3",0.428111111111111
"M3","haplotype-tagged","PH","CV1","9","3",0.395388888888889
"M2","genome-wide","PPP","CV1","9","3",0.218822222222222
"M3","genome-wide","PPP","CV1","9","3",0.220866666666667
"M2","haplotype-tagged","PPP","CV1","9","3",0.171755555555556
"M3","haplotype-tagged","PPP","CV1","9","3",0.121088888888889
"M2","genome-wide","YPPlnt","CV1","9","3",0.133155555555556
"M3","genome-wide","YPPlnt","CV1","9","3",0.115144444444444
"M2","haplotype-tagged","YPPlnt","CV1","9","3",0.0852888888888889
"M3","haplotype-tagged","YPPlnt","CV1","9","3",-0.00329999999999999
"M2","genome-wide","DTF","CV2","9","3",0.621611111111111
"M3","genome-wide","DTF","CV2","9","3",0.6182
"M2","haplotype-tagged","DTF","CV2","9","3",0.606844444444444
"M3","haplotype-tagged","DTF","CV2","9","3",0.614988888888889
"M2","genome-wide","DTM","CV2","9","3",0.492377777777778
"M3","genome-wide","DTM","CV2","9","3",0.4859
"M2","haplotype-tagged","DTM","CV2","9","3",0.481044444444444
"M3","haplotype-tagged","DTM","CV2","9","3",0.482988888888889
"M2","genome-wide","HSW","CV2","9","3",0.766722222222222
"M3","genome-wide","HSW","CV2","9","3",0.760511111111111
"M2","haplotype-tagged","HSW","CV2","9","3",0.760933333333333
"M3","haplotype-tagged","HSW","CV2","9","3",0.759011111111111
"M2","genome-wide","PH","CV2","9","3",0.541133333333333
"M3","genome-wide","PH","CV2","9","3",0.562488888888889
"M2","haplotype-tagged","PH","CV2","9","3",0.534211111111111
"M3","haplotype-tagged","PH","CV2","9","3",0.544011111111111
"M2","genome-wide","PPP","CV2","9","3",0.1875
"M3","genome-wide","PPP","CV2","9","3",0.169288888888889
"M2","haplotype-tagged","PPP","CV2","9","3",0.150633333333333
"M3","haplotype-tagged","PPP","CV2","9","3",0.153522222222222
"M2","genome-wide","YPPlnt","CV2","9","3",0.110755555555556
"M3","genome-wide","YPPlnt","CV2","9","3",0.111211111111111
"M2","haplotype-tagged","YPPlnt","CV2","9","3",0.0800555555555556
"M3","haplotype-tagged","YPPlnt","CV2","9","3",0.0728111111111111
"M2","genome-wide","DTF","CV0","10","3",0.4351
"M3","genome-wide","DTF","CV0","10","3",0.43605
"M2","haplotype-tagged","DTF","CV0","10","3",0.4334
"M3","haplotype-tagged","DTF","CV0","10","3",0.4369
"M2","genome-wide","DTM","CV0","10","3",0.35325
"M3","genome-wide","DTM","CV0","10","3",0.3435
"M2","haplotype-tagged","DTM","CV0","10","3",0.3408
"M3","haplotype-tagged","DTM","CV0","10","3",0.33695
"M2","genome-wide","HSW","CV0","10","3",0.61475
"M3","genome-wide","HSW","CV0","10","3",0.61625
"M2","haplotype-tagged","HSW","CV0","10","3",0.6136
"M3","haplotype-tagged","HSW","CV0","10","3",0.6128
"M2","genome-wide","PH","CV0","10","3",0.5436
"M3","genome-wide","PH","CV0","10","3",0.5367
"M2","haplotype-tagged","PH","CV0","10","3",0.54305
"M3","haplotype-tagged","PH","CV0","10","3",0.538
"M2","genome-wide","PPP","CV0","10","3",0.06905
"M3","genome-wide","PPP","CV0","10","3",0.07395
"M2","haplotype-tagged","PPP","CV0","10","3",0.07545
"M3","haplotype-tagged","PPP","CV0","10","3",0.0784
"M2","genome-wide","YPPlnt","CV0","10","3",0.07935
"M3","genome-wide","YPPlnt","CV0","10","3",0.08125
"M2","haplotype-tagged","YPPlnt","CV0","10","3",0.0815
"M3","haplotype-tagged","YPPlnt","CV0","10","3",0.0817
"M2","genome-wide","DTF","CV00","10","3",0.34585
"M3","genome-wide","DTF","CV00","10","3",0.2462
"M2","haplotype-tagged","DTF","CV00","10","3",0.34915
"M3","haplotype-tagged","DTF","CV00","10","3",0.2446
"M2","genome-wide","DTM","CV00","10","3",0.3836
"M3","genome-wide","DTM","CV00","10","3",0.39575
"M2","haplotype-tagged","DTM","CV00","10","3",0.19865
"M3","haplotype-tagged","DTM","CV00","10","3",0.12635
"M2","genome-wide","HSW","CV00","10","3",0.7764
"M3","genome-wide","HSW","CV00","10","3",0.77155
"M2","haplotype-tagged","HSW","CV00","10","3",0.60555
"M3","haplotype-tagged","HSW","CV00","10","3",0.5856
"M2","genome-wide","PH","CV00","10","3",0.60225
"M3","genome-wide","PH","CV00","10","3",0.57815
"M2","haplotype-tagged","PH","CV00","10","3",0.53055
"M3","haplotype-tagged","PH","CV00","10","3",0.5105
"M2","genome-wide","PPP","CV00","10","3",0.2376
"M3","genome-wide","PPP","CV00","10","3",0.22195
"M2","haplotype-tagged","PPP","CV00","10","3",0.2288
"M3","haplotype-tagged","PPP","CV00","10","3",0.0667
"M2","genome-wide","YPPlnt","CV00","10","3",0.05395
"M3","genome-wide","YPPlnt","CV00","10","3",0.0635
"M2","haplotype-tagged","YPPlnt","CV00","10","3",-0.08
"M3","haplotype-tagged","YPPlnt","CV00","10","3",-0.15585
"M2","genome-wide","DTF","CV1","10","3",0.467533333333333
"M3","genome-wide","DTF","CV1","10","3",0.436566666666667
"M2","haplotype-tagged","DTF","CV1","10","3",0.254566666666667
"M3","haplotype-tagged","DTF","CV1","10","3",0.180155555555556
"M2","genome-wide","DTM","CV1","10","3",0.369944444444444
"M3","genome-wide","DTM","CV1","10","3",0.366811111111111
"M2","haplotype-tagged","DTM","CV1","10","3",0.217966666666667
"M3","haplotype-tagged","DTM","CV1","10","3",0.183911111111111
"M2","genome-wide","HSW","CV1","10","3",0.532255555555556
"M3","genome-wide","HSW","CV1","10","3",0.525033333333333
"M2","haplotype-tagged","HSW","CV1","10","3",0.442333333333333
"M3","haplotype-tagged","HSW","CV1","10","3",0.435555555555556
"M2","genome-wide","PH","CV1","10","3",0.226322222222222
"M3","genome-wide","PH","CV1","10","3",0.269022222222222
"M2","haplotype-tagged","PH","CV1","10","3",0.252866666666667
"M3","haplotype-tagged","PH","CV1","10","3",0.2726
"M2","genome-wide","PPP","CV1","10","3",0.244966666666667
"M3","genome-wide","PPP","CV1","10","3",0.249788888888889
"M2","haplotype-tagged","PPP","CV1","10","3",0.241333333333333
"M3","haplotype-tagged","PPP","CV1","10","3",0.125366666666667
"M2","genome-wide","YPPlnt","CV1","10","3",0.0162222222222222
"M3","genome-wide","YPPlnt","CV1","10","3",0.0075
"M2","haplotype-tagged","YPPlnt","CV1","10","3",0.0105777777777778
"M3","haplotype-tagged","YPPlnt","CV1","10","3",0.0406666666666667
"M2","genome-wide","DTF","CV2","10","3",0.552066666666667
"M3","genome-wide","DTF","CV2","10","3",0.558433333333333
"M2","haplotype-tagged","DTF","CV2","10","3",0.544855555555556
"M3","haplotype-tagged","DTF","CV2","10","3",0.554555555555556
"M2","genome-wide","DTM","CV2","10","3",0.487377777777778
"M3","genome-wide","DTM","CV2","10","3",0.476044444444444
"M2","haplotype-tagged","DTM","CV2","10","3",0.477222222222222
"M3","haplotype-tagged","DTM","CV2","10","3",0.470733333333333
"M2","genome-wide","HSW","CV2","10","3",0.804711111111111
"M3","genome-wide","HSW","CV2","10","3",0.790966666666667
"M2","haplotype-tagged","HSW","CV2","10","3",0.789522222222222
"M3","haplotype-tagged","HSW","CV2","10","3",0.790888888888889
"M2","genome-wide","PH","CV2","10","3",0.558988888888889
"M3","genome-wide","PH","CV2","10","3",0.582577777777778
"M2","haplotype-tagged","PH","CV2","10","3",0.551944444444444
"M3","haplotype-tagged","PH","CV2","10","3",0.564366666666667
"M2","genome-wide","PPP","CV2","10","3",0.191388888888889
"M3","genome-wide","PPP","CV2","10","3",0.172066666666667
"M2","haplotype-tagged","PPP","CV2","10","3",0.197333333333333
"M3","haplotype-tagged","PPP","CV2","10","3",0.160322222222222
"M2","genome-wide","YPPlnt","CV2","10","3",0.1206
"M3","genome-wide","YPPlnt","CV2","10","3",0.0585555555555556
"M2","haplotype-tagged","YPPlnt","CV2","10","3",0.124477777777778
"M3","haplotype-tagged","YPPlnt","CV2","10","3",0.0873888888888889
"M2","genome-wide","DTF","CV0","1","4",0.7832
"M3","genome-wide","DTF","CV0","1","4",0.78025
"M2","haplotype-tagged","DTF","CV0","1","4",0.76875
"M3","haplotype-tagged","DTF","CV0","1","4",0.7636
"M2","genome-wide","DTM","CV0","1","4",0.69885
"M3","genome-wide","DTM","CV0","1","4",0.6894
"M2","haplotype-tagged","DTM","CV0","1","4",0.6684
"M3","haplotype-tagged","DTM","CV0","1","4",0.65715
"M2","genome-wide","HSW","CV0","1","4",0.8185
"M3","genome-wide","HSW","CV0","1","4",0.81535
"M2","haplotype-tagged","HSW","CV0","1","4",0.8075
"M3","haplotype-tagged","HSW","CV0","1","4",0.80575
"M2","genome-wide","PH","CV0","1","4",0.7837
"M3","genome-wide","PH","CV0","1","4",0.77455
"M2","haplotype-tagged","PH","CV0","1","4",0.76585
"M3","haplotype-tagged","PH","CV0","1","4",0.75935
"M2","genome-wide","PPP","CV0","1","4",0.35115
"M3","genome-wide","PPP","CV0","1","4",0.29285
"M2","haplotype-tagged","PPP","CV0","1","4",0.29635
"M3","haplotype-tagged","PPP","CV0","1","4",0.2561
"M2","genome-wide","YPPlnt","CV0","1","4",0.0644
"M3","genome-wide","YPPlnt","CV0","1","4",0.0507
"M2","haplotype-tagged","YPPlnt","CV0","1","4",0.0506
"M3","haplotype-tagged","YPPlnt","CV0","1","4",0.0413
"M2","genome-wide","DTF","CV00","1","4",0.5441
"M3","genome-wide","DTF","CV00","1","4",0.5347
"M2","haplotype-tagged","DTF","CV00","1","4",0.48675
"M3","haplotype-tagged","DTF","CV00","1","4",0.32925
"M2","genome-wide","DTM","CV00","1","4",0.43745
"M3","genome-wide","DTM","CV00","1","4",0.36885
"M2","haplotype-tagged","DTM","CV00","1","4",0.3913
"M3","haplotype-tagged","DTM","CV00","1","4",0.3743
"M2","genome-wide","HSW","CV00","1","4",0.50725
"M3","genome-wide","HSW","CV00","1","4",0.524
"M2","haplotype-tagged","HSW","CV00","1","4",0.41065
"M3","haplotype-tagged","HSW","CV00","1","4",0.34505
"M2","genome-wide","PH","CV00","1","4",0.65
"M3","genome-wide","PH","CV00","1","4",0.63995
"M2","haplotype-tagged","PH","CV00","1","4",0.4987
"M3","haplotype-tagged","PH","CV00","1","4",0.4827
"M2","genome-wide","PPP","CV00","1","4",0.13805
"M3","genome-wide","PPP","CV00","1","4",0.0939
"M2","haplotype-tagged","PPP","CV00","1","4",-0.0148
"M3","haplotype-tagged","PPP","CV00","1","4",0.12225
"M2","genome-wide","YPPlnt","CV00","1","4",0.33515
"M3","genome-wide","YPPlnt","CV00","1","4",0.3154
"M2","haplotype-tagged","YPPlnt","CV00","1","4",0.1468
"M3","haplotype-tagged","YPPlnt","CV00","1","4",0.17
"M2","genome-wide","DTF","CV1","1","4",0.310988888888889
"M3","genome-wide","DTF","CV1","1","4",0.352211111111111
"M2","haplotype-tagged","DTF","CV1","1","4",0.0999222222222222
"M3","haplotype-tagged","DTF","CV1","1","4",0.258566666666667
"M2","genome-wide","DTM","CV1","1","4",0.298544444444444
"M3","genome-wide","DTM","CV1","1","4",0.245855555555556
"M2","haplotype-tagged","DTM","CV1","1","4",0.167666666666667
"M3","haplotype-tagged","DTM","CV1","1","4",0.1069
"M2","genome-wide","HSW","CV1","1","4",0.332333333333333
"M3","genome-wide","HSW","CV1","1","4",0.325877777777778
"M2","haplotype-tagged","HSW","CV1","1","4",0.264444444444444
"M3","haplotype-tagged","HSW","CV1","1","4",0.290822222222222
"M2","genome-wide","PH","CV1","1","4",0.416388888888889
"M3","genome-wide","PH","CV1","1","4",0.401288888888889
"M2","haplotype-tagged","PH","CV1","1","4",0.392088888888889
"M3","haplotype-tagged","PH","CV1","1","4",0.313777777777778
"M2","genome-wide","PPP","CV1","1","4",0.159288888888889
"M3","genome-wide","PPP","CV1","1","4",0.130444444444444
"M2","haplotype-tagged","PPP","CV1","1","4",0.125411111111111
"M3","haplotype-tagged","PPP","CV1","1","4",0.121155555555556
"M2","genome-wide","YPPlnt","CV1","1","4",0.0722333333333333
"M3","genome-wide","YPPlnt","CV1","1","4",-0.0300222222222222
"M2","haplotype-tagged","YPPlnt","CV1","1","4",0.0586222222222222
"M3","haplotype-tagged","YPPlnt","CV1","1","4",0.0398444444444444
"M2","genome-wide","DTF","CV2","1","4",0.611122222222222
"M3","genome-wide","DTF","CV2","1","4",0.597966666666667
"M2","haplotype-tagged","DTF","CV2","1","4",0.613722222222222
"M3","haplotype-tagged","DTF","CV2","1","4",0.614911111111111
"M2","genome-wide","DTM","CV2","1","4",0.4916
"M3","genome-wide","DTM","CV2","1","4",0.459988888888889
"M2","haplotype-tagged","DTM","CV2","1","4",0.495477777777778
"M3","haplotype-tagged","DTM","CV2","1","4",0.493444444444444
"M2","genome-wide","HSW","CV2","1","4",0.778788888888889
"M3","genome-wide","HSW","CV2","1","4",0.774366666666667
"M2","haplotype-tagged","HSW","CV2","1","4",0.777033333333333
"M3","haplotype-tagged","HSW","CV2","1","4",0.775555555555556
"M2","genome-wide","PH","CV2","1","4",0.564355555555555
"M3","genome-wide","PH","CV2","1","4",0.5587
"M2","haplotype-tagged","PH","CV2","1","4",0.556144444444444
"M3","haplotype-tagged","PH","CV2","1","4",0.5462
"M2","genome-wide","PPP","CV2","1","4",0.2052
"M3","genome-wide","PPP","CV2","1","4",0.1546
"M2","haplotype-tagged","PPP","CV2","1","4",0.202588888888889
"M3","haplotype-tagged","PPP","CV2","1","4",0.155822222222222
"M2","genome-wide","YPPlnt","CV2","1","4",0.127466666666667
"M3","genome-wide","YPPlnt","CV2","1","4",0.0833222222222222
"M2","haplotype-tagged","YPPlnt","CV2","1","4",0.108133333333333
"M3","haplotype-tagged","YPPlnt","CV2","1","4",0.0973
"M2","genome-wide","DTF","CV0","2","4",0.5919
"M3","genome-wide","DTF","CV0","2","4",0.59255
"M2","haplotype-tagged","DTF","CV0","2","4",0.5959
"M3","haplotype-tagged","DTF","CV0","2","4",0.594
"M2","genome-wide","DTM","CV0","2","4",0.5598
"M3","genome-wide","DTM","CV0","2","4",0.5506
"M2","haplotype-tagged","DTM","CV0","2","4",0.5422
"M3","haplotype-tagged","DTM","CV0","2","4",0.53165
"M2","genome-wide","HSW","CV0","2","4",0.71505
"M3","genome-wide","HSW","CV0","2","4",0.7152
"M2","haplotype-tagged","HSW","CV0","2","4",0.7142
"M3","haplotype-tagged","HSW","CV0","2","4",0.7136
"M2","genome-wide","PH","CV0","2","4",0.66635
"M3","genome-wide","PH","CV0","2","4",0.6605
"M2","haplotype-tagged","PH","CV0","2","4",0.65665
"M3","haplotype-tagged","PH","CV0","2","4",0.64625
"M2","genome-wide","PPP","CV0","2","4",0.24505
"M3","genome-wide","PPP","CV0","2","4",0.2364
"M2","haplotype-tagged","PPP","CV0","2","4",0.2215
"M3","haplotype-tagged","PPP","CV0","2","4",0.20525
"M2","genome-wide","YPPlnt","CV0","2","4",0.0731
"M3","genome-wide","YPPlnt","CV0","2","4",0.0691
"M2","haplotype-tagged","YPPlnt","CV0","2","4",0.0649
"M3","haplotype-tagged","YPPlnt","CV0","2","4",0.06665
"M2","genome-wide","DTF","CV00","2","4",0.4052
"M3","genome-wide","DTF","CV00","2","4",0.39425
"M2","haplotype-tagged","DTF","CV00","2","4",0.22235
"M3","haplotype-tagged","DTF","CV00","2","4",0.2496
"M2","genome-wide","DTM","CV00","2","4",0.1559
"M3","genome-wide","DTM","CV00","2","4",0.1346
"M2","haplotype-tagged","DTM","CV00","2","4",0.0517
"M3","haplotype-tagged","DTM","CV00","2","4",0.1235
"M2","genome-wide","HSW","CV00","2","4",0.494
"M3","genome-wide","HSW","CV00","2","4",0.48445
"M2","haplotype-tagged","HSW","CV00","2","4",0.3405
"M3","haplotype-tagged","HSW","CV00","2","4",0.36955
"M2","genome-wide","PH","CV00","2","4",0.4237
"M3","genome-wide","PH","CV00","2","4",0.43685
"M2","haplotype-tagged","PH","CV00","2","4",0.4337
"M3","haplotype-tagged","PH","CV00","2","4",0.45975
"M2","genome-wide","PPP","CV00","2","4",0.2689
"M3","genome-wide","PPP","CV00","2","4",0.2638
"M2","haplotype-tagged","PPP","CV00","2","4",0.2293
"M3","haplotype-tagged","PPP","CV00","2","4",0.1267
"M2","genome-wide","YPPlnt","CV00","2","4",0.27455
"M3","genome-wide","YPPlnt","CV00","2","4",0.2597
"M2","haplotype-tagged","YPPlnt","CV00","2","4",0.21395
"M3","haplotype-tagged","YPPlnt","CV00","2","4",-0.00415
"M2","genome-wide","DTF","CV1","2","4",0.265211111111111
"M3","genome-wide","DTF","CV1","2","4",0.316166666666667
"M2","haplotype-tagged","DTF","CV1","2","4",0.126533333333333
"M3","haplotype-tagged","DTF","CV1","2","4",0.220588888888889
"M2","genome-wide","DTM","CV1","2","4",0.241288888888889
"M3","genome-wide","DTM","CV1","2","4",0.201011111111111
"M2","haplotype-tagged","DTM","CV1","2","4",0.278466666666667
"M3","haplotype-tagged","DTM","CV1","2","4",0.111677777777778
"M2","genome-wide","HSW","CV1","2","4",0.488122222222222
"M3","genome-wide","HSW","CV1","2","4",0.486544444444444
"M2","haplotype-tagged","HSW","CV1","2","4",0.522655555555556
"M3","haplotype-tagged","HSW","CV1","2","4",0.478944444444444
"M2","genome-wide","PH","CV1","2","4",0.258555555555556
"M3","genome-wide","PH","CV1","2","4",0.259555555555556
"M2","haplotype-tagged","PH","CV1","2","4",0.3348
"M3","haplotype-tagged","PH","CV1","2","4",0.343644444444444
"M2","genome-wide","PPP","CV1","2","4",0.179866666666667
"M3","genome-wide","PPP","CV1","2","4",0.107633333333333
"M2","haplotype-tagged","PPP","CV1","2","4",0.143933333333333
"M3","haplotype-tagged","PPP","CV1","2","4",0.113333333333333
"M2","genome-wide","YPPlnt","CV1","2","4",0.136911111111111
"M3","genome-wide","YPPlnt","CV1","2","4",0.0817777777777778
"M2","haplotype-tagged","YPPlnt","CV1","2","4",0.219244444444444
"M3","haplotype-tagged","YPPlnt","CV1","2","4",0.107477777777778
"M2","genome-wide","DTF","CV2","2","4",0.565022222222222
"M3","genome-wide","DTF","CV2","2","4",0.549844444444444
"M2","haplotype-tagged","DTF","CV2","2","4",0.564077777777778
"M3","haplotype-tagged","DTF","CV2","2","4",0.560011111111111
"M2","genome-wide","DTM","CV2","2","4",0.5082
"M3","genome-wide","DTM","CV2","2","4",0.492688888888889
"M2","haplotype-tagged","DTM","CV2","2","4",0.511388888888889
"M3","haplotype-tagged","DTM","CV2","2","4",0.500155555555556
"M2","genome-wide","HSW","CV2","2","4",0.725422222222222
"M3","genome-wide","HSW","CV2","2","4",0.716733333333333
"M2","haplotype-tagged","HSW","CV2","2","4",0.726666666666667
"M3","haplotype-tagged","HSW","CV2","2","4",0.725277777777778
"M2","genome-wide","PH","CV2","2","4",0.527066666666667
"M3","genome-wide","PH","CV2","2","4",0.526966666666667
"M2","haplotype-tagged","PH","CV2","2","4",0.522411111111111
"M3","haplotype-tagged","PH","CV2","2","4",0.524944444444444
"M2","genome-wide","PPP","CV2","2","4",0.0668888888888889
"M3","genome-wide","PPP","CV2","2","4",0.0922888888888889
"M2","haplotype-tagged","PPP","CV2","2","4",0.0411888888888889
"M3","haplotype-tagged","PPP","CV2","2","4",0.0623444444444444
"M2","genome-wide","YPPlnt","CV2","2","4",0.0722888888888889
"M3","genome-wide","YPPlnt","CV2","2","4",0.106966666666667
"M2","haplotype-tagged","YPPlnt","CV2","2","4",0.0492555555555556
"M3","haplotype-tagged","YPPlnt","CV2","2","4",0.0630888888888889
"M2","genome-wide","DTF","CV0","3","4",0.5119
"M3","genome-wide","DTF","CV0","3","4",0.51315
"M2","haplotype-tagged","DTF","CV0","3","4",0.5114
"M3","haplotype-tagged","DTF","CV0","3","4",0.51055
"M2","genome-wide","DTM","CV0","3","4",0.4706
"M3","genome-wide","DTM","CV0","3","4",0.46405
"M2","haplotype-tagged","DTM","CV0","3","4",0.4611
"M3","haplotype-tagged","DTM","CV0","3","4",0.45995
"M2","genome-wide","HSW","CV0","3","4",0.7422
"M3","genome-wide","HSW","CV0","3","4",0.7457
"M2","haplotype-tagged","HSW","CV0","3","4",0.74355
"M3","haplotype-tagged","HSW","CV0","3","4",0.74495
"M2","genome-wide","PH","CV0","3","4",0.3543
"M3","genome-wide","PH","CV0","3","4",0.35515
"M2","haplotype-tagged","PH","CV0","3","4",0.35745
"M3","haplotype-tagged","PH","CV0","3","4",0.35645
"M2","genome-wide","PPP","CV0","3","4",0.055
"M3","genome-wide","PPP","CV0","3","4",0.05805
"M2","haplotype-tagged","PPP","CV0","3","4",0.0557
"M3","haplotype-tagged","PPP","CV0","3","4",0.05915
"M2","genome-wide","YPPlnt","CV0","3","4",0.18685
"M3","genome-wide","YPPlnt","CV0","3","4",0.185
"M2","haplotype-tagged","YPPlnt","CV0","3","4",0.1755
"M3","haplotype-tagged","YPPlnt","CV0","3","4",0.1727
"M2","genome-wide","DTF","CV00","3","4",0.5791
"M3","genome-wide","DTF","CV00","3","4",0.5776
"M2","haplotype-tagged","DTF","CV00","3","4",0.4381
"M3","haplotype-tagged","DTF","CV00","3","4",0.43205
"M2","genome-wide","DTM","CV00","3","4",0.35655
"M3","genome-wide","DTM","CV00","3","4",0.36435
"M2","haplotype-tagged","DTM","CV00","3","4",0.2292
"M3","haplotype-tagged","DTM","CV00","3","4",0.3636
"M2","genome-wide","HSW","CV00","3","4",0.4445
"M3","genome-wide","HSW","CV00","3","4",0.4451
"M2","haplotype-tagged","HSW","CV00","3","4",0.3696
"M3","haplotype-tagged","HSW","CV00","3","4",0.2428
"M2","genome-wide","PH","CV00","3","4",0.19975
"M3","genome-wide","PH","CV00","3","4",0.17565
"M2","haplotype-tagged","PH","CV00","3","4",0.32035
"M3","haplotype-tagged","PH","CV00","3","4",0.28605
"M2","genome-wide","PPP","CV00","3","4",0.4175
"M3","genome-wide","PPP","CV00","3","4",0.4264
"M2","haplotype-tagged","PPP","CV00","3","4",0.3039
"M3","haplotype-tagged","PPP","CV00","3","4",0.21475
"M2","genome-wide","YPPlnt","CV00","3","4",0.25215
"M3","genome-wide","YPPlnt","CV00","3","4",0.19285
"M2","haplotype-tagged","YPPlnt","CV00","3","4",0.31345
"M3","haplotype-tagged","YPPlnt","CV00","3","4",0.2679
"M2","genome-wide","DTF","CV1","3","4",0.527788888888889
"M3","genome-wide","DTF","CV1","3","4",0.5549
"M2","haplotype-tagged","DTF","CV1","3","4",0.393922222222222
"M3","haplotype-tagged","DTF","CV1","3","4",0.442533333333333
"M2","genome-wide","DTM","CV1","3","4",0.493133333333333
"M3","genome-wide","DTM","CV1","3","4",0.432711111111111
"M2","haplotype-tagged","DTM","CV1","3","4",0.401055555555556
"M3","haplotype-tagged","DTM","CV1","3","4",0.289288888888889
"M2","genome-wide","HSW","CV1","3","4",0.6596
"M3","genome-wide","HSW","CV1","3","4",0.642366666666667
"M2","haplotype-tagged","HSW","CV1","3","4",0.660388888888889
"M3","haplotype-tagged","HSW","CV1","3","4",0.5928
"M2","genome-wide","PH","CV1","3","4",0.460155555555556
"M3","genome-wide","PH","CV1","3","4",0.507111111111111
"M2","haplotype-tagged","PH","CV1","3","4",0.411455555555556
"M3","haplotype-tagged","PH","CV1","3","4",0.4746
"M2","genome-wide","PPP","CV1","3","4",0.175311111111111
"M3","genome-wide","PPP","CV1","3","4",0.188177777777778
"M2","haplotype-tagged","PPP","CV1","3","4",0.131977777777778
"M3","haplotype-tagged","PPP","CV1","3","4",0.1744
"M2","genome-wide","YPPlnt","CV1","3","4",0.0795222222222222
"M3","genome-wide","YPPlnt","CV1","3","4",0.136922222222222
"M2","haplotype-tagged","YPPlnt","CV1","3","4",0.122944444444444
"M3","haplotype-tagged","YPPlnt","CV1","3","4",0.179777777777778
"M2","genome-wide","DTF","CV2","3","4",0.619844444444444
"M3","genome-wide","DTF","CV2","3","4",0.590122222222222
"M2","haplotype-tagged","DTF","CV2","3","4",0.616133333333333
"M3","haplotype-tagged","DTF","CV2","3","4",0.619677777777778
"M2","genome-wide","DTM","CV2","3","4",0.432444444444444
"M3","genome-wide","DTM","CV2","3","4",0.444766666666667
"M2","haplotype-tagged","DTM","CV2","3","4",0.436722222222222
"M3","haplotype-tagged","DTM","CV2","3","4",0.459544444444444
"M2","genome-wide","HSW","CV2","3","4",0.740988888888889
"M3","genome-wide","HSW","CV2","3","4",0.742222222222222
"M2","haplotype-tagged","HSW","CV2","3","4",0.740733333333333
"M3","haplotype-tagged","HSW","CV2","3","4",0.741166666666667
"M2","genome-wide","PH","CV2","3","4",0.542611111111111
"M3","genome-wide","PH","CV2","3","4",0.527
"M2","haplotype-tagged","PH","CV2","3","4",0.547388888888889
"M3","haplotype-tagged","PH","CV2","3","4",0.547644444444444
"M2","genome-wide","PPP","CV2","3","4",0.185166666666667
"M3","genome-wide","PPP","CV2","3","4",0.1805
"M2","haplotype-tagged","PPP","CV2","3","4",0.161077777777778
"M3","haplotype-tagged","PPP","CV2","3","4",0.131966666666667
"M2","genome-wide","YPPlnt","CV2","3","4",0.231877777777778
"M3","genome-wide","YPPlnt","CV2","3","4",0.233966666666667
"M2","haplotype-tagged","YPPlnt","CV2","3","4",0.211933333333333
"M3","haplotype-tagged","YPPlnt","CV2","3","4",0.215788888888889
"M2","genome-wide","DTF","CV0","4","4",0.63315
"M3","genome-wide","DTF","CV0","4","4",0.62645
"M2","haplotype-tagged","DTF","CV0","4","4",0.62555
"M3","haplotype-tagged","DTF","CV0","4","4",0.6225
"M2","genome-wide","DTM","CV0","4","4",0.4592
"M3","genome-wide","DTM","CV0","4","4",0.4613
"M2","haplotype-tagged","DTM","CV0","4","4",0.4588
"M3","haplotype-tagged","DTM","CV0","4","4",0.46175
"M2","genome-wide","HSW","CV0","4","4",0.7911
"M3","genome-wide","HSW","CV0","4","4",0.7909
"M2","haplotype-tagged","HSW","CV0","4","4",0.7888
"M3","haplotype-tagged","HSW","CV0","4","4",0.78865
"M2","genome-wide","PH","CV0","4","4",0.2803
"M3","genome-wide","PH","CV0","4","4",0.2831
"M2","haplotype-tagged","PH","CV0","4","4",0.2858
"M3","haplotype-tagged","PH","CV0","4","4",0.2867
"M2","genome-wide","PPP","CV0","4","4",0.1645
"M3","genome-wide","PPP","CV0","4","4",0.14155
"M2","haplotype-tagged","PPP","CV0","4","4",0.1444
"M3","haplotype-tagged","PPP","CV0","4","4",0.0987
"M2","genome-wide","YPPlnt","CV0","4","4",0.10255
"M3","genome-wide","YPPlnt","CV0","4","4",0.0764
"M2","haplotype-tagged","YPPlnt","CV0","4","4",0.0777
"M3","haplotype-tagged","YPPlnt","CV0","4","4",0.0766
"M2","genome-wide","DTF","CV00","4","4",0.4934
"M3","genome-wide","DTF","CV00","4","4",0.5151
"M2","haplotype-tagged","DTF","CV00","4","4",0.4408
"M3","haplotype-tagged","DTF","CV00","4","4",0.23475
"M2","genome-wide","DTM","CV00","4","4",0.34985
"M3","genome-wide","DTM","CV00","4","4",0.35215
"M2","haplotype-tagged","DTM","CV00","4","4",0.3897
"M3","haplotype-tagged","DTM","CV00","4","4",0.31655
"M2","genome-wide","HSW","CV00","4","4",0.72635
"M3","genome-wide","HSW","CV00","4","4",0.688
"M2","haplotype-tagged","HSW","CV00","4","4",0.7429
"M3","haplotype-tagged","HSW","CV00","4","4",0.73045
"M2","genome-wide","PH","CV00","4","4",0.566
"M3","genome-wide","PH","CV00","4","4",0.59595
"M2","haplotype-tagged","PH","CV00","4","4",0.533
"M3","haplotype-tagged","PH","CV00","4","4",0.49075
"M2","genome-wide","PPP","CV00","4","4",0.4266
"M3","genome-wide","PPP","CV00","4","4",0.38945
"M2","haplotype-tagged","PPP","CV00","4","4",0.3688
"M3","haplotype-tagged","PPP","CV00","4","4",0.3642
"M2","genome-wide","YPPlnt","CV00","4","4",0.25505
"M3","genome-wide","YPPlnt","CV00","4","4",0.24575
"M2","haplotype-tagged","YPPlnt","CV00","4","4",0.15005
"M3","haplotype-tagged","YPPlnt","CV00","4","4",0.22525
"M2","genome-wide","DTF","CV1","4","4",0.343377777777778
"M3","genome-wide","DTF","CV1","4","4",0.340477777777778
"M2","haplotype-tagged","DTF","CV1","4","4",0.261577777777778
"M3","haplotype-tagged","DTF","CV1","4","4",0.245933333333333
"M2","genome-wide","DTM","CV1","4","4",0.233211111111111
"M3","genome-wide","DTM","CV1","4","4",0.192266666666667
"M2","haplotype-tagged","DTM","CV1","4","4",0.162455555555556
"M3","haplotype-tagged","DTM","CV1","4","4",0.165511111111111
"M2","genome-wide","HSW","CV1","4","4",0.628866666666667
"M3","genome-wide","HSW","CV1","4","4",0.621655555555556
"M2","haplotype-tagged","HSW","CV1","4","4",0.463755555555556
"M3","haplotype-tagged","HSW","CV1","4","4",0.442088888888889
"M2","genome-wide","PH","CV1","4","4",0.245311111111111
"M3","genome-wide","PH","CV1","4","4",0.259277777777778
"M2","haplotype-tagged","PH","CV1","4","4",0.2429
"M3","haplotype-tagged","PH","CV1","4","4",0.218322222222222
"M2","genome-wide","PPP","CV1","4","4",0.0845555555555556
"M3","genome-wide","PPP","CV1","4","4",0.129488888888889
"M2","haplotype-tagged","PPP","CV1","4","4",0.0756888888888889
"M3","haplotype-tagged","PPP","CV1","4","4",0.0364444444444444
"M2","genome-wide","YPPlnt","CV1","4","4",0.0715111111111111
"M3","genome-wide","YPPlnt","CV1","4","4",0.104344444444444
"M2","haplotype-tagged","YPPlnt","CV1","4","4",0.111922222222222
"M3","haplotype-tagged","YPPlnt","CV1","4","4",0.0716
"M2","genome-wide","DTF","CV2","4","4",0.627822222222222
"M3","genome-wide","DTF","CV2","4","4",0.601344444444444
"M2","haplotype-tagged","DTF","CV2","4","4",0.624244444444444
"M3","haplotype-tagged","DTF","CV2","4","4",0.621788888888889
"M2","genome-wide","DTM","CV2","4","4",0.471733333333333
"M3","genome-wide","DTM","CV2","4","4",0.468366666666667
"M2","haplotype-tagged","DTM","CV2","4","4",0.4569
"M3","haplotype-tagged","DTM","CV2","4","4",0.475588888888889
"M2","genome-wide","HSW","CV2","4","4",0.762777777777778
"M3","genome-wide","HSW","CV2","4","4",0.759733333333333
"M2","haplotype-tagged","HSW","CV2","4","4",0.7544
"M3","haplotype-tagged","HSW","CV2","4","4",0.757333333333333
"M2","genome-wide","PH","CV2","4","4",0.465511111111111
"M3","genome-wide","PH","CV2","4","4",0.457966666666667
"M2","haplotype-tagged","PH","CV2","4","4",0.460477777777778
"M3","haplotype-tagged","PH","CV2","4","4",0.464333333333333
"M2","genome-wide","PPP","CV2","4","4",0.173866666666667
"M3","genome-wide","PPP","CV2","4","4",0.136044444444444
"M2","haplotype-tagged","PPP","CV2","4","4",0.146877777777778
"M3","haplotype-tagged","PPP","CV2","4","4",0.155422222222222
"M2","genome-wide","YPPlnt","CV2","4","4",0.0807333333333333
"M3","genome-wide","YPPlnt","CV2","4","4",0.0315333333333333
"M2","haplotype-tagged","YPPlnt","CV2","4","4",0.0736555555555556
"M3","haplotype-tagged","YPPlnt","CV2","4","4",0.0606666666666667
"M2","genome-wide","DTF","CV0","5","4",0.6097
"M3","genome-wide","DTF","CV0","5","4",0.60925
"M2","haplotype-tagged","DTF","CV0","5","4",0.60975
"M3","haplotype-tagged","DTF","CV0","5","4",0.60615
"M2","genome-wide","DTM","CV0","5","4",0.5742
"M3","genome-wide","DTM","CV0","5","4",0.5686
"M2","haplotype-tagged","DTM","CV0","5","4",0.5574
"M3","haplotype-tagged","DTM","CV0","5","4",0.5479
"M2","genome-wide","HSW","CV0","5","4",0.75185
"M3","genome-wide","HSW","CV0","5","4",0.7545
"M2","haplotype-tagged","HSW","CV0","5","4",0.75045
"M3","haplotype-tagged","HSW","CV0","5","4",0.7501
"M2","genome-wide","PH","CV0","5","4",0.6934
"M3","genome-wide","PH","CV0","5","4",0.6946
"M2","haplotype-tagged","PH","CV0","5","4",0.68505
"M3","haplotype-tagged","PH","CV0","5","4",0.67495
"M2","genome-wide","PPP","CV0","5","4",0.24425
"M3","genome-wide","PPP","CV0","5","4",0.2396
"M2","haplotype-tagged","PPP","CV0","5","4",0.2244
"M3","haplotype-tagged","PPP","CV0","5","4",0.2086
"M2","genome-wide","YPPlnt","CV0","5","4",0.1325
"M3","genome-wide","YPPlnt","CV0","5","4",0.12605
"M2","haplotype-tagged","YPPlnt","CV0","5","4",0.1362
"M3","haplotype-tagged","YPPlnt","CV0","5","4",0.1395
"M2","genome-wide","DTF","CV00","5","4",0.34875
"M3","genome-wide","DTF","CV00","5","4",0.3644
"M2","haplotype-tagged","DTF","CV00","5","4",0.1901
"M3","haplotype-tagged","DTF","CV00","5","4",0.16085
"M2","genome-wide","DTM","CV00","5","4",0.23055
"M3","genome-wide","DTM","CV00","5","4",0.26545
"M2","haplotype-tagged","DTM","CV00","5","4",0.10375
"M3","haplotype-tagged","DTM","CV00","5","4",0.2389
"M2","genome-wide","HSW","CV00","5","4",0.5985
"M3","genome-wide","HSW","CV00","5","4",0.61505
"M2","haplotype-tagged","HSW","CV00","5","4",0.55575
"M3","haplotype-tagged","HSW","CV00","5","4",0.61685
"M2","genome-wide","PH","CV00","5","4",0.11355
"M3","genome-wide","PH","CV00","5","4",0.1114
"M2","haplotype-tagged","PH","CV00","5","4",0.1361
"M3","haplotype-tagged","PH","CV00","5","4",0.1439
"M2","genome-wide","PPP","CV00","5","4",0.13195
"M3","genome-wide","PPP","CV00","5","4",0.08875
"M2","haplotype-tagged","PPP","CV00","5","4",0.12745
"M3","haplotype-tagged","PPP","CV00","5","4",-0.00455
"M2","genome-wide","YPPlnt","CV00","5","4",0.00265
"M3","genome-wide","YPPlnt","CV00","5","4",-0.03625
"M2","haplotype-tagged","YPPlnt","CV00","5","4",0.2057
"M3","haplotype-tagged","YPPlnt","CV00","5","4",-0.13285
"M2","genome-wide","DTF","CV1","5","4",0.491811111111111
"M3","genome-wide","DTF","CV1","5","4",0.514111111111111
"M2","haplotype-tagged","DTF","CV1","5","4",0.301744444444444
"M3","haplotype-tagged","DTF","CV1","5","4",0.190522222222222
"M2","genome-wide","DTM","CV1","5","4",0.465311111111111
"M3","genome-wide","DTM","CV1","5","4",0.420922222222222
"M2","haplotype-tagged","DTM","CV1","5","4",0.288666666666667
"M3","haplotype-tagged","DTM","CV1","5","4",0.245366666666667
"M2","genome-wide","HSW","CV1","5","4",0.551911111111111
"M3","genome-wide","HSW","CV1","5","4",0.555333333333333
"M2","haplotype-tagged","HSW","CV1","5","4",0.370011111111111
"M3","haplotype-tagged","HSW","CV1","5","4",0.330844444444444
"M2","genome-wide","PH","CV1","5","4",0.481122222222222
"M3","genome-wide","PH","CV1","5","4",0.479177777777778
"M2","haplotype-tagged","PH","CV1","5","4",0.483533333333333
"M3","haplotype-tagged","PH","CV1","5","4",0.492088888888889
"M2","genome-wide","PPP","CV1","5","4",0.139211111111111
"M3","genome-wide","PPP","CV1","5","4",0.131666666666667
"M2","haplotype-tagged","PPP","CV1","5","4",0.109366666666667
"M3","haplotype-tagged","PPP","CV1","5","4",0.0682666666666667
"M2","genome-wide","YPPlnt","CV1","5","4",0.175711111111111
"M3","genome-wide","YPPlnt","CV1","5","4",0.1555
"M2","haplotype-tagged","YPPlnt","CV1","5","4",0.0698444444444444
"M3","haplotype-tagged","YPPlnt","CV1","5","4",0.0813
"M2","genome-wide","DTF","CV2","5","4",0.482511111111111
"M3","genome-wide","DTF","CV2","5","4",0.491577777777778
"M2","haplotype-tagged","DTF","CV2","5","4",0.476055555555556
"M3","haplotype-tagged","DTF","CV2","5","4",0.464022222222222
"M2","genome-wide","DTM","CV2","5","4",0.454844444444444
"M3","genome-wide","DTM","CV2","5","4",0.459188888888889
"M2","haplotype-tagged","DTM","CV2","5","4",0.446344444444444
"M3","haplotype-tagged","DTM","CV2","5","4",0.456722222222222
"M2","genome-wide","HSW","CV2","5","4",0.791811111111111
"M3","genome-wide","HSW","CV2","5","4",0.780411111111111
"M2","haplotype-tagged","HSW","CV2","5","4",0.792255555555556
"M3","haplotype-tagged","HSW","CV2","5","4",0.784288888888889
"M2","genome-wide","PH","CV2","5","4",0.538933333333333
"M3","genome-wide","PH","CV2","5","4",0.560922222222222
"M2","haplotype-tagged","PH","CV2","5","4",0.532422222222222
"M3","haplotype-tagged","PH","CV2","5","4",0.538277777777778
"M2","genome-wide","PPP","CV2","5","4",0.227188888888889
"M3","genome-wide","PPP","CV2","5","4",0.2584
"M2","haplotype-tagged","PPP","CV2","5","4",0.216366666666667
"M3","haplotype-tagged","PPP","CV2","5","4",0.260166666666667
"M2","genome-wide","YPPlnt","CV2","5","4",0.1218
"M3","genome-wide","YPPlnt","CV2","5","4",0.116011111111111
"M2","haplotype-tagged","YPPlnt","CV2","5","4",0.105233333333333
"M3","haplotype-tagged","YPPlnt","CV2","5","4",0.0881777777777778
"M2","genome-wide","DTF","CV0","6","4",0.73845
"M3","genome-wide","DTF","CV0","6","4",0.73515
"M2","haplotype-tagged","DTF","CV0","6","4",0.73385
"M3","haplotype-tagged","DTF","CV0","6","4",0.7365
"M2","genome-wide","DTM","CV0","6","4",0.57345
"M3","genome-wide","DTM","CV0","6","4",0.56495
"M2","haplotype-tagged","DTM","CV0","6","4",0.5651
"M3","haplotype-tagged","DTM","CV0","6","4",0.56465
"M2","genome-wide","HSW","CV0","6","4",0.8403
"M3","genome-wide","HSW","CV0","6","4",0.8398
"M2","haplotype-tagged","HSW","CV0","6","4",0.8359
"M3","haplotype-tagged","HSW","CV0","6","4",0.83495
"M2","genome-wide","PH","CV0","6","4",0.74785
"M3","genome-wide","PH","CV0","6","4",0.74295
"M2","haplotype-tagged","PH","CV0","6","4",0.7378
"M3","haplotype-tagged","PH","CV0","6","4",0.73375
"M2","genome-wide","PPP","CV0","6","4",0.32585
"M3","genome-wide","PPP","CV0","6","4",0.28905
"M2","haplotype-tagged","PPP","CV0","6","4",0.2853
"M3","haplotype-tagged","PPP","CV0","6","4",0.256
"M2","genome-wide","YPPlnt","CV0","6","4",0.14145
"M3","genome-wide","YPPlnt","CV0","6","4",0.1474
"M2","haplotype-tagged","YPPlnt","CV0","6","4",0.14715
"M3","haplotype-tagged","YPPlnt","CV0","6","4",0.1394
"M2","genome-wide","DTF","CV00","6","4",0.2738
"M3","genome-wide","DTF","CV00","6","4",0.2491
"M2","haplotype-tagged","DTF","CV00","6","4",0.1704
"M3","haplotype-tagged","DTF","CV00","6","4",0.28815
"M2","genome-wide","DTM","CV00","6","4",0.1257
"M3","genome-wide","DTM","CV00","6","4",0.09835
"M2","haplotype-tagged","DTM","CV00","6","4",0.1389
"M3","haplotype-tagged","DTM","CV00","6","4",0.0835
"M2","genome-wide","HSW","CV00","6","4",0.54015
"M3","genome-wide","HSW","CV00","6","4",0.55195
"M2","haplotype-tagged","HSW","CV00","6","4",0.458
"M3","haplotype-tagged","HSW","CV00","6","4",0.4497
"M2","genome-wide","PH","CV00","6","4",0.49265
"M3","genome-wide","PH","CV00","6","4",0.47745
"M2","haplotype-tagged","PH","CV00","6","4",0.53445
"M3","haplotype-tagged","PH","CV00","6","4",0.47445
"M2","genome-wide","PPP","CV00","6","4",0.2257
"M3","genome-wide","PPP","CV00","6","4",0.19975
"M2","haplotype-tagged","PPP","CV00","6","4",0.31005
"M3","haplotype-tagged","PPP","CV00","6","4",0.2026
"M2","genome-wide","YPPlnt","CV00","6","4",0.0534
"M3","genome-wide","YPPlnt","CV00","6","4",0.1279
"M2","haplotype-tagged","YPPlnt","CV00","6","4",-0.04105
"M3","haplotype-tagged","YPPlnt","CV00","6","4",0.0276
"M2","genome-wide","DTF","CV1","6","4",0.4473
"M3","genome-wide","DTF","CV1","6","4",0.471244444444444
"M2","haplotype-tagged","DTF","CV1","6","4",0.251566666666667
"M3","haplotype-tagged","DTF","CV1","6","4",0.3431
"M2","genome-wide","DTM","CV1","6","4",0.407311111111111
"M3","genome-wide","DTM","CV1","6","4",0.394933333333333
"M2","haplotype-tagged","DTM","CV1","6","4",0.2693
"M3","haplotype-tagged","DTM","CV1","6","4",0.297588888888889
"M2","genome-wide","HSW","CV1","6","4",0.4815
"M3","genome-wide","HSW","CV1","6","4",0.470888888888889
"M2","haplotype-tagged","HSW","CV1","6","4",0.517355555555556
"M3","haplotype-tagged","HSW","CV1","6","4",0.502722222222222
"M2","genome-wide","PH","CV1","6","4",0.527877777777778
"M3","genome-wide","PH","CV1","6","4",0.551711111111111
"M2","haplotype-tagged","PH","CV1","6","4",0.542766666666667
"M3","haplotype-tagged","PH","CV1","6","4",0.532666666666667
"M2","genome-wide","PPP","CV1","6","4",0.256211111111111
"M3","genome-wide","PPP","CV1","6","4",0.160811111111111
"M2","haplotype-tagged","PPP","CV1","6","4",0.198844444444444
"M3","haplotype-tagged","PPP","CV1","6","4",0.0892888888888889
"M2","genome-wide","YPPlnt","CV1","6","4",0.175366666666667
"M3","genome-wide","YPPlnt","CV1","6","4",0.1545
"M2","haplotype-tagged","YPPlnt","CV1","6","4",0.0938222222222222
"M3","haplotype-tagged","YPPlnt","CV1","6","4",0.153655555555556
"M2","genome-wide","DTF","CV2","6","4",0.597077777777778
"M3","genome-wide","DTF","CV2","6","4",0.590644444444444
"M2","haplotype-tagged","DTF","CV2","6","4",0.595455555555556
"M3","haplotype-tagged","DTF","CV2","6","4",0.589155555555556
"M2","genome-wide","DTM","CV2","6","4",0.4651
"M3","genome-wide","DTM","CV2","6","4",0.4475
"M2","haplotype-tagged","DTM","CV2","6","4",0.454833333333333
"M3","haplotype-tagged","DTM","CV2","6","4",0.455866666666667
"M2","genome-wide","HSW","CV2","6","4",0.781933333333333
"M3","genome-wide","HSW","CV2","6","4",0.785466666666667
"M2","haplotype-tagged","HSW","CV2","6","4",0.778422222222222
"M3","haplotype-tagged","HSW","CV2","6","4",0.780022222222222
"M2","genome-wide","PH","CV2","6","4",0.619455555555556
"M3","genome-wide","PH","CV2","6","4",0.612377777777778
"M2","haplotype-tagged","PH","CV2","6","4",0.609088888888889
"M3","haplotype-tagged","PH","CV2","6","4",0.601477777777778
"M2","genome-wide","PPP","CV2","6","4",0.174788888888889
"M3","genome-wide","PPP","CV2","6","4",0.168211111111111
"M2","haplotype-tagged","PPP","CV2","6","4",0.158933333333333
"M3","haplotype-tagged","PPP","CV2","6","4",0.162455555555556
"M2","genome-wide","YPPlnt","CV2","6","4",0.0462
"M3","genome-wide","YPPlnt","CV2","6","4",0.0687777777777778
"M2","haplotype-tagged","YPPlnt","CV2","6","4",0.0407222222222222
"M3","haplotype-tagged","YPPlnt","CV2","6","4",0.0553555555555556
"M2","genome-wide","DTF","CV0","7","4",0.6341
"M3","genome-wide","DTF","CV0","7","4",0.6299
"M2","haplotype-tagged","DTF","CV0","7","4",0.62555
"M3","haplotype-tagged","DTF","CV0","7","4",0.6181
"M2","genome-wide","DTM","CV0","7","4",0.4579
"M3","genome-wide","DTM","CV0","7","4",0.46315
"M2","haplotype-tagged","DTM","CV0","7","4",0.4599
"M3","haplotype-tagged","DTM","CV0","7","4",0.46255
"M2","genome-wide","HSW","CV0","7","4",0.7911
"M3","genome-wide","HSW","CV0","7","4",0.7901
"M2","haplotype-tagged","HSW","CV0","7","4",0.78855
"M3","haplotype-tagged","HSW","CV0","7","4",0.78715
"M2","genome-wide","PH","CV0","7","4",0.28025
"M3","genome-wide","PH","CV0","7","4",0.28315
"M2","haplotype-tagged","PH","CV0","7","4",0.28495
"M3","haplotype-tagged","PH","CV0","7","4",0.2873
"M2","genome-wide","PPP","CV0","7","4",0.1653
"M3","genome-wide","PPP","CV0","7","4",0.14775
"M2","haplotype-tagged","PPP","CV0","7","4",0.15015
"M3","haplotype-tagged","PPP","CV0","7","4",0.1237
"M2","genome-wide","YPPlnt","CV0","7","4",0.10545
"M3","genome-wide","YPPlnt","CV0","7","4",0.0755
"M2","haplotype-tagged","YPPlnt","CV0","7","4",0.0816
"M3","haplotype-tagged","YPPlnt","CV0","7","4",0.0796
"M2","genome-wide","DTF","CV00","7","4",0.34175
"M3","genome-wide","DTF","CV00","7","4",0.3949
"M2","haplotype-tagged","DTF","CV00","7","4",0.28415
"M3","haplotype-tagged","DTF","CV00","7","4",0.13585
"M2","genome-wide","DTM","CV00","7","4",0.3251
"M3","genome-wide","DTM","CV00","7","4",0.32925
"M2","haplotype-tagged","DTM","CV00","7","4",0.2455
"M3","haplotype-tagged","DTM","CV00","7","4",0.2005
"M2","genome-wide","HSW","CV00","7","4",0.61885
"M3","genome-wide","HSW","CV00","7","4",0.60785
"M2","haplotype-tagged","HSW","CV00","7","4",0.49465
"M3","haplotype-tagged","HSW","CV00","7","4",0.5204
"M2","genome-wide","PH","CV00","7","4",0.21055
"M3","genome-wide","PH","CV00","7","4",0.2114
"M2","haplotype-tagged","PH","CV00","7","4",0.21255
"M3","haplotype-tagged","PH","CV00","7","4",0.1835
"M2","genome-wide","PPP","CV00","7","4",0.1421
"M3","genome-wide","PPP","CV00","7","4",0.161
"M2","haplotype-tagged","PPP","CV00","7","4",0.1883
"M3","haplotype-tagged","PPP","CV00","7","4",0.18165
"M2","genome-wide","YPPlnt","CV00","7","4",0.2723
"M3","genome-wide","YPPlnt","CV00","7","4",0.2204
"M2","haplotype-tagged","YPPlnt","CV00","7","4",0.1369
"M3","haplotype-tagged","YPPlnt","CV00","7","4",0.16185
"M2","genome-wide","DTF","CV1","7","4",0.352677777777778
"M3","genome-wide","DTF","CV1","7","4",0.351277777777778
"M2","haplotype-tagged","DTF","CV1","7","4",0.2146
"M3","haplotype-tagged","DTF","CV1","7","4",0.2913
"M2","genome-wide","DTM","CV1","7","4",0.421933333333333
"M3","genome-wide","DTM","CV1","7","4",0.3368
"M2","haplotype-tagged","DTM","CV1","7","4",0.307288888888889
"M3","haplotype-tagged","DTM","CV1","7","4",0.246988888888889
"M2","genome-wide","HSW","CV1","7","4",0.581666666666667
"M3","genome-wide","HSW","CV1","7","4",0.5787
"M2","haplotype-tagged","HSW","CV1","7","4",0.431211111111111
"M3","haplotype-tagged","HSW","CV1","7","4",0.421011111111111
"M2","genome-wide","PH","CV1","7","4",0.494677777777778
"M3","genome-wide","PH","CV1","7","4",0.5067
"M2","haplotype-tagged","PH","CV1","7","4",0.504333333333333
"M3","haplotype-tagged","PH","CV1","7","4",0.502788888888889
"M2","genome-wide","PPP","CV1","7","4",0.164677777777778
"M3","genome-wide","PPP","CV1","7","4",0.168555555555556
"M2","haplotype-tagged","PPP","CV1","7","4",0.104377777777778
"M3","haplotype-tagged","PPP","CV1","7","4",0.182688888888889
"M2","genome-wide","YPPlnt","CV1","7","4",0.0507
"M3","genome-wide","YPPlnt","CV1","7","4",0.0398222222222222
"M2","haplotype-tagged","YPPlnt","CV1","7","4",0.0925777777777778
"M3","haplotype-tagged","YPPlnt","CV1","7","4",0.0622222222222222
"M2","genome-wide","DTF","CV2","7","4",0.557933333333333
"M3","genome-wide","DTF","CV2","7","4",0.5775
"M2","haplotype-tagged","DTF","CV2","7","4",0.558555555555556
"M3","haplotype-tagged","DTF","CV2","7","4",0.573188888888889
"M2","genome-wide","DTM","CV2","7","4",0.482377777777778
"M3","genome-wide","DTM","CV2","7","4",0.5078
"M2","haplotype-tagged","DTM","CV2","7","4",0.489722222222222
"M3","haplotype-tagged","DTM","CV2","7","4",0.514977777777778
"M2","genome-wide","HSW","CV2","7","4",0.661111111111111
"M3","genome-wide","HSW","CV2","7","4",0.647344444444445
"M2","haplotype-tagged","HSW","CV2","7","4",0.658366666666667
"M3","haplotype-tagged","HSW","CV2","7","4",0.657633333333333
"M2","genome-wide","PH","CV2","7","4",0.469544444444444
"M3","genome-wide","PH","CV2","7","4",0.488888888888889
"M2","haplotype-tagged","PH","CV2","7","4",0.470766666666667
"M3","haplotype-tagged","PH","CV2","7","4",0.4805
"M2","genome-wide","PPP","CV2","7","4",0.231577777777778
"M3","genome-wide","PPP","CV2","7","4",0.238466666666667
"M2","haplotype-tagged","PPP","CV2","7","4",0.195966666666667
"M3","haplotype-tagged","PPP","CV2","7","4",0.205533333333333
"M2","genome-wide","YPPlnt","CV2","7","4",0.125133333333333
"M3","genome-wide","YPPlnt","CV2","7","4",0.157322222222222
"M2","haplotype-tagged","YPPlnt","CV2","7","4",0.110133333333333
"M3","haplotype-tagged","YPPlnt","CV2","7","4",0.116655555555556
"M2","genome-wide","DTF","CV0","8","4",0.5189
"M3","genome-wide","DTF","CV0","8","4",0.5243
"M2","haplotype-tagged","DTF","CV0","8","4",0.51595
"M3","haplotype-tagged","DTF","CV0","8","4",0.51725
"M2","genome-wide","DTM","CV0","8","4",0.34005
"M3","genome-wide","DTM","CV0","8","4",0.34095
"M2","haplotype-tagged","DTM","CV0","8","4",0.33675
"M3","haplotype-tagged","DTM","CV0","8","4",0.33585
"M2","genome-wide","HSW","CV0","8","4",0.67505
"M3","genome-wide","HSW","CV0","8","4",0.6749
"M2","haplotype-tagged","HSW","CV0","8","4",0.67795
"M3","haplotype-tagged","HSW","CV0","8","4",0.6776
"M2","genome-wide","PH","CV0","8","4",0.5975
"M3","genome-wide","PH","CV0","8","4",0.59745
"M2","haplotype-tagged","PH","CV0","8","4",0.59925
"M3","haplotype-tagged","PH","CV0","8","4",0.5977
"M2","genome-wide","PPP","CV0","8","4",0.1411
"M3","genome-wide","PPP","CV0","8","4",0.11915
"M2","haplotype-tagged","PPP","CV0","8","4",0.11085
"M3","haplotype-tagged","PPP","CV0","8","4",0.09825
"M2","genome-wide","YPPlnt","CV0","8","4",0.1854
"M3","genome-wide","YPPlnt","CV0","8","4",0.1896
"M2","haplotype-tagged","YPPlnt","CV0","8","4",0.1722
"M3","haplotype-tagged","YPPlnt","CV0","8","4",0.15965
"M2","genome-wide","DTF","CV00","8","4",0.36325
"M3","genome-wide","DTF","CV00","8","4",0.36665
"M2","haplotype-tagged","DTF","CV00","8","4",0.17825
"M3","haplotype-tagged","DTF","CV00","8","4",0.38225
"M2","genome-wide","DTM","CV00","8","4",0.3926
"M3","genome-wide","DTM","CV00","8","4",0.3389
"M2","haplotype-tagged","DTM","CV00","8","4",0.36745
"M3","haplotype-tagged","DTM","CV00","8","4",0.17855
"M2","genome-wide","HSW","CV00","8","4",0.5537
"M3","genome-wide","HSW","CV00","8","4",0.56265
"M2","haplotype-tagged","HSW","CV00","8","4",0.5031
"M3","haplotype-tagged","HSW","CV00","8","4",0.51065
"M2","genome-wide","PH","CV00","8","4",0.40915
"M3","genome-wide","PH","CV00","8","4",0.38905
"M2","haplotype-tagged","PH","CV00","8","4",0.45615
"M3","haplotype-tagged","PH","CV00","8","4",0.4308
"M2","genome-wide","PPP","CV00","8","4",0.21715
"M3","genome-wide","PPP","CV00","8","4",0.20425
"M2","haplotype-tagged","PPP","CV00","8","4",0.1056
"M3","haplotype-tagged","PPP","CV00","8","4",0.03145
"M2","genome-wide","YPPlnt","CV00","8","4",0.0859
"M3","genome-wide","YPPlnt","CV00","8","4",0.04405
"M2","haplotype-tagged","YPPlnt","CV00","8","4",-0.02205
"M3","haplotype-tagged","YPPlnt","CV00","8","4",0.142
"M2","genome-wide","DTF","CV1","8","4",0.488277777777778
"M3","genome-wide","DTF","CV1","8","4",0.466866666666667
"M2","haplotype-tagged","DTF","CV1","8","4",0.388133333333333
"M3","haplotype-tagged","DTF","CV1","8","4",0.2895
"M2","genome-wide","DTM","CV1","8","4",0.354411111111111
"M3","genome-wide","DTM","CV1","8","4",0.358377777777778
"M2","haplotype-tagged","DTM","CV1","8","4",0.218377777777778
"M3","haplotype-tagged","DTM","CV1","8","4",0.216811111111111
"M2","genome-wide","HSW","CV1","8","4",0.6095
"M3","genome-wide","HSW","CV1","8","4",0.616122222222222
"M2","haplotype-tagged","HSW","CV1","8","4",0.534844444444444
"M3","haplotype-tagged","HSW","CV1","8","4",0.548433333333333
"M2","genome-wide","PH","CV1","8","4",0.456344444444444
"M3","genome-wide","PH","CV1","8","4",0.433822222222222
"M2","haplotype-tagged","PH","CV1","8","4",0.463533333333333
"M3","haplotype-tagged","PH","CV1","8","4",0.369488888888889
"M2","genome-wide","PPP","CV1","8","4",0.2434
"M3","genome-wide","PPP","CV1","8","4",0.157811111111111
"M2","haplotype-tagged","PPP","CV1","8","4",0.2191
"M3","haplotype-tagged","PPP","CV1","8","4",0.122488888888889
"M2","genome-wide","YPPlnt","CV1","8","4",0.0869666666666667
"M3","genome-wide","YPPlnt","CV1","8","4",0.0885111111111111
"M2","haplotype-tagged","YPPlnt","CV1","8","4",0.104066666666667
"M3","haplotype-tagged","YPPlnt","CV1","8","4",0.122544444444444
"M2","genome-wide","DTF","CV2","8","4",0.631366666666667
"M3","genome-wide","DTF","CV2","8","4",0.596977777777778
"M2","haplotype-tagged","DTF","CV2","8","4",0.622366666666667
"M3","haplotype-tagged","DTF","CV2","8","4",0.617544444444444
"M2","genome-wide","DTM","CV2","8","4",0.497577777777778
"M3","genome-wide","DTM","CV2","8","4",0.453044444444444
"M2","haplotype-tagged","DTM","CV2","8","4",0.497255555555556
"M3","haplotype-tagged","DTM","CV2","8","4",0.482022222222222
"M2","genome-wide","HSW","CV2","8","4",0.754577777777778
"M3","genome-wide","HSW","CV2","8","4",0.759566666666667
"M2","haplotype-tagged","HSW","CV2","8","4",0.751744444444444
"M3","haplotype-tagged","HSW","CV2","8","4",0.753955555555556
"M2","genome-wide","PH","CV2","8","4",0.525122222222222
"M3","genome-wide","PH","CV2","8","4",0.546477777777778
"M2","haplotype-tagged","PH","CV2","8","4",0.529088888888889
"M3","haplotype-tagged","PH","CV2","8","4",0.533622222222222
"M2","genome-wide","PPP","CV2","8","4",0.1849
"M3","genome-wide","PPP","CV2","8","4",0.202
"M2","haplotype-tagged","PPP","CV2","8","4",0.1345
"M3","haplotype-tagged","PPP","CV2","8","4",0.151155555555556
"M2","genome-wide","YPPlnt","CV2","8","4",0.147544444444444
"M3","genome-wide","YPPlnt","CV2","8","4",0.205544444444444
"M2","haplotype-tagged","YPPlnt","CV2","8","4",0.101166666666667
"M3","haplotype-tagged","YPPlnt","CV2","8","4",0.120055555555556
"M2","genome-wide","DTF","CV0","9","4",0.4338
"M3","genome-wide","DTF","CV0","9","4",0.4352
"M2","haplotype-tagged","DTF","CV0","9","4",0.4355
"M3","haplotype-tagged","DTF","CV0","9","4",0.4346
"M2","genome-wide","DTM","CV0","9","4",0.37655
"M3","genome-wide","DTM","CV0","9","4",0.37555
"M2","haplotype-tagged","DTM","CV0","9","4",0.3783
"M3","haplotype-tagged","DTM","CV0","9","4",0.37135
"M2","genome-wide","HSW","CV0","9","4",0.59145
"M3","genome-wide","HSW","CV0","9","4",0.5923
"M2","haplotype-tagged","HSW","CV0","9","4",0.5927
"M3","haplotype-tagged","HSW","CV0","9","4",0.5929
"M2","genome-wide","PH","CV0","9","4",0.6456
"M3","genome-wide","PH","CV0","9","4",0.6448
"M2","haplotype-tagged","PH","CV0","9","4",0.6448
"M3","haplotype-tagged","PH","CV0","9","4",0.64235
"M2","genome-wide","PPP","CV0","9","4",0.14635
"M3","genome-wide","PPP","CV0","9","4",0.1286
"M2","haplotype-tagged","PPP","CV0","9","4",0.12065
"M3","haplotype-tagged","PPP","CV0","9","4",0.10545
"M2","genome-wide","YPPlnt","CV0","9","4",0.17855
"M3","genome-wide","YPPlnt","CV0","9","4",0.174
"M2","haplotype-tagged","YPPlnt","CV0","9","4",0.17245
"M3","haplotype-tagged","YPPlnt","CV0","9","4",0.16735
"M2","genome-wide","DTF","CV00","9","4",0.46225
"M3","genome-wide","DTF","CV00","9","4",0.4619
"M2","haplotype-tagged","DTF","CV00","9","4",0.4798
"M3","haplotype-tagged","DTF","CV00","9","4",0.3394
"M2","genome-wide","DTM","CV00","9","4",0.30175
"M3","genome-wide","DTM","CV00","9","4",0.2962
"M2","haplotype-tagged","DTM","CV00","9","4",0.3173
"M3","haplotype-tagged","DTM","CV00","9","4",0.2749
"M2","genome-wide","HSW","CV00","9","4",0.5896
"M3","genome-wide","HSW","CV00","9","4",0.5757
"M2","haplotype-tagged","HSW","CV00","9","4",0.4438
"M3","haplotype-tagged","HSW","CV00","9","4",0.43825
"M2","genome-wide","PH","CV00","9","4",0.2585
"M3","genome-wide","PH","CV00","9","4",0.27765
"M2","haplotype-tagged","PH","CV00","9","4",0.3721
"M3","haplotype-tagged","PH","CV00","9","4",0.3676
"M2","genome-wide","PPP","CV00","9","4",0.03245
"M3","genome-wide","PPP","CV00","9","4",0.01855
"M2","haplotype-tagged","PPP","CV00","9","4",0.04625
"M3","haplotype-tagged","PPP","CV00","9","4",0.08615
"M2","genome-wide","YPPlnt","CV00","9","4",0.1645
"M3","genome-wide","YPPlnt","CV00","9","4",0.11335
"M2","haplotype-tagged","YPPlnt","CV00","9","4",0.25065
"M3","haplotype-tagged","YPPlnt","CV00","9","4",0.000550000000000002
"M2","genome-wide","DTF","CV1","9","4",0.5023
"M3","genome-wide","DTF","CV1","9","4",0.469288888888889
"M2","haplotype-tagged","DTF","CV1","9","4",0.2276
"M3","haplotype-tagged","DTF","CV1","9","4",0.219266666666667
"M2","genome-wide","DTM","CV1","9","4",0.461088888888889
"M3","genome-wide","DTM","CV1","9","4",0.411888888888889
"M2","haplotype-tagged","DTM","CV1","9","4",0.334522222222222
"M3","haplotype-tagged","DTM","CV1","9","4",0.214966666666667
"M2","genome-wide","HSW","CV1","9","4",0.629088888888889
"M3","genome-wide","HSW","CV1","9","4",0.616333333333333
"M2","haplotype-tagged","HSW","CV1","9","4",0.523355555555556
"M3","haplotype-tagged","HSW","CV1","9","4",0.519822222222222
"M2","genome-wide","PH","CV1","9","4",0.417466666666667
"M3","genome-wide","PH","CV1","9","4",0.433611111111111
"M2","haplotype-tagged","PH","CV1","9","4",0.3697
"M3","haplotype-tagged","PH","CV1","9","4",0.4201
"M2","genome-wide","PPP","CV1","9","4",0.116433333333333
"M3","genome-wide","PPP","CV1","9","4",0.1191
"M2","haplotype-tagged","PPP","CV1","9","4",0.0943333333333333
"M3","haplotype-tagged","PPP","CV1","9","4",0.0634777777777778
"M2","genome-wide","YPPlnt","CV1","9","4",0.110455555555556
"M3","genome-wide","YPPlnt","CV1","9","4",0.108822222222222
"M2","haplotype-tagged","YPPlnt","CV1","9","4",0.0341222222222222
"M3","haplotype-tagged","YPPlnt","CV1","9","4",0.0291333333333333
"M2","genome-wide","DTF","CV2","9","4",0.621555555555556
"M3","genome-wide","DTF","CV2","9","4",0.626555555555556
"M2","haplotype-tagged","DTF","CV2","9","4",0.6194
"M3","haplotype-tagged","DTF","CV2","9","4",0.629244444444444
"M2","genome-wide","DTM","CV2","9","4",0.449066666666667
"M3","genome-wide","DTM","CV2","9","4",0.445
"M2","haplotype-tagged","DTM","CV2","9","4",0.433966666666667
"M3","haplotype-tagged","DTM","CV2","9","4",0.446011111111111
"M2","genome-wide","HSW","CV2","9","4",0.738566666666667
"M3","genome-wide","HSW","CV2","9","4",0.735888888888889
"M2","haplotype-tagged","HSW","CV2","9","4",0.735044444444444
"M3","haplotype-tagged","HSW","CV2","9","4",0.740377777777778
"M2","genome-wide","PH","CV2","9","4",0.569511111111111
"M3","genome-wide","PH","CV2","9","4",0.577155555555556
"M2","haplotype-tagged","PH","CV2","9","4",0.564188888888889
"M3","haplotype-tagged","PH","CV2","9","4",0.570866666666667
"M2","genome-wide","PPP","CV2","9","4",0.199422222222222
"M3","genome-wide","PPP","CV2","9","4",0.215
"M2","haplotype-tagged","PPP","CV2","9","4",0.163333333333333
"M3","haplotype-tagged","PPP","CV2","9","4",0.174155555555556
"M2","genome-wide","YPPlnt","CV2","9","4",0.159455555555556
"M3","genome-wide","YPPlnt","CV2","9","4",0.127555555555556
"M2","haplotype-tagged","YPPlnt","CV2","9","4",0.145955555555556
"M3","haplotype-tagged","YPPlnt","CV2","9","4",0.140233333333333
"M2","genome-wide","DTF","CV0","10","4",0.64305
"M3","genome-wide","DTF","CV0","10","4",0.643
"M2","haplotype-tagged","DTF","CV0","10","4",0.6468
"M3","haplotype-tagged","DTF","CV0","10","4",0.64505
"M2","genome-wide","DTM","CV0","10","4",0.53145
"M3","genome-wide","DTM","CV0","10","4",0.53285
"M2","haplotype-tagged","DTM","CV0","10","4",0.533
"M3","haplotype-tagged","DTM","CV0","10","4",0.53545
"M2","genome-wide","HSW","CV0","10","4",0.7783
"M3","genome-wide","HSW","CV0","10","4",0.77945
"M2","haplotype-tagged","HSW","CV0","10","4",0.77575
"M3","haplotype-tagged","HSW","CV0","10","4",0.7756
"M2","genome-wide","PH","CV0","10","4",0.67065
"M3","genome-wide","PH","CV0","10","4",0.666
"M2","haplotype-tagged","PH","CV0","10","4",0.6577
"M3","haplotype-tagged","PH","CV0","10","4",0.6557
"M2","genome-wide","PPP","CV0","10","4",0.122
"M3","genome-wide","PPP","CV0","10","4",0.1087
"M2","haplotype-tagged","PPP","CV0","10","4",0.10285
"M3","haplotype-tagged","PPP","CV0","10","4",0.1051
"M2","genome-wide","YPPlnt","CV0","10","4",0.20255
"M3","genome-wide","YPPlnt","CV0","10","4",0.19515
"M2","haplotype-tagged","YPPlnt","CV0","10","4",0.1935
"M3","haplotype-tagged","YPPlnt","CV0","10","4",0.18355
"M2","genome-wide","DTF","CV00","10","4",0.4393
"M3","genome-wide","DTF","CV00","10","4",0.44015
"M2","haplotype-tagged","DTF","CV00","10","4",0.31325
"M3","haplotype-tagged","DTF","CV00","10","4",0.4
"M2","genome-wide","DTM","CV00","10","4",0.44905
"M3","genome-wide","DTM","CV00","10","4",0.4679
"M2","haplotype-tagged","DTM","CV00","10","4",0.38435
"M3","haplotype-tagged","DTM","CV00","10","4",0.3897
"M2","genome-wide","HSW","CV00","10","4",0.5454
"M3","genome-wide","HSW","CV00","10","4",0.5637
"M2","haplotype-tagged","HSW","CV00","10","4",0.5818
"M3","haplotype-tagged","HSW","CV00","10","4",0.54115
"M2","genome-wide","PH","CV00","10","4",0.34865
"M3","genome-wide","PH","CV00","10","4",0.3337
"M2","haplotype-tagged","PH","CV00","10","4",0.4564
"M3","haplotype-tagged","PH","CV00","10","4",0.48855
"M2","genome-wide","PPP","CV00","10","4",0.12525
"M3","genome-wide","PPP","CV00","10","4",0.1196
"M2","haplotype-tagged","PPP","CV00","10","4",0.1097
"M3","haplotype-tagged","PPP","CV00","10","4",-0.02585
"M2","genome-wide","YPPlnt","CV00","10","4",0.1581
"M3","genome-wide","YPPlnt","CV00","10","4",0.2669
"M2","haplotype-tagged","YPPlnt","CV00","10","4",0.17525
"M3","haplotype-tagged","YPPlnt","CV00","10","4",-0.11165
"M2","genome-wide","DTF","CV1","10","4",0.479677777777778
"M3","genome-wide","DTF","CV1","10","4",0.446177777777778
"M2","haplotype-tagged","DTF","CV1","10","4",0.332177777777778
"M3","haplotype-tagged","DTF","CV1","10","4",0.289733333333333
"M2","genome-wide","DTM","CV1","10","4",0.321133333333333
"M3","genome-wide","DTM","CV1","10","4",0.298155555555556
"M2","haplotype-tagged","DTM","CV1","10","4",0.377522222222222
"M3","haplotype-tagged","DTM","CV1","10","4",0.241377777777778
"M2","genome-wide","HSW","CV1","10","4",0.530722222222222
"M3","genome-wide","HSW","CV1","10","4",0.527866666666667
"M2","haplotype-tagged","HSW","CV1","10","4",0.457755555555556
"M3","haplotype-tagged","HSW","CV1","10","4",0.485277777777778
"M2","genome-wide","PH","CV1","10","4",0.483622222222222
"M3","genome-wide","PH","CV1","10","4",0.483966666666667
"M2","haplotype-tagged","PH","CV1","10","4",0.4088
"M3","haplotype-tagged","PH","CV1","10","4",0.4386
"M2","genome-wide","PPP","CV1","10","4",0.123011111111111
"M3","genome-wide","PPP","CV1","10","4",0.0852777777777778
"M2","haplotype-tagged","PPP","CV1","10","4",0.0998666666666667
"M3","haplotype-tagged","PPP","CV1","10","4",0.0748777777777778
"M2","genome-wide","YPPlnt","CV1","10","4",0.0123888888888889
"M3","genome-wide","YPPlnt","CV1","10","4",0.0179
"M2","haplotype-tagged","YPPlnt","CV1","10","4",0.0541
"M3","haplotype-tagged","YPPlnt","CV1","10","4",0.0364333333333333
"M2","genome-wide","DTF","CV2","10","4",0.566644444444444
"M3","genome-wide","DTF","CV2","10","4",0.576011111111111
"M2","haplotype-tagged","DTF","CV2","10","4",0.560411111111111
"M3","haplotype-tagged","DTF","CV2","10","4",0.560922222222222
"M2","genome-wide","DTM","CV2","10","4",0.482833333333333
"M3","genome-wide","DTM","CV2","10","4",0.477222222222222
"M2","haplotype-tagged","DTM","CV2","10","4",0.470011111111111
"M3","haplotype-tagged","DTM","CV2","10","4",0.474833333333333
"M2","genome-wide","HSW","CV2","10","4",0.701622222222222
"M3","genome-wide","HSW","CV2","10","4",0.704977777777778
"M2","haplotype-tagged","HSW","CV2","10","4",0.707977777777778
"M3","haplotype-tagged","HSW","CV2","10","4",0.709744444444444
"M2","genome-wide","PH","CV2","10","4",0.5864
"M3","genome-wide","PH","CV2","10","4",0.577044444444444
"M2","haplotype-tagged","PH","CV2","10","4",0.592222222222222
"M3","haplotype-tagged","PH","CV2","10","4",0.596166666666667
"M2","genome-wide","PPP","CV2","10","4",0.241022222222222
"M3","genome-wide","PPP","CV2","10","4",0.242877777777778
"M2","haplotype-tagged","PPP","CV2","10","4",0.186622222222222
"M3","haplotype-tagged","PPP","CV2","10","4",0.178211111111111
"M2","genome-wide","YPPlnt","CV2","10","4",0.0963222222222222
"M3","genome-wide","YPPlnt","CV2","10","4",0.0491888888888889
"M2","haplotype-tagged","YPPlnt","CV2","10","4",0.0530111111111111
"M3","haplotype-tagged","YPPlnt","CV2","10","4",0.0466333333333333
"M2","genome-wide","DTF","CV0","1","5",0.3675
"M3","genome-wide","DTF","CV0","1","5",0.3705
"M2","haplotype-tagged","DTF","CV0","1","5",0.3757
"M3","haplotype-tagged","DTF","CV0","1","5",0.375
"M2","genome-wide","DTM","CV0","1","5",0.4052
"M3","genome-wide","DTM","CV0","1","5",0.4004
"M2","haplotype-tagged","DTM","CV0","1","5",0.3971
"M3","haplotype-tagged","DTM","CV0","1","5",0.3892
"M2","genome-wide","HSW","CV0","1","5",0.5987
"M3","genome-wide","HSW","CV0","1","5",0.6016
"M2","haplotype-tagged","HSW","CV0","1","5",0.5997
"M3","haplotype-tagged","HSW","CV0","1","5",0.6006
"M2","genome-wide","PH","CV0","1","5",0.5815
"M3","genome-wide","PH","CV0","1","5",0.5823
"M2","haplotype-tagged","PH","CV0","1","5",0.5781
"M3","haplotype-tagged","PH","CV0","1","5",0.5778
"M2","genome-wide","PPP","CV0","1","5",0.079
"M3","genome-wide","PPP","CV0","1","5",0.0994
"M2","haplotype-tagged","PPP","CV0","1","5",0.0876
"M3","haplotype-tagged","PPP","CV0","1","5",0.0996
"M2","genome-wide","YPPlnt","CV0","1","5",0.12
"M3","genome-wide","YPPlnt","CV0","1","5",0.1275
"M2","haplotype-tagged","YPPlnt","CV0","1","5",0.1374
"M3","haplotype-tagged","YPPlnt","CV0","1","5",0.1195
"M2","genome-wide","DTF","CV00","1","5",0.5424
"M3","genome-wide","DTF","CV00","1","5",0.5311
"M2","haplotype-tagged","DTF","CV00","1","5",0.1214
"M3","haplotype-tagged","DTF","CV00","1","5",0.2231
"M2","genome-wide","DTM","CV00","1","5",0.512
"M3","genome-wide","DTM","CV00","1","5",0.4795
"M2","haplotype-tagged","DTM","CV00","1","5",0.4683
"M3","haplotype-tagged","DTM","CV00","1","5",0.0827
"M2","genome-wide","HSW","CV00","1","5",0.7153
"M3","genome-wide","HSW","CV00","1","5",0.7074
"M2","haplotype-tagged","HSW","CV00","1","5",0.7573
"M3","haplotype-tagged","HSW","CV00","1","5",0.74
"M2","genome-wide","PH","CV00","1","5",0.7801
"M3","genome-wide","PH","CV00","1","5",0.7911
"M2","haplotype-tagged","PH","CV00","1","5",0.6992
"M3","haplotype-tagged","PH","CV00","1","5",0.7041
"M2","genome-wide","PPP","CV00","1","5",0.3882
"M3","genome-wide","PPP","CV00","1","5",0.3443
"M2","haplotype-tagged","PPP","CV00","1","5",0.3341
"M3","haplotype-tagged","PPP","CV00","1","5",0.2981
"M2","genome-wide","YPPlnt","CV00","1","5",-0.013
"M3","genome-wide","YPPlnt","CV00","1","5",-0.0421
"M2","haplotype-tagged","YPPlnt","CV00","1","5",0.1434
"M3","haplotype-tagged","YPPlnt","CV00","1","5",-0.0348
"M2","genome-wide","DTF","CV1","1","5",0.437922222222222
"M3","genome-wide","DTF","CV1","1","5",0.402455555555556
"M2","haplotype-tagged","DTF","CV1","1","5",0.358144444444444
"M3","haplotype-tagged","DTF","CV1","1","5",0.118777777777778
"M2","genome-wide","DTM","CV1","1","5",0.306211111111111
"M3","genome-wide","DTM","CV1","1","5",0.246433333333333
"M2","haplotype-tagged","DTM","CV1","1","5",0.111577777777778
"M3","haplotype-tagged","DTM","CV1","1","5",0.0618555555555556
"M2","genome-wide","HSW","CV1","1","5",0.629966666666667
"M3","genome-wide","HSW","CV1","1","5",0.624877777777778
"M2","haplotype-tagged","HSW","CV1","1","5",0.505444444444444
"M3","haplotype-tagged","HSW","CV1","1","5",0.503022222222222
"M2","genome-wide","PH","CV1","1","5",0.456188888888889
"M3","genome-wide","PH","CV1","1","5",0.486622222222222
"M2","haplotype-tagged","PH","CV1","1","5",0.407244444444444
"M3","haplotype-tagged","PH","CV1","1","5",0.399922222222222
"M2","genome-wide","PPP","CV1","1","5",0.250333333333333
"M3","genome-wide","PPP","CV1","1","5",0.234044444444444
"M2","haplotype-tagged","PPP","CV1","1","5",0.182588888888889
"M3","haplotype-tagged","PPP","CV1","1","5",0.108122222222222
"M2","genome-wide","YPPlnt","CV1","1","5",0.103577777777778
"M3","genome-wide","YPPlnt","CV1","1","5",0.119688888888889
"M2","haplotype-tagged","YPPlnt","CV1","1","5",0.0468444444444444
"M3","haplotype-tagged","YPPlnt","CV1","1","5",0.0768777777777778
"M2","genome-wide","DTF","CV2","1","5",0.605944444444444
"M3","genome-wide","DTF","CV2","1","5",0.627888888888889
"M2","haplotype-tagged","DTF","CV2","1","5",0.600422222222222
"M3","haplotype-tagged","DTF","CV2","1","5",0.613066666666667
"M2","genome-wide","DTM","CV2","1","5",0.466122222222222
"M3","genome-wide","DTM","CV2","1","5",0.457411111111111
"M2","haplotype-tagged","DTM","CV2","1","5",0.462388888888889
"M3","haplotype-tagged","DTM","CV2","1","5",0.450977777777778
"M2","genome-wide","HSW","CV2","1","5",0.719566666666667
"M3","genome-wide","HSW","CV2","1","5",0.719633333333333
"M2","haplotype-tagged","HSW","CV2","1","5",0.721066666666667
"M3","haplotype-tagged","HSW","CV2","1","5",0.718988888888889
"M2","genome-wide","PH","CV2","1","5",0.571755555555556
"M3","genome-wide","PH","CV2","1","5",0.5711
"M2","haplotype-tagged","PH","CV2","1","5",0.567877777777778
"M3","haplotype-tagged","PH","CV2","1","5",0.563011111111111
"M2","genome-wide","PPP","CV2","1","5",0.115011111111111
"M3","genome-wide","PPP","CV2","1","5",0.147222222222222
"M2","haplotype-tagged","PPP","CV2","1","5",0.0739444444444445
"M3","haplotype-tagged","PPP","CV2","1","5",0.117922222222222
"M2","genome-wide","YPPlnt","CV2","1","5",0.162711111111111
"M3","genome-wide","YPPlnt","CV2","1","5",0.197977777777778
"M2","haplotype-tagged","YPPlnt","CV2","1","5",0.151344444444444
"M3","haplotype-tagged","YPPlnt","CV2","1","5",0.149266666666667
"M2","genome-wide","DTF","CV0","2","5",0.654
"M3","genome-wide","DTF","CV0","2","5",0.6457
"M2","haplotype-tagged","DTF","CV0","2","5",0.6422
"M3","haplotype-tagged","DTF","CV0","2","5",0.6396
"M2","genome-wide","DTM","CV0","2","5",0.5351
"M3","genome-wide","DTM","CV0","2","5",0.5345
"M2","haplotype-tagged","DTM","CV0","2","5",0.5306
"M3","haplotype-tagged","DTM","CV0","2","5",0.5265
"M2","genome-wide","HSW","CV0","2","5",0.8651
"M3","genome-wide","HSW","CV0","2","5",0.8647
"M2","haplotype-tagged","HSW","CV0","2","5",0.8619
"M3","haplotype-tagged","HSW","CV0","2","5",0.8628
"M2","genome-wide","PH","CV0","2","5",0.1021
"M3","genome-wide","PH","CV0","2","5",0.1008
"M2","haplotype-tagged","PH","CV0","2","5",0.1037
"M3","haplotype-tagged","PH","CV0","2","5",0.1038
"M2","genome-wide","PPP","CV0","2","5",0.0215
"M3","genome-wide","PPP","CV0","2","5",0.0179
"M2","haplotype-tagged","PPP","CV0","2","5",0.0166
"M3","haplotype-tagged","PPP","CV0","2","5",0.0036
"M2","genome-wide","YPPlnt","CV0","2","5",0.2202
"M3","genome-wide","YPPlnt","CV0","2","5",0.1979
"M2","haplotype-tagged","YPPlnt","CV0","2","5",0.1891
"M3","haplotype-tagged","YPPlnt","CV0","2","5",0.1866
"M2","genome-wide","DTF","CV00","2","5",0.2798
"M3","genome-wide","DTF","CV00","2","5",0.3188
"M2","haplotype-tagged","DTF","CV00","2","5",0.3846
"M3","haplotype-tagged","DTF","CV00","2","5",0.1825
"M2","genome-wide","DTM","CV00","2","5",0.2402
"M3","genome-wide","DTM","CV00","2","5",0.1969
"M2","haplotype-tagged","DTM","CV00","2","5",0.2296
"M3","haplotype-tagged","DTM","CV00","2","5",0.0808
"M2","genome-wide","HSW","CV00","2","5",0.691
"M3","genome-wide","HSW","CV00","2","5",0.6927
"M2","haplotype-tagged","HSW","CV00","2","5",0.6394
"M3","haplotype-tagged","HSW","CV00","2","5",0.6813
"M2","genome-wide","PH","CV00","2","5",0.5404
"M3","genome-wide","PH","CV00","2","5",0.5734
"M2","haplotype-tagged","PH","CV00","2","5",0.5319
"M3","haplotype-tagged","PH","CV00","2","5",0.5088
"M2","genome-wide","PPP","CV00","2","5",0.1498
"M3","genome-wide","PPP","CV00","2","5",0.097
"M2","haplotype-tagged","PPP","CV00","2","5",0.0583
"M3","haplotype-tagged","PPP","CV00","2","5",0.0948
"M2","genome-wide","YPPlnt","CV00","2","5",0.1969
"M3","genome-wide","YPPlnt","CV00","2","5",0.2291
"M2","haplotype-tagged","YPPlnt","CV00","2","5",0.167
"M3","haplotype-tagged","YPPlnt","CV00","2","5",-0.0189
"M2","genome-wide","DTF","CV1","2","5",0.329233333333333
"M3","genome-wide","DTF","CV1","2","5",0.363655555555556
"M2","haplotype-tagged","DTF","CV1","2","5",0.0898555555555556
"M3","haplotype-tagged","DTF","CV1","2","5",0.163666666666667
"M2","genome-wide","DTM","CV1","2","5",0.356855555555556
"M3","genome-wide","DTM","CV1","2","5",0.338433333333333
"M2","haplotype-tagged","DTM","CV1","2","5",0.216244444444444
"M3","haplotype-tagged","DTM","CV1","2","5",0.177611111111111
"M2","genome-wide","HSW","CV1","2","5",0.541533333333333
"M3","genome-wide","HSW","CV1","2","5",0.549066666666667
"M2","haplotype-tagged","HSW","CV1","2","5",0.513744444444444
"M3","haplotype-tagged","HSW","CV1","2","5",0.478333333333333
"M2","genome-wide","PH","CV1","2","5",0.345822222222222
"M3","genome-wide","PH","CV1","2","5",0.367666666666667
"M2","haplotype-tagged","PH","CV1","2","5",0.369822222222222
"M3","haplotype-tagged","PH","CV1","2","5",0.359288888888889
"M2","genome-wide","PPP","CV1","2","5",0.190666666666667
"M3","genome-wide","PPP","CV1","2","5",0.144088888888889
"M2","haplotype-tagged","PPP","CV1","2","5",0.137555555555556
"M3","haplotype-tagged","PPP","CV1","2","5",0.124755555555556
"M2","genome-wide","YPPlnt","CV1","2","5",0.0557444444444444
"M3","genome-wide","YPPlnt","CV1","2","5",0.0196444444444444
"M2","haplotype-tagged","YPPlnt","CV1","2","5",0.0048
"M3","haplotype-tagged","YPPlnt","CV1","2","5",0.0121888888888889
"M2","genome-wide","DTF","CV2","2","5",0.583111111111111
"M3","genome-wide","DTF","CV2","2","5",0.549811111111111
"M2","haplotype-tagged","DTF","CV2","2","5",0.575188888888889
"M3","haplotype-tagged","DTF","CV2","2","5",0.575966666666667
"M2","genome-wide","DTM","CV2","2","5",0.469666666666667
"M3","genome-wide","DTM","CV2","2","5",0.490266666666667
"M2","haplotype-tagged","DTM","CV2","2","5",0.466444444444444
"M3","haplotype-tagged","DTM","CV2","2","5",0.477488888888889
"M2","genome-wide","HSW","CV2","2","5",0.745177777777778
"M3","genome-wide","HSW","CV2","2","5",0.748355555555556
"M2","haplotype-tagged","HSW","CV2","2","5",0.738988888888889
"M3","haplotype-tagged","HSW","CV2","2","5",0.740666666666667
"M2","genome-wide","PH","CV2","2","5",0.647011111111111
"M3","genome-wide","PH","CV2","2","5",0.6453
"M2","haplotype-tagged","PH","CV2","2","5",0.646466666666667
"M3","haplotype-tagged","PH","CV2","2","5",0.648133333333333
"M2","genome-wide","PPP","CV2","2","5",0.191455555555556
"M3","genome-wide","PPP","CV2","2","5",0.1939
"M2","haplotype-tagged","PPP","CV2","2","5",0.168911111111111
"M3","haplotype-tagged","PPP","CV2","2","5",0.198711111111111
"M2","genome-wide","YPPlnt","CV2","2","5",0.128044444444444
"M3","genome-wide","YPPlnt","CV2","2","5",0.133344444444444
"M2","haplotype-tagged","YPPlnt","CV2","2","5",0.094
"M3","haplotype-tagged","YPPlnt","CV2","2","5",0.102566666666667
"M2","genome-wide","DTF","CV0","3","5",0.6082
"M3","genome-wide","DTF","CV0","3","5",0.6025
"M2","haplotype-tagged","DTF","CV0","3","5",0.6084
"M3","haplotype-tagged","DTF","CV0","3","5",0.6112
"M2","genome-wide","DTM","CV0","3","5",0.3851
"M3","genome-wide","DTM","CV0","3","5",0.3933
"M2","haplotype-tagged","DTM","CV0","3","5",0.3941
"M3","haplotype-tagged","DTM","CV0","3","5",0.3929
"M2","genome-wide","HSW","CV0","3","5",0.7839
"M3","genome-wide","HSW","CV0","3","5",0.7819
"M2","haplotype-tagged","HSW","CV0","3","5",0.7858
"M3","haplotype-tagged","HSW","CV0","3","5",0.7857
"M2","genome-wide","PH","CV0","3","5",0.6665
"M3","genome-wide","PH","CV0","3","5",0.6683
"M2","haplotype-tagged","PH","CV0","3","5",0.664
"M3","haplotype-tagged","PH","CV0","3","5",0.6664
"M2","genome-wide","PPP","CV0","3","5",0.1713
"M3","genome-wide","PPP","CV0","3","5",0.1471
"M2","haplotype-tagged","PPP","CV0","3","5",0.1442
"M3","haplotype-tagged","PPP","CV0","3","5",0.118
"M2","genome-wide","YPPlnt","CV0","3","5",0.1924
"M3","genome-wide","YPPlnt","CV0","3","5",0.1934
"M2","haplotype-tagged","YPPlnt","CV0","3","5",0.1873
"M3","haplotype-tagged","YPPlnt","CV0","3","5",0.172
"M2","genome-wide","DTF","CV00","3","5",0.5096
"M3","genome-wide","DTF","CV00","3","5",0.5177
"M2","haplotype-tagged","DTF","CV00","3","5",0.3698
"M3","haplotype-tagged","DTF","CV00","3","5",0.3539
"M2","genome-wide","DTM","CV00","3","5",0.2182
"M3","genome-wide","DTM","CV00","3","5",0.21
"M2","haplotype-tagged","DTM","CV00","3","5",0.1951
"M3","haplotype-tagged","DTM","CV00","3","5",0.161
"M2","genome-wide","HSW","CV00","3","5",0.4849
"M3","genome-wide","HSW","CV00","3","5",0.4868
"M2","haplotype-tagged","HSW","CV00","3","5",0.357
"M3","haplotype-tagged","HSW","CV00","3","5",0.3901
"M2","genome-wide","PH","CV00","3","5",0.4883
"M3","genome-wide","PH","CV00","3","5",0.4698
"M2","haplotype-tagged","PH","CV00","3","5",0.5072
"M3","haplotype-tagged","PH","CV00","3","5",0.4215
"M2","genome-wide","PPP","CV00","3","5",0.1127
"M3","genome-wide","PPP","CV00","3","5",0.0988
"M2","haplotype-tagged","PPP","CV00","3","5",-0.0196
"M3","haplotype-tagged","PPP","CV00","3","5",-0.0394
"M2","genome-wide","YPPlnt","CV00","3","5",0.2316
"M3","genome-wide","YPPlnt","CV00","3","5",0.1848
"M2","haplotype-tagged","YPPlnt","CV00","3","5",0.2742
"M3","haplotype-tagged","YPPlnt","CV00","3","5",0.0961
"M2","genome-wide","DTF","CV1","3","5",0.337733333333333
"M3","genome-wide","DTF","CV1","3","5",0.360744444444444
"M2","haplotype-tagged","DTF","CV1","3","5",0.2424
"M3","haplotype-tagged","DTF","CV1","3","5",0.292744444444444
"M2","genome-wide","DTM","CV1","3","5",0.302477777777778
"M3","genome-wide","DTM","CV1","3","5",0.262266666666667
"M2","haplotype-tagged","DTM","CV1","3","5",0.263811111111111
"M3","haplotype-tagged","DTM","CV1","3","5",0.224244444444444
"M2","genome-wide","HSW","CV1","3","5",0.466633333333333
"M3","genome-wide","HSW","CV1","3","5",0.450211111111111
"M2","haplotype-tagged","HSW","CV1","3","5",0.353033333333333
"M3","haplotype-tagged","HSW","CV1","3","5",0.379411111111111
"M2","genome-wide","PH","CV1","3","5",0.1804
"M3","genome-wide","PH","CV1","3","5",0.166244444444444
"M2","haplotype-tagged","PH","CV1","3","5",0.283166666666667
"M3","haplotype-tagged","PH","CV1","3","5",0.276311111111111
"M2","genome-wide","PPP","CV1","3","5",0.185744444444444
"M3","genome-wide","PPP","CV1","3","5",0.166
"M2","haplotype-tagged","PPP","CV1","3","5",0.156255555555556
"M3","haplotype-tagged","PPP","CV1","3","5",0.115055555555556
"M2","genome-wide","YPPlnt","CV1","3","5",0.1265
"M3","genome-wide","YPPlnt","CV1","3","5",0.0558333333333333
"M2","haplotype-tagged","YPPlnt","CV1","3","5",0.168466666666667
"M3","haplotype-tagged","YPPlnt","CV1","3","5",0.0892333333333333
"M2","genome-wide","DTF","CV2","3","5",0.6094
"M3","genome-wide","DTF","CV2","3","5",0.588744444444444
"M2","haplotype-tagged","DTF","CV2","3","5",0.599244444444444
"M3","haplotype-tagged","DTF","CV2","3","5",0.602533333333333
"M2","genome-wide","DTM","CV2","3","5",0.485177777777778
"M3","genome-wide","DTM","CV2","3","5",0.484066666666667
"M2","haplotype-tagged","DTM","CV2","3","5",0.474977777777778
"M3","haplotype-tagged","DTM","CV2","3","5",0.475533333333333
"M2","genome-wide","HSW","CV2","3","5",0.747155555555556
"M3","genome-wide","HSW","CV2","3","5",0.7344
"M2","haplotype-tagged","HSW","CV2","3","5",0.7441
"M3","haplotype-tagged","HSW","CV2","3","5",0.742055555555556
"M2","genome-wide","PH","CV2","3","5",0.582311111111111
"M3","genome-wide","PH","CV2","3","5",0.601411111111111
"M2","haplotype-tagged","PH","CV2","3","5",0.570744444444444
"M3","haplotype-tagged","PH","CV2","3","5",0.581366666666667
"M2","genome-wide","PPP","CV2","3","5",0.219133333333333
"M3","genome-wide","PPP","CV2","3","5",0.218966666666667
"M2","haplotype-tagged","PPP","CV2","3","5",0.177511111111111
"M3","haplotype-tagged","PPP","CV2","3","5",0.215066666666667
"M2","genome-wide","YPPlnt","CV2","3","5",0.108355555555556
"M3","genome-wide","YPPlnt","CV2","3","5",0.0763111111111111
"M2","haplotype-tagged","YPPlnt","CV2","3","5",0.0565444444444444
"M3","haplotype-tagged","YPPlnt","CV2","3","5",0.0306555555555556
"M2","genome-wide","DTF","CV0","4","5",0.7878
"M3","genome-wide","DTF","CV0","4","5",0.7816
"M2","haplotype-tagged","DTF","CV0","4","5",0.7809
"M3","haplotype-tagged","DTF","CV0","4","5",0.778
"M2","genome-wide","DTM","CV0","4","5",0.7058
"M3","genome-wide","DTM","CV0","4","5",0.7039
"M2","haplotype-tagged","DTM","CV0","4","5",0.6939
"M3","haplotype-tagged","DTM","CV0","4","5",0.6766
"M2","genome-wide","HSW","CV0","4","5",0.7933
"M3","genome-wide","HSW","CV0","4","5",0.7909
"M2","haplotype-tagged","HSW","CV0","4","5",0.7851
"M3","haplotype-tagged","HSW","CV0","4","5",0.7836
"M2","genome-wide","PH","CV0","4","5",0.7638
"M3","genome-wide","PH","CV0","4","5",0.7614
"M2","haplotype-tagged","PH","CV0","4","5",0.7524
"M3","haplotype-tagged","PH","CV0","4","5",0.7485
"M2","genome-wide","PPP","CV0","4","5",0.3667
"M3","genome-wide","PPP","CV0","4","5",0.3343
"M2","haplotype-tagged","PPP","CV0","4","5",0.3155
"M3","haplotype-tagged","PPP","CV0","4","5",0.2792
"M2","genome-wide","YPPlnt","CV0","4","5",0.0253
"M3","genome-wide","YPPlnt","CV0","4","5",0.0141
"M2","haplotype-tagged","YPPlnt","CV0","4","5",0.0113
"M3","haplotype-tagged","YPPlnt","CV0","4","5",0.0022
"M2","genome-wide","DTF","CV00","4","5",0.5262
"M3","genome-wide","DTF","CV00","4","5",0.5255
"M2","haplotype-tagged","DTF","CV00","4","5",0.4618
"M3","haplotype-tagged","DTF","CV00","4","5",0.4527
"M2","genome-wide","DTM","CV00","4","5",0.2816
"M3","genome-wide","DTM","CV00","4","5",0.2931
"M2","haplotype-tagged","DTM","CV00","4","5",0.1763
"M3","haplotype-tagged","DTM","CV00","4","5",0.1476
"M2","genome-wide","HSW","CV00","4","5",0.7148
"M3","genome-wide","HSW","CV00","4","5",0.718
"M2","haplotype-tagged","HSW","CV00","4","5",0.6709
"M3","haplotype-tagged","HSW","CV00","4","5",0.6307
"M2","genome-wide","PH","CV00","4","5",0.15
"M3","genome-wide","PH","CV00","4","5",0.1696
"M2","haplotype-tagged","PH","CV00","4","5",0.1998
"M3","haplotype-tagged","PH","CV00","4","5",0.3019
"M2","genome-wide","PPP","CV00","4","5",0.0943
"M3","genome-wide","PPP","CV00","4","5",0.082
"M2","haplotype-tagged","PPP","CV00","4","5",0.1425
"M3","haplotype-tagged","PPP","CV00","4","5",0.0209
"M2","genome-wide","YPPlnt","CV00","4","5",0.2176
"M3","genome-wide","YPPlnt","CV00","4","5",0.1175
"M2","haplotype-tagged","YPPlnt","CV00","4","5",0.0854
"M3","haplotype-tagged","YPPlnt","CV00","4","5",0.2659
"M2","genome-wide","DTF","CV1","4","5",0.561611111111111
"M3","genome-wide","DTF","CV1","4","5",0.536555555555556
"M2","haplotype-tagged","DTF","CV1","4","5",0.341377777777778
"M3","haplotype-tagged","DTF","CV1","4","5",0.222611111111111
"M2","genome-wide","DTM","CV1","4","5",0.474211111111111
"M3","genome-wide","DTM","CV1","4","5",0.486366666666667
"M2","haplotype-tagged","DTM","CV1","4","5",0.277355555555556
"M3","haplotype-tagged","DTM","CV1","4","5",0.238611111111111
"M2","genome-wide","HSW","CV1","4","5",0.6872
"M3","genome-wide","HSW","CV1","4","5",0.668744444444444
"M2","haplotype-tagged","HSW","CV1","4","5",0.688055555555556
"M3","haplotype-tagged","HSW","CV1","4","5",0.662944444444444
"M2","genome-wide","PH","CV1","4","5",0.531877777777778
"M3","genome-wide","PH","CV1","4","5",0.5411
"M2","haplotype-tagged","PH","CV1","4","5",0.549077777777778
"M3","haplotype-tagged","PH","CV1","4","5",0.581011111111111
"M2","genome-wide","PPP","CV1","4","5",0.268822222222222
"M3","genome-wide","PPP","CV1","4","5",0.235911111111111
"M2","haplotype-tagged","PPP","CV1","4","5",0.253922222222222
"M3","haplotype-tagged","PPP","CV1","4","5",0.167422222222222
"M2","genome-wide","YPPlnt","CV1","4","5",0.146088888888889
"M3","genome-wide","YPPlnt","CV1","4","5",0.112111111111111
"M2","haplotype-tagged","YPPlnt","CV1","4","5",0.105066666666667
"M3","haplotype-tagged","YPPlnt","CV1","4","5",-0.0111777777777778
"M2","genome-wide","DTF","CV2","4","5",0.632055555555556
"M3","genome-wide","DTF","CV2","4","5",0.610744444444444
"M2","haplotype-tagged","DTF","CV2","4","5",0.6248
"M3","haplotype-tagged","DTF","CV2","4","5",0.619555555555556
"M2","genome-wide","DTM","CV2","4","5",0.474488888888889
"M3","genome-wide","DTM","CV2","4","5",0.466488888888889
"M2","haplotype-tagged","DTM","CV2","4","5",0.471655555555556
"M3","haplotype-tagged","DTM","CV2","4","5",0.4642
"M2","genome-wide","HSW","CV2","4","5",0.7725
"M3","genome-wide","HSW","CV2","4","5",0.769533333333333
"M2","haplotype-tagged","HSW","CV2","4","5",0.764788888888889
"M3","haplotype-tagged","HSW","CV2","4","5",0.764366666666667
"M2","genome-wide","PH","CV2","4","5",0.547033333333333
"M3","genome-wide","PH","CV2","4","5",0.561733333333333
"M2","haplotype-tagged","PH","CV2","4","5",0.533844444444444
"M3","haplotype-tagged","PH","CV2","4","5",0.534655555555556
"M2","genome-wide","PPP","CV2","4","5",0.245522222222222
"M3","genome-wide","PPP","CV2","4","5",0.249777777777778
"M2","haplotype-tagged","PPP","CV2","4","5",0.1958
"M3","haplotype-tagged","PPP","CV2","4","5",0.188433333333333
"M2","genome-wide","YPPlnt","CV2","4","5",0.178988888888889
"M3","genome-wide","YPPlnt","CV2","4","5",0.174166666666667
"M2","haplotype-tagged","YPPlnt","CV2","4","5",0.160733333333333
"M3","haplotype-tagged","YPPlnt","CV2","4","5",0.1252
"M2","genome-wide","DTF","CV0","5","5",0.6081
"M3","genome-wide","DTF","CV0","5","5",0.6106
"M2","haplotype-tagged","DTF","CV0","5","5",0.6082
"M3","haplotype-tagged","DTF","CV0","5","5",0.6082
"M2","genome-wide","DTM","CV0","5","5",0.3881
"M3","genome-wide","DTM","CV0","5","5",0.3869
"M2","haplotype-tagged","DTM","CV0","5","5",0.3958
"M3","haplotype-tagged","DTM","CV0","5","5",0.3959
"M2","genome-wide","HSW","CV0","5","5",0.7837
"M3","genome-wide","HSW","CV0","5","5",0.7833
"M2","haplotype-tagged","HSW","CV0","5","5",0.7861
"M3","haplotype-tagged","HSW","CV0","5","5",0.7838
"M2","genome-wide","PH","CV0","5","5",0.667
"M3","genome-wide","PH","CV0","5","5",0.6674
"M2","haplotype-tagged","PH","CV0","5","5",0.6648
"M3","haplotype-tagged","PH","CV0","5","5",0.6668
"M2","genome-wide","PPP","CV0","5","5",0.1704
"M3","genome-wide","PPP","CV0","5","5",0.1452
"M2","haplotype-tagged","PPP","CV0","5","5",0.1407
"M3","haplotype-tagged","PPP","CV0","5","5",0.1103
"M2","genome-wide","YPPlnt","CV0","5","5",0.197
"M3","genome-wide","YPPlnt","CV0","5","5",0.1818
"M2","haplotype-tagged","YPPlnt","CV0","5","5",0.1871
"M3","haplotype-tagged","YPPlnt","CV0","5","5",0.179
"M2","genome-wide","DTF","CV00","5","5",0.679
"M3","genome-wide","DTF","CV00","5","5",0.6884
"M2","haplotype-tagged","DTF","CV00","5","5",0.5561
"M3","haplotype-tagged","DTF","CV00","5","5",0.4544
"M2","genome-wide","DTM","CV00","5","5",0.6529
"M3","genome-wide","DTM","CV00","5","5",0.6564
"M2","haplotype-tagged","DTM","CV00","5","5",0.466
"M3","haplotype-tagged","DTM","CV00","5","5",0.4407
"M2","genome-wide","HSW","CV00","5","5",0.8089
"M3","genome-wide","HSW","CV00","5","5",0.8038
"M2","haplotype-tagged","HSW","CV00","5","5",0.6856
"M3","haplotype-tagged","HSW","CV00","5","5",0.6716
"M2","genome-wide","PH","CV00","5","5",0.7035
"M3","genome-wide","PH","CV00","5","5",0.706
"M2","haplotype-tagged","PH","CV00","5","5",0.7029
"M3","haplotype-tagged","PH","CV00","5","5",0.7154
"M2","genome-wide","PPP","CV00","5","5",0.3556
"M3","genome-wide","PPP","CV00","5","5",0.3296
"M2","haplotype-tagged","PPP","CV00","5","5",0.3227
"M3","haplotype-tagged","PPP","CV00","5","5",0.2027
"M2","genome-wide","YPPlnt","CV00","5","5",-0.0522
"M3","genome-wide","YPPlnt","CV00","5","5",0.0199
"M2","haplotype-tagged","YPPlnt","CV00","5","5",0.1479
"M3","haplotype-tagged","YPPlnt","CV00","5","5",0.1958
"M2","genome-wide","DTF","CV1","5","5",0.399
"M3","genome-wide","DTF","CV1","5","5",0.383611111111111
"M2","haplotype-tagged","DTF","CV1","5","5",0.258377777777778
"M3","haplotype-tagged","DTF","CV1","5","5",0.1799
"M2","genome-wide","DTM","CV1","5","5",0.314022222222222
"M3","genome-wide","DTM","CV1","5","5",0.278777777777778
"M2","haplotype-tagged","DTM","CV1","5","5",0.275533333333333
"M3","haplotype-tagged","DTM","CV1","5","5",0.209277777777778
"M2","genome-wide","HSW","CV1","5","5",0.595955555555556
"M3","genome-wide","HSW","CV1","5","5",0.587233333333333
"M2","haplotype-tagged","HSW","CV1","5","5",0.556922222222222
"M3","haplotype-tagged","HSW","CV1","5","5",0.541088888888889
"M2","genome-wide","PH","CV1","5","5",0.403977777777778
"M3","genome-wide","PH","CV1","5","5",0.442855555555556
"M2","haplotype-tagged","PH","CV1","5","5",0.425966666666667
"M3","haplotype-tagged","PH","CV1","5","5",0.380988888888889
"M2","genome-wide","PPP","CV1","5","5",0.247255555555556
"M3","genome-wide","PPP","CV1","5","5",0.189644444444444
"M2","haplotype-tagged","PPP","CV1","5","5",0.242844444444444
"M3","haplotype-tagged","PPP","CV1","5","5",0.105322222222222
"M2","genome-wide","YPPlnt","CV1","5","5",0.133577777777778
"M3","genome-wide","YPPlnt","CV1","5","5",0.106922222222222
"M2","haplotype-tagged","YPPlnt","CV1","5","5",0.179166666666667
"M3","haplotype-tagged","YPPlnt","CV1","5","5",0.0640222222222222
"M2","genome-wide","DTF","CV2","5","5",0.553055555555556
"M3","genome-wide","DTF","CV2","5","5",0.5585
"M2","haplotype-tagged","DTF","CV2","5","5",0.546666666666667
"M3","haplotype-tagged","DTF","CV2","5","5",0.555466666666667
"M2","genome-wide","DTM","CV2","5","5",0.455877777777778
"M3","genome-wide","DTM","CV2","5","5",0.425833333333333
"M2","haplotype-tagged","DTM","CV2","5","5",0.4474
"M3","haplotype-tagged","DTM","CV2","5","5",0.445833333333333
"M2","genome-wide","HSW","CV2","5","5",0.728911111111111
"M3","genome-wide","HSW","CV2","5","5",0.729466666666667
"M2","haplotype-tagged","HSW","CV2","5","5",0.723244444444444
"M3","haplotype-tagged","HSW","CV2","5","5",0.724011111111111
"M2","genome-wide","PH","CV2","5","5",0.595655555555556
"M3","genome-wide","PH","CV2","5","5",0.582277777777778
"M2","haplotype-tagged","PH","CV2","5","5",0.589133333333333
"M3","haplotype-tagged","PH","CV2","5","5",0.589322222222222
"M2","genome-wide","PPP","CV2","5","5",0.181633333333333
"M3","genome-wide","PPP","CV2","5","5",0.170911111111111
"M2","haplotype-tagged","PPP","CV2","5","5",0.1413
"M3","haplotype-tagged","PPP","CV2","5","5",0.167366666666667
"M2","genome-wide","YPPlnt","CV2","5","5",0.1774
"M3","genome-wide","YPPlnt","CV2","5","5",0.173122222222222
"M2","haplotype-tagged","YPPlnt","CV2","5","5",0.157688888888889
"M3","haplotype-tagged","YPPlnt","CV2","5","5",0.150388888888889
"M2","genome-wide","DTF","CV0","6","5",0.3676
"M3","genome-wide","DTF","CV0","6","5",0.3702
"M2","haplotype-tagged","DTF","CV0","6","5",0.3762
"M3","haplotype-tagged","DTF","CV0","6","5",0.3767
"M2","genome-wide","DTM","CV0","6","5",0.4059
"M3","genome-wide","DTM","CV0","6","5",0.4006
"M2","haplotype-tagged","DTM","CV0","6","5",0.3956
"M3","haplotype-tagged","DTM","CV0","6","5",0.4014
"M2","genome-wide","HSW","CV0","6","5",0.5993
"M3","genome-wide","HSW","CV0","6","5",0.6009
"M2","haplotype-tagged","HSW","CV0","6","5",0.6
"M3","haplotype-tagged","HSW","CV0","6","5",0.5987
"M2","genome-wide","PH","CV0","6","5",0.5801
"M3","genome-wide","PH","CV0","6","5",0.5761
"M2","haplotype-tagged","PH","CV0","6","5",0.5812
"M3","haplotype-tagged","PH","CV0","6","5",0.5757
"M2","genome-wide","PPP","CV0","6","5",0.0829
"M3","genome-wide","PPP","CV0","6","5",0.0904
"M2","haplotype-tagged","PPP","CV0","6","5",0.0875
"M3","haplotype-tagged","PPP","CV0","6","5",0.1057
"M2","genome-wide","YPPlnt","CV0","6","5",0.1157
"M3","genome-wide","YPPlnt","CV0","6","5",0.1269
"M2","haplotype-tagged","YPPlnt","CV0","6","5",0.1413
"M3","haplotype-tagged","YPPlnt","CV0","6","5",0.1463
"M2","genome-wide","DTF","CV00","6","5",0.5195
"M3","genome-wide","DTF","CV00","6","5",0.5361
"M2","haplotype-tagged","DTF","CV00","6","5",0.4531
"M3","haplotype-tagged","DTF","CV00","6","5",0.3112
"M2","genome-wide","DTM","CV00","6","5",0.1573
"M3","genome-wide","DTM","CV00","6","5",0.1758
"M2","haplotype-tagged","DTM","CV00","6","5",0.0757
"M3","haplotype-tagged","DTM","CV00","6","5",-0.167
"M2","genome-wide","HSW","CV00","6","5",0.3817
"M3","genome-wide","HSW","CV00","6","5",0.3883
"M2","haplotype-tagged","HSW","CV00","6","5",0.3443
"M3","haplotype-tagged","HSW","CV00","6","5",0.4599
"M2","genome-wide","PH","CV00","6","5",0.6241
"M3","genome-wide","PH","CV00","6","5",0.5707
"M2","haplotype-tagged","PH","CV00","6","5",0.6787
"M3","haplotype-tagged","PH","CV00","6","5",0.5437
"M2","genome-wide","PPP","CV00","6","5",0.188
"M3","genome-wide","PPP","CV00","6","5",0.1941
"M2","haplotype-tagged","PPP","CV00","6","5",0.1639
"M3","haplotype-tagged","PPP","CV00","6","5",0.2288
"M2","genome-wide","YPPlnt","CV00","6","5",0.0548
"M3","genome-wide","YPPlnt","CV00","6","5",0.1167
"M2","haplotype-tagged","YPPlnt","CV00","6","5",0.3157
"M3","haplotype-tagged","YPPlnt","CV00","6","5",0.236
"M2","genome-wide","DTF","CV1","6","5",0.418922222222222
"M3","genome-wide","DTF","CV1","6","5",0.402033333333333
"M2","haplotype-tagged","DTF","CV1","6","5",0.205266666666667
"M3","haplotype-tagged","DTF","CV1","6","5",0.190233333333333
"M2","genome-wide","DTM","CV1","6","5",0.301288888888889
"M3","genome-wide","DTM","CV1","6","5",0.296455555555556
"M2","haplotype-tagged","DTM","CV1","6","5",0.200811111111111
"M3","haplotype-tagged","DTM","CV1","6","5",0.218411111111111
"M2","genome-wide","HSW","CV1","6","5",0.652144444444444
"M3","genome-wide","HSW","CV1","6","5",0.625766666666667
"M2","haplotype-tagged","HSW","CV1","6","5",0.512044444444444
"M3","haplotype-tagged","HSW","CV1","6","5",0.497388888888889
"M2","genome-wide","PH","CV1","6","5",0.405977777777778
"M3","genome-wide","PH","CV1","6","5",0.426488888888889
"M2","haplotype-tagged","PH","CV1","6","5",0.412744444444444
"M3","haplotype-tagged","PH","CV1","6","5",0.406511111111111
"M2","genome-wide","PPP","CV1","6","5",0.1103
"M3","genome-wide","PPP","CV1","6","5",0.0479333333333333
"M2","haplotype-tagged","PPP","CV1","6","5",0.101933333333333
"M3","haplotype-tagged","PPP","CV1","6","5",0.0479666666666667
"M2","genome-wide","YPPlnt","CV1","6","5",0.151466666666667
"M3","genome-wide","YPPlnt","CV1","6","5",0.147833333333333
"M2","haplotype-tagged","YPPlnt","CV1","6","5",0.0261777777777778
"M3","haplotype-tagged","YPPlnt","CV1","6","5",0.0347888888888889
"M2","genome-wide","DTF","CV2","6","5",0.610955555555556
"M3","genome-wide","DTF","CV2","6","5",0.629855555555556
"M2","haplotype-tagged","DTF","CV2","6","5",0.598755555555556
"M3","haplotype-tagged","DTF","CV2","6","5",0.607033333333333
"M2","genome-wide","DTM","CV2","6","5",0.581488888888889
"M3","genome-wide","DTM","CV2","6","5",0.516122222222222
"M2","haplotype-tagged","DTM","CV2","6","5",0.564
"M3","haplotype-tagged","DTM","CV2","6","5",0.550811111111111
"M2","genome-wide","HSW","CV2","6","5",0.794933333333333
"M3","genome-wide","HSW","CV2","6","5",0.787422222222222
"M2","haplotype-tagged","HSW","CV2","6","5",0.7903
"M3","haplotype-tagged","HSW","CV2","6","5",0.790622222222222
"M2","genome-wide","PH","CV2","6","5",0.624422222222222
"M3","genome-wide","PH","CV2","6","5",0.641311111111111
"M2","haplotype-tagged","PH","CV2","6","5",0.619266666666667
"M3","haplotype-tagged","PH","CV2","6","5",0.628011111111111
"M2","genome-wide","PPP","CV2","6","5",0.162633333333333
"M3","genome-wide","PPP","CV2","6","5",0.181144444444444
"M2","haplotype-tagged","PPP","CV2","6","5",0.1057
"M3","haplotype-tagged","PPP","CV2","6","5",0.142777777777778
"M2","genome-wide","YPPlnt","CV2","6","5",0.0978444444444444
"M3","genome-wide","YPPlnt","CV2","6","5",0.0925444444444445
"M2","haplotype-tagged","YPPlnt","CV2","6","5",0.0315333333333333
"M3","haplotype-tagged","YPPlnt","CV2","6","5",0.0155333333333333
"M2","genome-wide","DTF","CV0","7","5",0.5197
"M3","genome-wide","DTF","CV0","7","5",0.5219
"M2","haplotype-tagged","DTF","CV0","7","5",0.5105
"M3","haplotype-tagged","DTF","CV0","7","5",0.515
"M2","genome-wide","DTM","CV0","7","5",0.3015
"M3","genome-wide","DTM","CV0","7","5",0.2918
"M2","haplotype-tagged","DTM","CV0","7","5",0.2848
"M3","haplotype-tagged","DTM","CV0","7","5",0.2931
"M2","genome-wide","HSW","CV0","7","5",0.7106
"M3","genome-wide","HSW","CV0","7","5",0.7115
"M2","haplotype-tagged","HSW","CV0","7","5",0.7121
"M3","haplotype-tagged","HSW","CV0","7","5",0.7132
"M2","genome-wide","PH","CV0","7","5",0.4881
"M3","genome-wide","PH","CV0","7","5",0.4896
"M2","haplotype-tagged","PH","CV0","7","5",0.4864
"M3","haplotype-tagged","PH","CV0","7","5",0.4873
"M2","genome-wide","PPP","CV0","7","5",0.046
"M3","genome-wide","PPP","CV0","7","5",0.0375
"M2","haplotype-tagged","PPP","CV0","7","5",0.0463
"M3","haplotype-tagged","PPP","CV0","7","5",0.0453
"M2","genome-wide","YPPlnt","CV0","7","5",0.113
"M3","genome-wide","YPPlnt","CV0","7","5",0.101
"M2","haplotype-tagged","YPPlnt","CV0","7","5",0.1056
"M3","haplotype-tagged","YPPlnt","CV0","7","5",0.1034
"M2","genome-wide","DTF","CV00","7","5",0.6245
"M3","genome-wide","DTF","CV00","7","5",0.5831
"M2","haplotype-tagged","DTF","CV00","7","5",0.5639
"M3","haplotype-tagged","DTF","CV00","7","5",0.4621
"M2","genome-wide","DTM","CV00","7","5",0.5954
"M3","genome-wide","DTM","CV00","7","5",0.5935
"M2","haplotype-tagged","DTM","CV00","7","5",0.5319
"M3","haplotype-tagged","DTM","CV00","7","5",0.4818
"M2","genome-wide","HSW","CV00","7","5",0.8119
"M3","genome-wide","HSW","CV00","7","5",0.8153
"M2","haplotype-tagged","HSW","CV00","7","5",0.7882
"M3","haplotype-tagged","HSW","CV00","7","5",0.8142
"M2","genome-wide","PH","CV00","7","5",0.7701
"M3","genome-wide","PH","CV00","7","5",0.7741
"M2","haplotype-tagged","PH","CV00","7","5",0.6583
"M3","haplotype-tagged","PH","CV00","7","5",0.7371
"M2","genome-wide","PPP","CV00","7","5",0.5066
"M3","genome-wide","PPP","CV00","7","5",0.4906
"M2","haplotype-tagged","PPP","CV00","7","5",0.4121
"M3","haplotype-tagged","PPP","CV00","7","5",0.3526
"M2","genome-wide","YPPlnt","CV00","7","5",0.0041
"M3","genome-wide","YPPlnt","CV00","7","5",0.0563
"M2","haplotype-tagged","YPPlnt","CV00","7","5",0.1246
"M3","haplotype-tagged","YPPlnt","CV00","7","5",0.0066
"M2","genome-wide","DTF","CV1","7","5",0.469655555555556
"M3","genome-wide","DTF","CV1","7","5",0.485488888888889
"M2","haplotype-tagged","DTF","CV1","7","5",0.3446
"M3","haplotype-tagged","DTF","CV1","7","5",0.347388888888889
"M2","genome-wide","DTM","CV1","7","5",0.469077777777778
"M3","genome-wide","DTM","CV1","7","5",0.476477777777778
"M2","haplotype-tagged","DTM","CV1","7","5",0.366411111111111
"M3","haplotype-tagged","DTM","CV1","7","5",0.239066666666667
"M2","genome-wide","HSW","CV1","7","5",0.506622222222222
"M3","genome-wide","HSW","CV1","7","5",0.486744444444444
"M2","haplotype-tagged","HSW","CV1","7","5",0.545833333333333
"M3","haplotype-tagged","HSW","CV1","7","5",0.528844444444444
"M2","genome-wide","PH","CV1","7","5",0.467833333333333
"M3","genome-wide","PH","CV1","7","5",0.418655555555556
"M2","haplotype-tagged","PH","CV1","7","5",0.476211111111111
"M3","haplotype-tagged","PH","CV1","7","5",0.402722222222222
"M2","genome-wide","PPP","CV1","7","5",0.248633333333333
"M3","genome-wide","PPP","CV1","7","5",0.244044444444444
"M2","haplotype-tagged","PPP","CV1","7","5",0.165277777777778
"M3","haplotype-tagged","PPP","CV1","7","5",0.122233333333333
"M2","genome-wide","YPPlnt","CV1","7","5",0.213777777777778
"M3","genome-wide","YPPlnt","CV1","7","5",0.241711111111111
"M2","haplotype-tagged","YPPlnt","CV1","7","5",0.0756555555555556
"M3","haplotype-tagged","YPPlnt","CV1","7","5",0.0633333333333333
"M2","genome-wide","DTF","CV2","7","5",0.632588888888889
"M3","genome-wide","DTF","CV2","7","5",0.617222222222222
"M2","haplotype-tagged","DTF","CV2","7","5",0.612522222222222
"M3","haplotype-tagged","DTF","CV2","7","5",0.622733333333333
"M2","genome-wide","DTM","CV2","7","5",0.532622222222222
"M3","genome-wide","DTM","CV2","7","5",0.534033333333333
"M2","haplotype-tagged","DTM","CV2","7","5",0.515411111111111
"M3","haplotype-tagged","DTM","CV2","7","5",0.525844444444444
"M2","genome-wide","HSW","CV2","7","5",0.772633333333333
"M3","genome-wide","HSW","CV2","7","5",0.769411111111111
"M2","haplotype-tagged","HSW","CV2","7","5",0.763788888888889
"M3","haplotype-tagged","HSW","CV2","7","5",0.759522222222222
"M2","genome-wide","PH","CV2","7","5",0.574277777777778
"M3","genome-wide","PH","CV2","7","5",0.557944444444444
"M2","haplotype-tagged","PH","CV2","7","5",0.570022222222222
"M3","haplotype-tagged","PH","CV2","7","5",0.556366666666667
"M2","genome-wide","PPP","CV2","7","5",0.1665
"M3","genome-wide","PPP","CV2","7","5",0.200388888888889
"M2","haplotype-tagged","PPP","CV2","7","5",0.148177777777778
"M3","haplotype-tagged","PPP","CV2","7","5",0.1601
"M2","genome-wide","YPPlnt","CV2","7","5",0.125333333333333
"M3","genome-wide","YPPlnt","CV2","7","5",0.128944444444444
"M2","haplotype-tagged","YPPlnt","CV2","7","5",0.115755555555556
"M3","haplotype-tagged","YPPlnt","CV2","7","5",0.0739666666666667
"M2","genome-wide","DTF","CV0","8","5",0.6534
"M3","genome-wide","DTF","CV0","8","5",0.6575
"M2","haplotype-tagged","DTF","CV0","8","5",0.6415
"M3","haplotype-tagged","DTF","CV0","8","5",0.6398
"M2","genome-wide","DTM","CV0","8","5",0.5332
"M3","genome-wide","DTM","CV0","8","5",0.5317
"M2","haplotype-tagged","DTM","CV0","8","5",0.5302
"M3","haplotype-tagged","DTM","CV0","8","5",0.5346
"M2","genome-wide","HSW","CV0","8","5",0.8646
"M3","genome-wide","HSW","CV0","8","5",0.8654
"M2","haplotype-tagged","HSW","CV0","8","5",0.8623
"M3","haplotype-tagged","HSW","CV0","8","5",0.8616
"M2","genome-wide","PH","CV0","8","5",0.1023
"M3","genome-wide","PH","CV0","8","5",0.1017
"M2","haplotype-tagged","PH","CV0","8","5",0.1025
"M3","haplotype-tagged","PH","CV0","8","5",0.1039
"M2","genome-wide","PPP","CV0","8","5",0.017
"M3","genome-wide","PPP","CV0","8","5",0.0115
"M2","haplotype-tagged","PPP","CV0","8","5",0.0125
"M3","haplotype-tagged","PPP","CV0","8","5",0.007
"M2","genome-wide","YPPlnt","CV0","8","5",0.216
"M3","genome-wide","YPPlnt","CV0","8","5",0.185
"M2","haplotype-tagged","YPPlnt","CV0","8","5",0.1934
"M3","haplotype-tagged","YPPlnt","CV0","8","5",0.1887
"M2","genome-wide","DTF","CV00","8","5",0.3678
"M3","genome-wide","DTF","CV00","8","5",0.3922
"M2","haplotype-tagged","DTF","CV00","8","5",0.3227
"M3","haplotype-tagged","DTF","CV00","8","5",0.3079
"M2","genome-wide","DTM","CV00","8","5",0.1161
"M3","genome-wide","DTM","CV00","8","5",0.0962
"M2","haplotype-tagged","DTM","CV00","8","5",0.1642
"M3","haplotype-tagged","DTM","CV00","8","5",0.1401
"M2","genome-wide","HSW","CV00","8","5",0.68
"M3","genome-wide","HSW","CV00","8","5",0.6818
"M2","haplotype-tagged","HSW","CV00","8","5",0.5588
"M3","haplotype-tagged","HSW","CV00","8","5",0.5662
"M2","genome-wide","PH","CV00","8","5",0.4995
"M3","genome-wide","PH","CV00","8","5",0.5092
"M2","haplotype-tagged","PH","CV00","8","5",0.5106
"M3","haplotype-tagged","PH","CV00","8","5",0.4716
"M2","genome-wide","PPP","CV00","8","5",0.3106
"M3","genome-wide","PPP","CV00","8","5",0.3335
"M2","haplotype-tagged","PPP","CV00","8","5",0.3568
"M3","haplotype-tagged","PPP","CV00","8","5",-0.0485
"M2","genome-wide","YPPlnt","CV00","8","5",-0.0837
"M3","genome-wide","YPPlnt","CV00","8","5",-0.1365
"M2","haplotype-tagged","YPPlnt","CV00","8","5",-0.1201
"M3","haplotype-tagged","YPPlnt","CV00","8","5",-0.1995
"M2","genome-wide","DTF","CV1","8","5",0.499144444444444
"M3","genome-wide","DTF","CV1","8","5",0.463977777777778
"M2","haplotype-tagged","DTF","CV1","8","5",0.366633333333333
"M3","haplotype-tagged","DTF","CV1","8","5",0.241711111111111
"M2","genome-wide","DTM","CV1","8","5",0.497711111111111
"M3","genome-wide","DTM","CV1","8","5",0.436644444444444
"M2","haplotype-tagged","DTM","CV1","8","5",0.261044444444444
"M3","haplotype-tagged","DTM","CV1","8","5",0.167877777777778
"M2","genome-wide","HSW","CV1","8","5",0.420555555555556
"M3","genome-wide","HSW","CV1","8","5",0.4301
"M2","haplotype-tagged","HSW","CV1","8","5",0.213966666666667
"M3","haplotype-tagged","HSW","CV1","8","5",0.215555555555556
"M2","genome-wide","PH","CV1","8","5",0.434833333333333
"M3","genome-wide","PH","CV1","8","5",0.454222222222222
"M2","haplotype-tagged","PH","CV1","8","5",0.390355555555556
"M3","haplotype-tagged","PH","CV1","8","5",0.331166666666667
"M2","genome-wide","PPP","CV1","8","5",0.1254
"M3","genome-wide","PPP","CV1","8","5",0.121133333333333
"M2","haplotype-tagged","PPP","CV1","8","5",-0.0317555555555556
"M3","haplotype-tagged","PPP","CV1","8","5",-0.00647777777777778
"M2","genome-wide","YPPlnt","CV1","8","5",0.195477777777778
"M3","genome-wide","YPPlnt","CV1","8","5",0.207855555555556
"M2","haplotype-tagged","YPPlnt","CV1","8","5",0.241966666666667
"M3","haplotype-tagged","YPPlnt","CV1","8","5",0.150222222222222
"M2","genome-wide","DTF","CV2","8","5",0.6201
"M3","genome-wide","DTF","CV2","8","5",0.608077777777778
"M2","haplotype-tagged","DTF","CV2","8","5",0.610422222222222
"M3","haplotype-tagged","DTF","CV2","8","5",0.622533333333333
"M2","genome-wide","DTM","CV2","8","5",0.465888888888889
"M3","genome-wide","DTM","CV2","8","5",0.472844444444444
"M2","haplotype-tagged","DTM","CV2","8","5",0.438222222222222
"M3","haplotype-tagged","DTM","CV2","8","5",0.4534
"M2","genome-wide","HSW","CV2","8","5",0.6653
"M3","genome-wide","HSW","CV2","8","5",0.661533333333333
"M2","haplotype-tagged","HSW","CV2","8","5",0.6623
"M3","haplotype-tagged","HSW","CV2","8","5",0.6641
"M2","genome-wide","PH","CV2","8","5",0.535966666666667
"M3","genome-wide","PH","CV2","8","5",0.519555555555556
"M2","haplotype-tagged","PH","CV2","8","5",0.519044444444444
"M3","haplotype-tagged","PH","CV2","8","5",0.526444444444444
"M2","genome-wide","PPP","CV2","8","5",0.225044444444444
"M3","genome-wide","PPP","CV2","8","5",0.214666666666667
"M2","haplotype-tagged","PPP","CV2","8","5",0.186766666666667
"M3","haplotype-tagged","PPP","CV2","8","5",0.175388888888889
"M2","genome-wide","YPPlnt","CV2","8","5",0.187755555555556
"M3","genome-wide","YPPlnt","CV2","8","5",0.130566666666667
"M2","haplotype-tagged","YPPlnt","CV2","8","5",0.162933333333333
"M3","haplotype-tagged","YPPlnt","CV2","8","5",0.139755555555556
"M2","genome-wide","DTF","CV0","9","5",0.521
"M3","genome-wide","DTF","CV0","9","5",0.5064
"M2","haplotype-tagged","DTF","CV0","9","5",0.5135
"M3","haplotype-tagged","DTF","CV0","9","5",0.506
"M2","genome-wide","DTM","CV0","9","5",0.2992
"M3","genome-wide","DTM","CV0","9","5",0.3007
"M2","haplotype-tagged","DTM","CV0","9","5",0.2893
"M3","haplotype-tagged","DTM","CV0","9","5",0.2774
"M2","genome-wide","HSW","CV0","9","5",0.7122
"M3","genome-wide","HSW","CV0","9","5",0.7126
"M2","haplotype-tagged","HSW","CV0","9","5",0.7127
"M3","haplotype-tagged","HSW","CV0","9","5",0.712
"M2","genome-wide","PH","CV0","9","5",0.4896
"M3","genome-wide","PH","CV0","9","5",0.4875
"M2","haplotype-tagged","PH","CV0","9","5",0.4874
"M3","haplotype-tagged","PH","CV0","9","5",0.4866
"M2","genome-wide","PPP","CV0","9","5",0.0505
"M3","genome-wide","PPP","CV0","9","5",0.0491
"M2","haplotype-tagged","PPP","CV0","9","5",0.0451
"M3","haplotype-tagged","PPP","CV0","9","5",0.0137
"M2","genome-wide","YPPlnt","CV0","9","5",0.1178
"M3","genome-wide","YPPlnt","CV0","9","5",0.1182
"M2","haplotype-tagged","YPPlnt","CV0","9","5",0.0992
"M3","haplotype-tagged","YPPlnt","CV0","9","5",0.0962
"M2","genome-wide","DTF","CV00","9","5",0.3589
"M3","genome-wide","DTF","CV00","9","5",0.3579
"M2","haplotype-tagged","DTF","CV00","9","5",0.248
"M3","haplotype-tagged","DTF","CV00","9","5",0.2522
"M2","genome-wide","DTM","CV00","9","5",0.2051
"M3","genome-wide","DTM","CV00","9","5",0.2138
"M2","haplotype-tagged","DTM","CV00","9","5",0.0386
"M3","haplotype-tagged","DTM","CV00","9","5",0.0436
"M2","genome-wide","HSW","CV00","9","5",0.6777
"M3","genome-wide","HSW","CV00","9","5",0.6675
"M2","haplotype-tagged","HSW","CV00","9","5",0.4716
"M3","haplotype-tagged","HSW","CV00","9","5",0.4906
"M2","genome-wide","PH","CV00","9","5",0.5182
"M3","genome-wide","PH","CV00","9","5",0.5398
"M2","haplotype-tagged","PH","CV00","9","5",0.4721
"M3","haplotype-tagged","PH","CV00","9","5",0.4504
"M2","genome-wide","PPP","CV00","9","5",0.2226
"M3","genome-wide","PPP","CV00","9","5",0.204
"M2","haplotype-tagged","PPP","CV00","9","5",0.1759
"M3","haplotype-tagged","PPP","CV00","9","5",0.1171
"M2","genome-wide","YPPlnt","CV00","9","5",0.1905
"M3","genome-wide","YPPlnt","CV00","9","5",0.1684
"M2","haplotype-tagged","YPPlnt","CV00","9","5",-0.16
"M3","haplotype-tagged","YPPlnt","CV00","9","5",-0.0923
"M2","genome-wide","DTF","CV1","9","5",0.3925
"M3","genome-wide","DTF","CV1","9","5",0.368944444444444
"M2","haplotype-tagged","DTF","CV1","9","5",0.224655555555556
"M3","haplotype-tagged","DTF","CV1","9","5",0.283322222222222
"M2","genome-wide","DTM","CV1","9","5",0.360755555555556
"M3","genome-wide","DTM","CV1","9","5",0.340133333333333
"M2","haplotype-tagged","DTM","CV1","9","5",0.182522222222222
"M3","haplotype-tagged","DTM","CV1","9","5",0.181055555555556
"M2","genome-wide","HSW","CV1","9","5",0.549455555555556
"M3","genome-wide","HSW","CV1","9","5",0.535577777777778
"M2","haplotype-tagged","HSW","CV1","9","5",0.397255555555556
"M3","haplotype-tagged","HSW","CV1","9","5",0.415877777777778
"M2","genome-wide","PH","CV1","9","5",0.295811111111111
"M3","genome-wide","PH","CV1","9","5",0.327511111111111
"M2","haplotype-tagged","PH","CV1","9","5",0.314966666666667
"M3","haplotype-tagged","PH","CV1","9","5",0.3429
"M2","genome-wide","PPP","CV1","9","5",0.3375
"M3","genome-wide","PPP","CV1","9","5",0.325677777777778
"M2","haplotype-tagged","PPP","CV1","9","5",0.306511111111111
"M3","haplotype-tagged","PPP","CV1","9","5",0.166277777777778
"M2","genome-wide","YPPlnt","CV1","9","5",0.123
"M3","genome-wide","YPPlnt","CV1","9","5",0.114955555555556
"M2","haplotype-tagged","YPPlnt","CV1","9","5",0.213222222222222
"M3","haplotype-tagged","YPPlnt","CV1","9","5",0.194988888888889
"M2","genome-wide","DTF","CV2","9","5",0.608366666666667
"M3","genome-wide","DTF","CV2","9","5",0.613022222222222
"M2","haplotype-tagged","DTF","CV2","9","5",0.610222222222222
"M3","haplotype-tagged","DTF","CV2","9","5",0.607755555555556
"M2","genome-wide","DTM","CV2","9","5",0.506966666666667
"M3","genome-wide","DTM","CV2","9","5",0.507811111111111
"M2","haplotype-tagged","DTM","CV2","9","5",0.500855555555556
"M3","haplotype-tagged","DTM","CV2","9","5",0.516544444444444
"M2","genome-wide","HSW","CV2","9","5",0.704566666666667
"M3","genome-wide","HSW","CV2","9","5",0.700266666666667
"M2","haplotype-tagged","HSW","CV2","9","5",0.7004
"M3","haplotype-tagged","HSW","CV2","9","5",0.700722222222222
"M2","genome-wide","PH","CV2","9","5",0.502788888888889
"M3","genome-wide","PH","CV2","9","5",0.508188888888889
"M2","haplotype-tagged","PH","CV2","9","5",0.493955555555556
"M3","haplotype-tagged","PH","CV2","9","5",0.485111111111111
"M2","genome-wide","PPP","CV2","9","5",0.185222222222222
"M3","genome-wide","PPP","CV2","9","5",0.148544444444444
"M2","haplotype-tagged","PPP","CV2","9","5",0.136811111111111
"M3","haplotype-tagged","PPP","CV2","9","5",0.136011111111111
"M2","genome-wide","YPPlnt","CV2","9","5",0.143877777777778
"M3","genome-wide","YPPlnt","CV2","9","5",0.126388888888889
"M2","haplotype-tagged","YPPlnt","CV2","9","5",0.128388888888889
"M3","haplotype-tagged","YPPlnt","CV2","9","5",0.139755555555556
"M2","genome-wide","DTF","CV0","10","5",0.7882
"M3","genome-wide","DTF","CV0","10","5",0.7856
"M2","haplotype-tagged","DTF","CV0","10","5",0.781
"M3","haplotype-tagged","DTF","CV0","10","5",0.7792
"M2","genome-wide","DTM","CV0","10","5",0.7044
"M3","genome-wide","DTM","CV0","10","5",0.6975
"M2","haplotype-tagged","DTM","CV0","10","5",0.6882
"M3","haplotype-tagged","DTM","CV0","10","5",0.6827
"M2","genome-wide","HSW","CV0","10","5",0.793
"M3","genome-wide","HSW","CV0","10","5",0.7918
"M2","haplotype-tagged","HSW","CV0","10","5",0.7868
"M3","haplotype-tagged","HSW","CV0","10","5",0.7844
"M2","genome-wide","PH","CV0","10","5",0.7631
"M3","genome-wide","PH","CV0","10","5",0.7567
"M2","haplotype-tagged","PH","CV0","10","5",0.7523
"M3","haplotype-tagged","PH","CV0","10","5",0.746
"M2","genome-wide","PPP","CV0","10","5",0.3662
"M3","genome-wide","PPP","CV0","10","5",0.3229
"M2","haplotype-tagged","PPP","CV0","10","5",0.3153
"M3","haplotype-tagged","PPP","CV0","10","5",0.2893
"M2","genome-wide","YPPlnt","CV0","10","5",0.0167
"M3","genome-wide","YPPlnt","CV0","10","5",0.0235
"M2","haplotype-tagged","YPPlnt","CV0","10","5",0.0049
"M3","haplotype-tagged","YPPlnt","CV0","10","5",0.0057
"M2","genome-wide","DTF","CV00","10","5",0.4548
"M3","genome-wide","DTF","CV00","10","5",0.456
"M2","haplotype-tagged","DTF","CV00","10","5",0.3436
"M3","haplotype-tagged","DTF","CV00","10","5",0.2495
"M2","genome-wide","DTM","CV00","10","5",0.5116
"M3","genome-wide","DTM","CV00","10","5",0.5086
"M2","haplotype-tagged","DTM","CV00","10","5",0.347
"M3","haplotype-tagged","DTM","CV00","10","5",0.1747
"M2","genome-wide","HSW","CV00","10","5",0.784
"M3","genome-wide","HSW","CV00","10","5",0.7841
"M2","haplotype-tagged","HSW","CV00","10","5",0.7247
"M3","haplotype-tagged","HSW","CV00","10","5",0.7309
"M2","genome-wide","PH","CV00","10","5",0.1195
"M3","genome-wide","PH","CV00","10","5",0.125
"M2","haplotype-tagged","PH","CV00","10","5",0.0438
"M3","haplotype-tagged","PH","CV00","10","5",0.1077
"M2","genome-wide","PPP","CV00","10","5",-0.1689
"M3","genome-wide","PPP","CV00","10","5",-0.1878
"M2","haplotype-tagged","PPP","CV00","10","5",-0.1583
"M3","haplotype-tagged","PPP","CV00","10","5",-0.2722
"M2","genome-wide","YPPlnt","CV00","10","5",0.2526
"M3","genome-wide","YPPlnt","CV00","10","5",0.4087
"M2","haplotype-tagged","YPPlnt","CV00","10","5",-0.2765
"M3","haplotype-tagged","YPPlnt","CV00","10","5",-0.1014
"M2","genome-wide","DTF","CV1","10","5",0.369855555555556
"M3","genome-wide","DTF","CV1","10","5",0.431044444444444
"M2","haplotype-tagged","DTF","CV1","10","5",0.2843
"M3","haplotype-tagged","DTF","CV1","10","5",0.284566666666667
"M2","genome-wide","DTM","CV1","10","5",0.319311111111111
"M3","genome-wide","DTM","CV1","10","5",0.342366666666667
"M2","haplotype-tagged","DTM","CV1","10","5",0.290588888888889
"M3","haplotype-tagged","DTM","CV1","10","5",0.360322222222222
"M2","genome-wide","HSW","CV1","10","5",0.737255555555556
"M3","genome-wide","HSW","CV1","10","5",0.728211111111111
"M2","haplotype-tagged","HSW","CV1","10","5",0.7103
"M3","haplotype-tagged","HSW","CV1","10","5",0.674333333333333
"M2","genome-wide","PH","CV1","10","5",0.500711111111111
"M3","genome-wide","PH","CV1","10","5",0.4869
"M2","haplotype-tagged","PH","CV1","10","5",0.508888888888889
"M3","haplotype-tagged","PH","CV1","10","5",0.435388888888889
"M2","genome-wide","PPP","CV1","10","5",0.199655555555556
"M3","genome-wide","PPP","CV1","10","5",0.160144444444444
"M2","haplotype-tagged","PPP","CV1","10","5",0.177988888888889
"M3","haplotype-tagged","PPP","CV1","10","5",0.194177777777778
"M2","genome-wide","YPPlnt","CV1","10","5",0.183277777777778
"M3","genome-wide","YPPlnt","CV1","10","5",0.164733333333333
"M2","haplotype-tagged","YPPlnt","CV1","10","5",0.2172
"M3","haplotype-tagged","YPPlnt","CV1","10","5",0.0835222222222222
"M2","genome-wide","DTF","CV2","10","5",0.585055555555556
"M3","genome-wide","DTF","CV2","10","5",0.542311111111111
"M2","haplotype-tagged","DTF","CV2","10","5",0.571044444444444
"M3","haplotype-tagged","DTF","CV2","10","5",0.558844444444444
"M2","genome-wide","DTM","CV2","10","5",0.467655555555556
"M3","genome-wide","DTM","CV2","10","5",0.434633333333333
"M2","haplotype-tagged","DTM","CV2","10","5",0.463277777777778
"M3","haplotype-tagged","DTM","CV2","10","5",0.458666666666667
"M2","genome-wide","HSW","CV2","10","5",0.7369
"M3","genome-wide","HSW","CV2","10","5",0.737888888888889
"M2","haplotype-tagged","HSW","CV2","10","5",0.731477777777778
"M3","haplotype-tagged","HSW","CV2","10","5",0.736322222222222
"M2","genome-wide","PH","CV2","10","5",0.565822222222222
"M3","genome-wide","PH","CV2","10","5",0.575044444444444
"M2","haplotype-tagged","PH","CV2","10","5",0.565455555555556
"M3","haplotype-tagged","PH","CV2","10","5",0.572666666666667
"M2","genome-wide","PPP","CV2","10","5",0.226155555555556
"M3","genome-wide","PPP","CV2","10","5",0.253888888888889
"M2","haplotype-tagged","PPP","CV2","10","5",0.1843
"M3","haplotype-tagged","PPP","CV2","10","5",0.195844444444444
"M2","genome-wide","YPPlnt","CV2","10","5",0.234511111111111
"M3","genome-wide","YPPlnt","CV2","10","5",0.157533333333333
"M2","haplotype-tagged","YPPlnt","CV2","10","5",0.221344444444444
"M3","haplotype-tagged","YPPlnt","CV2","10","5",0.221477777777778
"M1","genome-wide","DTF","CV0","1","1",0.51665
"M1","genome-wide","DTM","CV0","1","1",0.3372
"M1","genome-wide","HSW","CV0","1","1",0.6789
"M1","genome-wide","PH","CV0","1","1",0.59585
"M1","genome-wide","PPP","CV0","1","1",0.101
"M1","genome-wide","YPPlnt","CV0","1","1",0.15995
"M1","genome-wide","DTF","CV00","1","1",-0.00465
"M1","genome-wide","DTM","CV00","1","1",-0.0913
"M1","genome-wide","HSW","CV00","1","1",0.0402
"M1","genome-wide","PH","CV00","1","1",-0.0258
"M1","genome-wide","PPP","CV00","1","1",-0.1349
"M1","genome-wide","YPPlnt","CV00","1","1",0.0078
"M1","genome-wide","DTF","CV1","1","1",0.0377333333333333
"M1","genome-wide","DTM","CV1","1","1",-0.0448777777777778
"M1","genome-wide","HSW","CV1","1","1",0.0522
"M1","genome-wide","PH","CV1","1","1",0.0339444444444444
"M1","genome-wide","PPP","CV1","1","1",0.0267777777777778
"M1","genome-wide","YPPlnt","CV1","1","1",-0.0886888888888889
"M1","genome-wide","DTF","CV2","1","1",0.615122222222222
"M1","genome-wide","DTM","CV2","1","1",0.433322222222222
"M1","genome-wide","HSW","CV2","1","1",0.801711111111111
"M1","genome-wide","PH","CV2","1","1",0.609955555555556
"M1","genome-wide","PPP","CV2","1","1",0.140055555555556
"M1","genome-wide","YPPlnt","CV2","1","1",0.0842222222222222
"M1","genome-wide","DTF","CV0","2","1",0.68035
"M1","genome-wide","DTM","CV0","2","1",0.4938
"M1","genome-wide","HSW","CV0","2","1",0.80025
"M1","genome-wide","PH","CV0","2","1",0.6392
"M1","genome-wide","PPP","CV0","2","1",0.2031
"M1","genome-wide","YPPlnt","CV0","2","1",0.1595
"M1","genome-wide","DTF","CV00","2","1",0.03855
"M1","genome-wide","DTM","CV00","2","1",-0.05745
"M1","genome-wide","HSW","CV00","2","1",-0.0117
"M1","genome-wide","PH","CV00","2","1",-0.02325
"M1","genome-wide","PPP","CV00","2","1",0.09185
"M1","genome-wide","YPPlnt","CV00","2","1",0.179
"M1","genome-wide","DTF","CV1","2","1",-0.113377777777778
"M1","genome-wide","DTM","CV1","2","1",0.190833333333333
"M1","genome-wide","HSW","CV1","2","1",0.0703666666666667
"M1","genome-wide","PH","CV1","2","1",0.0370666666666667
"M1","genome-wide","PPP","CV1","2","1",-0.0602111111111111
"M1","genome-wide","YPPlnt","CV1","2","1",-0.0234333333333333
"M1","genome-wide","DTF","CV2","2","1",0.585622222222222
"M1","genome-wide","DTM","CV2","2","1",0.493188888888889
"M1","genome-wide","HSW","CV2","2","1",0.754933333333333
"M1","genome-wide","PH","CV2","2","1",0.5926
"M1","genome-wide","PPP","CV2","2","1",0.2137
"M1","genome-wide","YPPlnt","CV2","2","1",0.114555555555556
"M1","genome-wide","DTF","CV0","3","1",0.64155
"M1","genome-wide","DTM","CV0","3","1",0.52915
"M1","genome-wide","HSW","CV0","3","1",0.7244
"M1","genome-wide","PH","CV0","3","1",0.6993
"M1","genome-wide","PPP","CV0","3","1",0.25505
"M1","genome-wide","YPPlnt","CV0","3","1",0.10485
"M1","genome-wide","DTF","CV00","3","1",0.13255
"M1","genome-wide","DTM","CV00","3","1",-0.02705
"M1","genome-wide","HSW","CV00","3","1",-0.06335
"M1","genome-wide","PH","CV00","3","1",-0.05005
"M1","genome-wide","PPP","CV00","3","1",-0.0862
"M1","genome-wide","YPPlnt","CV00","3","1",-0.06735
"M1","genome-wide","DTF","CV1","3","1",0.00626666666666666
"M1","genome-wide","DTM","CV1","3","1",0.165988888888889
"M1","genome-wide","HSW","CV1","3","1",-0.0771777777777778
"M1","genome-wide","PH","CV1","3","1",0.0957333333333333
"M1","genome-wide","PPP","CV1","3","1",0.0134888888888889
"M1","genome-wide","YPPlnt","CV1","3","1",-0.0384888888888889
"M1","genome-wide","DTF","CV2","3","1",0.584811111111111
"M1","genome-wide","DTM","CV2","3","1",0.505266666666667
"M1","genome-wide","HSW","CV2","3","1",0.718177777777778
"M1","genome-wide","PH","CV2","3","1",0.4846
"M1","genome-wide","PPP","CV2","3","1",0.0393555555555556
"M1","genome-wide","YPPlnt","CV2","3","1",0.0976666666666667
"M1","genome-wide","DTF","CV0","4","1",0.60025
"M1","genome-wide","DTM","CV0","4","1",0.49785
"M1","genome-wide","HSW","CV0","4","1",0.7087
"M1","genome-wide","PH","CV0","4","1",0.6836
"M1","genome-wide","PPP","CV0","4","1",0.1235
"M1","genome-wide","YPPlnt","CV0","4","1",0.20735
"M1","genome-wide","DTF","CV00","4","1",-0.2581
"M1","genome-wide","DTM","CV00","4","1",-0.12645
"M1","genome-wide","HSW","CV00","4","1",-0.1745
"M1","genome-wide","PH","CV00","4","1",-0.09875
"M1","genome-wide","PPP","CV00","4","1",0.19415
"M1","genome-wide","YPPlnt","CV00","4","1",0.38975
"M1","genome-wide","DTF","CV1","4","1",-0.105944444444444
"M1","genome-wide","DTM","CV1","4","1",-0.0965111111111111
"M1","genome-wide","HSW","CV1","4","1",0.144111111111111
"M1","genome-wide","PH","CV1","4","1",-0.0305333333333333
"M1","genome-wide","PPP","CV1","4","1",-0.0961111111111111
"M1","genome-wide","YPPlnt","CV1","4","1",-0.0899444444444445
"M1","genome-wide","DTF","CV2","4","1",0.541811111111111
"M1","genome-wide","DTM","CV2","4","1",0.504344444444444
"M1","genome-wide","HSW","CV2","4","1",0.7545
"M1","genome-wide","PH","CV2","4","1",0.6305
"M1","genome-wide","PPP","CV2","4","1",0.129288888888889
"M1","genome-wide","YPPlnt","CV2","4","1",0.118388888888889
"M1","genome-wide","DTF","CV0","5","1",0.63115
"M1","genome-wide","DTM","CV0","5","1",0.47515
"M1","genome-wide","HSW","CV0","5","1",0.7435
"M1","genome-wide","PH","CV0","5","1",0.59625
"M1","genome-wide","PPP","CV0","5","1",0.17885
"M1","genome-wide","YPPlnt","CV0","5","1",0.1058
"M1","genome-wide","DTF","CV00","5","1",-0.08365
"M1","genome-wide","DTM","CV00","5","1",0.07125
"M1","genome-wide","HSW","CV00","5","1",-0.0463
"M1","genome-wide","PH","CV00","5","1",0.07245
"M1","genome-wide","PPP","CV00","5","1",0.06305
"M1","genome-wide","YPPlnt","CV00","5","1",0.0816
"M1","genome-wide","DTF","CV1","5","1",-0.0391444444444444
"M1","genome-wide","DTM","CV1","5","1",-0.0472444444444444
"M1","genome-wide","HSW","CV1","5","1",-0.400211111111111
"M1","genome-wide","PH","CV1","5","1",-0.0757333333333333
"M1","genome-wide","PPP","CV1","5","1",-0.0248666666666667
"M1","genome-wide","YPPlnt","CV1","5","1",-0.0105666666666667
"M1","genome-wide","DTF","CV2","5","1",0.666744444444444
"M1","genome-wide","DTM","CV2","5","1",0.505055555555556
"M1","genome-wide","HSW","CV2","5","1",0.714266666666667
"M1","genome-wide","PH","CV2","5","1",0.527477777777778
"M1","genome-wide","PPP","CV2","5","1",0.159733333333333
"M1","genome-wide","YPPlnt","CV2","5","1",0.105866666666667
"M1","genome-wide","DTF","CV0","6","1",0.5515
"M1","genome-wide","DTM","CV0","6","1",0.377
"M1","genome-wide","HSW","CV0","6","1",0.6727
"M1","genome-wide","PH","CV0","6","1",0.6046
"M1","genome-wide","PPP","CV0","6","1",0.2475
"M1","genome-wide","YPPlnt","CV0","6","1",0.0678
"M1","genome-wide","DTF","CV00","6","1",0.00575
"M1","genome-wide","DTM","CV00","6","1",-0.0273
"M1","genome-wide","HSW","CV00","6","1",0.06365
"M1","genome-wide","PH","CV00","6","1",-0.139
"M1","genome-wide","PPP","CV00","6","1",-0.2233
"M1","genome-wide","YPPlnt","CV00","6","1",0.1048
"M1","genome-wide","DTF","CV1","6","1",0.205844444444444
"M1","genome-wide","DTM","CV1","6","1",0.0786666666666667
"M1","genome-wide","HSW","CV1","6","1",0.00194444444444445
"M1","genome-wide","PH","CV1","6","1",-0.2062
"M1","genome-wide","PPP","CV1","6","1",0.128311111111111
"M1","genome-wide","YPPlnt","CV1","6","1",0.0475222222222222
"M1","genome-wide","DTF","CV2","6","1",0.642977777777778
"M1","genome-wide","DTM","CV2","6","1",0.453022222222222
"M1","genome-wide","HSW","CV2","6","1",0.728411111111111
"M1","genome-wide","PH","CV2","6","1",0.506422222222222
"M1","genome-wide","PPP","CV2","6","1",0.146266666666667
"M1","genome-wide","YPPlnt","CV2","6","1",0.224377777777778
"M1","genome-wide","DTF","CV0","7","1",0.72745
"M1","genome-wide","DTM","CV0","7","1",0.6197
"M1","genome-wide","HSW","CV0","7","1",0.75555
"M1","genome-wide","PH","CV0","7","1",0.70125
"M1","genome-wide","PPP","CV0","7","1",0.21025
"M1","genome-wide","YPPlnt","CV0","7","1",0.11885
"M1","genome-wide","DTF","CV00","7","1",-0.1018
"M1","genome-wide","DTM","CV00","7","1",0.0447
"M1","genome-wide","HSW","CV00","7","1",-0.0943
"M1","genome-wide","PH","CV00","7","1",0.0014
"M1","genome-wide","PPP","CV00","7","1",0.0069
"M1","genome-wide","YPPlnt","CV00","7","1",-0.07675
"M1","genome-wide","DTF","CV1","7","1",0.0257
"M1","genome-wide","DTM","CV1","7","1",-0.139922222222222
"M1","genome-wide","HSW","CV1","7","1",0.209211111111111
"M1","genome-wide","PH","CV1","7","1",0.2398
"M1","genome-wide","PPP","CV1","7","1",0.0436222222222222
"M1","genome-wide","YPPlnt","CV1","7","1",-0.0577888888888889
"M1","genome-wide","DTF","CV2","7","1",0.616644444444444
"M1","genome-wide","DTM","CV2","7","1",0.450533333333333
"M1","genome-wide","HSW","CV2","7","1",0.7567
"M1","genome-wide","PH","CV2","7","1",0.600877777777778
"M1","genome-wide","PPP","CV2","7","1",0.189166666666667
"M1","genome-wide","YPPlnt","CV2","7","1",0.111933333333333
"M1","genome-wide","DTF","CV0","8","1",0.49505
"M1","genome-wide","DTM","CV0","8","1",0.38955
"M1","genome-wide","HSW","CV0","8","1",0.699
"M1","genome-wide","PH","CV0","8","1",0.61145
"M1","genome-wide","PPP","CV0","8","1",0.11935
"M1","genome-wide","YPPlnt","CV0","8","1",0.1383
"M1","genome-wide","DTF","CV00","8","1",0.06295
"M1","genome-wide","DTM","CV00","8","1",-0.1208
"M1","genome-wide","HSW","CV00","8","1",0.13245
"M1","genome-wide","PH","CV00","8","1",0.2016
"M1","genome-wide","PPP","CV00","8","1",0.1058
"M1","genome-wide","YPPlnt","CV00","8","1",-0.1681
"M1","genome-wide","DTF","CV1","8","1",0.135711111111111
"M1","genome-wide","DTM","CV1","8","1",-0.00907777777777778
"M1","genome-wide","HSW","CV1","8","1",0.102833333333333
"M1","genome-wide","PH","CV1","8","1",-0.0120666666666667
"M1","genome-wide","PPP","CV1","8","1",0.0136666666666667
"M1","genome-wide","YPPlnt","CV1","8","1",0.00282222222222222
"M1","genome-wide","DTF","CV2","8","1",0.602966666666667
"M1","genome-wide","DTM","CV2","8","1",0.4471
"M1","genome-wide","HSW","CV2","8","1",0.756422222222222
"M1","genome-wide","PH","CV2","8","1",0.5767
"M1","genome-wide","PPP","CV2","8","1",0.126122222222222
"M1","genome-wide","YPPlnt","CV2","8","1",0.0398555555555555
"M1","genome-wide","DTF","CV0","9","1",0.7781
"M1","genome-wide","DTM","CV0","9","1",0.65985
"M1","genome-wide","HSW","CV0","9","1",0.80725
"M1","genome-wide","PH","CV0","9","1",0.74035
"M1","genome-wide","PPP","CV0","9","1",0.1755
"M1","genome-wide","YPPlnt","CV0","9","1",0.14395
"M1","genome-wide","DTF","CV00","9","1",0.2144
"M1","genome-wide","DTM","CV00","9","1",0.1284
"M1","genome-wide","HSW","CV00","9","1",-0.24915
"M1","genome-wide","PH","CV00","9","1",0.0812
"M1","genome-wide","PPP","CV00","9","1",-0.17775
"M1","genome-wide","YPPlnt","CV00","9","1",0.0577
"M1","genome-wide","DTF","CV1","9","1",-0.0669666666666667
"M1","genome-wide","DTM","CV1","9","1",0.0638666666666667
"M1","genome-wide","HSW","CV1","9","1",-0.0161666666666667
"M1","genome-wide","PH","CV1","9","1",-0.0914444444444445
"M1","genome-wide","PPP","CV1","9","1",-0.0363666666666667
"M1","genome-wide","YPPlnt","CV1","9","1",-0.104866666666667
"M1","genome-wide","DTF","CV2","9","1",0.589444444444444
"M1","genome-wide","DTM","CV2","9","1",0.496433333333333
"M1","genome-wide","HSW","CV2","9","1",0.769288888888889
"M1","genome-wide","PH","CV2","9","1",0.5569
"M1","genome-wide","PPP","CV2","9","1",0.168744444444444
"M1","genome-wide","YPPlnt","CV2","9","1",0.0220777777777778
"M1","genome-wide","DTF","CV0","10","1",0.6835
"M1","genome-wide","DTM","CV0","10","1",0.523
"M1","genome-wide","HSW","CV0","10","1",0.7597
"M1","genome-wide","PH","CV0","10","1",0.743
"M1","genome-wide","PPP","CV0","10","1",0.2706
"M1","genome-wide","YPPlnt","CV0","10","1",0.14665
"M1","genome-wide","DTF","CV00","10","1",-0.0436
"M1","genome-wide","DTM","CV00","10","1",0.01205
"M1","genome-wide","HSW","CV00","10","1",0.1094
"M1","genome-wide","PH","CV00","10","1",0.06125
"M1","genome-wide","PPP","CV00","10","1",-0.22685
"M1","genome-wide","YPPlnt","CV00","10","1",-0.16745
"M1","genome-wide","DTF","CV1","10","1",-0.3196
"M1","genome-wide","DTM","CV1","10","1",-0.0143333333333333
"M1","genome-wide","HSW","CV1","10","1",-0.200433333333333
"M1","genome-wide","PH","CV1","10","1",0.0382777777777778
"M1","genome-wide","PPP","CV1","10","1",0.0791111111111111
"M1","genome-wide","YPPlnt","CV1","10","1",0.0547666666666667
"M1","genome-wide","DTF","CV2","10","1",0.6026
"M1","genome-wide","DTM","CV2","10","1",0.462011111111111
"M1","genome-wide","HSW","CV2","10","1",0.718877777777778
"M1","genome-wide","PH","CV2","10","1",0.575777777777778
"M1","genome-wide","PPP","CV2","10","1",0.140333333333333
"M1","genome-wide","YPPlnt","CV2","10","1",0.106711111111111
"M1","genome-wide","DTF","CV0","1","2",0.6242
"M1","genome-wide","DTM","CV0","1","2",0.46265
"M1","genome-wide","HSW","CV0","1","2",0.78645
"M1","genome-wide","PH","CV0","1","2",0.28895
"M1","genome-wide","PPP","CV0","1","2",0.13155
"M1","genome-wide","YPPlnt","CV0","1","2",0.08025
"M1","genome-wide","DTF","CV00","1","2",0.0594
"M1","genome-wide","DTM","CV00","1","2",-0.114
"M1","genome-wide","HSW","CV00","1","2",-0.19765
"M1","genome-wide","PH","CV00","1","2",-0.1225
"M1","genome-wide","PPP","CV00","1","2",0.14605
"M1","genome-wide","YPPlnt","CV00","1","2",0.29745
"M1","genome-wide","DTF","CV1","1","2",-0.141444444444444
"M1","genome-wide","DTM","CV1","1","2",0.00727777777777778
"M1","genome-wide","HSW","CV1","1","2",0.0403777777777778
"M1","genome-wide","PH","CV1","1","2",-0.0663777777777778
"M1","genome-wide","PPP","CV1","1","2",-0.101477777777778
"M1","genome-wide","YPPlnt","CV1","1","2",0.00513333333333334
"M1","genome-wide","DTF","CV2","1","2",0.601644444444444
"M1","genome-wide","DTM","CV2","1","2",0.446788888888889
"M1","genome-wide","HSW","CV2","1","2",0.665433333333333
"M1","genome-wide","PH","CV2","1","2",0.563155555555556
"M1","genome-wide","PPP","CV2","1","2",0.103777777777778
"M1","genome-wide","YPPlnt","CV2","1","2",0.0650888888888889
"M1","genome-wide","DTF","CV0","2","2",0.64655
"M1","genome-wide","DTM","CV0","2","2",0.53255
"M1","genome-wide","HSW","CV0","2","2",0.77525
"M1","genome-wide","PH","CV0","2","2",0.65435
"M1","genome-wide","PPP","CV0","2","2",0.10785
"M1","genome-wide","YPPlnt","CV0","2","2",0.17365
"M1","genome-wide","DTF","CV00","2","2",-0.0403
"M1","genome-wide","DTM","CV00","2","2",0.01135
"M1","genome-wide","HSW","CV00","2","2",-0.0509
"M1","genome-wide","PH","CV00","2","2",-0.1012
"M1","genome-wide","PPP","CV00","2","2",0.3139
"M1","genome-wide","YPPlnt","CV00","2","2",-0.01245
"M1","genome-wide","DTF","CV1","2","2",-0.102088888888889
"M1","genome-wide","DTM","CV1","2","2",0.0733111111111111
"M1","genome-wide","HSW","CV1","2","2",0.0355888888888889
"M1","genome-wide","PH","CV1","2","2",0.1155
"M1","genome-wide","PPP","CV1","2","2",-0.0484555555555556
"M1","genome-wide","YPPlnt","CV1","2","2",-0.0442555555555556
"M1","genome-wide","DTF","CV2","2","2",0.634244444444444
"M1","genome-wide","DTM","CV2","2","2",0.4313
"M1","genome-wide","HSW","CV2","2","2",0.784555555555556
"M1","genome-wide","PH","CV2","2","2",0.469744444444444
"M1","genome-wide","PPP","CV2","2","2",0.095
"M1","genome-wide","YPPlnt","CV2","2","2",0.153322222222222
"M1","genome-wide","DTF","CV0","3","2",0.6402
"M1","genome-wide","DTM","CV0","3","2",0.5305
"M1","genome-wide","HSW","CV0","3","2",0.75095
"M1","genome-wide","PH","CV0","3","2",0.59045
"M1","genome-wide","PPP","CV0","3","2",0.21035
"M1","genome-wide","YPPlnt","CV0","3","2",0.1059
"M1","genome-wide","DTF","CV00","3","2",0.0402
"M1","genome-wide","DTM","CV00","3","2",0.15975
"M1","genome-wide","HSW","CV00","3","2",-0.36165
"M1","genome-wide","PH","CV00","3","2",0.0632
"M1","genome-wide","PPP","CV00","3","2",-0.1803
"M1","genome-wide","YPPlnt","CV00","3","2",-0.08185
"M1","genome-wide","DTF","CV1","3","2",0.0247111111111111
"M1","genome-wide","DTM","CV1","3","2",0.136333333333333
"M1","genome-wide","HSW","CV1","3","2",0.233133333333333
"M1","genome-wide","PH","CV1","3","2",0.0200666666666667
"M1","genome-wide","PPP","CV1","3","2",0.000488888888888882
"M1","genome-wide","YPPlnt","CV1","3","2",-0.0207111111111111
"M1","genome-wide","DTF","CV2","3","2",0.591855555555556
"M1","genome-wide","DTM","CV2","3","2",0.528488888888889
"M1","genome-wide","HSW","CV2","3","2",0.761077777777778
"M1","genome-wide","PH","CV2","3","2",0.615088888888889
"M1","genome-wide","PPP","CV2","3","2",0.194822222222222
"M1","genome-wide","YPPlnt","CV2","3","2",0.130377777777778
"M1","genome-wide","DTF","CV0","4","2",0.49455
"M1","genome-wide","DTM","CV0","4","2",0.389
"M1","genome-wide","HSW","CV0","4","2",0.6984
"M1","genome-wide","PH","CV0","4","2",0.61165
"M1","genome-wide","PPP","CV0","4","2",0.1204
"M1","genome-wide","YPPlnt","CV0","4","2",0.14085
"M1","genome-wide","DTF","CV00","4","2",-0.04435
"M1","genome-wide","DTM","CV00","4","2",0.09015
"M1","genome-wide","HSW","CV00","4","2",-0.06615
"M1","genome-wide","PH","CV00","4","2",-0.1398
"M1","genome-wide","PPP","CV00","4","2",-0.08875
"M1","genome-wide","YPPlnt","CV00","4","2",-0.08705
"M1","genome-wide","DTF","CV1","4","2",0.0594888888888889
"M1","genome-wide","DTM","CV1","4","2",-0.00781111111111111
"M1","genome-wide","HSW","CV1","4","2",-0.0196333333333333
"M1","genome-wide","PH","CV1","4","2",-0.123188888888889
"M1","genome-wide","PPP","CV1","4","2",0.00326666666666667
"M1","genome-wide","YPPlnt","CV1","4","2",-0.0110888888888889
"M1","genome-wide","DTF","CV2","4","2",0.630977777777778
"M1","genome-wide","DTM","CV2","4","2",0.5181
"M1","genome-wide","HSW","CV2","4","2",0.784122222222222
"M1","genome-wide","PH","CV2","4","2",0.520011111111111
"M1","genome-wide","PPP","CV2","4","2",0.195022222222222
"M1","genome-wide","YPPlnt","CV2","4","2",0.0543333333333333
"M1","genome-wide","DTF","CV0","5","2",0.64185
"M1","genome-wide","DTM","CV0","5","2",0.5858
"M1","genome-wide","HSW","CV0","5","2",0.7886
"M1","genome-wide","PH","CV0","5","2",0.3985
"M1","genome-wide","PPP","CV0","5","2",0.0648
"M1","genome-wide","YPPlnt","CV0","5","2",0.20125
"M1","genome-wide","DTF","CV00","5","2",-0.1248
"M1","genome-wide","DTM","CV00","5","2",-0.0451
"M1","genome-wide","HSW","CV00","5","2",-0.34315
"M1","genome-wide","PH","CV00","5","2",0.2581
"M1","genome-wide","PPP","CV00","5","2",0.22845
"M1","genome-wide","YPPlnt","CV00","5","2",0.03075
"M1","genome-wide","DTF","CV1","5","2",0.171777777777778
"M1","genome-wide","DTM","CV1","5","2",-0.0428222222222222
"M1","genome-wide","HSW","CV1","5","2",-0.310855555555556
"M1","genome-wide","PH","CV1","5","2",-0.0841333333333333
"M1","genome-wide","PPP","CV1","5","2",-0.0275666666666667
"M1","genome-wide","YPPlnt","CV1","5","2",0.00214444444444444
"M1","genome-wide","DTF","CV2","5","2",0.656211111111111
"M1","genome-wide","DTM","CV2","5","2",0.471733333333333
"M1","genome-wide","HSW","CV2","5","2",0.7202
"M1","genome-wide","PH","CV2","5","2",0.630366666666667
"M1","genome-wide","PPP","CV2","5","2",0.185611111111111
"M1","genome-wide","YPPlnt","CV2","5","2",0.0570888888888889
"M1","genome-wide","DTF","CV0","6","2",0.6926
"M1","genome-wide","DTM","CV0","6","2",0.5766
"M1","genome-wide","HSW","CV0","6","2",0.7896
"M1","genome-wide","PH","CV0","6","2",0.43795
"M1","genome-wide","PPP","CV0","6","2",0.1452
"M1","genome-wide","YPPlnt","CV0","6","2",0.07155
"M1","genome-wide","DTF","CV00","6","2",-0.2423
"M1","genome-wide","DTM","CV00","6","2",-0.0105
"M1","genome-wide","HSW","CV00","6","2",0.0684
"M1","genome-wide","PH","CV00","6","2",-0.00625
"M1","genome-wide","PPP","CV00","6","2",0.085
"M1","genome-wide","YPPlnt","CV00","6","2",-0.2163
"M1","genome-wide","DTF","CV1","6","2",-0.0428444444444444
"M1","genome-wide","DTM","CV1","6","2",0.225177777777778
"M1","genome-wide","HSW","CV1","6","2",-0.0770666666666667
"M1","genome-wide","PH","CV1","6","2",0.00406666666666666
"M1","genome-wide","PPP","CV1","6","2",0.0424555555555556
"M1","genome-wide","YPPlnt","CV1","6","2",-0.0556
"M1","genome-wide","DTF","CV2","6","2",0.574833333333333
"M1","genome-wide","DTM","CV2","6","2",0.4771
"M1","genome-wide","HSW","CV2","6","2",0.723755555555555
"M1","genome-wide","PH","CV2","6","2",0.498366666666667
"M1","genome-wide","PPP","CV2","6","2",0.229488888888889
"M1","genome-wide","YPPlnt","CV2","6","2",0.299077777777778
"M1","genome-wide","DTF","CV0","7","2",0.68315
"M1","genome-wide","DTM","CV0","7","2",0.52305
"M1","genome-wide","HSW","CV0","7","2",0.7607
"M1","genome-wide","PH","CV0","7","2",0.7415
"M1","genome-wide","PPP","CV0","7","2",0.2727
"M1","genome-wide","YPPlnt","CV0","7","2",0.15155
"M1","genome-wide","DTF","CV00","7","2",0.00435000000000001
"M1","genome-wide","DTM","CV00","7","2",0.09605
"M1","genome-wide","HSW","CV00","7","2",0.12515
"M1","genome-wide","PH","CV00","7","2",0.08625
"M1","genome-wide","PPP","CV00","7","2",0.2416
"M1","genome-wide","YPPlnt","CV00","7","2",-0.053
"M1","genome-wide","DTF","CV1","7","2",-0.121844444444444
"M1","genome-wide","DTM","CV1","7","2",0.0659222222222222
"M1","genome-wide","HSW","CV1","7","2",-0.0116666666666667
"M1","genome-wide","PH","CV1","7","2",-0.191844444444444
"M1","genome-wide","PPP","CV1","7","2",0.0550333333333333
"M1","genome-wide","YPPlnt","CV1","7","2",-0.0223888888888889
"M1","genome-wide","DTF","CV2","7","2",0.623622222222222
"M1","genome-wide","DTM","CV2","7","2",0.541355555555556
"M1","genome-wide","HSW","CV2","7","2",0.755844444444444
"M1","genome-wide","PH","CV2","7","2",0.589266666666667
"M1","genome-wide","PPP","CV2","7","2",0.0889777777777778
"M1","genome-wide","YPPlnt","CV2","7","2",0.075
"M1","genome-wide","DTF","CV0","8","2",0.70805
"M1","genome-wide","DTM","CV0","8","2",0.5736
"M1","genome-wide","HSW","CV0","8","2",0.7902
"M1","genome-wide","PH","CV0","8","2",0.6193
"M1","genome-wide","PPP","CV0","8","2",0.23245
"M1","genome-wide","YPPlnt","CV0","8","2",0.0389
"M1","genome-wide","DTF","CV00","8","2",0.0802
"M1","genome-wide","DTM","CV00","8","2",-0.19915
"M1","genome-wide","HSW","CV00","8","2",0.04195
"M1","genome-wide","PH","CV00","8","2",-0.0227
"M1","genome-wide","PPP","CV00","8","2",-0.12755
"M1","genome-wide","YPPlnt","CV00","8","2",0.07305
"M1","genome-wide","DTF","CV1","8","2",-0.123011111111111
"M1","genome-wide","DTM","CV1","8","2",0.0821666666666667
"M1","genome-wide","HSW","CV1","8","2",0.278066666666667
"M1","genome-wide","PH","CV1","8","2",0.0294222222222222
"M1","genome-wide","PPP","CV1","8","2",0.0307444444444444
"M1","genome-wide","YPPlnt","CV1","8","2",0.042
"M1","genome-wide","DTF","CV2","8","2",0.5612
"M1","genome-wide","DTM","CV2","8","2",0.5245
"M1","genome-wide","HSW","CV2","8","2",0.7875
"M1","genome-wide","PH","CV2","8","2",0.6257
"M1","genome-wide","PPP","CV2","8","2",0.191233333333333
"M1","genome-wide","YPPlnt","CV2","8","2",0.102377777777778
"M1","genome-wide","DTF","CV0","9","2",0.6818
"M1","genome-wide","DTM","CV0","9","2",0.5243
"M1","genome-wide","HSW","CV0","9","2",0.78275
"M1","genome-wide","PH","CV0","9","2",0.6843
"M1","genome-wide","PPP","CV0","9","2",0.1426
"M1","genome-wide","YPPlnt","CV0","9","2",0.1
"M1","genome-wide","DTF","CV00","9","2",-0.0195
"M1","genome-wide","DTM","CV00","9","2",0.1176
"M1","genome-wide","HSW","CV00","9","2",0.13425
"M1","genome-wide","PH","CV00","9","2",-0.22535
"M1","genome-wide","PPP","CV00","9","2",-0.1766
"M1","genome-wide","YPPlnt","CV00","9","2",-0.0905
"M1","genome-wide","DTF","CV1","9","2",-0.0910555555555556
"M1","genome-wide","DTM","CV1","9","2",0.0407777777777778
"M1","genome-wide","HSW","CV1","9","2",0.170244444444444
"M1","genome-wide","PH","CV1","9","2",0.00395555555555556
"M1","genome-wide","PPP","CV1","9","2",-0.0613777777777778
"M1","genome-wide","YPPlnt","CV1","9","2",0.0365777777777778
"M1","genome-wide","DTF","CV2","9","2",0.596133333333333
"M1","genome-wide","DTM","CV2","9","2",0.461011111111111
"M1","genome-wide","HSW","CV2","9","2",0.738755555555555
"M1","genome-wide","PH","CV2","9","2",0.604933333333333
"M1","genome-wide","PPP","CV2","9","2",0.147588888888889
"M1","genome-wide","YPPlnt","CV2","9","2",0.145022222222222
"M1","genome-wide","DTF","CV0","10","2",0.6238
"M1","genome-wide","DTM","CV0","10","2",0.4622
"M1","genome-wide","HSW","CV0","10","2",0.7865
"M1","genome-wide","PH","CV0","10","2",0.28845
"M1","genome-wide","PPP","CV0","10","2",0.1316
"M1","genome-wide","YPPlnt","CV0","10","2",0.07965
"M1","genome-wide","DTF","CV00","10","2",0.08665
"M1","genome-wide","DTM","CV00","10","2",0.06675
"M1","genome-wide","HSW","CV00","10","2",-0.12525
"M1","genome-wide","PH","CV00","10","2",0.2102
"M1","genome-wide","PPP","CV00","10","2",0.0251
"M1","genome-wide","YPPlnt","CV00","10","2",0.1861
"M1","genome-wide","DTF","CV1","10","2",0.00715555555555555
"M1","genome-wide","DTM","CV1","10","2",-0.0408666666666667
"M1","genome-wide","HSW","CV1","10","2",-0.108055555555556
"M1","genome-wide","PH","CV1","10","2",-0.00343333333333334
"M1","genome-wide","PPP","CV1","10","2",-0.136011111111111
"M1","genome-wide","YPPlnt","CV1","10","2",-0.0157777777777778
"M1","genome-wide","DTF","CV2","10","2",0.644122222222222
"M1","genome-wide","DTM","CV2","10","2",0.514255555555556
"M1","genome-wide","HSW","CV2","10","2",0.766755555555556
"M1","genome-wide","PH","CV2","10","2",0.589622222222222
"M1","genome-wide","PPP","CV2","10","2",0.130711111111111
"M1","genome-wide","YPPlnt","CV2","10","2",0.0971666666666667
"M1","genome-wide","DTF","CV0","1","3",0.64695
"M1","genome-wide","DTM","CV0","1","3",0.53375
"M1","genome-wide","HSW","CV0","1","3",0.7753
"M1","genome-wide","PH","CV0","1","3",0.6524
"M1","genome-wide","PPP","CV0","1","3",0.1027
"M1","genome-wide","YPPlnt","CV0","1","3",0.17965
"M1","genome-wide","DTF","CV00","1","3",0.1555
"M1","genome-wide","DTM","CV00","1","3",0.04035
"M1","genome-wide","HSW","CV00","1","3",-0.35835
"M1","genome-wide","PH","CV00","1","3",0.0281
"M1","genome-wide","PPP","CV00","1","3",0.0559
"M1","genome-wide","YPPlnt","CV00","1","3",0.0382
"M1","genome-wide","DTF","CV1","1","3",0.0218888888888889
"M1","genome-wide","DTM","CV1","1","3",0.105588888888889
"M1","genome-wide","HSW","CV1","1","3",-0.0172
"M1","genome-wide","PH","CV1","1","3",-0.104211111111111
"M1","genome-wide","PPP","CV1","1","3",0.0729666666666667
"M1","genome-wide","YPPlnt","CV1","1","3",-0.140844444444444
"M1","genome-wide","DTF","CV2","1","3",0.585288888888889
"M1","genome-wide","DTM","CV2","1","3",0.511466666666667
"M1","genome-wide","HSW","CV2","1","3",0.706488888888889
"M1","genome-wide","PH","CV2","1","3",0.509877777777778
"M1","genome-wide","PPP","CV2","1","3",0.118377777777778
"M1","genome-wide","YPPlnt","CV2","1","3",0.197011111111111
"M1","genome-wide","DTF","CV0","2","3",0.5516
"M1","genome-wide","DTM","CV0","2","3",0.38005
"M1","genome-wide","HSW","CV0","2","3",0.6727
"M1","genome-wide","PH","CV0","2","3",0.60235
"M1","genome-wide","PPP","CV0","2","3",0.25195
"M1","genome-wide","YPPlnt","CV0","2","3",0.06495
"M1","genome-wide","DTF","CV00","2","3",-0.00835
"M1","genome-wide","DTM","CV00","2","3",0.08695
"M1","genome-wide","HSW","CV00","2","3",0.20115
"M1","genome-wide","PH","CV00","2","3",0.0159
"M1","genome-wide","PPP","CV00","2","3",-0.01325
"M1","genome-wide","YPPlnt","CV00","2","3",0.1187
"M1","genome-wide","DTF","CV1","2","3",-0.1354
"M1","genome-wide","DTM","CV1","2","3",0.0164222222222222
"M1","genome-wide","HSW","CV1","2","3",-0.130544444444444
"M1","genome-wide","PH","CV1","2","3",-0.0898111111111111
"M1","genome-wide","PPP","CV1","2","3",0.103677777777778
"M1","genome-wide","YPPlnt","CV1","2","3",-0.0305222222222222
"M1","genome-wide","DTF","CV2","2","3",0.6562
"M1","genome-wide","DTM","CV2","2","3",0.524
"M1","genome-wide","HSW","CV2","2","3",0.7441
"M1","genome-wide","PH","CV2","2","3",0.563
"M1","genome-wide","PPP","CV2","2","3",0.0988888888888889
"M1","genome-wide","YPPlnt","CV2","2","3",0.174444444444444
"M1","genome-wide","DTF","CV0","3","3",0.6798
"M1","genome-wide","DTM","CV0","3","3",0.49285
"M1","genome-wide","HSW","CV0","3","3",0.79995
"M1","genome-wide","PH","CV0","3","3",0.63755
"M1","genome-wide","PPP","CV0","3","3",0.2045
"M1","genome-wide","YPPlnt","CV0","3","3",0.1551
"M1","genome-wide","DTF","CV00","3","3",0.0854
"M1","genome-wide","DTM","CV00","3","3",0.05505
"M1","genome-wide","HSW","CV00","3","3",0.1001
"M1","genome-wide","PH","CV00","3","3",0.11275
"M1","genome-wide","PPP","CV00","3","3",0.1666
"M1","genome-wide","YPPlnt","CV00","3","3",0.305
"M1","genome-wide","DTF","CV1","3","3",0.0647
"M1","genome-wide","DTM","CV1","3","3",0.0476
"M1","genome-wide","HSW","CV1","3","3",0.172533333333333
"M1","genome-wide","PH","CV1","3","3",-0.124611111111111
"M1","genome-wide","PPP","CV1","3","3",0.0673444444444445
"M1","genome-wide","YPPlnt","CV1","3","3",-0.0792
"M1","genome-wide","DTF","CV2","3","3",0.590566666666667
"M1","genome-wide","DTM","CV2","3","3",0.458622222222222
"M1","genome-wide","HSW","CV2","3","3",0.774055555555556
"M1","genome-wide","PH","CV2","3","3",0.575922222222222
"M1","genome-wide","PPP","CV2","3","3",0.203455555555556
"M1","genome-wide","YPPlnt","CV2","3","3",0.0544666666666667
"M1","genome-wide","DTF","CV0","4","3",0.6794
"M1","genome-wide","DTM","CV0","4","3",0.4957
"M1","genome-wide","HSW","CV0","4","3",0.7994
"M1","genome-wide","PH","CV0","4","3",0.6395
"M1","genome-wide","PPP","CV0","4","3",0.20705
"M1","genome-wide","YPPlnt","CV0","4","3",0.1624
"M1","genome-wide","DTF","CV00","4","3",0.01785
"M1","genome-wide","DTM","CV00","4","3",0.14445
"M1","genome-wide","HSW","CV00","4","3",0.01135
"M1","genome-wide","PH","CV00","4","3",0.0535
"M1","genome-wide","PPP","CV00","4","3",0.01855
"M1","genome-wide","YPPlnt","CV00","4","3",-0.00225
"M1","genome-wide","DTF","CV1","4","3",0.197633333333333
"M1","genome-wide","DTM","CV1","4","3",-0.177333333333333
"M1","genome-wide","HSW","CV1","4","3",0.101533333333333
"M1","genome-wide","PH","CV1","4","3",0.0454
"M1","genome-wide","PPP","CV1","4","3",-0.109022222222222
"M1","genome-wide","YPPlnt","CV1","4","3",0.0167666666666667
"M1","genome-wide","DTF","CV2","4","3",0.559055555555556
"M1","genome-wide","DTM","CV2","4","3",0.512577777777778
"M1","genome-wide","HSW","CV2","4","3",0.708588888888889
"M1","genome-wide","PH","CV2","4","3",0.5551
"M1","genome-wide","PPP","CV2","4","3",0.0459333333333333
"M1","genome-wide","YPPlnt","CV2","4","3",0.146633333333333
"M1","genome-wide","DTF","CV0","5","3",0.55155
"M1","genome-wide","DTM","CV0","5","3",0.3782
"M1","genome-wide","HSW","CV0","5","3",0.6712
"M1","genome-wide","PH","CV0","5","3",0.60215
"M1","genome-wide","PPP","CV0","5","3",0.25415
"M1","genome-wide","YPPlnt","CV0","5","3",0.06615
"M1","genome-wide","DTF","CV00","5","3",0.07305
"M1","genome-wide","DTM","CV00","5","3",-0.11505
"M1","genome-wide","HSW","CV00","5","3",0.21425
"M1","genome-wide","PH","CV00","5","3",-0.076
"M1","genome-wide","PPP","CV00","5","3",-0.0703
"M1","genome-wide","YPPlnt","CV00","5","3",0.041
"M1","genome-wide","DTF","CV1","5","3",0.0282555555555556
"M1","genome-wide","DTM","CV1","5","3",-0.0171777777777778
"M1","genome-wide","HSW","CV1","5","3",0.0921888888888889
"M1","genome-wide","PH","CV1","5","3",-0.125844444444444
"M1","genome-wide","PPP","CV1","5","3",-0.0280555555555556
"M1","genome-wide","YPPlnt","CV1","5","3",0.00643333333333333
"M1","genome-wide","DTF","CV2","5","3",0.648622222222222
"M1","genome-wide","DTM","CV2","5","3",0.47
"M1","genome-wide","HSW","CV2","5","3",0.732977777777778
"M1","genome-wide","PH","CV2","5","3",0.566744444444444
"M1","genome-wide","PPP","CV2","5","3",0.104477777777778
"M1","genome-wide","YPPlnt","CV2","5","3",0.146277777777778
"M1","genome-wide","DTF","CV0","6","3",0.6036
"M1","genome-wide","DTM","CV0","6","3",0.47125
"M1","genome-wide","HSW","CV0","6","3",0.74
"M1","genome-wide","PH","CV0","6","3",0.5712
"M1","genome-wide","PPP","CV0","6","3",0.05635
"M1","genome-wide","YPPlnt","CV0","6","3",0.165
"M1","genome-wide","DTF","CV00","6","3",-0.0201
"M1","genome-wide","DTM","CV00","6","3",-0.27365
"M1","genome-wide","HSW","CV00","6","3",-0.30485
"M1","genome-wide","PH","CV00","6","3",-0.14905
"M1","genome-wide","PPP","CV00","6","3",0.05785
"M1","genome-wide","YPPlnt","CV00","6","3",-0.13995
"M1","genome-wide","DTF","CV1","6","3",-0.0422666666666667
"M1","genome-wide","DTM","CV1","6","3",0.0126777777777778
"M1","genome-wide","HSW","CV1","6","3",0.0550777777777778
"M1","genome-wide","PH","CV1","6","3",-0.103777777777778
"M1","genome-wide","PPP","CV1","6","3",0.0608777777777778
"M1","genome-wide","YPPlnt","CV1","6","3",-0.00762222222222222
"M1","genome-wide","DTF","CV2","6","3",0.599177777777778
"M1","genome-wide","DTM","CV2","6","3",0.447955555555556
"M1","genome-wide","HSW","CV2","6","3",0.747188888888889
"M1","genome-wide","PH","CV2","6","3",0.634633333333333
"M1","genome-wide","PPP","CV2","6","3",0.0618555555555556
"M1","genome-wide","YPPlnt","CV2","6","3",0.113355555555556
"M1","genome-wide","DTF","CV0","7","3",0.4952
"M1","genome-wide","DTM","CV0","7","3",0.3868
"M1","genome-wide","HSW","CV0","7","3",0.69885
"M1","genome-wide","PH","CV0","7","3",0.612
"M1","genome-wide","PPP","CV0","7","3",0.12395
"M1","genome-wide","YPPlnt","CV0","7","3",0.14225
"M1","genome-wide","DTF","CV00","7","3",-0.2465
"M1","genome-wide","DTM","CV00","7","3",0.03295
"M1","genome-wide","HSW","CV00","7","3",0.2675
"M1","genome-wide","PH","CV00","7","3",-0.16295
"M1","genome-wide","PPP","CV00","7","3",-0.0568
"M1","genome-wide","YPPlnt","CV00","7","3",0.10825
"M1","genome-wide","DTF","CV1","7","3",0.0607888888888889
"M1","genome-wide","DTM","CV1","7","3",-0.0416666666666667
"M1","genome-wide","HSW","CV1","7","3",-0.0833888888888889
"M1","genome-wide","PH","CV1","7","3",0.0127222222222222
"M1","genome-wide","PPP","CV1","7","3",0.0142111111111111
"M1","genome-wide","YPPlnt","CV1","7","3",-0.0642777777777778
"M1","genome-wide","DTF","CV2","7","3",0.523277777777778
"M1","genome-wide","DTM","CV2","7","3",0.343722222222222
"M1","genome-wide","HSW","CV2","7","3",0.740922222222222
"M1","genome-wide","PH","CV2","7","3",0.548066666666667
"M1","genome-wide","PPP","CV2","7","3",0.108977777777778
"M1","genome-wide","YPPlnt","CV2","7","3",0.112088888888889
"M1","genome-wide","DTF","CV0","8","3",0.72705
"M1","genome-wide","DTM","CV0","8","3",0.62215
"M1","genome-wide","HSW","CV0","8","3",0.75595
"M1","genome-wide","PH","CV0","8","3",0.70165
"M1","genome-wide","PPP","CV0","8","3",0.2075
"M1","genome-wide","YPPlnt","CV0","8","3",0.11405
"M1","genome-wide","DTF","CV00","8","3",0.0024
"M1","genome-wide","DTM","CV00","8","3",-0.0396
"M1","genome-wide","HSW","CV00","8","3",0.1024
"M1","genome-wide","PH","CV00","8","3",0.07725
"M1","genome-wide","PPP","CV00","8","3",0.0296
"M1","genome-wide","YPPlnt","CV00","8","3",-0.13365
"M1","genome-wide","DTF","CV1","8","3",0.103922222222222
"M1","genome-wide","DTM","CV1","8","3",-0.0977666666666667
"M1","genome-wide","HSW","CV1","8","3",0.00812222222222223
"M1","genome-wide","PH","CV1","8","3",-0.173733333333333
"M1","genome-wide","PPP","CV1","8","3",0.0921222222222222
"M1","genome-wide","YPPlnt","CV1","8","3",0.0429666666666667
"M1","genome-wide","DTF","CV2","8","3",0.570411111111111
"M1","genome-wide","DTM","CV2","8","3",0.449211111111111
"M1","genome-wide","HSW","CV2","8","3",0.732755555555555
"M1","genome-wide","PH","CV2","8","3",0.557922222222222
"M1","genome-wide","PPP","CV2","8","3",0.134844444444444
"M1","genome-wide","YPPlnt","CV2","8","3",0.0840777777777778
"M1","genome-wide","DTF","CV0","9","3",0.6228
"M1","genome-wide","DTM","CV0","9","3",0.46175
"M1","genome-wide","HSW","CV0","9","3",0.7863
"M1","genome-wide","PH","CV0","9","3",0.2867
"M1","genome-wide","PPP","CV0","9","3",0.1307
"M1","genome-wide","YPPlnt","CV0","9","3",0.0807
"M1","genome-wide","DTF","CV00","9","3",0.1317
"M1","genome-wide","DTM","CV00","9","3",0.3171
"M1","genome-wide","HSW","CV00","9","3",-0.08235
"M1","genome-wide","PH","CV00","9","3",-0.15355
"M1","genome-wide","PPP","CV00","9","3",-0.06165
"M1","genome-wide","YPPlnt","CV00","9","3",-0.1421
"M1","genome-wide","DTF","CV1","9","3",-0.0317555555555556
"M1","genome-wide","DTM","CV1","9","3",-0.00242222222222222
"M1","genome-wide","HSW","CV1","9","3",0.131533333333333
"M1","genome-wide","PH","CV1","9","3",-0.0416444444444444
"M1","genome-wide","PPP","CV1","9","3",0.0524666666666667
"M1","genome-wide","YPPlnt","CV1","9","3",0.168255555555556
"M1","genome-wide","DTF","CV2","9","3",0.607122222222222
"M1","genome-wide","DTM","CV2","9","3",0.4789
"M1","genome-wide","HSW","CV2","9","3",0.754511111111111
"M1","genome-wide","PH","CV2","9","3",0.532266666666667
"M1","genome-wide","PPP","CV2","9","3",0.152011111111111
"M1","genome-wide","YPPlnt","CV2","9","3",0.0726111111111111
"M1","genome-wide","DTF","CV0","10","3",0.43405
"M1","genome-wide","DTM","CV0","10","3",0.33825
"M1","genome-wide","HSW","CV0","10","3",0.613
"M1","genome-wide","PH","CV0","10","3",0.53775
"M1","genome-wide","PPP","CV0","10","3",0.0768
"M1","genome-wide","YPPlnt","CV0","10","3",0.0783
"M1","genome-wide","DTF","CV00","10","3",0.1238
"M1","genome-wide","DTM","CV00","10","3",-0.0101
"M1","genome-wide","HSW","CV00","10","3",0.02315
"M1","genome-wide","PH","CV00","10","3",0.2581
"M1","genome-wide","PPP","CV00","10","3",0.16685
"M1","genome-wide","YPPlnt","CV00","10","3",0.1905
"M1","genome-wide","DTF","CV1","10","3",-0.0191444444444445
"M1","genome-wide","DTM","CV1","10","3",0.210588888888889
"M1","genome-wide","HSW","CV1","10","3",0.0981222222222222
"M1","genome-wide","PH","CV1","10","3",0.203166666666667
"M1","genome-wide","PPP","CV1","10","3",0.0188444444444445
"M1","genome-wide","YPPlnt","CV1","10","3",0.0402333333333333
"M1","genome-wide","DTF","CV2","10","3",0.544377777777778
"M1","genome-wide","DTM","CV2","10","3",0.471577777777778
"M1","genome-wide","HSW","CV2","10","3",0.7859
"M1","genome-wide","PH","CV2","10","3",0.547044444444444
"M1","genome-wide","PPP","CV2","10","3",0.194844444444444
"M1","genome-wide","YPPlnt","CV2","10","3",0.125244444444444
"M1","genome-wide","DTF","CV0","1","4",0.7641
"M1","genome-wide","DTM","CV0","1","4",0.66105
"M1","genome-wide","HSW","CV0","1","4",0.79915
"M1","genome-wide","PH","CV0","1","4",0.75155
"M1","genome-wide","PPP","CV0","1","4",0.27205
"M1","genome-wide","YPPlnt","CV0","1","4",0.04725
"M1","genome-wide","DTF","CV00","1","4",-0.2031
"M1","genome-wide","DTM","CV00","1","4",-0.17085
"M1","genome-wide","HSW","CV00","1","4",-0.09095
"M1","genome-wide","PH","CV00","1","4",-0.1053
"M1","genome-wide","PPP","CV00","1","4",-0.26
"M1","genome-wide","YPPlnt","CV00","1","4",-0.04465
"M1","genome-wide","DTF","CV1","1","4",-0.150188888888889
"M1","genome-wide","DTM","CV1","1","4",0.0441222222222222
"M1","genome-wide","HSW","CV1","1","4",0.133522222222222
"M1","genome-wide","PH","CV1","1","4",0.0703111111111111
"M1","genome-wide","PPP","CV1","1","4",0.0399555555555556
"M1","genome-wide","YPPlnt","CV1","1","4",0.0186111111111111
"M1","genome-wide","DTF","CV2","1","4",0.616866666666667
"M1","genome-wide","DTM","CV2","1","4",0.4974
"M1","genome-wide","HSW","CV2","1","4",0.775477777777778
"M1","genome-wide","PH","CV2","1","4",0.547722222222222
"M1","genome-wide","PPP","CV2","1","4",0.194155555555556
"M1","genome-wide","YPPlnt","CV2","1","4",0.100666666666667
"M1","genome-wide","DTF","CV0","2","4",0.5942
"M1","genome-wide","DTM","CV0","2","4",0.53975
"M1","genome-wide","HSW","CV0","2","4",0.71225
"M1","genome-wide","PH","CV0","2","4",0.64525
"M1","genome-wide","PPP","CV0","2","4",0.2102
"M1","genome-wide","YPPlnt","CV0","2","4",0.0693
"M1","genome-wide","DTF","CV00","2","4",-0.1615
"M1","genome-wide","DTM","CV00","2","4",-0.0014
"M1","genome-wide","HSW","CV00","2","4",-0.0841
"M1","genome-wide","PH","CV00","2","4",-0.1221
"M1","genome-wide","PPP","CV00","2","4",-0.2097
"M1","genome-wide","YPPlnt","CV00","2","4",-0.1378
"M1","genome-wide","DTF","CV1","2","4",0.135977777777778
"M1","genome-wide","DTM","CV1","2","4",-0.0407222222222222
"M1","genome-wide","HSW","CV1","2","4",0.0791111111111111
"M1","genome-wide","PH","CV1","2","4",-0.170255555555556
"M1","genome-wide","PPP","CV1","2","4",0.0587555555555556
"M1","genome-wide","YPPlnt","CV1","2","4",-0.0697555555555556
"M1","genome-wide","DTF","CV2","2","4",0.560766666666667
"M1","genome-wide","DTM","CV2","2","4",0.512277777777778
"M1","genome-wide","HSW","CV2","2","4",0.727766666666667
"M1","genome-wide","PH","CV2","2","4",0.520333333333333
"M1","genome-wide","PPP","CV2","2","4",0.0309777777777778
"M1","genome-wide","YPPlnt","CV2","2","4",0.0430777777777778
"M1","genome-wide","DTF","CV0","3","4",0.5117
"M1","genome-wide","DTM","CV0","3","4",0.45815
"M1","genome-wide","HSW","CV0","3","4",0.7445
"M1","genome-wide","PH","CV0","3","4",0.3517
"M1","genome-wide","PPP","CV0","3","4",0.05855
"M1","genome-wide","YPPlnt","CV0","3","4",0.176
"M1","genome-wide","DTF","CV00","3","4",0.20025
"M1","genome-wide","DTM","CV00","3","4",0.05805
"M1","genome-wide","HSW","CV00","3","4",0.13815
"M1","genome-wide","PH","CV00","3","4",0.12915
"M1","genome-wide","PPP","CV00","3","4",-0.1424
"M1","genome-wide","YPPlnt","CV00","3","4",0.0044
"M1","genome-wide","DTF","CV1","3","4",0.0284777777777778
"M1","genome-wide","DTM","CV1","3","4",0.0147666666666667
"M1","genome-wide","HSW","CV1","3","4",0.0714888888888889
"M1","genome-wide","PH","CV1","3","4",-0.0546111111111111
"M1","genome-wide","PPP","CV1","3","4",0.0238444444444444
"M1","genome-wide","YPPlnt","CV1","3","4",0.0405222222222222
"M1","genome-wide","DTF","CV2","3","4",0.615088888888889
"M1","genome-wide","DTM","CV2","3","4",0.436166666666667
"M1","genome-wide","HSW","CV2","3","4",0.740855555555556
"M1","genome-wide","PH","CV2","3","4",0.546322222222222
"M1","genome-wide","PPP","CV2","3","4",0.149566666666667
"M1","genome-wide","YPPlnt","CV2","3","4",0.200444444444444
"M1","genome-wide","DTF","CV0","4","4",0.62435
"M1","genome-wide","DTM","CV0","4","4",0.4627
"M1","genome-wide","HSW","CV0","4","4",0.7855
"M1","genome-wide","PH","CV0","4","4",0.2871
"M1","genome-wide","PPP","CV0","4","4",0.13305
"M1","genome-wide","YPPlnt","CV0","4","4",0.0803
"M1","genome-wide","DTF","CV00","4","4",0.0856
"M1","genome-wide","DTM","CV00","4","4",0.1678
"M1","genome-wide","HSW","CV00","4","4",-0.19785
"M1","genome-wide","PH","CV00","4","4",0.0186
"M1","genome-wide","PPP","CV00","4","4",-0.0172
"M1","genome-wide","YPPlnt","CV00","4","4",0.13725
"M1","genome-wide","DTF","CV1","4","4",0.175933333333333
"M1","genome-wide","DTM","CV1","4","4",-0.0909555555555556
"M1","genome-wide","HSW","CV1","4","4",-0.164388888888889
"M1","genome-wide","PH","CV1","4","4",0.0121222222222222
"M1","genome-wide","PPP","CV1","4","4",0.0678444444444444
"M1","genome-wide","YPPlnt","CV1","4","4",-0.0656
"M1","genome-wide","DTF","CV2","4","4",0.623933333333333
"M1","genome-wide","DTM","CV2","4","4",0.453155555555556
"M1","genome-wide","HSW","CV2","4","4",0.746033333333333
"M1","genome-wide","PH","CV2","4","4",0.452377777777778
"M1","genome-wide","PPP","CV2","4","4",0.125055555555556
"M1","genome-wide","YPPlnt","CV2","4","4",0.0623222222222222
"M1","genome-wide","DTF","CV0","5","4",0.6085
"M1","genome-wide","DTM","CV0","5","4",0.5543
"M1","genome-wide","HSW","CV0","5","4",0.74815
"M1","genome-wide","PH","CV0","5","4",0.67315
"M1","genome-wide","PPP","CV0","5","4",0.2175
"M1","genome-wide","YPPlnt","CV0","5","4",0.1386
"M1","genome-wide","DTF","CV00","5","4",0.0378
"M1","genome-wide","DTM","CV00","5","4",-0.144
"M1","genome-wide","HSW","CV00","5","4",-0.2464
"M1","genome-wide","PH","CV00","5","4",0.02425
"M1","genome-wide","PPP","CV00","5","4",0.20045
"M1","genome-wide","YPPlnt","CV00","5","4",0.2128
"M1","genome-wide","DTF","CV1","5","4",-0.0420888888888889
"M1","genome-wide","DTM","CV1","5","4",0.0674111111111111
"M1","genome-wide","HSW","CV1","5","4",0.139222222222222
"M1","genome-wide","PH","CV1","5","4",-0.2858
"M1","genome-wide","PPP","CV1","5","4",0.101977777777778
"M1","genome-wide","YPPlnt","CV1","5","4",0.0674777777777778
"M1","genome-wide","DTF","CV2","5","4",0.477688888888889
"M1","genome-wide","DTM","CV2","5","4",0.445011111111111
"M1","genome-wide","HSW","CV2","5","4",0.791433333333333
"M1","genome-wide","PH","CV2","5","4",0.523788888888889
"M1","genome-wide","PPP","CV2","5","4",0.201055555555556
"M1","genome-wide","YPPlnt","CV2","5","4",0.100511111111111
"M1","genome-wide","DTF","CV0","6","4",0.73455
"M1","genome-wide","DTM","CV0","6","4",0.56275
"M1","genome-wide","HSW","CV0","6","4",0.83185
"M1","genome-wide","PH","CV0","6","4",0.7287
"M1","genome-wide","PPP","CV0","6","4",0.2726
"M1","genome-wide","YPPlnt","CV0","6","4",0.1334
"M1","genome-wide","DTF","CV00","6","4",-0.1183
"M1","genome-wide","DTM","CV00","6","4",0.0175
"M1","genome-wide","HSW","CV00","6","4",-0.2247
"M1","genome-wide","PH","CV00","6","4",0.01325
"M1","genome-wide","PPP","CV00","6","4",0.0153
"M1","genome-wide","YPPlnt","CV00","6","4",-0.0214
"M1","genome-wide","DTF","CV1","6","4",0.0524444444444444
"M1","genome-wide","DTM","CV1","6","4",0.0924555555555556
"M1","genome-wide","HSW","CV1","6","4",0.0677555555555556
"M1","genome-wide","PH","CV1","6","4",-0.0748222222222222
"M1","genome-wide","PPP","CV1","6","4",0.0512888888888889
"M1","genome-wide","YPPlnt","CV1","6","4",0.0186888888888889
"M1","genome-wide","DTF","CV2","6","4",0.594733333333333
"M1","genome-wide","DTM","CV2","6","4",0.456266666666667
"M1","genome-wide","HSW","CV2","6","4",0.773766666666667
"M1","genome-wide","PH","CV2","6","4",0.596222222222222
"M1","genome-wide","PPP","CV2","6","4",0.155544444444444
"M1","genome-wide","YPPlnt","CV2","6","4",0.0321777777777778
"M1","genome-wide","DTF","CV0","7","4",0.623
"M1","genome-wide","DTM","CV0","7","4",0.46435
"M1","genome-wide","HSW","CV0","7","4",0.7861
"M1","genome-wide","PH","CV0","7","4",0.2902
"M1","genome-wide","PPP","CV0","7","4",0.13995
"M1","genome-wide","YPPlnt","CV0","7","4",0.078
"M1","genome-wide","DTF","CV00","7","4",-0.0849
"M1","genome-wide","DTM","CV00","7","4",-0.02945
"M1","genome-wide","HSW","CV00","7","4",0.2154
"M1","genome-wide","PH","CV00","7","4",-0.1643
"M1","genome-wide","PPP","CV00","7","4",0.07565
"M1","genome-wide","YPPlnt","CV00","7","4",-0.22385
"M1","genome-wide","DTF","CV1","7","4",0.147477777777778
"M1","genome-wide","DTM","CV1","7","4",-0.0300555555555556
"M1","genome-wide","HSW","CV1","7","4",-0.00814444444444443
"M1","genome-wide","PH","CV1","7","4",0.0864555555555556
"M1","genome-wide","PPP","CV1","7","4",0.0613555555555556
"M1","genome-wide","YPPlnt","CV1","7","4",-0.0082
"M1","genome-wide","DTF","CV2","7","4",0.555844444444444
"M1","genome-wide","DTM","CV2","7","4",0.489644444444444
"M1","genome-wide","HSW","CV2","7","4",0.656911111111111
"M1","genome-wide","PH","CV2","7","4",0.462644444444444
"M1","genome-wide","PPP","CV2","7","4",0.1814
"M1","genome-wide","YPPlnt","CV2","7","4",0.105744444444444
"M1","genome-wide","DTF","CV0","8","4",0.5176
"M1","genome-wide","DTM","CV0","8","4",0.33735
"M1","genome-wide","HSW","CV0","8","4",0.6786
"M1","genome-wide","PH","CV0","8","4",0.59535
"M1","genome-wide","PPP","CV0","8","4",0.10395
"M1","genome-wide","YPPlnt","CV0","8","4",0.15905
"M1","genome-wide","DTF","CV00","8","4",-0.13585
"M1","genome-wide","DTM","CV00","8","4",-0.08345
"M1","genome-wide","HSW","CV00","8","4",-0.14105
"M1","genome-wide","PH","CV00","8","4",-0.08185
"M1","genome-wide","PPP","CV00","8","4",0.14075
"M1","genome-wide","YPPlnt","CV00","8","4",-0.0108
"M1","genome-wide","DTF","CV1","8","4",0.108633333333333
"M1","genome-wide","DTM","CV1","8","4",0.115666666666667
"M1","genome-wide","HSW","CV1","8","4",-0.0353888888888889
"M1","genome-wide","PH","CV1","8","4",-0.0502777777777778
"M1","genome-wide","PPP","CV1","8","4",0.115733333333333
"M1","genome-wide","YPPlnt","CV1","8","4",-0.043
"M1","genome-wide","DTF","CV2","8","4",0.619622222222222
"M1","genome-wide","DTM","CV2","8","4",0.493466666666667
"M1","genome-wide","HSW","CV2","8","4",0.752011111111111
"M1","genome-wide","PH","CV2","8","4",0.5273
"M1","genome-wide","PPP","CV2","8","4",0.118388888888889
"M1","genome-wide","YPPlnt","CV2","8","4",0.0991888888888889
"M1","genome-wide","DTF","CV0","9","4",0.4353
"M1","genome-wide","DTM","CV0","9","4",0.3743
"M1","genome-wide","HSW","CV0","9","4",0.5933
"M1","genome-wide","PH","CV0","9","4",0.6395
"M1","genome-wide","PPP","CV0","9","4",0.12015
"M1","genome-wide","YPPlnt","CV0","9","4",0.16395
"M1","genome-wide","DTF","CV00","9","4",-0.000800000000000023
"M1","genome-wide","DTM","CV00","9","4",-0.27605
"M1","genome-wide","HSW","CV00","9","4",-0.1363
"M1","genome-wide","PH","CV00","9","4",-0.3086
"M1","genome-wide","PPP","CV00","9","4",0.01675
"M1","genome-wide","YPPlnt","CV00","9","4",-0.18225
"M1","genome-wide","DTF","CV1","9","4",0.1449
"M1","genome-wide","DTM","CV1","9","4",-0.0378666666666667
"M1","genome-wide","HSW","CV1","9","4",0.243666666666667
"M1","genome-wide","PH","CV1","9","4",-0.104911111111111
"M1","genome-wide","PPP","CV1","9","4",0.0132111111111111
"M1","genome-wide","YPPlnt","CV1","9","4",-0.0356333333333333
"M1","genome-wide","DTF","CV2","9","4",0.616333333333333
"M1","genome-wide","DTM","CV2","9","4",0.428522222222222
"M1","genome-wide","HSW","CV2","9","4",0.735144444444444
"M1","genome-wide","PH","CV2","9","4",0.561211111111111
"M1","genome-wide","PPP","CV2","9","4",0.151055555555556
"M1","genome-wide","YPPlnt","CV2","9","4",0.131177777777778
"M1","genome-wide","DTF","CV0","10","4",0.64675
"M1","genome-wide","DTM","CV0","10","4",0.53315
"M1","genome-wide","HSW","CV0","10","4",0.77585
"M1","genome-wide","PH","CV0","10","4",0.65475
"M1","genome-wide","PPP","CV0","10","4",0.10235
"M1","genome-wide","YPPlnt","CV0","10","4",0.17595
"M1","genome-wide","DTF","CV00","10","4",0.05345
"M1","genome-wide","DTM","CV00","10","4",-0.18595
"M1","genome-wide","HSW","CV00","10","4",-0.037
"M1","genome-wide","PH","CV00","10","4",0.0598
"M1","genome-wide","PPP","CV00","10","4",-0.0627
"M1","genome-wide","YPPlnt","CV00","10","4",-0.11075
"M1","genome-wide","DTF","CV1","10","4",0.175822222222222
"M1","genome-wide","DTM","CV1","10","4",-0.0963777777777778
"M1","genome-wide","HSW","CV1","10","4",0.0909444444444444
"M1","genome-wide","PH","CV1","10","4",-0.166644444444444
"M1","genome-wide","PPP","CV1","10","4",0.0298222222222222
"M1","genome-wide","YPPlnt","CV1","10","4",0.0141333333333333
"M1","genome-wide","DTF","CV2","10","4",0.5601
"M1","genome-wide","DTM","CV2","10","4",0.4683
"M1","genome-wide","HSW","CV2","10","4",0.706511111111111
"M1","genome-wide","PH","CV2","10","4",0.587366666666667
"M1","genome-wide","PPP","CV2","10","4",0.1553
"M1","genome-wide","YPPlnt","CV2","10","4",0.0516666666666667
"M1","genome-wide","DTF","CV0","1","5",0.3761
"M1","genome-wide","DTM","CV0","1","5",0.3941
"M1","genome-wide","HSW","CV0","1","5",0.6023
"M1","genome-wide","PH","CV0","1","5",0.5726
"M1","genome-wide","PPP","CV0","1","5",0.0922
"M1","genome-wide","YPPlnt","CV0","1","5",0.1375
"M1","genome-wide","DTF","CV00","1","5",-0.2235
"M1","genome-wide","DTM","CV00","1","5",0.0028
"M1","genome-wide","HSW","CV00","1","5",0.1495
"M1","genome-wide","PH","CV00","1","5",0.0956
"M1","genome-wide","PPP","CV00","1","5",-0.16
"M1","genome-wide","YPPlnt","CV00","1","5",0.0379
"M1","genome-wide","DTF","CV1","1","5",-0.231244444444444
"M1","genome-wide","DTM","CV1","1","5",0.174055555555556
"M1","genome-wide","HSW","CV1","1","5",0.1427
"M1","genome-wide","PH","CV1","1","5",0.0527111111111111
"M1","genome-wide","PPP","CV1","1","5",0.0105444444444444
"M1","genome-wide","YPPlnt","CV1","1","5",-0.115311111111111
"M1","genome-wide","DTF","CV2","1","5",0.600488888888889
"M1","genome-wide","DTM","CV2","1","5",0.4638
"M1","genome-wide","HSW","CV2","1","5",0.720866666666667
"M1","genome-wide","PH","CV2","1","5",0.564022222222222
"M1","genome-wide","PPP","CV2","1","5",0.0599666666666667
"M1","genome-wide","YPPlnt","CV2","1","5",0.152677777777778
"M1","genome-wide","DTF","CV0","2","5",0.6405
"M1","genome-wide","DTM","CV0","2","5",0.5316
"M1","genome-wide","HSW","CV0","2","5",0.8593
"M1","genome-wide","PH","CV0","2","5",0.1047
"M1","genome-wide","PPP","CV0","2","5",-2e-04
"M1","genome-wide","YPPlnt","CV0","2","5",0.1739
"M1","genome-wide","DTF","CV00","2","5",-0.1598
"M1","genome-wide","DTM","CV00","2","5",-0.0193
"M1","genome-wide","HSW","CV00","2","5",-0.0613
"M1","genome-wide","PH","CV00","2","5",0.2165
"M1","genome-wide","PPP","CV00","2","5",-0.3994
"M1","genome-wide","YPPlnt","CV00","2","5",-0.1257
"M1","genome-wide","DTF","CV1","2","5",-0.1326
"M1","genome-wide","DTM","CV1","2","5",-0.0356777777777778
"M1","genome-wide","HSW","CV1","2","5",0.0700333333333333
"M1","genome-wide","PH","CV1","2","5",-0.0861333333333333
"M1","genome-wide","PPP","CV1","2","5",-0.0217666666666667
"M1","genome-wide","YPPlnt","CV1","2","5",-0.0548555555555556
"M1","genome-wide","DTF","CV2","2","5",0.576422222222222
"M1","genome-wide","DTM","CV2","2","5",0.468222222222222
"M1","genome-wide","HSW","CV2","2","5",0.733688888888889
"M1","genome-wide","PH","CV2","2","5",0.6403
"M1","genome-wide","PPP","CV2","2","5",0.155722222222222
"M1","genome-wide","YPPlnt","CV2","2","5",0.0826222222222222
"M1","genome-wide","DTF","CV0","3","5",0.6098
"M1","genome-wide","DTM","CV0","3","5",0.4001
"M1","genome-wide","HSW","CV0","3","5",0.7856
"M1","genome-wide","PH","CV0","3","5",0.6618
"M1","genome-wide","PPP","CV0","3","5",0.1337
"M1","genome-wide","YPPlnt","CV0","3","5",0.1813
"M1","genome-wide","DTF","CV00","3","5",-0.2046
"M1","genome-wide","DTM","CV00","3","5",0.0199
"M1","genome-wide","HSW","CV00","3","5",-0.1627
"M1","genome-wide","PH","CV00","3","5",-0.1498
"M1","genome-wide","PPP","CV00","3","5",-0.0323
"M1","genome-wide","YPPlnt","CV00","3","5",-0.219
"M1","genome-wide","DTF","CV1","3","5",-0.0107111111111111
"M1","genome-wide","DTM","CV1","3","5",0.0745
"M1","genome-wide","HSW","CV1","3","5",0.0580666666666667
"M1","genome-wide","PH","CV1","3","5",0.2014
"M1","genome-wide","PPP","CV1","3","5",0.000922222222222227
"M1","genome-wide","YPPlnt","CV1","3","5",0.0327
"M1","genome-wide","DTF","CV2","3","5",0.596022222222222
"M1","genome-wide","DTM","CV2","3","5",0.468933333333333
"M1","genome-wide","HSW","CV2","3","5",0.7442
"M1","genome-wide","PH","CV2","3","5",0.563022222222222
"M1","genome-wide","PPP","CV2","3","5",0.156644444444444
"M1","genome-wide","YPPlnt","CV2","3","5",0.0471666666666667
"M1","genome-wide","DTF","CV0","4","5",0.7777
"M1","genome-wide","DTM","CV0","4","5",0.6821
"M1","genome-wide","HSW","CV0","4","5",0.7814
"M1","genome-wide","PH","CV0","4","5",0.7441
"M1","genome-wide","PPP","CV0","4","5",0.284
"M1","genome-wide","YPPlnt","CV0","4","5",0.0019
"M1","genome-wide","DTF","CV00","4","5",-0.1566
"M1","genome-wide","DTM","CV00","4","5",0.1451
"M1","genome-wide","HSW","CV00","4","5",-0.0722
"M1","genome-wide","PH","CV00","4","5",-0.1904
"M1","genome-wide","PPP","CV00","4","5",-0.0293
"M1","genome-wide","YPPlnt","CV00","4","5",-0.2383
"M1","genome-wide","DTF","CV1","4","5",0.163444444444444
"M1","genome-wide","DTM","CV1","4","5",0.0567666666666667
"M1","genome-wide","HSW","CV1","4","5",0.0924777777777778
"M1","genome-wide","PH","CV1","4","5",-0.0135666666666667
"M1","genome-wide","PPP","CV1","4","5",-0.0876222222222222
"M1","genome-wide","YPPlnt","CV1","4","5",0.0867666666666667
"M1","genome-wide","DTF","CV2","4","5",0.623133333333333
"M1","genome-wide","DTM","CV2","4","5",0.466288888888889
"M1","genome-wide","HSW","CV2","4","5",0.760511111111111
"M1","genome-wide","PH","CV2","4","5",0.522922222222222
"M1","genome-wide","PPP","CV2","4","5",0.178066666666667
"M1","genome-wide","YPPlnt","CV2","4","5",0.160611111111111
"M1","genome-wide","DTF","CV0","5","5",0.6098
"M1","genome-wide","DTM","CV0","5","5",0.3977
"M1","genome-wide","HSW","CV0","5","5",0.7848
"M1","genome-wide","PH","CV0","5","5",0.6622
"M1","genome-wide","PPP","CV0","5","5",0.1312
"M1","genome-wide","YPPlnt","CV0","5","5",0.1825
"M1","genome-wide","DTF","CV00","5","5",-0.1044
"M1","genome-wide","DTM","CV00","5","5",-0.1283
"M1","genome-wide","HSW","CV00","5","5",-0.0717
"M1","genome-wide","PH","CV00","5","5",-0.1389
"M1","genome-wide","PPP","CV00","5","5",0.2063
"M1","genome-wide","YPPlnt","CV00","5","5",0.2681
"M1","genome-wide","DTF","CV1","5","5",-0.122188888888889
"M1","genome-wide","DTM","CV1","5","5",-0.115566666666667
"M1","genome-wide","HSW","CV1","5","5",0.0166555555555556
"M1","genome-wide","PH","CV1","5","5",-0.124744444444444
"M1","genome-wide","PPP","CV1","5","5",-0.0922111111111111
"M1","genome-wide","YPPlnt","CV1","5","5",-0.100011111111111
"M1","genome-wide","DTF","CV2","5","5",0.549955555555556
"M1","genome-wide","DTM","CV2","5","5",0.446977777777778
"M1","genome-wide","HSW","CV2","5","5",0.7191
"M1","genome-wide","PH","CV2","5","5",0.576477777777778
"M1","genome-wide","PPP","CV2","5","5",0.124244444444444
"M1","genome-wide","YPPlnt","CV2","5","5",0.154822222222222
"M1","genome-wide","DTF","CV0","6","5",0.3743
"M1","genome-wide","DTM","CV0","6","5",0.3929
"M1","genome-wide","HSW","CV0","6","5",0.6027
"M1","genome-wide","PH","CV0","6","5",0.5706
"M1","genome-wide","PPP","CV0","6","5",0.0982
"M1","genome-wide","YPPlnt","CV0","6","5",0.1377
"M1","genome-wide","DTF","CV00","6","5",0.1895
"M1","genome-wide","DTM","CV00","6","5",0.0972
"M1","genome-wide","HSW","CV00","6","5",-0.0807
"M1","genome-wide","PH","CV00","6","5",-0.1101
"M1","genome-wide","PPP","CV00","6","5",-0.0078
"M1","genome-wide","YPPlnt","CV00","6","5",0.3037
"M1","genome-wide","DTF","CV1","6","5",-0.159255555555556
"M1","genome-wide","DTM","CV1","6","5",0.0861777777777778
"M1","genome-wide","HSW","CV1","6","5",-0.0380555555555556
"M1","genome-wide","PH","CV1","6","5",-0.0569111111111111
"M1","genome-wide","PPP","CV1","6","5",-0.0848666666666667
"M1","genome-wide","YPPlnt","CV1","6","5",0.126511111111111
"M1","genome-wide","DTF","CV2","6","5",0.592822222222222
"M1","genome-wide","DTM","CV2","6","5",0.555277777777778
"M1","genome-wide","HSW","CV2","6","5",0.785422222222222
"M1","genome-wide","PH","CV2","6","5",0.614066666666667
"M1","genome-wide","PPP","CV2","6","5",0.0791777777777778
"M1","genome-wide","YPPlnt","CV2","6","5",0.0309666666666667
"M1","genome-wide","DTF","CV0","7","5",0.5093
"M1","genome-wide","DTM","CV0","7","5",0.285
"M1","genome-wide","HSW","CV0","7","5",0.7118
"M1","genome-wide","PH","CV0","7","5",0.4873
"M1","genome-wide","PPP","CV0","7","5",0.0405
"M1","genome-wide","YPPlnt","CV0","7","5",0.0949
"M1","genome-wide","DTF","CV00","7","5",0.0863
"M1","genome-wide","DTM","CV00","7","5",0.0467
"M1","genome-wide","HSW","CV00","7","5",-0.211
"M1","genome-wide","PH","CV00","7","5",0.1854
"M1","genome-wide","PPP","CV00","7","5",0.0179
"M1","genome-wide","YPPlnt","CV00","7","5",0.0023
"M1","genome-wide","DTF","CV1","7","5",-0.152755555555556
"M1","genome-wide","DTM","CV1","7","5",0.0458444444444444
"M1","genome-wide","HSW","CV1","7","5",0.0259111111111111
"M1","genome-wide","PH","CV1","7","5",0.0302
"M1","genome-wide","PPP","CV1","7","5",-0.0195555555555556
"M1","genome-wide","YPPlnt","CV1","7","5",0.0279222222222222
"M1","genome-wide","DTF","CV2","7","5",0.611288888888889
"M1","genome-wide","DTM","CV2","7","5",0.5088
"M1","genome-wide","HSW","CV2","7","5",0.760422222222222
"M1","genome-wide","PH","CV2","7","5",0.566377777777778
"M1","genome-wide","PPP","CV2","7","5",0.133022222222222
"M1","genome-wide","YPPlnt","CV2","7","5",0.113622222222222
"M1","genome-wide","DTF","CV0","8","5",0.6428
"M1","genome-wide","DTM","CV0","8","5",0.5335
"M1","genome-wide","HSW","CV0","8","5",0.8592
"M1","genome-wide","PH","CV0","8","5",0.1066
"M1","genome-wide","PPP","CV0","8","5",0.01
"M1","genome-wide","YPPlnt","CV0","8","5",0.1875
"M1","genome-wide","DTF","CV00","8","5",0.0368
"M1","genome-wide","DTM","CV00","8","5",-0.092
"M1","genome-wide","HSW","CV00","8","5",-0.2633
"M1","genome-wide","PH","CV00","8","5",-0.2584
"M1","genome-wide","PPP","CV00","8","5",0.0166
"M1","genome-wide","YPPlnt","CV00","8","5",-0.1504
"M1","genome-wide","DTF","CV1","8","5",-0.0650888888888889
"M1","genome-wide","DTM","CV1","8","5",-0.0154555555555556
"M1","genome-wide","HSW","CV1","8","5",0.110477777777778
"M1","genome-wide","PH","CV1","8","5",-0.0689666666666667
"M1","genome-wide","PPP","CV1","8","5",0.0690333333333333
"M1","genome-wide","YPPlnt","CV1","8","5",0.00758888888888889
"M1","genome-wide","DTF","CV2","8","5",0.6091
"M1","genome-wide","DTM","CV2","8","5",0.435411111111111
"M1","genome-wide","HSW","CV2","8","5",0.660911111111111
"M1","genome-wide","PH","CV2","8","5",0.511133333333333
"M1","genome-wide","PPP","CV2","8","5",0.1616
"M1","genome-wide","YPPlnt","CV2","8","5",0.150144444444444
"M1","genome-wide","DTF","CV0","9","5",0.5115
"M1","genome-wide","DTM","CV0","9","5",0.287
"M1","genome-wide","HSW","CV0","9","5",0.7132
"M1","genome-wide","PH","CV0","9","5",0.487
"M1","genome-wide","PPP","CV0","9","5",0.0367
"M1","genome-wide","YPPlnt","CV0","9","5",0.1024
"M1","genome-wide","DTF","CV00","9","5",-0.2125
"M1","genome-wide","DTM","CV00","9","5",-0.2144
"M1","genome-wide","HSW","CV00","9","5",0.0168
"M1","genome-wide","PH","CV00","9","5",0.0369
"M1","genome-wide","PPP","CV00","9","5",-0.1333
"M1","genome-wide","YPPlnt","CV00","9","5",0.0229
"M1","genome-wide","DTF","CV1","9","5",0.150755555555556
"M1","genome-wide","DTM","CV1","9","5",-0.120744444444444
"M1","genome-wide","HSW","CV1","9","5",0.189233333333333
"M1","genome-wide","PH","CV1","9","5",-0.0139222222222222
"M1","genome-wide","PPP","CV1","9","5",0.0577666666666667
"M1","genome-wide","YPPlnt","CV1","9","5",-0.00812222222222221
"M1","genome-wide","DTF","CV2","9","5",0.607777777777778
"M1","genome-wide","DTM","CV2","9","5",0.503577777777778
"M1","genome-wide","HSW","CV2","9","5",0.697188888888889
"M1","genome-wide","PH","CV2","9","5",0.4843
"M1","genome-wide","PPP","CV2","9","5",0.123255555555556
"M1","genome-wide","YPPlnt","CV2","9","5",0.1283
"M1","genome-wide","DTF","CV0","10","5",0.777
"M1","genome-wide","DTM","CV0","10","5",0.6833
"M1","genome-wide","HSW","CV0","10","5",0.7797
"M1","genome-wide","PH","CV0","10","5",0.744
"M1","genome-wide","PPP","CV0","10","5",0.2872
"M1","genome-wide","YPPlnt","CV0","10","5",0.0084
"M1","genome-wide","DTF","CV00","10","5",0.2606
"M1","genome-wide","DTM","CV00","10","5",-0.4078
"M1","genome-wide","HSW","CV00","10","5",-0.1426
"M1","genome-wide","PH","CV00","10","5",-0.2643
"M1","genome-wide","PPP","CV00","10","5",0.4232
"M1","genome-wide","YPPlnt","CV00","10","5",-0.0588
"M1","genome-wide","DTF","CV1","10","5",-0.0660333333333333
"M1","genome-wide","DTM","CV1","10","5",-0.0149444444444444
"M1","genome-wide","HSW","CV1","10","5",-0.0985555555555555
"M1","genome-wide","PH","CV1","10","5",0.148133333333333
"M1","genome-wide","PPP","CV1","10","5",0.0060888888888889
"M1","genome-wide","YPPlnt","CV1","10","5",-0.0450555555555556
"M1","genome-wide","DTF","CV2","10","5",0.567255555555556
"M1","genome-wide","DTM","CV2","10","5",0.4671
"M1","genome-wide","HSW","CV2","10","5",0.730733333333333
"M1","genome-wide","PH","CV2","10","5",0.565277777777778
"M1","genome-wide","PPP","CV2","10","5",0.165522222222222
"M1","genome-wide","YPPlnt","CV2","10","5",0.212644444444444
"M1","haplotype-tagged","DTF","CV0","1","1",0.51665
"M1","haplotype-tagged","DTM","CV0","1","1",0.3372
"M1","haplotype-tagged","HSW","CV0","1","1",0.6789
"M1","haplotype-tagged","PH","CV0","1","1",0.59585
"M1","haplotype-tagged","PPP","CV0","1","1",0.101
"M1","haplotype-tagged","YPPlnt","CV0","1","1",0.15995
"M1","haplotype-tagged","DTF","CV00","1","1",-0.00465
"M1","haplotype-tagged","DTM","CV00","1","1",-0.0913
"M1","haplotype-tagged","HSW","CV00","1","1",0.0402
"M1","haplotype-tagged","PH","CV00","1","1",-0.0258
"M1","haplotype-tagged","PPP","CV00","1","1",-0.1349
"M1","haplotype-tagged","YPPlnt","CV00","1","1",0.0078
"M1","haplotype-tagged","DTF","CV1","1","1",0.0377333333333333
"M1","haplotype-tagged","DTM","CV1","1","1",-0.0448777777777778
"M1","haplotype-tagged","HSW","CV1","1","1",0.0522
"M1","haplotype-tagged","PH","CV1","1","1",0.0339444444444444
"M1","haplotype-tagged","PPP","CV1","1","1",0.0267777777777778
"M1","haplotype-tagged","YPPlnt","CV1","1","1",-0.0886888888888889
"M1","haplotype-tagged","DTF","CV2","1","1",0.615122222222222
"M1","haplotype-tagged","DTM","CV2","1","1",0.433322222222222
"M1","haplotype-tagged","HSW","CV2","1","1",0.801711111111111
"M1","haplotype-tagged","PH","CV2","1","1",0.609955555555556
"M1","haplotype-tagged","PPP","CV2","1","1",0.140055555555556
"M1","haplotype-tagged","YPPlnt","CV2","1","1",0.0842222222222222
"M1","haplotype-tagged","DTF","CV0","2","1",0.68035
"M1","haplotype-tagged","DTM","CV0","2","1",0.4938
"M1","haplotype-tagged","HSW","CV0","2","1",0.80025
"M1","haplotype-tagged","PH","CV0","2","1",0.6392
"M1","haplotype-tagged","PPP","CV0","2","1",0.2031
"M1","haplotype-tagged","YPPlnt","CV0","2","1",0.1595
"M1","haplotype-tagged","DTF","CV00","2","1",0.03855
"M1","haplotype-tagged","DTM","CV00","2","1",-0.05745
"M1","haplotype-tagged","HSW","CV00","2","1",-0.0117
"M1","haplotype-tagged","PH","CV00","2","1",-0.02325
"M1","haplotype-tagged","PPP","CV00","2","1",0.09185
"M1","haplotype-tagged","YPPlnt","CV00","2","1",0.179
"M1","haplotype-tagged","DTF","CV1","2","1",-0.113377777777778
"M1","haplotype-tagged","DTM","CV1","2","1",0.190833333333333
"M1","haplotype-tagged","HSW","CV1","2","1",0.0703666666666667
"M1","haplotype-tagged","PH","CV1","2","1",0.0370666666666667
"M1","haplotype-tagged","PPP","CV1","2","1",-0.0602111111111111
"M1","haplotype-tagged","YPPlnt","CV1","2","1",-0.0234333333333333
"M1","haplotype-tagged","DTF","CV2","2","1",0.585622222222222
"M1","haplotype-tagged","DTM","CV2","2","1",0.493188888888889
"M1","haplotype-tagged","HSW","CV2","2","1",0.754933333333333
"M1","haplotype-tagged","PH","CV2","2","1",0.5926
"M1","haplotype-tagged","PPP","CV2","2","1",0.2137
"M1","haplotype-tagged","YPPlnt","CV2","2","1",0.114555555555556
"M1","haplotype-tagged","DTF","CV0","3","1",0.64155
"M1","haplotype-tagged","DTM","CV0","3","1",0.52915
"M1","haplotype-tagged","HSW","CV0","3","1",0.7244
"M1","haplotype-tagged","PH","CV0","3","1",0.6993
"M1","haplotype-tagged","PPP","CV0","3","1",0.25505
"M1","haplotype-tagged","YPPlnt","CV0","3","1",0.10485
"M1","haplotype-tagged","DTF","CV00","3","1",0.13255
"M1","haplotype-tagged","DTM","CV00","3","1",-0.02705
"M1","haplotype-tagged","HSW","CV00","3","1",-0.06335
"M1","haplotype-tagged","PH","CV00","3","1",-0.05005
"M1","haplotype-tagged","PPP","CV00","3","1",-0.0862
"M1","haplotype-tagged","YPPlnt","CV00","3","1",-0.06735
"M1","haplotype-tagged","DTF","CV1","3","1",0.00626666666666666
"M1","haplotype-tagged","DTM","CV1","3","1",0.165988888888889
"M1","haplotype-tagged","HSW","CV1","3","1",-0.0771777777777778
"M1","haplotype-tagged","PH","CV1","3","1",0.0957333333333333
"M1","haplotype-tagged","PPP","CV1","3","1",0.0134888888888889
"M1","haplotype-tagged","YPPlnt","CV1","3","1",-0.0384888888888889
"M1","haplotype-tagged","DTF","CV2","3","1",0.584811111111111
"M1","haplotype-tagged","DTM","CV2","3","1",0.505266666666667
"M1","haplotype-tagged","HSW","CV2","3","1",0.718177777777778
"M1","haplotype-tagged","PH","CV2","3","1",0.4846
"M1","haplotype-tagged","PPP","CV2","3","1",0.0393555555555556
"M1","haplotype-tagged","YPPlnt","CV2","3","1",0.0976666666666667
"M1","haplotype-tagged","DTF","CV0","4","1",0.60025
"M1","haplotype-tagged","DTM","CV0","4","1",0.49785
"M1","haplotype-tagged","HSW","CV0","4","1",0.7087
"M1","haplotype-tagged","PH","CV0","4","1",0.6836
"M1","haplotype-tagged","PPP","CV0","4","1",0.1235
"M1","haplotype-tagged","YPPlnt","CV0","4","1",0.20735
"M1","haplotype-tagged","DTF","CV00","4","1",-0.2581
"M1","haplotype-tagged","DTM","CV00","4","1",-0.12645
"M1","haplotype-tagged","HSW","CV00","4","1",-0.1745
"M1","haplotype-tagged","PH","CV00","4","1",-0.09875
"M1","haplotype-tagged","PPP","CV00","4","1",0.19415
"M1","haplotype-tagged","YPPlnt","CV00","4","1",0.38975
"M1","haplotype-tagged","DTF","CV1","4","1",-0.105944444444444
"M1","haplotype-tagged","DTM","CV1","4","1",-0.0965111111111111
"M1","haplotype-tagged","HSW","CV1","4","1",0.144111111111111
"M1","haplotype-tagged","PH","CV1","4","1",-0.0305333333333333
"M1","haplotype-tagged","PPP","CV1","4","1",-0.0961111111111111
"M1","haplotype-tagged","YPPlnt","CV1","4","1",-0.0899444444444445
"M1","haplotype-tagged","DTF","CV2","4","1",0.541811111111111
"M1","haplotype-tagged","DTM","CV2","4","1",0.504344444444444
"M1","haplotype-tagged","HSW","CV2","4","1",0.7545
"M1","haplotype-tagged","PH","CV2","4","1",0.6305
"M1","haplotype-tagged","PPP","CV2","4","1",0.129288888888889
"M1","haplotype-tagged","YPPlnt","CV2","4","1",0.118388888888889
"M1","haplotype-tagged","DTF","CV0","5","1",0.63115
"M1","haplotype-tagged","DTM","CV0","5","1",0.47515
"M1","haplotype-tagged","HSW","CV0","5","1",0.7435
"M1","haplotype-tagged","PH","CV0","5","1",0.59625
"M1","haplotype-tagged","PPP","CV0","5","1",0.17885
"M1","haplotype-tagged","YPPlnt","CV0","5","1",0.1058
"M1","haplotype-tagged","DTF","CV00","5","1",-0.08365
"M1","haplotype-tagged","DTM","CV00","5","1",0.07125
"M1","haplotype-tagged","HSW","CV00","5","1",-0.0463
"M1","haplotype-tagged","PH","CV00","5","1",0.07245
"M1","haplotype-tagged","PPP","CV00","5","1",0.06305
"M1","haplotype-tagged","YPPlnt","CV00","5","1",0.0816
"M1","haplotype-tagged","DTF","CV1","5","1",-0.0391444444444444
"M1","haplotype-tagged","DTM","CV1","5","1",-0.0472444444444444
"M1","haplotype-tagged","HSW","CV1","5","1",-0.400211111111111
"M1","haplotype-tagged","PH","CV1","5","1",-0.0757333333333333
"M1","haplotype-tagged","PPP","CV1","5","1",-0.0248666666666667
"M1","haplotype-tagged","YPPlnt","CV1","5","1",-0.0105666666666667
"M1","haplotype-tagged","DTF","CV2","5","1",0.666744444444444
"M1","haplotype-tagged","DTM","CV2","5","1",0.505055555555556
"M1","haplotype-tagged","HSW","CV2","5","1",0.714266666666667
"M1","haplotype-tagged","PH","CV2","5","1",0.527477777777778
"M1","haplotype-tagged","PPP","CV2","5","1",0.159733333333333
"M1","haplotype-tagged","YPPlnt","CV2","5","1",0.105866666666667
"M1","haplotype-tagged","DTF","CV0","6","1",0.5515
"M1","haplotype-tagged","DTM","CV0","6","1",0.377
"M1","haplotype-tagged","HSW","CV0","6","1",0.6727
"M1","haplotype-tagged","PH","CV0","6","1",0.6046
"M1","haplotype-tagged","PPP","CV0","6","1",0.2475
"M1","haplotype-tagged","YPPlnt","CV0","6","1",0.0678
"M1","haplotype-tagged","DTF","CV00","6","1",0.00575
"M1","haplotype-tagged","DTM","CV00","6","1",-0.0273
"M1","haplotype-tagged","HSW","CV00","6","1",0.06365
"M1","haplotype-tagged","PH","CV00","6","1",-0.139
"M1","haplotype-tagged","PPP","CV00","6","1",-0.2233
"M1","haplotype-tagged","YPPlnt","CV00","6","1",0.1048
"M1","haplotype-tagged","DTF","CV1","6","1",0.205844444444444
"M1","haplotype-tagged","DTM","CV1","6","1",0.0786666666666667
"M1","haplotype-tagged","HSW","CV1","6","1",0.00194444444444445
"M1","haplotype-tagged","PH","CV1","6","1",-0.2062
"M1","haplotype-tagged","PPP","CV1","6","1",0.128311111111111
"M1","haplotype-tagged","YPPlnt","CV1","6","1",0.0475222222222222
"M1","haplotype-tagged","DTF","CV2","6","1",0.642977777777778
"M1","haplotype-tagged","DTM","CV2","6","1",0.453022222222222
"M1","haplotype-tagged","HSW","CV2","6","1",0.728411111111111
"M1","haplotype-tagged","PH","CV2","6","1",0.506422222222222
"M1","haplotype-tagged","PPP","CV2","6","1",0.146266666666667
"M1","haplotype-tagged","YPPlnt","CV2","6","1",0.224377777777778
"M1","haplotype-tagged","DTF","CV0","7","1",0.72745
"M1","haplotype-tagged","DTM","CV0","7","1",0.6197
"M1","haplotype-tagged","HSW","CV0","7","1",0.75555
"M1","haplotype-tagged","PH","CV0","7","1",0.70125
"M1","haplotype-tagged","PPP","CV0","7","1",0.21025
"M1","haplotype-tagged","YPPlnt","CV0","7","1",0.11885
"M1","haplotype-tagged","DTF","CV00","7","1",-0.1018
"M1","haplotype-tagged","DTM","CV00","7","1",0.0447
"M1","haplotype-tagged","HSW","CV00","7","1",-0.0943
"M1","haplotype-tagged","PH","CV00","7","1",0.0014
"M1","haplotype-tagged","PPP","CV00","7","1",0.0069
"M1","haplotype-tagged","YPPlnt","CV00","7","1",-0.07675
"M1","haplotype-tagged","DTF","CV1","7","1",0.0257
"M1","haplotype-tagged","DTM","CV1","7","1",-0.139922222222222
"M1","haplotype-tagged","HSW","CV1","7","1",0.209211111111111
"M1","haplotype-tagged","PH","CV1","7","1",0.2398
"M1","haplotype-tagged","PPP","CV1","7","1",0.0436222222222222
"M1","haplotype-tagged","YPPlnt","CV1","7","1",-0.0577888888888889
"M1","haplotype-tagged","DTF","CV2","7","1",0.616644444444444
"M1","haplotype-tagged","DTM","CV2","7","1",0.450533333333333
"M1","haplotype-tagged","HSW","CV2","7","1",0.7567
"M1","haplotype-tagged","PH","CV2","7","1",0.600877777777778
"M1","haplotype-tagged","PPP","CV2","7","1",0.189166666666667
"M1","haplotype-tagged","YPPlnt","CV2","7","1",0.111933333333333
"M1","haplotype-tagged","DTF","CV0","8","1",0.49505
"M1","haplotype-tagged","DTM","CV0","8","1",0.38955
"M1","haplotype-tagged","HSW","CV0","8","1",0.699
"M1","haplotype-tagged","PH","CV0","8","1",0.61145
"M1","haplotype-tagged","PPP","CV0","8","1",0.11935
"M1","haplotype-tagged","YPPlnt","CV0","8","1",0.1383
"M1","haplotype-tagged","DTF","CV00","8","1",0.06295
"M1","haplotype-tagged","DTM","CV00","8","1",-0.1208
"M1","haplotype-tagged","HSW","CV00","8","1",0.13245
"M1","haplotype-tagged","PH","CV00","8","1",0.2016
"M1","haplotype-tagged","PPP","CV00","8","1",0.1058
"M1","haplotype-tagged","YPPlnt","CV00","8","1",-0.1681
"M1","haplotype-tagged","DTF","CV1","8","1",0.135711111111111
"M1","haplotype-tagged","DTM","CV1","8","1",-0.00907777777777778
"M1","haplotype-tagged","HSW","CV1","8","1",0.102833333333333
"M1","haplotype-tagged","PH","CV1","8","1",-0.0120666666666667
"M1","haplotype-tagged","PPP","CV1","8","1",0.0136666666666667
"M1","haplotype-tagged","YPPlnt","CV1","8","1",0.00282222222222222
"M1","haplotype-tagged","DTF","CV2","8","1",0.602966666666667
"M1","haplotype-tagged","DTM","CV2","8","1",0.4471
"M1","haplotype-tagged","HSW","CV2","8","1",0.756422222222222
"M1","haplotype-tagged","PH","CV2","8","1",0.5767
"M1","haplotype-tagged","PPP","CV2","8","1",0.126122222222222
"M1","haplotype-tagged","YPPlnt","CV2","8","1",0.0398555555555555
"M1","haplotype-tagged","DTF","CV0","9","1",0.7781
"M1","haplotype-tagged","DTM","CV0","9","1",0.65985
"M1","haplotype-tagged","HSW","CV0","9","1",0.80725
"M1","haplotype-tagged","PH","CV0","9","1",0.74035
"M1","haplotype-tagged","PPP","CV0","9","1",0.1755
"M1","haplotype-tagged","YPPlnt","CV0","9","1",0.14395
"M1","haplotype-tagged","DTF","CV00","9","1",0.2144
"M1","haplotype-tagged","DTM","CV00","9","1",0.1284
"M1","haplotype-tagged","HSW","CV00","9","1",-0.24915
"M1","haplotype-tagged","PH","CV00","9","1",0.0812
"M1","haplotype-tagged","PPP","CV00","9","1",-0.17775
"M1","haplotype-tagged","YPPlnt","CV00","9","1",0.0577
"M1","haplotype-tagged","DTF","CV1","9","1",-0.0669666666666667
"M1","haplotype-tagged","DTM","CV1","9","1",0.0638666666666667
"M1","haplotype-tagged","HSW","CV1","9","1",-0.0161666666666667
"M1","haplotype-tagged","PH","CV1","9","1",-0.0914444444444445
"M1","haplotype-tagged","PPP","CV1","9","1",-0.0363666666666667
"M1","haplotype-tagged","YPPlnt","CV1","9","1",-0.104866666666667
"M1","haplotype-tagged","DTF","CV2","9","1",0.589444444444444
"M1","haplotype-tagged","DTM","CV2","9","1",0.496433333333333
"M1","haplotype-tagged","HSW","CV2","9","1",0.769288888888889
"M1","haplotype-tagged","PH","CV2","9","1",0.5569
"M1","haplotype-tagged","PPP","CV2","9","1",0.168744444444444
"M1","haplotype-tagged","YPPlnt","CV2","9","1",0.0220777777777778
"M1","haplotype-tagged","DTF","CV0","10","1",0.6835
"M1","haplotype-tagged","DTM","CV0","10","1",0.523
"M1","haplotype-tagged","HSW","CV0","10","1",0.7597
"M1","haplotype-tagged","PH","CV0","10","1",0.743
"M1","haplotype-tagged","PPP","CV0","10","1",0.2706
"M1","haplotype-tagged","YPPlnt","CV0","10","1",0.14665
"M1","haplotype-tagged","DTF","CV00","10","1",-0.0436
"M1","haplotype-tagged","DTM","CV00","10","1",0.01205
"M1","haplotype-tagged","HSW","CV00","10","1",0.1094
"M1","haplotype-tagged","PH","CV00","10","1",0.06125
"M1","haplotype-tagged","PPP","CV00","10","1",-0.22685
"M1","haplotype-tagged","YPPlnt","CV00","10","1",-0.16745
"M1","haplotype-tagged","DTF","CV1","10","1",-0.3196
"M1","haplotype-tagged","DTM","CV1","10","1",-0.0143333333333333
"M1","haplotype-tagged","HSW","CV1","10","1",-0.200433333333333
"M1","haplotype-tagged","PH","CV1","10","1",0.0382777777777778
"M1","haplotype-tagged","PPP","CV1","10","1",0.0791111111111111
"M1","haplotype-tagged","YPPlnt","CV1","10","1",0.0547666666666667
"M1","haplotype-tagged","DTF","CV2","10","1",0.6026
"M1","haplotype-tagged","DTM","CV2","10","1",0.462011111111111
"M1","haplotype-tagged","HSW","CV2","10","1",0.718877777777778
"M1","haplotype-tagged","PH","CV2","10","1",0.575777777777778
"M1","haplotype-tagged","PPP","CV2","10","1",0.140333333333333
"M1","haplotype-tagged","YPPlnt","CV2","10","1",0.106711111111111
"M1","haplotype-tagged","DTF","CV0","1","2",0.6242
"M1","haplotype-tagged","DTM","CV0","1","2",0.46265
"M1","haplotype-tagged","HSW","CV0","1","2",0.78645
"M1","haplotype-tagged","PH","CV0","1","2",0.28895
"M1","haplotype-tagged","PPP","CV0","1","2",0.13155
"M1","haplotype-tagged","YPPlnt","CV0","1","2",0.08025
"M1","haplotype-tagged","DTF","CV00","1","2",0.0594
"M1","haplotype-tagged","DTM","CV00","1","2",-0.114
"M1","haplotype-tagged","HSW","CV00","1","2",-0.19765
"M1","haplotype-tagged","PH","CV00","1","2",-0.1225
"M1","haplotype-tagged","PPP","CV00","1","2",0.14605
"M1","haplotype-tagged","YPPlnt","CV00","1","2",0.29745
"M1","haplotype-tagged","DTF","CV1","1","2",-0.141444444444444
"M1","haplotype-tagged","DTM","CV1","1","2",0.00727777777777778
"M1","haplotype-tagged","HSW","CV1","1","2",0.0403777777777778
"M1","haplotype-tagged","PH","CV1","1","2",-0.0663777777777778
"M1","haplotype-tagged","PPP","CV1","1","2",-0.101477777777778
"M1","haplotype-tagged","YPPlnt","CV1","1","2",0.00513333333333334
"M1","haplotype-tagged","DTF","CV2","1","2",0.601644444444444
"M1","haplotype-tagged","DTM","CV2","1","2",0.446788888888889
"M1","haplotype-tagged","HSW","CV2","1","2",0.665433333333333
"M1","haplotype-tagged","PH","CV2","1","2",0.563155555555556
"M1","haplotype-tagged","PPP","CV2","1","2",0.103777777777778
"M1","haplotype-tagged","YPPlnt","CV2","1","2",0.0650888888888889
"M1","haplotype-tagged","DTF","CV0","2","2",0.64655
"M1","haplotype-tagged","DTM","CV0","2","2",0.53255
"M1","haplotype-tagged","HSW","CV0","2","2",0.77525
"M1","haplotype-tagged","PH","CV0","2","2",0.65435
"M1","haplotype-tagged","PPP","CV0","2","2",0.10785
"M1","haplotype-tagged","YPPlnt","CV0","2","2",0.17365
"M1","haplotype-tagged","DTF","CV00","2","2",-0.0403
"M1","haplotype-tagged","DTM","CV00","2","2",0.01135
"M1","haplotype-tagged","HSW","CV00","2","2",-0.0509
"M1","haplotype-tagged","PH","CV00","2","2",-0.1012
"M1","haplotype-tagged","PPP","CV00","2","2",0.3139
"M1","haplotype-tagged","YPPlnt","CV00","2","2",-0.01245
"M1","haplotype-tagged","DTF","CV1","2","2",-0.102088888888889
"M1","haplotype-tagged","DTM","CV1","2","2",0.0733111111111111
"M1","haplotype-tagged","HSW","CV1","2","2",0.0355888888888889
"M1","haplotype-tagged","PH","CV1","2","2",0.1155
"M1","haplotype-tagged","PPP","CV1","2","2",-0.0484555555555556
"M1","haplotype-tagged","YPPlnt","CV1","2","2",-0.0442555555555556
"M1","haplotype-tagged","DTF","CV2","2","2",0.634244444444444
"M1","haplotype-tagged","DTM","CV2","2","2",0.4313
"M1","haplotype-tagged","HSW","CV2","2","2",0.784555555555556
"M1","haplotype-tagged","PH","CV2","2","2",0.469744444444444
"M1","haplotype-tagged","PPP","CV2","2","2",0.095
"M1","haplotype-tagged","YPPlnt","CV2","2","2",0.153322222222222
"M1","haplotype-tagged","DTF","CV0","3","2",0.6402
"M1","haplotype-tagged","DTM","CV0","3","2",0.5305
"M1","haplotype-tagged","HSW","CV0","3","2",0.75095
"M1","haplotype-tagged","PH","CV0","3","2",0.59045
"M1","haplotype-tagged","PPP","CV0","3","2",0.21035
"M1","haplotype-tagged","YPPlnt","CV0","3","2",0.1059
"M1","haplotype-tagged","DTF","CV00","3","2",0.0402
"M1","haplotype-tagged","DTM","CV00","3","2",0.15975
"M1","haplotype-tagged","HSW","CV00","3","2",-0.36165
"M1","haplotype-tagged","PH","CV00","3","2",0.0632
"M1","haplotype-tagged","PPP","CV00","3","2",-0.1803
"M1","haplotype-tagged","YPPlnt","CV00","3","2",-0.08185
"M1","haplotype-tagged","DTF","CV1","3","2",0.0247111111111111
"M1","haplotype-tagged","DTM","CV1","3","2",0.136333333333333
"M1","haplotype-tagged","HSW","CV1","3","2",0.233133333333333
"M1","haplotype-tagged","PH","CV1","3","2",0.0200666666666667
"M1","haplotype-tagged","PPP","CV1","3","2",0.000488888888888882
"M1","haplotype-tagged","YPPlnt","CV1","3","2",-0.0207111111111111
"M1","haplotype-tagged","DTF","CV2","3","2",0.591855555555556
"M1","haplotype-tagged","DTM","CV2","3","2",0.528488888888889
"M1","haplotype-tagged","HSW","CV2","3","2",0.761077777777778
"M1","haplotype-tagged","PH","CV2","3","2",0.615088888888889
"M1","haplotype-tagged","PPP","CV2","3","2",0.194822222222222
"M1","haplotype-tagged","YPPlnt","CV2","3","2",0.130377777777778
"M1","haplotype-tagged","DTF","CV0","4","2",0.49455
"M1","haplotype-tagged","DTM","CV0","4","2",0.389
"M1","haplotype-tagged","HSW","CV0","4","2",0.6984
"M1","haplotype-tagged","PH","CV0","4","2",0.61165
"M1","haplotype-tagged","PPP","CV0","4","2",0.1204
"M1","haplotype-tagged","YPPlnt","CV0","4","2",0.14085
"M1","haplotype-tagged","DTF","CV00","4","2",-0.04435
"M1","haplotype-tagged","DTM","CV00","4","2",0.09015
"M1","haplotype-tagged","HSW","CV00","4","2",-0.06615
"M1","haplotype-tagged","PH","CV00","4","2",-0.1398
"M1","haplotype-tagged","PPP","CV00","4","2",-0.08875
"M1","haplotype-tagged","YPPlnt","CV00","4","2",-0.08705
"M1","haplotype-tagged","DTF","CV1","4","2",0.0594888888888889
"M1","haplotype-tagged","DTM","CV1","4","2",-0.00781111111111111
"M1","haplotype-tagged","HSW","CV1","4","2",-0.0196333333333333
"M1","haplotype-tagged","PH","CV1","4","2",-0.123188888888889
"M1","haplotype-tagged","PPP","CV1","4","2",0.00326666666666667
"M1","haplotype-tagged","YPPlnt","CV1","4","2",-0.0110888888888889
"M1","haplotype-tagged","DTF","CV2","4","2",0.630977777777778
"M1","haplotype-tagged","DTM","CV2","4","2",0.5181
"M1","haplotype-tagged","HSW","CV2","4","2",0.784122222222222
"M1","haplotype-tagged","PH","CV2","4","2",0.520011111111111
"M1","haplotype-tagged","PPP","CV2","4","2",0.195022222222222
"M1","haplotype-tagged","YPPlnt","CV2","4","2",0.0543333333333333
"M1","haplotype-tagged","DTF","CV0","5","2",0.64185
"M1","haplotype-tagged","DTM","CV0","5","2",0.5858
"M1","haplotype-tagged","HSW","CV0","5","2",0.7886
"M1","haplotype-tagged","PH","CV0","5","2",0.3985
"M1","haplotype-tagged","PPP","CV0","5","2",0.0648
"M1","haplotype-tagged","YPPlnt","CV0","5","2",0.20125
"M1","haplotype-tagged","DTF","CV00","5","2",-0.1248
"M1","haplotype-tagged","DTM","CV00","5","2",-0.0451
"M1","haplotype-tagged","HSW","CV00","5","2",-0.34315
"M1","haplotype-tagged","PH","CV00","5","2",0.2581
"M1","haplotype-tagged","PPP","CV00","5","2",0.22845
"M1","haplotype-tagged","YPPlnt","CV00","5","2",0.03075
"M1","haplotype-tagged","DTF","CV1","5","2",0.171777777777778
"M1","haplotype-tagged","DTM","CV1","5","2",-0.0428222222222222
"M1","haplotype-tagged","HSW","CV1","5","2",-0.310855555555556
"M1","haplotype-tagged","PH","CV1","5","2",-0.0841333333333333
"M1","haplotype-tagged","PPP","CV1","5","2",-0.0275666666666667
"M1","haplotype-tagged","YPPlnt","CV1","5","2",0.00214444444444444
"M1","haplotype-tagged","DTF","CV2","5","2",0.656211111111111
"M1","haplotype-tagged","DTM","CV2","5","2",0.471733333333333
"M1","haplotype-tagged","HSW","CV2","5","2",0.7202
"M1","haplotype-tagged","PH","CV2","5","2",0.630366666666667
"M1","haplotype-tagged","PPP","CV2","5","2",0.185611111111111
"M1","haplotype-tagged","YPPlnt","CV2","5","2",0.0570888888888889
"M1","haplotype-tagged","DTF","CV0","6","2",0.6926
"M1","haplotype-tagged","DTM","CV0","6","2",0.5766
"M1","haplotype-tagged","HSW","CV0","6","2",0.7896
"M1","haplotype-tagged","PH","CV0","6","2",0.43795
"M1","haplotype-tagged","PPP","CV0","6","2",0.1452
"M1","haplotype-tagged","YPPlnt","CV0","6","2",0.07155
"M1","haplotype-tagged","DTF","CV00","6","2",-0.2423
"M1","haplotype-tagged","DTM","CV00","6","2",-0.0105
"M1","haplotype-tagged","HSW","CV00","6","2",0.0684
"M1","haplotype-tagged","PH","CV00","6","2",-0.00625
"M1","haplotype-tagged","PPP","CV00","6","2",0.085
"M1","haplotype-tagged","YPPlnt","CV00","6","2",-0.2163
"M1","haplotype-tagged","DTF","CV1","6","2",-0.0428444444444444
"M1","haplotype-tagged","DTM","CV1","6","2",0.225177777777778
"M1","haplotype-tagged","HSW","CV1","6","2",-0.0770666666666667
"M1","haplotype-tagged","PH","CV1","6","2",0.00406666666666666
"M1","haplotype-tagged","PPP","CV1","6","2",0.0424555555555556
"M1","haplotype-tagged","YPPlnt","CV1","6","2",-0.0556
"M1","haplotype-tagged","DTF","CV2","6","2",0.574833333333333
"M1","haplotype-tagged","DTM","CV2","6","2",0.4771
"M1","haplotype-tagged","HSW","CV2","6","2",0.723755555555555
"M1","haplotype-tagged","PH","CV2","6","2",0.498366666666667
"M1","haplotype-tagged","PPP","CV2","6","2",0.229488888888889
"M1","haplotype-tagged","YPPlnt","CV2","6","2",0.299077777777778
"M1","haplotype-tagged","DTF","CV0","7","2",0.68315
"M1","haplotype-tagged","DTM","CV0","7","2",0.52305
"M1","haplotype-tagged","HSW","CV0","7","2",0.7607
"M1","haplotype-tagged","PH","CV0","7","2",0.7415
"M1","haplotype-tagged","PPP","CV0","7","2",0.2727
"M1","haplotype-tagged","YPPlnt","CV0","7","2",0.15155
"M1","haplotype-tagged","DTF","CV00","7","2",0.00435000000000001
"M1","haplotype-tagged","DTM","CV00","7","2",0.09605
"M1","haplotype-tagged","HSW","CV00","7","2",0.12515
"M1","haplotype-tagged","PH","CV00","7","2",0.08625
"M1","haplotype-tagged","PPP","CV00","7","2",0.2416
"M1","haplotype-tagged","YPPlnt","CV00","7","2",-0.053
"M1","haplotype-tagged","DTF","CV1","7","2",-0.121844444444444
"M1","haplotype-tagged","DTM","CV1","7","2",0.0659222222222222
"M1","haplotype-tagged","HSW","CV1","7","2",-0.0116666666666667
"M1","haplotype-tagged","PH","CV1","7","2",-0.191844444444444
"M1","haplotype-tagged","PPP","CV1","7","2",0.0550333333333333
"M1","haplotype-tagged","YPPlnt","CV1","7","2",-0.0223888888888889
"M1","haplotype-tagged","DTF","CV2","7","2",0.623622222222222
"M1","haplotype-tagged","DTM","CV2","7","2",0.541355555555556
"M1","haplotype-tagged","HSW","CV2","7","2",0.755844444444444
"M1","haplotype-tagged","PH","CV2","7","2",0.589266666666667
"M1","haplotype-tagged","PPP","CV2","7","2",0.0889777777777778
"M1","haplotype-tagged","YPPlnt","CV2","7","2",0.075
"M1","haplotype-tagged","DTF","CV0","8","2",0.70805
"M1","haplotype-tagged","DTM","CV0","8","2",0.5736
"M1","haplotype-tagged","HSW","CV0","8","2",0.7902
"M1","haplotype-tagged","PH","CV0","8","2",0.6193
"M1","haplotype-tagged","PPP","CV0","8","2",0.23245
"M1","haplotype-tagged","YPPlnt","CV0","8","2",0.0389
"M1","haplotype-tagged","DTF","CV00","8","2",0.0802
"M1","haplotype-tagged","DTM","CV00","8","2",-0.19915
"M1","haplotype-tagged","HSW","CV00","8","2",0.04195
"M1","haplotype-tagged","PH","CV00","8","2",-0.0227
"M1","haplotype-tagged","PPP","CV00","8","2",-0.12755
"M1","haplotype-tagged","YPPlnt","CV00","8","2",0.07305
"M1","haplotype-tagged","DTF","CV1","8","2",-0.123011111111111
"M1","haplotype-tagged","DTM","CV1","8","2",0.0821666666666667
"M1","haplotype-tagged","HSW","CV1","8","2",0.278066666666667
"M1","haplotype-tagged","PH","CV1","8","2",0.0294222222222222
"M1","haplotype-tagged","PPP","CV1","8","2",0.0307444444444444
"M1","haplotype-tagged","YPPlnt","CV1","8","2",0.042
"M1","haplotype-tagged","DTF","CV2","8","2",0.5612
"M1","haplotype-tagged","DTM","CV2","8","2",0.5245
"M1","haplotype-tagged","HSW","CV2","8","2",0.7875
"M1","haplotype-tagged","PH","CV2","8","2",0.6257
"M1","haplotype-tagged","PPP","CV2","8","2",0.191233333333333
"M1","haplotype-tagged","YPPlnt","CV2","8","2",0.102377777777778
"M1","haplotype-tagged","DTF","CV0","9","2",0.6818
"M1","haplotype-tagged","DTM","CV0","9","2",0.5243
"M1","haplotype-tagged","HSW","CV0","9","2",0.78275
"M1","haplotype-tagged","PH","CV0","9","2",0.6843
"M1","haplotype-tagged","PPP","CV0","9","2",0.1426
"M1","haplotype-tagged","YPPlnt","CV0","9","2",0.1
"M1","haplotype-tagged","DTF","CV00","9","2",-0.0195
"M1","haplotype-tagged","DTM","CV00","9","2",0.1176
"M1","haplotype-tagged","HSW","CV00","9","2",0.13425
"M1","haplotype-tagged","PH","CV00","9","2",-0.22535
"M1","haplotype-tagged","PPP","CV00","9","2",-0.1766
"M1","haplotype-tagged","YPPlnt","CV00","9","2",-0.0905
"M1","haplotype-tagged","DTF","CV1","9","2",-0.0910555555555556
"M1","haplotype-tagged","DTM","CV1","9","2",0.0407777777777778
"M1","haplotype-tagged","HSW","CV1","9","2",0.170244444444444
"M1","haplotype-tagged","PH","CV1","9","2",0.00395555555555556
"M1","haplotype-tagged","PPP","CV1","9","2",-0.0613777777777778
"M1","haplotype-tagged","YPPlnt","CV1","9","2",0.0365777777777778
"M1","haplotype-tagged","DTF","CV2","9","2",0.596133333333333
"M1","haplotype-tagged","DTM","CV2","9","2",0.461011111111111
"M1","haplotype-tagged","HSW","CV2","9","2",0.738755555555555
"M1","haplotype-tagged","PH","CV2","9","2",0.604933333333333
"M1","haplotype-tagged","PPP","CV2","9","2",0.147588888888889
"M1","haplotype-tagged","YPPlnt","CV2","9","2",0.145022222222222
"M1","haplotype-tagged","DTF","CV0","10","2",0.6238
"M1","haplotype-tagged","DTM","CV0","10","2",0.4622
"M1","haplotype-tagged","HSW","CV0","10","2",0.7865
"M1","haplotype-tagged","PH","CV0","10","2",0.28845
"M1","haplotype-tagged","PPP","CV0","10","2",0.1316
"M1","haplotype-tagged","YPPlnt","CV0","10","2",0.07965
"M1","haplotype-tagged","DTF","CV00","10","2",0.08665
"M1","haplotype-tagged","DTM","CV00","10","2",0.06675
"M1","haplotype-tagged","HSW","CV00","10","2",-0.12525
"M1","haplotype-tagged","PH","CV00","10","2",0.2102
"M1","haplotype-tagged","PPP","CV00","10","2",0.0251
"M1","haplotype-tagged","YPPlnt","CV00","10","2",0.1861
"M1","haplotype-tagged","DTF","CV1","10","2",0.00715555555555555
"M1","haplotype-tagged","DTM","CV1","10","2",-0.0408666666666667
"M1","haplotype-tagged","HSW","CV1","10","2",-0.108055555555556
"M1","haplotype-tagged","PH","CV1","10","2",-0.00343333333333334
"M1","haplotype-tagged","PPP","CV1","10","2",-0.136011111111111
"M1","haplotype-tagged","YPPlnt","CV1","10","2",-0.0157777777777778
"M1","haplotype-tagged","DTF","CV2","10","2",0.644122222222222
"M1","haplotype-tagged","DTM","CV2","10","2",0.514255555555556
"M1","haplotype-tagged","HSW","CV2","10","2",0.766755555555556
"M1","haplotype-tagged","PH","CV2","10","2",0.589622222222222
"M1","haplotype-tagged","PPP","CV2","10","2",0.130711111111111
"M1","haplotype-tagged","YPPlnt","CV2","10","2",0.0971666666666667
"M1","haplotype-tagged","DTF","CV0","1","3",0.64695
"M1","haplotype-tagged","DTM","CV0","1","3",0.53375
"M1","haplotype-tagged","HSW","CV0","1","3",0.7753
"M1","haplotype-tagged","PH","CV0","1","3",0.6524
"M1","haplotype-tagged","PPP","CV0","1","3",0.1027
"M1","haplotype-tagged","YPPlnt","CV0","1","3",0.17965
"M1","haplotype-tagged","DTF","CV00","1","3",0.1555
"M1","haplotype-tagged","DTM","CV00","1","3",0.04035
"M1","haplotype-tagged","HSW","CV00","1","3",-0.35835
"M1","haplotype-tagged","PH","CV00","1","3",0.0281
"M1","haplotype-tagged","PPP","CV00","1","3",0.0559
"M1","haplotype-tagged","YPPlnt","CV00","1","3",0.0382
"M1","haplotype-tagged","DTF","CV1","1","3",0.0218888888888889
"M1","haplotype-tagged","DTM","CV1","1","3",0.105588888888889
"M1","haplotype-tagged","HSW","CV1","1","3",-0.0172
"M1","haplotype-tagged","PH","CV1","1","3",-0.104211111111111
"M1","haplotype-tagged","PPP","CV1","1","3",0.0729666666666667
"M1","haplotype-tagged","YPPlnt","CV1","1","3",-0.140844444444444
"M1","haplotype-tagged","DTF","CV2","1","3",0.585288888888889
"M1","haplotype-tagged","DTM","CV2","1","3",0.511466666666667
"M1","haplotype-tagged","HSW","CV2","1","3",0.706488888888889
"M1","haplotype-tagged","PH","CV2","1","3",0.509877777777778
"M1","haplotype-tagged","PPP","CV2","1","3",0.118377777777778
"M1","haplotype-tagged","YPPlnt","CV2","1","3",0.197011111111111
"M1","haplotype-tagged","DTF","CV0","2","3",0.5516
"M1","haplotype-tagged","DTM","CV0","2","3",0.38005
"M1","haplotype-tagged","HSW","CV0","2","3",0.6727
"M1","haplotype-tagged","PH","CV0","2","3",0.60235
"M1","haplotype-tagged","PPP","CV0","2","3",0.25195
"M1","haplotype-tagged","YPPlnt","CV0","2","3",0.06495
"M1","haplotype-tagged","DTF","CV00","2","3",-0.00835
"M1","haplotype-tagged","DTM","CV00","2","3",0.08695
"M1","haplotype-tagged","HSW","CV00","2","3",0.20115
"M1","haplotype-tagged","PH","CV00","2","3",0.0159
"M1","haplotype-tagged","PPP","CV00","2","3",-0.01325
"M1","haplotype-tagged","YPPlnt","CV00","2","3",0.1187
"M1","haplotype-tagged","DTF","CV1","2","3",-0.1354
"M1","haplotype-tagged","DTM","CV1","2","3",0.0164222222222222
"M1","haplotype-tagged","HSW","CV1","2","3",-0.130544444444444
"M1","haplotype-tagged","PH","CV1","2","3",-0.0898111111111111
"M1","haplotype-tagged","PPP","CV1","2","3",0.103677777777778
"M1","haplotype-tagged","YPPlnt","CV1","2","3",-0.0305222222222222
"M1","haplotype-tagged","DTF","CV2","2","3",0.6562
"M1","haplotype-tagged","DTM","CV2","2","3",0.524
"M1","haplotype-tagged","HSW","CV2","2","3",0.7441
"M1","haplotype-tagged","PH","CV2","2","3",0.563
"M1","haplotype-tagged","PPP","CV2","2","3",0.0988888888888889
"M1","haplotype-tagged","YPPlnt","CV2","2","3",0.174444444444444
"M1","haplotype-tagged","DTF","CV0","3","3",0.6798
"M1","haplotype-tagged","DTM","CV0","3","3",0.49285
"M1","haplotype-tagged","HSW","CV0","3","3",0.79995
"M1","haplotype-tagged","PH","CV0","3","3",0.63755
"M1","haplotype-tagged","PPP","CV0","3","3",0.2045
"M1","haplotype-tagged","YPPlnt","CV0","3","3",0.1551
"M1","haplotype-tagged","DTF","CV00","3","3",0.0854
"M1","haplotype-tagged","DTM","CV00","3","3",0.05505
"M1","haplotype-tagged","HSW","CV00","3","3",0.1001
"M1","haplotype-tagged","PH","CV00","3","3",0.11275
"M1","haplotype-tagged","PPP","CV00","3","3",0.1666
"M1","haplotype-tagged","YPPlnt","CV00","3","3",0.305
"M1","haplotype-tagged","DTF","CV1","3","3",0.0647
"M1","haplotype-tagged","DTM","CV1","3","3",0.0476
"M1","haplotype-tagged","HSW","CV1","3","3",0.172533333333333
"M1","haplotype-tagged","PH","CV1","3","3",-0.124611111111111
"M1","haplotype-tagged","PPP","CV1","3","3",0.0673444444444445
"M1","haplotype-tagged","YPPlnt","CV1","3","3",-0.0792
"M1","haplotype-tagged","DTF","CV2","3","3",0.590566666666667
"M1","haplotype-tagged","DTM","CV2","3","3",0.458622222222222
"M1","haplotype-tagged","HSW","CV2","3","3",0.774055555555556
"M1","haplotype-tagged","PH","CV2","3","3",0.575922222222222
"M1","haplotype-tagged","PPP","CV2","3","3",0.203455555555556
"M1","haplotype-tagged","YPPlnt","CV2","3","3",0.0544666666666667
"M1","haplotype-tagged","DTF","CV0","4","3",0.6794
"M1","haplotype-tagged","DTM","CV0","4","3",0.4957
"M1","haplotype-tagged","HSW","CV0","4","3",0.7994
"M1","haplotype-tagged","PH","CV0","4","3",0.6395
"M1","haplotype-tagged","PPP","CV0","4","3",0.20705
"M1","haplotype-tagged","YPPlnt","CV0","4","3",0.1624
"M1","haplotype-tagged","DTF","CV00","4","3",0.01785
"M1","haplotype-tagged","DTM","CV00","4","3",0.14445
"M1","haplotype-tagged","HSW","CV00","4","3",0.01135
"M1","haplotype-tagged","PH","CV00","4","3",0.0535
"M1","haplotype-tagged","PPP","CV00","4","3",0.01855
"M1","haplotype-tagged","YPPlnt","CV00","4","3",-0.00225
"M1","haplotype-tagged","DTF","CV1","4","3",0.197633333333333
"M1","haplotype-tagged","DTM","CV1","4","3",-0.177333333333333
"M1","haplotype-tagged","HSW","CV1","4","3",0.101533333333333
"M1","haplotype-tagged","PH","CV1","4","3",0.0454
"M1","haplotype-tagged","PPP","CV1","4","3",-0.109022222222222
"M1","haplotype-tagged","YPPlnt","CV1","4","3",0.0167666666666667
"M1","haplotype-tagged","DTF","CV2","4","3",0.559055555555556
"M1","haplotype-tagged","DTM","CV2","4","3",0.512577777777778
"M1","haplotype-tagged","HSW","CV2","4","3",0.708588888888889
"M1","haplotype-tagged","PH","CV2","4","3",0.5551
"M1","haplotype-tagged","PPP","CV2","4","3",0.0459333333333333
"M1","haplotype-tagged","YPPlnt","CV2","4","3",0.146633333333333
"M1","haplotype-tagged","DTF","CV0","5","3",0.55155
"M1","haplotype-tagged","DTM","CV0","5","3",0.3782
"M1","haplotype-tagged","HSW","CV0","5","3",0.6712
"M1","haplotype-tagged","PH","CV0","5","3",0.60215
"M1","haplotype-tagged","PPP","CV0","5","3",0.25415
"M1","haplotype-tagged","YPPlnt","CV0","5","3",0.06615
"M1","haplotype-tagged","DTF","CV00","5","3",0.07305
"M1","haplotype-tagged","DTM","CV00","5","3",-0.11505
"M1","haplotype-tagged","HSW","CV00","5","3",0.21425
"M1","haplotype-tagged","PH","CV00","5","3",-0.076
"M1","haplotype-tagged","PPP","CV00","5","3",-0.0703
"M1","haplotype-tagged","YPPlnt","CV00","5","3",0.041
"M1","haplotype-tagged","DTF","CV1","5","3",0.0282555555555556
"M1","haplotype-tagged","DTM","CV1","5","3",-0.0171777777777778
"M1","haplotype-tagged","HSW","CV1","5","3",0.0921888888888889
"M1","haplotype-tagged","PH","CV1","5","3",-0.125844444444444
"M1","haplotype-tagged","PPP","CV1","5","3",-0.0280555555555556
"M1","haplotype-tagged","YPPlnt","CV1","5","3",0.00643333333333333
"M1","haplotype-tagged","DTF","CV2","5","3",0.648622222222222
"M1","haplotype-tagged","DTM","CV2","5","3",0.47
"M1","haplotype-tagged","HSW","CV2","5","3",0.732977777777778
"M1","haplotype-tagged","PH","CV2","5","3",0.566744444444444
"M1","haplotype-tagged","PPP","CV2","5","3",0.104477777777778
"M1","haplotype-tagged","YPPlnt","CV2","5","3",0.146277777777778
"M1","haplotype-tagged","DTF","CV0","6","3",0.6036
"M1","haplotype-tagged","DTM","CV0","6","3",0.47125
"M1","haplotype-tagged","HSW","CV0","6","3",0.74
"M1","haplotype-tagged","PH","CV0","6","3",0.5712
"M1","haplotype-tagged","PPP","CV0","6","3",0.05635
"M1","haplotype-tagged","YPPlnt","CV0","6","3",0.165
"M1","haplotype-tagged","DTF","CV00","6","3",-0.0201
"M1","haplotype-tagged","DTM","CV00","6","3",-0.27365
"M1","haplotype-tagged","HSW","CV00","6","3",-0.30485
"M1","haplotype-tagged","PH","CV00","6","3",-0.14905
"M1","haplotype-tagged","PPP","CV00","6","3",0.05785
"M1","haplotype-tagged","YPPlnt","CV00","6","3",-0.13995
"M1","haplotype-tagged","DTF","CV1","6","3",-0.0422666666666667
"M1","haplotype-tagged","DTM","CV1","6","3",0.0126777777777778
"M1","haplotype-tagged","HSW","CV1","6","3",0.0550777777777778
"M1","haplotype-tagged","PH","CV1","6","3",-0.103777777777778
"M1","haplotype-tagged","PPP","CV1","6","3",0.0608777777777778
"M1","haplotype-tagged","YPPlnt","CV1","6","3",-0.00762222222222222
"M1","haplotype-tagged","DTF","CV2","6","3",0.599177777777778
"M1","haplotype-tagged","DTM","CV2","6","3",0.447955555555556
"M1","haplotype-tagged","HSW","CV2","6","3",0.747188888888889
"M1","haplotype-tagged","PH","CV2","6","3",0.634633333333333
"M1","haplotype-tagged","PPP","CV2","6","3",0.0618555555555556
"M1","haplotype-tagged","YPPlnt","CV2","6","3",0.113355555555556
"M1","haplotype-tagged","DTF","CV0","7","3",0.4952
"M1","haplotype-tagged","DTM","CV0","7","3",0.3868
"M1","haplotype-tagged","HSW","CV0","7","3",0.69885
"M1","haplotype-tagged","PH","CV0","7","3",0.612
"M1","haplotype-tagged","PPP","CV0","7","3",0.12395
"M1","haplotype-tagged","YPPlnt","CV0","7","3",0.14225
"M1","haplotype-tagged","DTF","CV00","7","3",-0.2465
"M1","haplotype-tagged","DTM","CV00","7","3",0.03295
"M1","haplotype-tagged","HSW","CV00","7","3",0.2675
"M1","haplotype-tagged","PH","CV00","7","3",-0.16295
"M1","haplotype-tagged","PPP","CV00","7","3",-0.0568
"M1","haplotype-tagged","YPPlnt","CV00","7","3",0.10825
"M1","haplotype-tagged","DTF","CV1","7","3",0.0607888888888889
"M1","haplotype-tagged","DTM","CV1","7","3",-0.0416666666666667
"M1","haplotype-tagged","HSW","CV1","7","3",-0.0833888888888889
"M1","haplotype-tagged","PH","CV1","7","3",0.0127222222222222
"M1","haplotype-tagged","PPP","CV1","7","3",0.0142111111111111
"M1","haplotype-tagged","YPPlnt","CV1","7","3",-0.0642777777777778
"M1","haplotype-tagged","DTF","CV2","7","3",0.523277777777778
"M1","haplotype-tagged","DTM","CV2","7","3",0.343722222222222
"M1","haplotype-tagged","HSW","CV2","7","3",0.740922222222222
"M1","haplotype-tagged","PH","CV2","7","3",0.548066666666667
"M1","haplotype-tagged","PPP","CV2","7","3",0.108977777777778
"M1","haplotype-tagged","YPPlnt","CV2","7","3",0.112088888888889
"M1","haplotype-tagged","DTF","CV0","8","3",0.72705
"M1","haplotype-tagged","DTM","CV0","8","3",0.62215
"M1","haplotype-tagged","HSW","CV0","8","3",0.75595
"M1","haplotype-tagged","PH","CV0","8","3",0.70165
"M1","haplotype-tagged","PPP","CV0","8","3",0.2075
"M1","haplotype-tagged","YPPlnt","CV0","8","3",0.11405
"M1","haplotype-tagged","DTF","CV00","8","3",0.0024
"M1","haplotype-tagged","DTM","CV00","8","3",-0.0396
"M1","haplotype-tagged","HSW","CV00","8","3",0.1024
"M1","haplotype-tagged","PH","CV00","8","3",0.07725
"M1","haplotype-tagged","PPP","CV00","8","3",0.0296
"M1","haplotype-tagged","YPPlnt","CV00","8","3",-0.13365
"M1","haplotype-tagged","DTF","CV1","8","3",0.103922222222222
"M1","haplotype-tagged","DTM","CV1","8","3",-0.0977666666666667
"M1","haplotype-tagged","HSW","CV1","8","3",0.00812222222222223
"M1","haplotype-tagged","PH","CV1","8","3",-0.173733333333333
"M1","haplotype-tagged","PPP","CV1","8","3",0.0921222222222222
"M1","haplotype-tagged","YPPlnt","CV1","8","3",0.0429666666666667
"M1","haplotype-tagged","DTF","CV2","8","3",0.570411111111111
"M1","haplotype-tagged","DTM","CV2","8","3",0.449211111111111
"M1","haplotype-tagged","HSW","CV2","8","3",0.732755555555555
"M1","haplotype-tagged","PH","CV2","8","3",0.557922222222222
"M1","haplotype-tagged","PPP","CV2","8","3",0.134844444444444
"M1","haplotype-tagged","YPPlnt","CV2","8","3",0.0840777777777778
"M1","haplotype-tagged","DTF","CV0","9","3",0.6228
"M1","haplotype-tagged","DTM","CV0","9","3",0.46175
"M1","haplotype-tagged","HSW","CV0","9","3",0.7863
"M1","haplotype-tagged","PH","CV0","9","3",0.2867
"M1","haplotype-tagged","PPP","CV0","9","3",0.1307
"M1","haplotype-tagged","YPPlnt","CV0","9","3",0.0807
"M1","haplotype-tagged","DTF","CV00","9","3",0.1317
"M1","haplotype-tagged","DTM","CV00","9","3",0.3171
"M1","haplotype-tagged","HSW","CV00","9","3",-0.08235
"M1","haplotype-tagged","PH","CV00","9","3",-0.15355
"M1","haplotype-tagged","PPP","CV00","9","3",-0.06165
"M1","haplotype-tagged","YPPlnt","CV00","9","3",-0.1421
"M1","haplotype-tagged","DTF","CV1","9","3",-0.0317555555555556
"M1","haplotype-tagged","DTM","CV1","9","3",-0.00242222222222222
"M1","haplotype-tagged","HSW","CV1","9","3",0.131533333333333
"M1","haplotype-tagged","PH","CV1","9","3",-0.0416444444444444
"M1","haplotype-tagged","PPP","CV1","9","3",0.0524666666666667
"M1","haplotype-tagged","YPPlnt","CV1","9","3",0.168255555555556
"M1","haplotype-tagged","DTF","CV2","9","3",0.607122222222222
"M1","haplotype-tagged","DTM","CV2","9","3",0.4789
"M1","haplotype-tagged","HSW","CV2","9","3",0.754511111111111
"M1","haplotype-tagged","PH","CV2","9","3",0.532266666666667
"M1","haplotype-tagged","PPP","CV2","9","3",0.152011111111111
"M1","haplotype-tagged","YPPlnt","CV2","9","3",0.0726111111111111
"M1","haplotype-tagged","DTF","CV0","10","3",0.43405
"M1","haplotype-tagged","DTM","CV0","10","3",0.33825
"M1","haplotype-tagged","HSW","CV0","10","3",0.613
"M1","haplotype-tagged","PH","CV0","10","3",0.53775
"M1","haplotype-tagged","PPP","CV0","10","3",0.0768
"M1","haplotype-tagged","YPPlnt","CV0","10","3",0.0783
"M1","haplotype-tagged","DTF","CV00","10","3",0.1238
"M1","haplotype-tagged","DTM","CV00","10","3",-0.0101
"M1","haplotype-tagged","HSW","CV00","10","3",0.02315
"M1","haplotype-tagged","PH","CV00","10","3",0.2581
"M1","haplotype-tagged","PPP","CV00","10","3",0.16685
"M1","haplotype-tagged","YPPlnt","CV00","10","3",0.1905
"M1","haplotype-tagged","DTF","CV1","10","3",-0.0191444444444445
"M1","haplotype-tagged","DTM","CV1","10","3",0.210588888888889
"M1","haplotype-tagged","HSW","CV1","10","3",0.0981222222222222
"M1","haplotype-tagged","PH","CV1","10","3",0.203166666666667
"M1","haplotype-tagged","PPP","CV1","10","3",0.0188444444444445
"M1","haplotype-tagged","YPPlnt","CV1","10","3",0.0402333333333333
"M1","haplotype-tagged","DTF","CV2","10","3",0.544377777777778
"M1","haplotype-tagged","DTM","CV2","10","3",0.471577777777778
"M1","haplotype-tagged","HSW","CV2","10","3",0.7859
"M1","haplotype-tagged","PH","CV2","10","3",0.547044444444444
"M1","haplotype-tagged","PPP","CV2","10","3",0.194844444444444
"M1","haplotype-tagged","YPPlnt","CV2","10","3",0.125244444444444
"M1","haplotype-tagged","DTF","CV0","1","4",0.7641
"M1","haplotype-tagged","DTM","CV0","1","4",0.66105
"M1","haplotype-tagged","HSW","CV0","1","4",0.79915
"M1","haplotype-tagged","PH","CV0","1","4",0.75155
"M1","haplotype-tagged","PPP","CV0","1","4",0.27205
"M1","haplotype-tagged","YPPlnt","CV0","1","4",0.04725
"M1","haplotype-tagged","DTF","CV00","1","4",-0.2031
"M1","haplotype-tagged","DTM","CV00","1","4",-0.17085
"M1","haplotype-tagged","HSW","CV00","1","4",-0.09095
"M1","haplotype-tagged","PH","CV00","1","4",-0.1053
"M1","haplotype-tagged","PPP","CV00","1","4",-0.26
"M1","haplotype-tagged","YPPlnt","CV00","1","4",-0.04465
"M1","haplotype-tagged","DTF","CV1","1","4",-0.150188888888889
"M1","haplotype-tagged","DTM","CV1","1","4",0.0441222222222222
"M1","haplotype-tagged","HSW","CV1","1","4",0.133522222222222
"M1","haplotype-tagged","PH","CV1","1","4",0.0703111111111111
"M1","haplotype-tagged","PPP","CV1","1","4",0.0399555555555556
"M1","haplotype-tagged","YPPlnt","CV1","1","4",0.0186111111111111
"M1","haplotype-tagged","DTF","CV2","1","4",0.616866666666667
"M1","haplotype-tagged","DTM","CV2","1","4",0.4974
"M1","haplotype-tagged","HSW","CV2","1","4",0.775477777777778
"M1","haplotype-tagged","PH","CV2","1","4",0.547722222222222
"M1","haplotype-tagged","PPP","CV2","1","4",0.194155555555556
"M1","haplotype-tagged","YPPlnt","CV2","1","4",0.100666666666667
"M1","haplotype-tagged","DTF","CV0","2","4",0.5942
"M1","haplotype-tagged","DTM","CV0","2","4",0.53975
"M1","haplotype-tagged","HSW","CV0","2","4",0.71225
"M1","haplotype-tagged","PH","CV0","2","4",0.64525
"M1","haplotype-tagged","PPP","CV0","2","4",0.2102
"M1","haplotype-tagged","YPPlnt","CV0","2","4",0.0693
"M1","haplotype-tagged","DTF","CV00","2","4",-0.1615
"M1","haplotype-tagged","DTM","CV00","2","4",-0.0014
"M1","haplotype-tagged","HSW","CV00","2","4",-0.0841
"M1","haplotype-tagged","PH","CV00","2","4",-0.1221
"M1","haplotype-tagged","PPP","CV00","2","4",-0.2097
"M1","haplotype-tagged","YPPlnt","CV00","2","4",-0.1378
"M1","haplotype-tagged","DTF","CV1","2","4",0.135977777777778
"M1","haplotype-tagged","DTM","CV1","2","4",-0.0407222222222222
"M1","haplotype-tagged","HSW","CV1","2","4",0.0791111111111111
"M1","haplotype-tagged","PH","CV1","2","4",-0.170255555555556
"M1","haplotype-tagged","PPP","CV1","2","4",0.0587555555555556
"M1","haplotype-tagged","YPPlnt","CV1","2","4",-0.0697555555555556
"M1","haplotype-tagged","DTF","CV2","2","4",0.560766666666667
"M1","haplotype-tagged","DTM","CV2","2","4",0.512277777777778
"M1","haplotype-tagged","HSW","CV2","2","4",0.727766666666667
"M1","haplotype-tagged","PH","CV2","2","4",0.520333333333333
"M1","haplotype-tagged","PPP","CV2","2","4",0.0309777777777778
"M1","haplotype-tagged","YPPlnt","CV2","2","4",0.0430777777777778
"M1","haplotype-tagged","DTF","CV0","3","4",0.5117
"M1","haplotype-tagged","DTM","CV0","3","4",0.45815
"M1","haplotype-tagged","HSW","CV0","3","4",0.7445
"M1","haplotype-tagged","PH","CV0","3","4",0.3517
"M1","haplotype-tagged","PPP","CV0","3","4",0.05855
"M1","haplotype-tagged","YPPlnt","CV0","3","4",0.176
"M1","haplotype-tagged","DTF","CV00","3","4",0.20025
"M1","haplotype-tagged","DTM","CV00","3","4",0.05805
"M1","haplotype-tagged","HSW","CV00","3","4",0.13815
"M1","haplotype-tagged","PH","CV00","3","4",0.12915
"M1","haplotype-tagged","PPP","CV00","3","4",-0.1424
"M1","haplotype-tagged","YPPlnt","CV00","3","4",0.0044
"M1","haplotype-tagged","DTF","CV1","3","4",0.0284777777777778
"M1","haplotype-tagged","DTM","CV1","3","4",0.0147666666666667
"M1","haplotype-tagged","HSW","CV1","3","4",0.0714888888888889
"M1","haplotype-tagged","PH","CV1","3","4",-0.0546111111111111
"M1","haplotype-tagged","PPP","CV1","3","4",0.0238444444444444
"M1","haplotype-tagged","YPPlnt","CV1","3","4",0.0405222222222222
"M1","haplotype-tagged","DTF","CV2","3","4",0.615088888888889
"M1","haplotype-tagged","DTM","CV2","3","4",0.436166666666667
"M1","haplotype-tagged","HSW","CV2","3","4",0.740855555555556
"M1","haplotype-tagged","PH","CV2","3","4",0.546322222222222
"M1","haplotype-tagged","PPP","CV2","3","4",0.149566666666667
"M1","haplotype-tagged","YPPlnt","CV2","3","4",0.200444444444444
"M1","haplotype-tagged","DTF","CV0","4","4",0.62435
"M1","haplotype-tagged","DTM","CV0","4","4",0.4627
"M1","haplotype-tagged","HSW","CV0","4","4",0.7855
"M1","haplotype-tagged","PH","CV0","4","4",0.2871
"M1","haplotype-tagged","PPP","CV0","4","4",0.13305
"M1","haplotype-tagged","YPPlnt","CV0","4","4",0.0803
"M1","haplotype-tagged","DTF","CV00","4","4",0.0856
"M1","haplotype-tagged","DTM","CV00","4","4",0.1678
"M1","haplotype-tagged","HSW","CV00","4","4",-0.19785
"M1","haplotype-tagged","PH","CV00","4","4",0.0186
"M1","haplotype-tagged","PPP","CV00","4","4",-0.0172
"M1","haplotype-tagged","YPPlnt","CV00","4","4",0.13725
"M1","haplotype-tagged","DTF","CV1","4","4",0.175933333333333
"M1","haplotype-tagged","DTM","CV1","4","4",-0.0909555555555556
"M1","haplotype-tagged","HSW","CV1","4","4",-0.164388888888889
"M1","haplotype-tagged","PH","CV1","4","4",0.0121222222222222
"M1","haplotype-tagged","PPP","CV1","4","4",0.0678444444444444
"M1","haplotype-tagged","YPPlnt","CV1","4","4",-0.0656
"M1","haplotype-tagged","DTF","CV2","4","4",0.623933333333333
"M1","haplotype-tagged","DTM","CV2","4","4",0.453155555555556
"M1","haplotype-tagged","HSW","CV2","4","4",0.746033333333333
"M1","haplotype-tagged","PH","CV2","4","4",0.452377777777778
"M1","haplotype-tagged","PPP","CV2","4","4",0.125055555555556
"M1","haplotype-tagged","YPPlnt","CV2","4","4",0.0623222222222222
"M1","haplotype-tagged","DTF","CV0","5","4",0.6085
"M1","haplotype-tagged","DTM","CV0","5","4",0.5543
"M1","haplotype-tagged","HSW","CV0","5","4",0.74815
"M1","haplotype-tagged","PH","CV0","5","4",0.67315
"M1","haplotype-tagged","PPP","CV0","5","4",0.2175
"M1","haplotype-tagged","YPPlnt","CV0","5","4",0.1386
"M1","haplotype-tagged","DTF","CV00","5","4",0.0378
"M1","haplotype-tagged","DTM","CV00","5","4",-0.144
"M1","haplotype-tagged","HSW","CV00","5","4",-0.2464
"M1","haplotype-tagged","PH","CV00","5","4",0.02425
"M1","haplotype-tagged","PPP","CV00","5","4",0.20045
"M1","haplotype-tagged","YPPlnt","CV00","5","4",0.2128
"M1","haplotype-tagged","DTF","CV1","5","4",-0.0420888888888889
"M1","haplotype-tagged","DTM","CV1","5","4",0.0674111111111111
"M1","haplotype-tagged","HSW","CV1","5","4",0.139222222222222
"M1","haplotype-tagged","PH","CV1","5","4",-0.2858
"M1","haplotype-tagged","PPP","CV1","5","4",0.101977777777778
"M1","haplotype-tagged","YPPlnt","CV1","5","4",0.0674777777777778
"M1","haplotype-tagged","DTF","CV2","5","4",0.477688888888889
"M1","haplotype-tagged","DTM","CV2","5","4",0.445011111111111
"M1","haplotype-tagged","HSW","CV2","5","4",0.791433333333333
"M1","haplotype-tagged","PH","CV2","5","4",0.523788888888889
"M1","haplotype-tagged","PPP","CV2","5","4",0.201055555555556
"M1","haplotype-tagged","YPPlnt","CV2","5","4",0.100511111111111
"M1","haplotype-tagged","DTF","CV0","6","4",0.73455
"M1","haplotype-tagged","DTM","CV0","6","4",0.56275
"M1","haplotype-tagged","HSW","CV0","6","4",0.83185
"M1","haplotype-tagged","PH","CV0","6","4",0.7287
"M1","haplotype-tagged","PPP","CV0","6","4",0.2726
"M1","haplotype-tagged","YPPlnt","CV0","6","4",0.1334
"M1","haplotype-tagged","DTF","CV00","6","4",-0.1183
"M1","haplotype-tagged","DTM","CV00","6","4",0.0175
"M1","haplotype-tagged","HSW","CV00","6","4",-0.2247
"M1","haplotype-tagged","PH","CV00","6","4",0.01325
"M1","haplotype-tagged","PPP","CV00","6","4",0.0153
"M1","haplotype-tagged","YPPlnt","CV00","6","4",-0.0214
"M1","haplotype-tagged","DTF","CV1","6","4",0.0524444444444444
"M1","haplotype-tagged","DTM","CV1","6","4",0.0924555555555556
"M1","haplotype-tagged","HSW","CV1","6","4",0.0677555555555556
"M1","haplotype-tagged","PH","CV1","6","4",-0.0748222222222222
"M1","haplotype-tagged","PPP","CV1","6","4",0.0512888888888889
"M1","haplotype-tagged","YPPlnt","CV1","6","4",0.0186888888888889
"M1","haplotype-tagged","DTF","CV2","6","4",0.594733333333333
"M1","haplotype-tagged","DTM","CV2","6","4",0.456266666666667
"M1","haplotype-tagged","HSW","CV2","6","4",0.773766666666667
"M1","haplotype-tagged","PH","CV2","6","4",0.596222222222222
"M1","haplotype-tagged","PPP","CV2","6","4",0.155544444444444
"M1","haplotype-tagged","YPPlnt","CV2","6","4",0.0321777777777778
"M1","haplotype-tagged","DTF","CV0","7","4",0.623
"M1","haplotype-tagged","DTM","CV0","7","4",0.46435
"M1","haplotype-tagged","HSW","CV0","7","4",0.7861
"M1","haplotype-tagged","PH","CV0","7","4",0.2902
"M1","haplotype-tagged","PPP","CV0","7","4",0.13995
"M1","haplotype-tagged","YPPlnt","CV0","7","4",0.078
"M1","haplotype-tagged","DTF","CV00","7","4",-0.0849
"M1","haplotype-tagged","DTM","CV00","7","4",-0.02945
"M1","haplotype-tagged","HSW","CV00","7","4",0.2154
"M1","haplotype-tagged","PH","CV00","7","4",-0.1643
"M1","haplotype-tagged","PPP","CV00","7","4",0.07565
"M1","haplotype-tagged","YPPlnt","CV00","7","4",-0.22385
"M1","haplotype-tagged","DTF","CV1","7","4",0.147477777777778
"M1","haplotype-tagged","DTM","CV1","7","4",-0.0300555555555556
"M1","haplotype-tagged","HSW","CV1","7","4",-0.00814444444444443
"M1","haplotype-tagged","PH","CV1","7","4",0.0864555555555556
"M1","haplotype-tagged","PPP","CV1","7","4",0.0613555555555556
"M1","haplotype-tagged","YPPlnt","CV1","7","4",-0.0082
"M1","haplotype-tagged","DTF","CV2","7","4",0.555844444444444
"M1","haplotype-tagged","DTM","CV2","7","4",0.489644444444444
"M1","haplotype-tagged","HSW","CV2","7","4",0.656911111111111
"M1","haplotype-tagged","PH","CV2","7","4",0.462644444444444
"M1","haplotype-tagged","PPP","CV2","7","4",0.1814
"M1","haplotype-tagged","YPPlnt","CV2","7","4",0.105744444444444
"M1","haplotype-tagged","DTF","CV0","8","4",0.5176
"M1","haplotype-tagged","DTM","CV0","8","4",0.33735
"M1","haplotype-tagged","HSW","CV0","8","4",0.6786
"M1","haplotype-tagged","PH","CV0","8","4",0.59535
"M1","haplotype-tagged","PPP","CV0","8","4",0.10395
"M1","haplotype-tagged","YPPlnt","CV0","8","4",0.15905
"M1","haplotype-tagged","DTF","CV00","8","4",-0.13585
"M1","haplotype-tagged","DTM","CV00","8","4",-0.08345
"M1","haplotype-tagged","HSW","CV00","8","4",-0.14105
"M1","haplotype-tagged","PH","CV00","8","4",-0.08185
"M1","haplotype-tagged","PPP","CV00","8","4",0.14075
"M1","haplotype-tagged","YPPlnt","CV00","8","4",-0.0108
"M1","haplotype-tagged","DTF","CV1","8","4",0.108633333333333
"M1","haplotype-tagged","DTM","CV1","8","4",0.115666666666667
"M1","haplotype-tagged","HSW","CV1","8","4",-0.0353888888888889
"M1","haplotype-tagged","PH","CV1","8","4",-0.0502777777777778
"M1","haplotype-tagged","PPP","CV1","8","4",0.115733333333333
"M1","haplotype-tagged","YPPlnt","CV1","8","4",-0.043
"M1","haplotype-tagged","DTF","CV2","8","4",0.619622222222222
"M1","haplotype-tagged","DTM","CV2","8","4",0.493466666666667
"M1","haplotype-tagged","HSW","CV2","8","4",0.752011111111111
"M1","haplotype-tagged","PH","CV2","8","4",0.5273
"M1","haplotype-tagged","PPP","CV2","8","4",0.118388888888889
"M1","haplotype-tagged","YPPlnt","CV2","8","4",0.0991888888888889
"M1","haplotype-tagged","DTF","CV0","9","4",0.4353
"M1","haplotype-tagged","DTM","CV0","9","4",0.3743
"M1","haplotype-tagged","HSW","CV0","9","4",0.5933
"M1","haplotype-tagged","PH","CV0","9","4",0.6395
"M1","haplotype-tagged","PPP","CV0","9","4",0.12015
"M1","haplotype-tagged","YPPlnt","CV0","9","4",0.16395
"M1","haplotype-tagged","DTF","CV00","9","4",-0.000800000000000023
"M1","haplotype-tagged","DTM","CV00","9","4",-0.27605
"M1","haplotype-tagged","HSW","CV00","9","4",-0.1363
"M1","haplotype-tagged","PH","CV00","9","4",-0.3086
"M1","haplotype-tagged","PPP","CV00","9","4",0.01675
"M1","haplotype-tagged","YPPlnt","CV00","9","4",-0.18225
"M1","haplotype-tagged","DTF","CV1","9","4",0.1449
"M1","haplotype-tagged","DTM","CV1","9","4",-0.0378666666666667
"M1","haplotype-tagged","HSW","CV1","9","4",0.243666666666667
"M1","haplotype-tagged","PH","CV1","9","4",-0.104911111111111
"M1","haplotype-tagged","PPP","CV1","9","4",0.0132111111111111
"M1","haplotype-tagged","YPPlnt","CV1","9","4",-0.0356333333333333
"M1","haplotype-tagged","DTF","CV2","9","4",0.616333333333333
"M1","haplotype-tagged","DTM","CV2","9","4",0.428522222222222
"M1","haplotype-tagged","HSW","CV2","9","4",0.735144444444444
"M1","haplotype-tagged","PH","CV2","9","4",0.561211111111111
"M1","haplotype-tagged","PPP","CV2","9","4",0.151055555555556
"M1","haplotype-tagged","YPPlnt","CV2","9","4",0.131177777777778
"M1","haplotype-tagged","DTF","CV0","10","4",0.64675
"M1","haplotype-tagged","DTM","CV0","10","4",0.53315
"M1","haplotype-tagged","HSW","CV0","10","4",0.77585
"M1","haplotype-tagged","PH","CV0","10","4",0.65475
"M1","haplotype-tagged","PPP","CV0","10","4",0.10235
"M1","haplotype-tagged","YPPlnt","CV0","10","4",0.17595
"M1","haplotype-tagged","DTF","CV00","10","4",0.05345
"M1","haplotype-tagged","DTM","CV00","10","4",-0.18595
"M1","haplotype-tagged","HSW","CV00","10","4",-0.037
"M1","haplotype-tagged","PH","CV00","10","4",0.0598
"M1","haplotype-tagged","PPP","CV00","10","4",-0.0627
"M1","haplotype-tagged","YPPlnt","CV00","10","4",-0.11075
"M1","haplotype-tagged","DTF","CV1","10","4",0.175822222222222
"M1","haplotype-tagged","DTM","CV1","10","4",-0.0963777777777778
"M1","haplotype-tagged","HSW","CV1","10","4",0.0909444444444444
"M1","haplotype-tagged","PH","CV1","10","4",-0.166644444444444
"M1","haplotype-tagged","PPP","CV1","10","4",0.0298222222222222
"M1","haplotype-tagged","YPPlnt","CV1","10","4",0.0141333333333333
"M1","haplotype-tagged","DTF","CV2","10","4",0.5601
"M1","haplotype-tagged","DTM","CV2","10","4",0.4683
"M1","haplotype-tagged","HSW","CV2","10","4",0.706511111111111
"M1","haplotype-tagged","PH","CV2","10","4",0.587366666666667
"M1","haplotype-tagged","PPP","CV2","10","4",0.1553
"M1","haplotype-tagged","YPPlnt","CV2","10","4",0.0516666666666667
"M1","haplotype-tagged","DTF","CV0","1","5",0.3761
"M1","haplotype-tagged","DTM","CV0","1","5",0.3941
"M1","haplotype-tagged","HSW","CV0","1","5",0.6023
"M1","haplotype-tagged","PH","CV0","1","5",0.5726
"M1","haplotype-tagged","PPP","CV0","1","5",0.0922
"M1","haplotype-tagged","YPPlnt","CV0","1","5",0.1375
"M1","haplotype-tagged","DTF","CV00","1","5",-0.2235
"M1","haplotype-tagged","DTM","CV00","1","5",0.0028
"M1","haplotype-tagged","HSW","CV00","1","5",0.1495
"M1","haplotype-tagged","PH","CV00","1","5",0.0956
"M1","haplotype-tagged","PPP","CV00","1","5",-0.16
"M1","haplotype-tagged","YPPlnt","CV00","1","5",0.0379
"M1","haplotype-tagged","DTF","CV1","1","5",-0.231244444444444
"M1","haplotype-tagged","DTM","CV1","1","5",0.174055555555556
"M1","haplotype-tagged","HSW","CV1","1","5",0.1427
"M1","haplotype-tagged","PH","CV1","1","5",0.0527111111111111
"M1","haplotype-tagged","PPP","CV1","1","5",0.0105444444444444
"M1","haplotype-tagged","YPPlnt","CV1","1","5",-0.115311111111111
"M1","haplotype-tagged","DTF","CV2","1","5",0.600488888888889
"M1","haplotype-tagged","DTM","CV2","1","5",0.4638
"M1","haplotype-tagged","HSW","CV2","1","5",0.720866666666667
"M1","haplotype-tagged","PH","CV2","1","5",0.564022222222222
"M1","haplotype-tagged","PPP","CV2","1","5",0.0599666666666667
"M1","haplotype-tagged","YPPlnt","CV2","1","5",0.152677777777778
"M1","haplotype-tagged","DTF","CV0","2","5",0.6405
"M1","haplotype-tagged","DTM","CV0","2","5",0.5316
"M1","haplotype-tagged","HSW","CV0","2","5",0.8593
"M1","haplotype-tagged","PH","CV0","2","5",0.1047
"M1","haplotype-tagged","PPP","CV0","2","5",-2e-04
"M1","haplotype-tagged","YPPlnt","CV0","2","5",0.1739
"M1","haplotype-tagged","DTF","CV00","2","5",-0.1598
"M1","haplotype-tagged","DTM","CV00","2","5",-0.0193
"M1","haplotype-tagged","HSW","CV00","2","5",-0.0613
"M1","haplotype-tagged","PH","CV00","2","5",0.2165
"M1","haplotype-tagged","PPP","CV00","2","5",-0.3994
"M1","haplotype-tagged","YPPlnt","CV00","2","5",-0.1257
"M1","haplotype-tagged","DTF","CV1","2","5",-0.1326
"M1","haplotype-tagged","DTM","CV1","2","5",-0.0356777777777778
"M1","haplotype-tagged","HSW","CV1","2","5",0.0700333333333333
"M1","haplotype-tagged","PH","CV1","2","5",-0.0861333333333333
"M1","haplotype-tagged","PPP","CV1","2","5",-0.0217666666666667
"M1","haplotype-tagged","YPPlnt","CV1","2","5",-0.0548555555555556
"M1","haplotype-tagged","DTF","CV2","2","5",0.576422222222222
"M1","haplotype-tagged","DTM","CV2","2","5",0.468222222222222
"M1","haplotype-tagged","HSW","CV2","2","5",0.733688888888889
"M1","haplotype-tagged","PH","CV2","2","5",0.6403
"M1","haplotype-tagged","PPP","CV2","2","5",0.155722222222222
"M1","haplotype-tagged","YPPlnt","CV2","2","5",0.0826222222222222
"M1","haplotype-tagged","DTF","CV0","3","5",0.6098
"M1","haplotype-tagged","DTM","CV0","3","5",0.4001
"M1","haplotype-tagged","HSW","CV0","3","5",0.7856
"M1","haplotype-tagged","PH","CV0","3","5",0.6618
"M1","haplotype-tagged","PPP","CV0","3","5",0.1337
"M1","haplotype-tagged","YPPlnt","CV0","3","5",0.1813
"M1","haplotype-tagged","DTF","CV00","3","5",-0.2046
"M1","haplotype-tagged","DTM","CV00","3","5",0.0199
"M1","haplotype-tagged","HSW","CV00","3","5",-0.1627
"M1","haplotype-tagged","PH","CV00","3","5",-0.1498
"M1","haplotype-tagged","PPP","CV00","3","5",-0.0323
"M1","haplotype-tagged","YPPlnt","CV00","3","5",-0.219
"M1","haplotype-tagged","DTF","CV1","3","5",-0.0107111111111111
"M1","haplotype-tagged","DTM","CV1","3","5",0.0745
"M1","haplotype-tagged","HSW","CV1","3","5",0.0580666666666667
"M1","haplotype-tagged","PH","CV1","3","5",0.2014
"M1","haplotype-tagged","PPP","CV1","3","5",0.000922222222222227
"M1","haplotype-tagged","YPPlnt","CV1","3","5",0.0327
"M1","haplotype-tagged","DTF","CV2","3","5",0.596022222222222
"M1","haplotype-tagged","DTM","CV2","3","5",0.468933333333333
"M1","haplotype-tagged","HSW","CV2","3","5",0.7442
"M1","haplotype-tagged","PH","CV2","3","5",0.563022222222222
"M1","haplotype-tagged","PPP","CV2","3","5",0.156644444444444
"M1","haplotype-tagged","YPPlnt","CV2","3","5",0.0471666666666667
"M1","haplotype-tagged","DTF","CV0","4","5",0.7777
"M1","haplotype-tagged","DTM","CV0","4","5",0.6821
"M1","haplotype-tagged","HSW","CV0","4","5",0.7814
"M1","haplotype-tagged","PH","CV0","4","5",0.7441
"M1","haplotype-tagged","PPP","CV0","4","5",0.284
"M1","haplotype-tagged","YPPlnt","CV0","4","5",0.0019
"M1","haplotype-tagged","DTF","CV00","4","5",-0.1566
"M1","haplotype-tagged","DTM","CV00","4","5",0.1451
"M1","haplotype-tagged","HSW","CV00","4","5",-0.0722
"M1","haplotype-tagged","PH","CV00","4","5",-0.1904
"M1","haplotype-tagged","PPP","CV00","4","5",-0.0293
"M1","haplotype-tagged","YPPlnt","CV00","4","5",-0.2383
"M1","haplotype-tagged","DTF","CV1","4","5",0.163444444444444
"M1","haplotype-tagged","DTM","CV1","4","5",0.0567666666666667
"M1","haplotype-tagged","HSW","CV1","4","5",0.0924777777777778
"M1","haplotype-tagged","PH","CV1","4","5",-0.0135666666666667
"M1","haplotype-tagged","PPP","CV1","4","5",-0.0876222222222222
"M1","haplotype-tagged","YPPlnt","CV1","4","5",0.0867666666666667
"M1","haplotype-tagged","DTF","CV2","4","5",0.623133333333333
"M1","haplotype-tagged","DTM","CV2","4","5",0.466288888888889
"M1","haplotype-tagged","HSW","CV2","4","5",0.760511111111111
"M1","haplotype-tagged","PH","CV2","4","5",0.522922222222222
"M1","haplotype-tagged","PPP","CV2","4","5",0.178066666666667
"M1","haplotype-tagged","YPPlnt","CV2","4","5",0.160611111111111
"M1","haplotype-tagged","DTF","CV0","5","5",0.6098
"M1","haplotype-tagged","DTM","CV0","5","5",0.3977
"M1","haplotype-tagged","HSW","CV0","5","5",0.7848
"M1","haplotype-tagged","PH","CV0","5","5",0.6622
"M1","haplotype-tagged","PPP","CV0","5","5",0.1312
"M1","haplotype-tagged","YPPlnt","CV0","5","5",0.1825
"M1","haplotype-tagged","DTF","CV00","5","5",-0.1044
"M1","haplotype-tagged","DTM","CV00","5","5",-0.1283
"M1","haplotype-tagged","HSW","CV00","5","5",-0.0717
"M1","haplotype-tagged","PH","CV00","5","5",-0.1389
"M1","haplotype-tagged","PPP","CV00","5","5",0.2063
"M1","haplotype-tagged","YPPlnt","CV00","5","5",0.2681
"M1","haplotype-tagged","DTF","CV1","5","5",-0.122188888888889
"M1","haplotype-tagged","DTM","CV1","5","5",-0.115566666666667
"M1","haplotype-tagged","HSW","CV1","5","5",0.0166555555555556
"M1","haplotype-tagged","PH","CV1","5","5",-0.124744444444444
"M1","haplotype-tagged","PPP","CV1","5","5",-0.0922111111111111
"M1","haplotype-tagged","YPPlnt","CV1","5","5",-0.100011111111111
"M1","haplotype-tagged","DTF","CV2","5","5",0.549955555555556
"M1","haplotype-tagged","DTM","CV2","5","5",0.446977777777778
"M1","haplotype-tagged","HSW","CV2","5","5",0.7191
"M1","haplotype-tagged","PH","CV2","5","5",0.576477777777778
"M1","haplotype-tagged","PPP","CV2","5","5",0.124244444444444
"M1","haplotype-tagged","YPPlnt","CV2","5","5",0.154822222222222
"M1","haplotype-tagged","DTF","CV0","6","5",0.3743
"M1","haplotype-tagged","DTM","CV0","6","5",0.3929
"M1","haplotype-tagged","HSW","CV0","6","5",0.6027
"M1","haplotype-tagged","PH","CV0","6","5",0.5706
"M1","haplotype-tagged","PPP","CV0","6","5",0.0982
"M1","haplotype-tagged","YPPlnt","CV0","6","5",0.1377
"M1","haplotype-tagged","DTF","CV00","6","5",0.1895
"M1","haplotype-tagged","DTM","CV00","6","5",0.0972
"M1","haplotype-tagged","HSW","CV00","6","5",-0.0807
"M1","haplotype-tagged","PH","CV00","6","5",-0.1101
"M1","haplotype-tagged","PPP","CV00","6","5",-0.0078
"M1","haplotype-tagged","YPPlnt","CV00","6","5",0.3037
"M1","haplotype-tagged","DTF","CV1","6","5",-0.159255555555556
"M1","haplotype-tagged","DTM","CV1","6","5",0.0861777777777778
"M1","haplotype-tagged","HSW","CV1","6","5",-0.0380555555555556
"M1","haplotype-tagged","PH","CV1","6","5",-0.0569111111111111
"M1","haplotype-tagged","PPP","CV1","6","5",-0.0848666666666667
"M1","haplotype-tagged","YPPlnt","CV1","6","5",0.126511111111111
"M1","haplotype-tagged","DTF","CV2","6","5",0.592822222222222
"M1","haplotype-tagged","DTM","CV2","6","5",0.555277777777778
"M1","haplotype-tagged","HSW","CV2","6","5",0.785422222222222
"M1","haplotype-tagged","PH","CV2","6","5",0.614066666666667
"M1","haplotype-tagged","PPP","CV2","6","5",0.0791777777777778
"M1","haplotype-tagged","YPPlnt","CV2","6","5",0.0309666666666667
"M1","haplotype-tagged","DTF","CV0","7","5",0.5093
"M1","haplotype-tagged","DTM","CV0","7","5",0.285
"M1","haplotype-tagged","HSW","CV0","7","5",0.7118
"M1","haplotype-tagged","PH","CV0","7","5",0.4873
"M1","haplotype-tagged","PPP","CV0","7","5",0.0405
"M1","haplotype-tagged","YPPlnt","CV0","7","5",0.0949
"M1","haplotype-tagged","DTF","CV00","7","5",0.0863
"M1","haplotype-tagged","DTM","CV00","7","5",0.0467
"M1","haplotype-tagged","HSW","CV00","7","5",-0.211
"M1","haplotype-tagged","PH","CV00","7","5",0.1854
"M1","haplotype-tagged","PPP","CV00","7","5",0.0179
"M1","haplotype-tagged","YPPlnt","CV00","7","5",0.0023
"M1","haplotype-tagged","DTF","CV1","7","5",-0.152755555555556
"M1","haplotype-tagged","DTM","CV1","7","5",0.0458444444444444
"M1","haplotype-tagged","HSW","CV1","7","5",0.0259111111111111
"M1","haplotype-tagged","PH","CV1","7","5",0.0302
"M1","haplotype-tagged","PPP","CV1","7","5",-0.0195555555555556
"M1","haplotype-tagged","YPPlnt","CV1","7","5",0.0279222222222222
"M1","haplotype-tagged","DTF","CV2","7","5",0.611288888888889
"M1","haplotype-tagged","DTM","CV2","7","5",0.5088
"M1","haplotype-tagged","HSW","CV2","7","5",0.760422222222222
"M1","haplotype-tagged","PH","CV2","7","5",0.566377777777778
"M1","haplotype-tagged","PPP","CV2","7","5",0.133022222222222
"M1","haplotype-tagged","YPPlnt","CV2","7","5",0.113622222222222
"M1","haplotype-tagged","DTF","CV0","8","5",0.6428
"M1","haplotype-tagged","DTM","CV0","8","5",0.5335
"M1","haplotype-tagged","HSW","CV0","8","5",0.8592
"M1","haplotype-tagged","PH","CV0","8","5",0.1066
"M1","haplotype-tagged","PPP","CV0","8","5",0.01
"M1","haplotype-tagged","YPPlnt","CV0","8","5",0.1875
"M1","haplotype-tagged","DTF","CV00","8","5",0.0368
"M1","haplotype-tagged","DTM","CV00","8","5",-0.092
"M1","haplotype-tagged","HSW","CV00","8","5",-0.2633
"M1","haplotype-tagged","PH","CV00","8","5",-0.2584
"M1","haplotype-tagged","PPP","CV00","8","5",0.0166
"M1","haplotype-tagged","YPPlnt","CV00","8","5",-0.1504
"M1","haplotype-tagged","DTF","CV1","8","5",-0.0650888888888889
"M1","haplotype-tagged","DTM","CV1","8","5",-0.0154555555555556
"M1","haplotype-tagged","HSW","CV1","8","5",0.110477777777778
"M1","haplotype-tagged","PH","CV1","8","5",-0.0689666666666667
"M1","haplotype-tagged","PPP","CV1","8","5",0.0690333333333333
"M1","haplotype-tagged","YPPlnt","CV1","8","5",0.00758888888888889
"M1","haplotype-tagged","DTF","CV2","8","5",0.6091
"M1","haplotype-tagged","DTM","CV2","8","5",0.435411111111111
"M1","haplotype-tagged","HSW","CV2","8","5",0.660911111111111
"M1","haplotype-tagged","PH","CV2","8","5",0.511133333333333
"M1","haplotype-tagged","PPP","CV2","8","5",0.1616
"M1","haplotype-tagged","YPPlnt","CV2","8","5",0.150144444444444
"M1","haplotype-tagged","DTF","CV0","9","5",0.5115
"M1","haplotype-tagged","DTM","CV0","9","5",0.287
"M1","haplotype-tagged","HSW","CV0","9","5",0.7132
"M1","haplotype-tagged","PH","CV0","9","5",0.487
"M1","haplotype-tagged","PPP","CV0","9","5",0.0367
"M1","haplotype-tagged","YPPlnt","CV0","9","5",0.1024
"M1","haplotype-tagged","DTF","CV00","9","5",-0.2125
"M1","haplotype-tagged","DTM","CV00","9","5",-0.2144
"M1","haplotype-tagged","HSW","CV00","9","5",0.0168
"M1","haplotype-tagged","PH","CV00","9","5",0.0369
"M1","haplotype-tagged","PPP","CV00","9","5",-0.1333
"M1","haplotype-tagged","YPPlnt","CV00","9","5",0.0229
"M1","haplotype-tagged","DTF","CV1","9","5",0.150755555555556
"M1","haplotype-tagged","DTM","CV1","9","5",-0.120744444444444
"M1","haplotype-tagged","HSW","CV1","9","5",0.189233333333333
"M1","haplotype-tagged","PH","CV1","9","5",-0.0139222222222222
"M1","haplotype-tagged","PPP","CV1","9","5",0.0577666666666667
"M1","haplotype-tagged","YPPlnt","CV1","9","5",-0.00812222222222221
"M1","haplotype-tagged","DTF","CV2","9","5",0.607777777777778
"M1","haplotype-tagged","DTM","CV2","9","5",0.503577777777778
"M1","haplotype-tagged","HSW","CV2","9","5",0.697188888888889
"M1","haplotype-tagged","PH","CV2","9","5",0.4843
"M1","haplotype-tagged","PPP","CV2","9","5",0.123255555555556
"M1","haplotype-tagged","YPPlnt","CV2","9","5",0.1283
"M1","haplotype-tagged","DTF","CV0","10","5",0.777
"M1","haplotype-tagged","DTM","CV0","10","5",0.6833
"M1","haplotype-tagged","HSW","CV0","10","5",0.7797
"M1","haplotype-tagged","PH","CV0","10","5",0.744
"M1","haplotype-tagged","PPP","CV0","10","5",0.2872
"M1","haplotype-tagged","YPPlnt","CV0","10","5",0.0084
"M1","haplotype-tagged","DTF","CV00","10","5",0.2606
"M1","haplotype-tagged","DTM","CV00","10","5",-0.4078
"M1","haplotype-tagged","HSW","CV00","10","5",-0.1426
"M1","haplotype-tagged","PH","CV00","10","5",-0.2643
"M1","haplotype-tagged","PPP","CV00","10","5",0.4232
"M1","haplotype-tagged","YPPlnt","CV00","10","5",-0.0588
"M1","haplotype-tagged","DTF","CV1","10","5",-0.0660333333333333
"M1","haplotype-tagged","DTM","CV1","10","5",-0.0149444444444444
"M1","haplotype-tagged","HSW","CV1","10","5",-0.0985555555555555
"M1","haplotype-tagged","PH","CV1","10","5",0.148133333333333
"M1","haplotype-tagged","PPP","CV1","10","5",0.0060888888888889
"M1","haplotype-tagged","YPPlnt","CV1","10","5",-0.0450555555555556
"M1","haplotype-tagged","DTF","CV2","10","5",0.567255555555556
"M1","haplotype-tagged","DTM","CV2","10","5",0.4671
"M1","haplotype-tagged","HSW","CV2","10","5",0.730733333333333
"M1","haplotype-tagged","PH","CV2","10","5",0.565277777777778
"M1","haplotype-tagged","PPP","CV2","10","5",0.165522222222222
"M1","haplotype-tagged","YPPlnt","CV2","10","5",0.212644444444444
"M4","genome-wide","DTF","CV1","1","1",0.430509558838765
"M4","haplotype-tagged","DTF","CV1","1","1",0.323696165608036
"M4","genome-wide","DTF","CV1","1","2",0.46103888889982
"M4","haplotype-tagged","DTF","CV1","1","2",0.152218386432418
"M4","genome-wide","DTF","CV1","1","3",0.403782077095649
"M4","haplotype-tagged","DTF","CV1","1","3",0.294560230321544
"M4","genome-wide","DTF","CV1","1","4",0.354933390822294
"M4","haplotype-tagged","DTF","CV1","1","4",0.247691474853197
"M4","genome-wide","DTF","CV1","1","5",0.394590570024926
"M4","haplotype-tagged","DTF","CV1","1","5",0.318850229772267
"M4","genome-wide","DTF","CV2","1","1",0.610801520609929
"M4","haplotype-tagged","DTF","CV2","1","1",0.632602641834499
"M4","genome-wide","DTF","CV2","1","2",0.604579287101048
"M4","haplotype-tagged","DTF","CV2","1","2",0.604536056232361
"M4","genome-wide","DTF","CV2","1","3",0.601472861908762
"M4","haplotype-tagged","DTF","CV2","1","3",0.604040048172936
"M4","genome-wide","DTF","CV2","1","4",0.606385007226265
"M4","haplotype-tagged","DTF","CV2","1","4",0.603607833884646
"M4","genome-wide","DTF","CV2","1","5",0.630886929913012
"M4","haplotype-tagged","DTF","CV2","1","5",0.611015727086229
"M4","genome-wide","DTF","CV0","1","1",0.534000894465308
"M4","haplotype-tagged","DTF","CV0","1","1",0.520908498128188
"M4","genome-wide","DTF","CV0","1","2",0.605170489285756
"M4","haplotype-tagged","DTF","CV0","1","2",0.620062397497948
"M4","genome-wide","DTF","CV0","1","3",0.648283823915329
"M4","haplotype-tagged","DTF","CV0","1","3",0.639345865590144
"M4","genome-wide","DTF","CV0","1","4",0.755542608361296
"M4","haplotype-tagged","DTF","CV0","1","4",0.76162867233122
"M4","genome-wide","DTF","CV0","1","5",0.361845458523025
"M4","haplotype-tagged","DTF","CV0","1","5",0.374560894799086
"M4","genome-wide","DTF","CV00","1","1",0.288425318588918
"M4","haplotype-tagged","DTF","CV00","1","1",0.1618826221907
"M4","genome-wide","DTF","CV00","1","2",0.0437317578137635
"M4","haplotype-tagged","DTF","CV00","1","2",0.0396714006959166
"M4","genome-wide","DTF","CV00","1","3",0.476991330066427
"M4","haplotype-tagged","DTF","CV00","1","3",0.369977283886233
"M4","genome-wide","DTF","CV00","1","4",0.585924948474316
"M4","haplotype-tagged","DTF","CV00","1","4",0.379794756590016
"M4","genome-wide","DTF","CV00","1","5",0.246912166861369
"M4","haplotype-tagged","DTF","CV00","1","5",-0.131402827515516
"M4","genome-wide","DTM","CV1","1","1",0.262585123634291
"M4","haplotype-tagged","DTM","CV1","1","1",0.111175743991246
"M4","genome-wide","DTM","CV1","1","2",0.350380106747129
"M4","haplotype-tagged","DTM","CV1","1","2",0.167539832453189
"M4","genome-wide","DTM","CV1","1","3",0.341189919199872
"M4","haplotype-tagged","DTM","CV1","1","3",0.188979872406493
"M4","genome-wide","DTM","CV1","1","4",0.181617521010276
"M4","haplotype-tagged","DTM","CV1","1","4",0.000962894530084212
"M4","genome-wide","DTM","CV1","1","5",0.263550875132806
"M4","haplotype-tagged","DTM","CV1","1","5",0.120688433307386
"M4","genome-wide","DTM","CV2","1","1",0.469493789568127
"M4","haplotype-tagged","DTM","CV2","1","1",0.457970241842722
"M4","genome-wide","DTM","CV2","1","2",0.509732386831646
"M4","haplotype-tagged","DTM","CV2","1","2",0.466550745879927
"M4","genome-wide","DTM","CV2","1","3",0.527157065191023
"M4","haplotype-tagged","DTM","CV2","1","3",0.512815391487608
"M4","genome-wide","DTM","CV2","1","4",0.472070381072519
"M4","haplotype-tagged","DTM","CV2","1","4",0.493492450100188
"M4","genome-wide","DTM","CV2","1","5",0.460756152036308
"M4","haplotype-tagged","DTM","CV2","1","5",0.449161847872036
"M4","genome-wide","DTM","CV0","1","1",0.364834331945849
"M4","haplotype-tagged","DTM","CV0","1","1",0.342670842605589
"M4","genome-wide","DTM","CV0","1","2",0.46787333056501
"M4","haplotype-tagged","DTM","CV0","1","2",0.463583183270572
"M4","genome-wide","DTM","CV0","1","3",0.519209190541236
"M4","haplotype-tagged","DTM","CV0","1","3",0.52734186623325
"M4","genome-wide","DTM","CV0","1","4",0.660488901076626
"M4","haplotype-tagged","DTM","CV0","1","4",0.653767479022077
"M4","genome-wide","DTM","CV0","1","5",0.361900345274941
"M4","haplotype-tagged","DTM","CV0","1","5",0.390485857940472
"M4","genome-wide","DTM","CV00","1","1",0.158784017209168
"M4","haplotype-tagged","DTM","CV00","1","1",-0.0529700860737497
"M4","genome-wide","DTM","CV00","1","2",0.00294829484529727
"M4","haplotype-tagged","DTM","CV00","1","2",0.104941858791465
"M4","genome-wide","DTM","CV00","1","3",0.351224945975938
"M4","haplotype-tagged","DTM","CV00","1","3",0.1401285702637
"M4","genome-wide","DTM","CV00","1","4",0.415569707761249
"M4","haplotype-tagged","DTM","CV00","1","4",0.215291019208677
"M4","genome-wide","DTM","CV00","1","5",0.538548539191781
"M4","haplotype-tagged","DTM","CV00","1","5",0.311853530382011
"M4","genome-wide","HSW","CV1","1","1",0.5757754548994
"M4","haplotype-tagged","HSW","CV1","1","1",0.512462075531685
"M4","genome-wide","HSW","CV1","1","2",0.68866476139804
"M4","haplotype-tagged","HSW","CV1","1","2",0.485018450666403
"M4","genome-wide","HSW","CV1","1","3",0.649667575081963
"M4","haplotype-tagged","HSW","CV1","1","3",0.465296715635756
"M4","genome-wide","HSW","CV1","1","4",0.401057451812806
"M4","haplotype-tagged","HSW","CV1","1","4",0.234664306791095
"M4","genome-wide","HSW","CV1","1","5",0.633812267522801
"M4","haplotype-tagged","HSW","CV1","1","5",0.526184807423154
"M4","genome-wide","HSW","CV2","1","1",0.782935647890861
"M4","haplotype-tagged","HSW","CV2","1","1",0.790857180875362
"M4","genome-wide","HSW","CV2","1","2",0.660667180568683
"M4","haplotype-tagged","HSW","CV2","1","2",0.670897581427433
"M4","genome-wide","HSW","CV2","1","3",0.706050535516797
"M4","haplotype-tagged","HSW","CV2","1","3",0.713255678057704
"M4","genome-wide","HSW","CV2","1","4",0.774651840805491
"M4","haplotype-tagged","HSW","CV2","1","4",0.774043225028129
"M4","genome-wide","HSW","CV2","1","5",0.719846849804066
"M4","haplotype-tagged","HSW","CV2","1","5",0.722142753635123
"M4","genome-wide","HSW","CV0","1","1",0.665849172124473
"M4","haplotype-tagged","HSW","CV0","1","1",0.676651490632867
"M4","genome-wide","HSW","CV0","1","2",0.79663495314286
"M4","haplotype-tagged","HSW","CV0","1","2",0.785937168628265
"M4","genome-wide","HSW","CV0","1","3",0.777006024272157
"M4","haplotype-tagged","HSW","CV0","1","3",0.77417595992856
"M4","genome-wide","HSW","CV0","1","4",0.809244672297728
"M4","haplotype-tagged","HSW","CV0","1","4",0.804656902794655
"M4","genome-wide","HSW","CV0","1","5",0.594378809623848
"M4","haplotype-tagged","HSW","CV0","1","5",0.603630341200303
"M4","genome-wide","HSW","CV00","1","1",0.656697808174874
"M4","haplotype-tagged","HSW","CV00","1","1",0.378049528655284
"M4","genome-wide","HSW","CV00","1","2",0.432624134063997
"M4","haplotype-tagged","HSW","CV00","1","2",0.380778866716479
"M4","genome-wide","HSW","CV00","1","3",0.650531748944193
"M4","haplotype-tagged","HSW","CV00","1","3",0.49363799772894
"M4","genome-wide","HSW","CV00","1","4",0.415819147566726
"M4","haplotype-tagged","HSW","CV00","1","4",0.400238924222913
"M4","genome-wide","HSW","CV00","1","5",0.778402018308074
"M4","haplotype-tagged","HSW","CV00","1","5",0.566319692780098
"M4","genome-wide","PH","CV1","1","1",0.462791300985096
"M4","haplotype-tagged","PH","CV1","1","1",0.41456445814789
"M4","genome-wide","PH","CV1","1","2",0.494949155632589
"M4","haplotype-tagged","PH","CV1","1","2",0.366595528570549
"M4","genome-wide","PH","CV1","1","3",0.285317317104087
"M4","haplotype-tagged","PH","CV1","1","3",0.241772319654674
"M4","genome-wide","PH","CV1","1","4",0.454215580249938
"M4","haplotype-tagged","PH","CV1","1","4",0.288011290063166
"M4","genome-wide","PH","CV1","1","5",0.381510683820592
"M4","haplotype-tagged","PH","CV1","1","5",0.152655103094926
"M4","genome-wide","PH","CV2","1","1",0.629665487815528
"M4","haplotype-tagged","PH","CV2","1","1",0.609930400130926
"M4","genome-wide","PH","CV2","1","2",0.555853228176209
"M4","haplotype-tagged","PH","CV2","1","2",0.552309742705147
"M4","genome-wide","PH","CV2","1","3",0.55165052555949
"M4","haplotype-tagged","PH","CV2","1","3",0.529647820952857
"M4","genome-wide","PH","CV2","1","4",0.55416782979174
"M4","haplotype-tagged","PH","CV2","1","4",0.550003336492523
"M4","genome-wide","PH","CV2","1","5",0.574825192334459
"M4","haplotype-tagged","PH","CV2","1","5",0.559529603343339
"M4","genome-wide","PH","CV0","1","1",0.594742918949833
"M4","haplotype-tagged","PH","CV0","1","1",0.597795961232956
"M4","genome-wide","PH","CV0","1","2",0.295878678025728
"M4","haplotype-tagged","PH","CV0","1","2",0.283289338719455
"M4","genome-wide","PH","CV0","1","3",0.64789145790724
"M4","haplotype-tagged","PH","CV0","1","3",0.647153146505306
"M4","genome-wide","PH","CV0","1","4",0.749221162043067
"M4","haplotype-tagged","PH","CV0","1","4",0.731237400683378
"M4","genome-wide","PH","CV0","1","5",0.576951048504902
"M4","haplotype-tagged","PH","CV0","1","5",0.585130112247512
"M4","genome-wide","PH","CV00","1","1",0.450741428019449
"M4","haplotype-tagged","PH","CV00","1","1",0.322351608262656
"M4","genome-wide","PH","CV00","1","2",0.148003810705758
"M4","haplotype-tagged","PH","CV00","1","2",0.15941994791538
"M4","genome-wide","PH","CV00","1","3",0.0829447105790636
"M4","haplotype-tagged","PH","CV00","1","3",-0.0382025920480043
"M4","genome-wide","PH","CV00","1","4",0.362075772171878
"M4","haplotype-tagged","PH","CV00","1","4",0.524628875986028
"M4","genome-wide","PH","CV00","1","5",0.738956371644551
"M4","haplotype-tagged","PH","CV00","1","5",0.483587345998059
"M4","genome-wide","PPP","CV1","1","1",0.161241564446478
"M4","haplotype-tagged","PPP","CV1","1","1",0.171894261645303
"M4","genome-wide","PPP","CV1","1","2",0.246082109137314
"M4","haplotype-tagged","PPP","CV1","1","2",0.177850736632068
"M4","genome-wide","PPP","CV1","1","3",0.134044438572025
"M4","haplotype-tagged","PPP","CV1","1","3",0.172798942031332
"M4","genome-wide","PPP","CV1","1","4",0.148584976878045
"M4","haplotype-tagged","PPP","CV1","1","4",0.138015709326069
"M4","genome-wide","PPP","CV1","1","5",0.256416213895753
"M4","haplotype-tagged","PPP","CV1","1","5",0.204107658001353
"M4","genome-wide","PPP","CV2","1","1",0.20270728134778
"M4","haplotype-tagged","PPP","CV2","1","1",0.219403633951754
"M4","genome-wide","PPP","CV2","1","2",0.158791189432636
"M4","haplotype-tagged","PPP","CV2","1","2",0.184949741925907
"M4","genome-wide","PPP","CV2","1","3",0.117994219220365
"M4","haplotype-tagged","PPP","CV2","1","3",0.122422849503798
"M4","genome-wide","PPP","CV2","1","4",0.163890310863694
"M4","haplotype-tagged","PPP","CV2","1","4",0.175295500173799
"M4","genome-wide","PPP","CV2","1","5",0.124892419757988
"M4","haplotype-tagged","PPP","CV2","1","5",0.0618133509730568
"M4","genome-wide","PPP","CV0","1","1",0.0863391347844103
"M4","haplotype-tagged","PPP","CV0","1","1",0.137320505293329
"M4","genome-wide","PPP","CV0","1","2",0.109154694638204
"M4","haplotype-tagged","PPP","CV0","1","2",0.113323608928627
"M4","genome-wide","PPP","CV0","1","3",0.071881707961724
"M4","haplotype-tagged","PPP","CV0","1","3",0.0941656272308574
"M4","genome-wide","PPP","CV0","1","4",0.214486626909544
"M4","haplotype-tagged","PPP","CV0","1","4",0.227500605440342
"M4","genome-wide","PPP","CV0","1","5",0.0876550939980845
"M4","haplotype-tagged","PPP","CV0","1","5",0.122944214067235
"M4","genome-wide","PPP","CV00","1","1",0.0829499133418438
"M4","haplotype-tagged","PPP","CV00","1","1",0.0538863104763937
"M4","genome-wide","PPP","CV00","1","2",0.0743710017141955
"M4","haplotype-tagged","PPP","CV00","1","2",0.0681542916890085
"M4","genome-wide","PPP","CV00","1","3",0.214918568469321
"M4","haplotype-tagged","PPP","CV00","1","3",-0.0195450817525222
"M4","genome-wide","PPP","CV00","1","4",-0.10692095810119
"M4","haplotype-tagged","PPP","CV00","1","4",-0.18169574767243
"M4","genome-wide","PPP","CV00","1","5",0.148931316218171
"M4","haplotype-tagged","PPP","CV00","1","5",0.077519216288696
"M4","genome-wide","YPPlnt","CV1","1","1",0.0948209040298178
"M4","haplotype-tagged","YPPlnt","CV1","1","1",0.0978136917747464
"M4","genome-wide","YPPlnt","CV1","1","2",0.142545770227602
"M4","haplotype-tagged","YPPlnt","CV1","1","2",-0.0444861478181392
"M4","genome-wide","YPPlnt","CV1","1","3",0.0462908416538165
"M4","haplotype-tagged","YPPlnt","CV1","1","3",0.124152031897826
"M4","genome-wide","YPPlnt","CV1","1","4",0.0683393708024119
"M4","haplotype-tagged","YPPlnt","CV1","1","4",0.0658991973128831
"M4","genome-wide","YPPlnt","CV1","1","5",0.115103191789219
"M4","haplotype-tagged","YPPlnt","CV1","1","5",0.066304546902575
"M4","genome-wide","YPPlnt","CV2","1","1",0.110702020509581
"M4","haplotype-tagged","YPPlnt","CV2","1","1",0.066883509664612
"M4","genome-wide","YPPlnt","CV2","1","2",0.0845482548418872
"M4","haplotype-tagged","YPPlnt","CV2","1","2",0.116492402204446
"M4","genome-wide","YPPlnt","CV2","1","3",0.258756419546335
"M4","haplotype-tagged","YPPlnt","CV2","1","3",0.175591509402863
"M4","genome-wide","YPPlnt","CV2","1","4",0.127433703467519
"M4","haplotype-tagged","YPPlnt","CV2","1","4",0.135498528561078
"M4","genome-wide","YPPlnt","CV2","1","5",0.17015749994781
"M4","haplotype-tagged","YPPlnt","CV2","1","5",0.120514870286235
"M4","genome-wide","YPPlnt","CV0","1","1",0.150773642654094
"M4","haplotype-tagged","YPPlnt","CV0","1","1",0.1694838001997
"M4","genome-wide","YPPlnt","CV0","1","2",0.102147986750577
"M4","haplotype-tagged","YPPlnt","CV0","1","2",0.10080866080018
"M4","genome-wide","YPPlnt","CV0","1","3",0.206615242779784
"M4","haplotype-tagged","YPPlnt","CV0","1","3",0.190759084790196
"M4","genome-wide","YPPlnt","CV0","1","4",0.057206658425109
"M4","haplotype-tagged","YPPlnt","CV0","1","4",0.0283054641626389
"M4","genome-wide","YPPlnt","CV0","1","5",0.118386845580519
"M4","haplotype-tagged","YPPlnt","CV0","1","5",0.0725360646965065
"M4","genome-wide","YPPlnt","CV00","1","1",0.038610856196319
"M4","haplotype-tagged","YPPlnt","CV00","1","1",0.097070272129224
"M4","genome-wide","YPPlnt","CV00","1","2",0.00231861432168039
"M4","haplotype-tagged","YPPlnt","CV00","1","2",0.0617856182562576
"M4","genome-wide","YPPlnt","CV00","1","3",0.222295921298122
"M4","haplotype-tagged","YPPlnt","CV00","1","3",-0.0541335285017414
"M4","genome-wide","YPPlnt","CV00","1","4",0.104850003326481
"M4","haplotype-tagged","YPPlnt","CV00","1","4",0.133083951719453
"M4","genome-wide","YPPlnt","CV00","1","5",-0.13470766901138
"M4","haplotype-tagged","YPPlnt","CV00","1","5",0.0243700675451663
"M4","genome-wide","DTF","CV1","2","1",0.480311660334375
"M4","haplotype-tagged","DTF","CV1","2","1",0.381549345775814
"M4","genome-wide","DTF","CV1","2","2",0.547931353210458
"M4","haplotype-tagged","DTF","CV1","2","2",0.300850918274536
"M4","genome-wide","DTF","CV1","2","3",0.39556326403272
"M4","haplotype-tagged","DTF","CV1","2","3",0.388420523605077
"M4","genome-wide","DTF","CV1","2","4",0.247179313500232
"M4","haplotype-tagged","DTF","CV1","2","4",0.288817724815488
"M4","genome-wide","DTF","CV1","2","5",0.374229042094042
"M4","haplotype-tagged","DTF","CV1","2","5",0.0502858174549953
"M4","genome-wide","DTF","CV2","2","1",0.587539910127901
"M4","haplotype-tagged","DTF","CV2","2","1",0.577937816839606
"M4","genome-wide","DTF","CV2","2","2",0.647094721727064
"M4","haplotype-tagged","DTF","CV2","2","2",0.654504732791249
"M4","genome-wide","DTF","CV2","2","3",0.648623943211413
"M4","haplotype-tagged","DTF","CV2","2","3",0.654791608171125
"M4","genome-wide","DTF","CV2","2","4",0.558935316771681
"M4","haplotype-tagged","DTF","CV2","2","4",0.548067205258581
"M4","genome-wide","DTF","CV2","2","5",0.566759265937393
"M4","haplotype-tagged","DTF","CV2","2","5",0.572432863785672
"M4","genome-wide","DTF","CV0","2","1",0.680367289261701
"M4","haplotype-tagged","DTF","CV0","2","1",0.681079343414275
"M4","genome-wide","DTF","CV0","2","2",0.653715518562837
"M4","haplotype-tagged","DTF","CV0","2","2",0.638218534877105
"M4","genome-wide","DTF","CV0","2","3",0.557675479018565
"M4","haplotype-tagged","DTF","CV0","2","3",0.554160159741833
"M4","genome-wide","DTF","CV0","2","4",0.579945861351041
"M4","haplotype-tagged","DTF","CV0","2","4",0.591600258617816
"M4","genome-wide","DTF","CV0","2","5",0.610043878694913
"M4","haplotype-tagged","DTF","CV0","2","5",0.643985274990372
"M4","genome-wide","DTF","CV00","2","1",0.378407497787982
"M4","haplotype-tagged","DTF","CV00","2","1",0.214994678116768
"M4","genome-wide","DTF","CV00","2","2",0.597856656194351
"M4","haplotype-tagged","DTF","CV00","2","2",0.5364059556431
"M4","genome-wide","DTF","CV00","2","3",0.378316199583819
"M4","haplotype-tagged","DTF","CV00","2","3",0.12384172202374
"M4","genome-wide","DTF","CV00","2","4",0.363324478711611
"M4","haplotype-tagged","DTF","CV00","2","4",0.105893012306061
"M4","genome-wide","DTF","CV00","2","5",0.236960781428308
"M4","haplotype-tagged","DTF","CV00","2","5",0.114874076762715
"M4","genome-wide","DTM","CV1","2","1",0.270012016005498
"M4","haplotype-tagged","DTM","CV1","2","1",0.204619074905555
"M4","genome-wide","DTM","CV1","2","2",0.302955580743461
"M4","haplotype-tagged","DTM","CV1","2","2",0.298372985717691
"M4","genome-wide","DTM","CV1","2","3",0.258652537463219
"M4","haplotype-tagged","DTM","CV1","2","3",0.05875523658152
"M4","genome-wide","DTM","CV1","2","4",0.263452617779998
"M4","haplotype-tagged","DTM","CV1","2","4",0.0946891769132438
"M4","genome-wide","DTM","CV1","2","5",0.37995248589464
"M4","haplotype-tagged","DTM","CV1","2","5",0.22994595902288
"M4","genome-wide","DTM","CV2","2","1",0.509266592931103
"M4","haplotype-tagged","DTM","CV2","2","1",0.492712313964046
"M4","genome-wide","DTM","CV2","2","2",0.447998068808724
"M4","haplotype-tagged","DTM","CV2","2","2",0.456156795593129
"M4","genome-wide","DTM","CV2","2","3",0.522570027387319
"M4","haplotype-tagged","DTM","CV2","2","3",0.532166214134888
"M4","genome-wide","DTM","CV2","2","4",0.473161879079901
"M4","haplotype-tagged","DTM","CV2","2","4",0.472309936670856
"M4","genome-wide","DTM","CV2","2","5",0.503442431413331
"M4","haplotype-tagged","DTM","CV2","2","5",0.471386928383853
"M4","genome-wide","DTM","CV0","2","1",0.485671152302885
"M4","haplotype-tagged","DTM","CV0","2","1",0.488295041510256
"M4","genome-wide","DTM","CV0","2","2",0.518235859575961
"M4","haplotype-tagged","DTM","CV0","2","2",0.52750184781095
"M4","genome-wide","DTM","CV0","2","3",0.389250111335172
"M4","haplotype-tagged","DTM","CV0","2","3",0.372903436715006
"M4","genome-wide","DTM","CV0","2","4",0.54081405333271
"M4","haplotype-tagged","DTM","CV0","2","4",0.541519379866216
"M4","genome-wide","DTM","CV0","2","5",0.543115915363261
"M4","haplotype-tagged","DTM","CV0","2","5",0.518611480211471
"M4","genome-wide","DTM","CV00","2","1",0.301545382979481
"M4","haplotype-tagged","DTM","CV00","2","1",0.295330971521626
"M4","genome-wide","DTM","CV00","2","2",0.14646119115882
"M4","haplotype-tagged","DTM","CV00","2","2",-0.177473871749297
"M4","genome-wide","DTM","CV00","2","3",0.335288171907994
"M4","haplotype-tagged","DTM","CV00","2","3",0.19996376327009
"M4","genome-wide","DTM","CV00","2","4",0.156337456610198
"M4","haplotype-tagged","DTM","CV00","2","4",0.0908639250560503
"M4","genome-wide","DTM","CV00","2","5",0.287139857158191
"M4","haplotype-tagged","DTM","CV00","2","5",0.355103849610283
"M4","genome-wide","HSW","CV1","2","1",0.710409888869773
"M4","haplotype-tagged","HSW","CV1","2","1",0.486448908262803
"M4","genome-wide","HSW","CV1","2","2",0.532942444959282
"M4","haplotype-tagged","HSW","CV1","2","2",0.314091179858047
"M4","genome-wide","HSW","CV1","2","3",0.519197342021655
"M4","haplotype-tagged","HSW","CV1","2","3",0.447610464187272
"M4","genome-wide","HSW","CV1","2","4",0.473924997565918
"M4","haplotype-tagged","HSW","CV1","2","4",0.508832874498988
"M4","genome-wide","HSW","CV1","2","5",0.559779170020127
"M4","haplotype-tagged","HSW","CV1","2","5",0.522995388749027
"M4","genome-wide","HSW","CV2","2","1",0.754690169658087
"M4","haplotype-tagged","HSW","CV2","2","1",0.75341034974877
"M4","genome-wide","HSW","CV2","2","2",0.796430602023202
"M4","haplotype-tagged","HSW","CV2","2","2",0.787565191134855
"M4","genome-wide","HSW","CV2","2","3",0.743367784805799
"M4","haplotype-tagged","HSW","CV2","2","3",0.746343437223942
"M4","genome-wide","HSW","CV2","2","4",0.702378386556789
"M4","haplotype-tagged","HSW","CV2","2","4",0.72770234216638
"M4","genome-wide","HSW","CV2","2","5",0.749322334041486
"M4","haplotype-tagged","HSW","CV2","2","5",0.741784986384236
"M4","genome-wide","HSW","CV0","2","1",0.800596957057949
"M4","haplotype-tagged","HSW","CV0","2","1",0.80358664063884
"M4","genome-wide","HSW","CV0","2","2",0.775912368243131
"M4","haplotype-tagged","HSW","CV0","2","2",0.774005163390508
"M4","genome-wide","HSW","CV0","2","3",0.670266092536709
"M4","haplotype-tagged","HSW","CV0","2","3",0.669245551852079
"M4","genome-wide","HSW","CV0","2","4",0.704418600281613
"M4","haplotype-tagged","HSW","CV0","2","4",0.714657140024686
"M4","genome-wide","HSW","CV0","2","5",0.868692958815085
"M4","haplotype-tagged","HSW","CV0","2","5",0.860133598307684
"M4","genome-wide","HSW","CV00","2","1",0.463458137780804
"M4","haplotype-tagged","HSW","CV00","2","1",0.166431028013697
"M4","genome-wide","HSW","CV00","2","2",0.56545134460559
"M4","haplotype-tagged","HSW","CV00","2","2",0.395157225248059
"M4","genome-wide","HSW","CV00","2","3",0.508569636166652
"M4","haplotype-tagged","HSW","CV00","2","3",0.438528324383312
"M4","genome-wide","HSW","CV00","2","4",0.51788833907284
"M4","haplotype-tagged","HSW","CV00","2","4",0.435341916417962
"M4","genome-wide","HSW","CV00","2","5",0.685501502362933
"M4","haplotype-tagged","HSW","CV00","2","5",0.571889649932902
"M4","genome-wide","PH","CV1","2","1",0.513043860733028
"M4","haplotype-tagged","PH","CV1","2","1",0.378895397042591
"M4","genome-wide","PH","CV1","2","2",0.436922334492846
"M4","haplotype-tagged","PH","CV1","2","2",0.379406937276247
"M4","genome-wide","PH","CV1","2","3",0.499722173175735
"M4","haplotype-tagged","PH","CV1","2","3",0.310790631044946
"M4","genome-wide","PH","CV1","2","4",0.327684575952663
"M4","haplotype-tagged","PH","CV1","2","4",0.216645138766029
"M4","genome-wide","PH","CV1","2","5",0.392277450939885
"M4","haplotype-tagged","PH","CV1","2","5",0.133012859162044
"M4","genome-wide","PH","CV2","2","1",0.614263399002171
"M4","haplotype-tagged","PH","CV2","2","1",0.620356214368398
"M4","genome-wide","PH","CV2","2","2",0.496686765840803
"M4","haplotype-tagged","PH","CV2","2","2",0.491502402728385
"M4","genome-wide","PH","CV2","2","3",0.586682584760272
"M4","haplotype-tagged","PH","CV2","2","3",0.562218680533228
"M4","genome-wide","PH","CV2","2","4",0.529051310303551
"M4","haplotype-tagged","PH","CV2","2","4",0.508710240845919
"M4","genome-wide","PH","CV2","2","5",0.654286251648551
"M4","haplotype-tagged","PH","CV2","2","5",0.644639847270824
"M4","genome-wide","PH","CV0","2","1",0.631895184267496
"M4","haplotype-tagged","PH","CV0","2","1",0.646539562446834
"M4","genome-wide","PH","CV0","2","2",0.646320302644587
"M4","haplotype-tagged","PH","CV0","2","2",0.644306612141565
"M4","genome-wide","PH","CV0","2","3",0.608122038904562
"M4","haplotype-tagged","PH","CV0","2","3",0.594699365155147
"M4","genome-wide","PH","CV0","2","4",0.645283734831891
"M4","haplotype-tagged","PH","CV0","2","4",0.648444966711981
"M4","genome-wide","PH","CV0","2","5",0.108979093826181
"M4","haplotype-tagged","PH","CV0","2","5",0.114414506351201
"M4","genome-wide","PH","CV00","2","1",0.00886448841020299
"M4","haplotype-tagged","PH","CV00","2","1",-0.0650953108768623
"M4","genome-wide","PH","CV00","2","2",0.256763805537672
"M4","haplotype-tagged","PH","CV00","2","2",0.264399474131447
"M4","genome-wide","PH","CV00","2","3",0.489401459101826
"M4","haplotype-tagged","PH","CV00","2","3",0.446492650681363
"M4","genome-wide","PH","CV00","2","4",0.356039173865847
"M4","haplotype-tagged","PH","CV00","2","4",0.184323580271607
"M4","genome-wide","PH","CV00","2","5",0.583566908990585
"M4","haplotype-tagged","PH","CV00","2","5",0.257152286614427
"M4","genome-wide","PPP","CV1","2","1",0.205619393791576
"M4","haplotype-tagged","PPP","CV1","2","1",0.210922743095534
"M4","genome-wide","PPP","CV1","2","2",0.126848938879309
"M4","haplotype-tagged","PPP","CV1","2","2",0.121622746876319
"M4","genome-wide","PPP","CV1","2","3",0.27438033631123
"M4","haplotype-tagged","PPP","CV1","2","3",0.202932136838291
"M4","genome-wide","PPP","CV1","2","4",0.130028347485356
"M4","haplotype-tagged","PPP","CV1","2","4",0.132161264236551
"M4","genome-wide","PPP","CV1","2","5",0.148996827269061
"M4","haplotype-tagged","PPP","CV1","2","5",0.158266524501216
"M4","genome-wide","PPP","CV2","2","1",0.174318927346135
"M4","haplotype-tagged","PPP","CV2","2","1",0.181783733206847
"M4","genome-wide","PPP","CV2","2","2",0.111632702732497
"M4","haplotype-tagged","PPP","CV2","2","2",0.210005676227387
"M4","genome-wide","PPP","CV2","2","3",0.190964987441567
"M4","haplotype-tagged","PPP","CV2","2","3",0.175651419266702
"M4","genome-wide","PPP","CV2","2","4",0.0902363819774975
"M4","haplotype-tagged","PPP","CV2","2","4",0.0795536749494614
"M4","genome-wide","PPP","CV2","2","5",0.187003230235959
"M4","haplotype-tagged","PPP","CV2","2","5",0.206175487081847
"M4","genome-wide","PPP","CV0","2","1",0.185785704553758
"M4","haplotype-tagged","PPP","CV0","2","1",0.182810003640625
"M4","genome-wide","PPP","CV0","2","2",0.0691122706641349
"M4","haplotype-tagged","PPP","CV0","2","2",0.0997496289659207
"M4","genome-wide","PPP","CV0","2","3",0.24234845222723
"M4","haplotype-tagged","PPP","CV0","2","3",0.259300318691339
"M4","genome-wide","PPP","CV0","2","4",0.169575140184532
"M4","haplotype-tagged","PPP","CV0","2","4",0.192712936661281
"M4","genome-wide","PPP","CV0","2","5",0.0098609558989182
"M4","haplotype-tagged","PPP","CV0","2","5",-0.0220348065199771
"M4","genome-wide","PPP","CV00","2","1",0.0474162566996089
"M4","haplotype-tagged","PPP","CV00","2","1",0.0804869346493956
"M4","genome-wide","PPP","CV00","2","2",-0.124100823654764
"M4","haplotype-tagged","PPP","CV00","2","2",-0.0926257204476748
"M4","genome-wide","PPP","CV00","2","3",0.218630109059346
"M4","haplotype-tagged","PPP","CV00","2","3",0.0106402255923312
"M4","genome-wide","PPP","CV00","2","4",0.268668837201806
"M4","haplotype-tagged","PPP","CV00","2","4",0.0110366003696456
"M4","genome-wide","PPP","CV00","2","5",-0.027568534354446
"M4","haplotype-tagged","PPP","CV00","2","5",-0.278596849861514
"M4","genome-wide","YPPlnt","CV1","2","1",0.153773953643158
"M4","haplotype-tagged","YPPlnt","CV1","2","1",0.0274167214182815
"M4","genome-wide","YPPlnt","CV1","2","2",0.11009432933117
"M4","haplotype-tagged","YPPlnt","CV1","2","2",-0.0626386506508391
"M4","genome-wide","YPPlnt","CV1","2","3",0.0418692287689249
"M4","haplotype-tagged","YPPlnt","CV1","2","3",-0.0358438053303008
"M4","genome-wide","YPPlnt","CV1","2","4",0.171631123114884
"M4","haplotype-tagged","YPPlnt","CV1","2","4",0.186915586753924
"M4","genome-wide","YPPlnt","CV1","2","5",-0.013756804738194
"M4","haplotype-tagged","YPPlnt","CV1","2","5",0.0178573105686544
"M4","genome-wide","YPPlnt","CV2","2","1",0.127378907058574
"M4","haplotype-tagged","YPPlnt","CV2","2","1",0.103323681321487
"M4","genome-wide","YPPlnt","CV2","2","2",0.166654377826248
"M4","haplotype-tagged","YPPlnt","CV2","2","2",0.15593365617163
"M4","genome-wide","YPPlnt","CV2","2","3",0.146965603025071
"M4","haplotype-tagged","YPPlnt","CV2","2","3",0.14430782159652
"M4","genome-wide","YPPlnt","CV2","2","4",0.116924181835225
"M4","haplotype-tagged","YPPlnt","CV2","2","4",0.0913767330000706
"M4","genome-wide","YPPlnt","CV2","2","5",0.185680877524278
"M4","haplotype-tagged","YPPlnt","CV2","2","5",0.135859074601338
"M4","genome-wide","YPPlnt","CV0","2","1",0.173968413014107
"M4","haplotype-tagged","YPPlnt","CV0","2","1",0.17382995196959
"M4","genome-wide","YPPlnt","CV0","2","2",0.199947777193289
"M4","haplotype-tagged","YPPlnt","CV0","2","2",0.188656858412414
"M4","genome-wide","YPPlnt","CV0","2","3",0.0829896009247346
"M4","haplotype-tagged","YPPlnt","CV0","2","3",0.0974166533281322
"M4","genome-wide","YPPlnt","CV0","2","4",0.0605884150312584
"M4","haplotype-tagged","YPPlnt","CV0","2","4",0.0423979452164638
"M4","genome-wide","YPPlnt","CV0","2","5",0.167145943186004
"M4","haplotype-tagged","YPPlnt","CV0","2","5",0.161773280037426
"M4","genome-wide","YPPlnt","CV00","2","1",-0.0957276128900005
"M4","haplotype-tagged","YPPlnt","CV00","2","1",-0.184502495071375
"M4","genome-wide","YPPlnt","CV00","2","2",0.0849797539493558
"M4","haplotype-tagged","YPPlnt","CV00","2","2",0.02216429387282
"M4","genome-wide","YPPlnt","CV00","2","3",0.024915271456357
"M4","haplotype-tagged","YPPlnt","CV00","2","3",-0.0216397518589588
"M4","genome-wide","YPPlnt","CV00","2","4",0.00177786431529347
"M4","haplotype-tagged","YPPlnt","CV00","2","4",0.149746851452279
"M4","genome-wide","YPPlnt","CV00","2","5",0.145769407619191
"M4","haplotype-tagged","YPPlnt","CV00","2","5",0.098323670929525
"M4","genome-wide","DTF","CV1","3","1",0.508752839338676
"M4","haplotype-tagged","DTF","CV1","3","1",0.389335601968793
"M4","genome-wide","DTF","CV1","3","2",0.393954856659446
"M4","haplotype-tagged","DTF","CV1","3","2",0.284685952899211
"M4","genome-wide","DTF","CV1","3","3",0.383822810140317
"M4","haplotype-tagged","DTF","CV1","3","3",0.34284687832351
"M4","genome-wide","DTF","CV1","3","4",0.454690584365843
"M4","haplotype-tagged","DTF","CV1","3","4",0.423120585312379
"M4","genome-wide","DTF","CV1","3","5",0.365035785070481
"M4","haplotype-tagged","DTF","CV1","3","5",0.182861444667137
"M4","genome-wide","DTF","CV2","3","1",0.588290477776549
"M4","haplotype-tagged","DTF","CV2","3","1",0.588389360966723
"M4","genome-wide","DTF","CV2","3","2",0.617641669384833
"M4","haplotype-tagged","DTF","CV2","3","2",0.596757123367135
"M4","genome-wide","DTF","CV2","3","3",0.610520002327816
"M4","haplotype-tagged","DTF","CV2","3","3",0.60448596771291
"M4","genome-wide","DTF","CV2","3","4",0.593126472571821
"M4","haplotype-tagged","DTF","CV2","3","4",0.609678435497475
"M4","genome-wide","DTF","CV2","3","5",0.580859826224772
"M4","haplotype-tagged","DTF","CV2","3","5",0.611476408782741
"M4","genome-wide","DTF","CV0","3","1",0.625295566169329
"M4","haplotype-tagged","DTF","CV0","3","1",0.638644109730867
"M4","genome-wide","DTF","CV0","3","2",0.635099881914318
"M4","haplotype-tagged","DTF","CV0","3","2",0.637071994406101
"M4","genome-wide","DTF","CV0","3","3",0.686193004762243
"M4","haplotype-tagged","DTF","CV0","3","3",0.682219898141718
"M4","genome-wide","DTF","CV0","3","4",0.499026269547069
"M4","haplotype-tagged","DTF","CV0","3","4",0.511226168665158
"M4","genome-wide","DTF","CV0","3","5",0.626593450705673
"M4","haplotype-tagged","DTF","CV0","3","5",0.602854035274494
"M4","genome-wide","DTF","CV00","3","1",0.24184839295233
"M4","haplotype-tagged","DTF","CV00","3","1",0.203572075289026
"M4","genome-wide","DTF","CV00","3","2",0.380797992388204
"M4","haplotype-tagged","DTF","CV00","3","2",0.1055800597952
"M4","genome-wide","DTF","CV00","3","3",0.612996571915745
"M4","haplotype-tagged","DTF","CV00","3","3",0.35603914992791
"M4","genome-wide","DTF","CV00","3","4",0.639480055003536
"M4","haplotype-tagged","DTF","CV00","3","4",0.361526827298511
"M4","genome-wide","DTF","CV00","3","5",0.419889625739096
"M4","haplotype-tagged","DTF","CV00","3","5",0.244140874535633
"M4","genome-wide","DTM","CV1","3","1",0.285839204611053
"M4","haplotype-tagged","DTM","CV1","3","1",0.213123071142822
"M4","genome-wide","DTM","CV1","3","2",0.399015989739629
"M4","haplotype-tagged","DTM","CV1","3","2",0.22830398451709
"M4","genome-wide","DTM","CV1","3","3",0.256419450056741
"M4","haplotype-tagged","DTM","CV1","3","3",0.116172805702429
"M4","genome-wide","DTM","CV1","3","4",0.395471763581962
"M4","haplotype-tagged","DTM","CV1","3","4",0.3248241671813
"M4","genome-wide","DTM","CV1","3","5",0.291297394816616
"M4","haplotype-tagged","DTM","CV1","3","5",0.244937528723768
"M4","genome-wide","DTM","CV2","3","1",0.492172559210383
"M4","haplotype-tagged","DTM","CV2","3","1",0.512659498325437
"M4","genome-wide","DTM","CV2","3","2",0.534856298164979
"M4","haplotype-tagged","DTM","CV2","3","2",0.524532187254922
"M4","genome-wide","DTM","CV2","3","3",0.486683896783198
"M4","haplotype-tagged","DTM","CV2","3","3",0.486256134386176
"M4","genome-wide","DTM","CV2","3","4",0.435601056218183
"M4","haplotype-tagged","DTM","CV2","3","4",0.451358318564731
"M4","genome-wide","DTM","CV2","3","5",0.489274748673419
"M4","haplotype-tagged","DTM","CV2","3","5",0.479189812601483
"M4","genome-wide","DTM","CV0","3","1",0.517672348827982
"M4","haplotype-tagged","DTM","CV0","3","1",0.522147665980786
"M4","genome-wide","DTM","CV0","3","2",0.514835135612331
"M4","haplotype-tagged","DTM","CV0","3","2",0.520107473931697
"M4","genome-wide","DTM","CV0","3","3",0.483259452834059
"M4","haplotype-tagged","DTM","CV0","3","3",0.488047980545796
"M4","genome-wide","DTM","CV0","3","4",0.440746397531953
"M4","haplotype-tagged","DTM","CV0","3","4",0.439991101249088
"M4","genome-wide","DTM","CV0","3","5",0.399816667829009
"M4","haplotype-tagged","DTM","CV0","3","5",0.389148713945758
"M4","genome-wide","DTM","CV00","3","1",0.103019242160541
"M4","haplotype-tagged","DTM","CV00","3","1",0.0286499122096645
"M4","genome-wide","DTM","CV00","3","2",0.458424820555727
"M4","haplotype-tagged","DTM","CV00","3","2",-0.254727046944317
"M4","genome-wide","DTM","CV00","3","3",0.437567457237379
"M4","haplotype-tagged","DTM","CV00","3","3",0.1521745649794
"M4","genome-wide","DTM","CV00","3","4",0.303513504527463
"M4","haplotype-tagged","DTM","CV00","3","4",0.282212198995986
"M4","genome-wide","DTM","CV00","3","5",0.10632251388541
"M4","haplotype-tagged","DTM","CV00","3","5",0.0553600548059849
"M4","genome-wide","HSW","CV1","3","1",0.487414703420364
"M4","haplotype-tagged","HSW","CV1","3","1",0.256830319595285
"M4","genome-wide","HSW","CV1","3","2",0.540631402821862
"M4","haplotype-tagged","HSW","CV1","3","2",0.496798687921406
"M4","genome-wide","HSW","CV1","3","3",0.618750071892388
"M4","haplotype-tagged","HSW","CV1","3","3",0.59359204202589
"M4","genome-wide","HSW","CV1","3","4",0.516056487333288
"M4","haplotype-tagged","HSW","CV1","3","4",0.524341440808342
"M4","genome-wide","HSW","CV1","3","5",0.44165581617871
"M4","haplotype-tagged","HSW","CV1","3","5",0.275030702519529
"M4","genome-wide","HSW","CV2","3","1",0.719063870416859
"M4","haplotype-tagged","HSW","CV2","3","1",0.728336747646776
"M4","genome-wide","HSW","CV2","3","2",0.760527981656547
"M4","haplotype-tagged","HSW","CV2","3","2",0.758972480383971
"M4","genome-wide","HSW","CV2","3","3",0.775787801803863
"M4","haplotype-tagged","HSW","CV2","3","3",0.778575552218124
"M4","genome-wide","HSW","CV2","3","4",0.743747549853598
"M4","haplotype-tagged","HSW","CV2","3","4",0.743159839848317
"M4","genome-wide","HSW","CV2","3","5",0.730827745935311
"M4","haplotype-tagged","HSW","CV2","3","5",0.739916103314656
"M4","genome-wide","HSW","CV0","3","1",0.718528597381401
"M4","haplotype-tagged","HSW","CV0","3","1",0.724211421274451
"M4","genome-wide","HSW","CV0","3","2",0.754927699993002
"M4","haplotype-tagged","HSW","CV0","3","2",0.749140938287689
"M4","genome-wide","HSW","CV0","3","3",0.801824834268196
"M4","haplotype-tagged","HSW","CV0","3","3",0.802614811198675
"M4","genome-wide","HSW","CV0","3","4",0.745041346150134
"M4","haplotype-tagged","HSW","CV0","3","4",0.74468590679919
"M4","genome-wide","HSW","CV0","3","5",0.772457815375751
"M4","haplotype-tagged","HSW","CV0","3","5",0.784088221329404
"M4","genome-wide","HSW","CV00","3","1",0.616503424214855
"M4","haplotype-tagged","HSW","CV00","3","1",0.638330105635374
"M4","genome-wide","HSW","CV00","3","2",0.457058184192149
"M4","haplotype-tagged","HSW","CV00","3","2",0.415370048967841
"M4","genome-wide","HSW","CV00","3","3",0.551926213545749
"M4","haplotype-tagged","HSW","CV00","3","3",0.378805593674169
"M4","genome-wide","HSW","CV00","3","4",0.261876292717261
"M4","haplotype-tagged","HSW","CV00","3","4",0.129423716341475
"M4","genome-wide","HSW","CV00","3","5",0.503729610312087
"M4","haplotype-tagged","HSW","CV00","3","5",0.359140598851322
"M4","genome-wide","PH","CV1","3","1",0.449029709364372
"M4","haplotype-tagged","PH","CV1","3","1",0.320123586370037
"M4","genome-wide","PH","CV1","3","2",0.3926897962256
"M4","haplotype-tagged","PH","CV1","3","2",0.433511138658474
"M4","genome-wide","PH","CV1","3","3",0.467535486499263
"M4","haplotype-tagged","PH","CV1","3","3",0.457679953312959
"M4","genome-wide","PH","CV1","3","4",0.460062107021744
"M4","haplotype-tagged","PH","CV1","3","4",0.319660742868707
"M4","genome-wide","PH","CV1","3","5",0.318611901360415
"M4","haplotype-tagged","PH","CV1","3","5",0.00042281190069162
"M4","genome-wide","PH","CV2","3","1",0.492754195783853
"M4","haplotype-tagged","PH","CV2","3","1",0.479055474039067
"M4","genome-wide","PH","CV2","3","2",0.655703376800991
"M4","haplotype-tagged","PH","CV2","3","2",0.639270665691448
"M4","genome-wide","PH","CV2","3","3",0.598376459021287
"M4","haplotype-tagged","PH","CV2","3","3",0.589731800832126
"M4","genome-wide","PH","CV2","3","4",0.537431689401574
"M4","haplotype-tagged","PH","CV2","3","4",0.548123799660609
"M4","genome-wide","PH","CV2","3","5",0.611188435718399
"M4","haplotype-tagged","PH","CV2","3","5",0.596144478649253
"M4","genome-wide","PH","CV0","3","1",0.71493706811047
"M4","haplotype-tagged","PH","CV0","3","1",0.702941512667181
"M4","genome-wide","PH","CV0","3","2",0.591628082472824
"M4","haplotype-tagged","PH","CV0","3","2",0.579499590332889
"M4","genome-wide","PH","CV0","3","3",0.636203900759448
"M4","haplotype-tagged","PH","CV0","3","3",0.641090708908148
"M4","genome-wide","PH","CV0","3","4",0.34983540849195
"M4","haplotype-tagged","PH","CV0","3","4",0.354924998639072
"M4","genome-wide","PH","CV0","3","5",0.636228320503401
"M4","haplotype-tagged","PH","CV0","3","5",0.653379648257005
"M4","genome-wide","PH","CV00","3","1",0.460768825298523
"M4","haplotype-tagged","PH","CV00","3","1",0.30480373219342
"M4","genome-wide","PH","CV00","3","2",0.273336284144135
"M4","haplotype-tagged","PH","CV00","3","2",0.332363988138476
"M4","genome-wide","PH","CV00","3","3",0.569588545375959
"M4","haplotype-tagged","PH","CV00","3","3",0.474963851325858
"M4","genome-wide","PH","CV00","3","4",0.180082128863695
"M4","haplotype-tagged","PH","CV00","3","4",0.355184022869353
"M4","genome-wide","PH","CV00","3","5",0.549294453294368
"M4","haplotype-tagged","PH","CV00","3","5",0.496061247411238
"M4","genome-wide","PPP","CV1","3","1",0.123007167349889
"M4","haplotype-tagged","PPP","CV1","3","1",0.161615420980247
"M4","genome-wide","PPP","CV1","3","2",0.188124949136767
"M4","haplotype-tagged","PPP","CV1","3","2",0.129315325141504
"M4","genome-wide","PPP","CV1","3","3",0.183518617615938
"M4","haplotype-tagged","PPP","CV1","3","3",0.134665131686515
"M4","genome-wide","PPP","CV1","3","4",0.129554748720976
"M4","haplotype-tagged","PPP","CV1","3","4",0.183787307005727
"M4","genome-wide","PPP","CV1","3","5",0.135033043217385
"M4","haplotype-tagged","PPP","CV1","3","5",0.109800299487263
"M4","genome-wide","PPP","CV2","3","1",0.0988664220692446
"M4","haplotype-tagged","PPP","CV2","3","1",0.0729774496868142
"M4","genome-wide","PPP","CV2","3","2",0.186852233423429
"M4","haplotype-tagged","PPP","CV2","3","2",0.18210219535188
"M4","genome-wide","PPP","CV2","3","3",0.198298327066512
"M4","haplotype-tagged","PPP","CV2","3","3",0.193296103643613
"M4","genome-wide","PPP","CV2","3","4",0.199646103273303
"M4","haplotype-tagged","PPP","CV2","3","4",0.168757136939997
"M4","genome-wide","PPP","CV2","3","5",0.217844353222643
"M4","haplotype-tagged","PPP","CV2","3","5",0.191971248323601
"M4","genome-wide","PPP","CV0","3","1",0.228946479483718
"M4","haplotype-tagged","PPP","CV0","3","1",0.195090545636698
"M4","genome-wide","PPP","CV0","3","2",0.192071926315087
"M4","haplotype-tagged","PPP","CV0","3","2",0.210541318185572
"M4","genome-wide","PPP","CV0","3","3",0.187494274013427
"M4","haplotype-tagged","PPP","CV0","3","3",0.183475011016381
"M4","genome-wide","PPP","CV0","3","4",0.0388867031400482
"M4","haplotype-tagged","PPP","CV0","3","4",0.0549784584957043
"M4","genome-wide","PPP","CV0","3","5",0.0932933653978283
"M4","haplotype-tagged","PPP","CV0","3","5",0.0736327173748039
"M4","genome-wide","PPP","CV00","3","1",0.260560025134076
"M4","haplotype-tagged","PPP","CV00","3","1",0.124139598078402
"M4","genome-wide","PPP","CV00","3","2",0.136176737084792
"M4","haplotype-tagged","PPP","CV00","3","2",0.0650125019770497
"M4","genome-wide","PPP","CV00","3","3",0.0249017875241123
"M4","haplotype-tagged","PPP","CV00","3","3",0.183579710790096
"M4","genome-wide","PPP","CV00","3","4",0.249013903491153
"M4","haplotype-tagged","PPP","CV00","3","4",0.207485814734051
"M4","genome-wide","PPP","CV00","3","5",0.183660265759281
"M4","haplotype-tagged","PPP","CV00","3","5",0.190692466211149
"M4","genome-wide","YPPlnt","CV1","3","1",0.0529990178630486
"M4","haplotype-tagged","YPPlnt","CV1","3","1",-0.0583325405303774
"M4","genome-wide","YPPlnt","CV1","3","2",0.0542240965811795
"M4","haplotype-tagged","YPPlnt","CV1","3","2",0.176214994859393
"M4","genome-wide","YPPlnt","CV1","3","3",-0.0156069848622428
"M4","haplotype-tagged","YPPlnt","CV1","3","3",0.00840034918084357
"M4","genome-wide","YPPlnt","CV1","3","4",0.0834506540836403
"M4","haplotype-tagged","YPPlnt","CV1","3","4",0.115705864222313
"M4","genome-wide","YPPlnt","CV1","3","5",0.0945001992233606
"M4","haplotype-tagged","YPPlnt","CV1","3","5",0.0366023902252288
"M4","genome-wide","YPPlnt","CV2","3","1",0.0231296839143047
"M4","haplotype-tagged","YPPlnt","CV2","3","1",0.0730372145532186
"M4","genome-wide","YPPlnt","CV2","3","2",0.156904833267149
"M4","haplotype-tagged","YPPlnt","CV2","3","2",0.110789943485207
"M4","genome-wide","YPPlnt","CV2","3","3",0.0651150085322486
"M4","haplotype-tagged","YPPlnt","CV2","3","3",0.0576162125505167
"M4","genome-wide","YPPlnt","CV2","3","4",0.250512676963377
"M4","haplotype-tagged","YPPlnt","CV2","3","4",0.237420819149558
"M4","genome-wide","YPPlnt","CV2","3","5",0.066647778384471
"M4","haplotype-tagged","YPPlnt","CV2","3","5",0.0503820870035759
"M4","genome-wide","YPPlnt","CV0","3","1",0.104985665055743
"M4","haplotype-tagged","YPPlnt","CV0","3","1",0.0656230492311336
"M4","genome-wide","YPPlnt","CV0","3","2",0.122909795159102
"M4","haplotype-tagged","YPPlnt","CV0","3","2",0.122541940434725
"M4","genome-wide","YPPlnt","CV0","3","3",0.171767752398619
"M4","haplotype-tagged","YPPlnt","CV0","3","3",0.180249456931422
"M4","genome-wide","YPPlnt","CV0","3","4",0.137807223854439
"M4","haplotype-tagged","YPPlnt","CV0","3","4",0.135319572491996
"M4","genome-wide","YPPlnt","CV0","3","5",0.253242180317459
"M4","haplotype-tagged","YPPlnt","CV0","3","5",0.186113545185297
"M4","genome-wide","YPPlnt","CV00","3","1",-0.0126366865342124
"M4","haplotype-tagged","YPPlnt","CV00","3","1",-0.0337685219674597
"M4","genome-wide","YPPlnt","CV00","3","2",-0.0306337782354029
"M4","haplotype-tagged","YPPlnt","CV00","3","2",-0.07732398108961
"M4","genome-wide","YPPlnt","CV00","3","3",0.271763532887329
"M4","haplotype-tagged","YPPlnt","CV00","3","3",0.0273293971847401
"M4","genome-wide","YPPlnt","CV00","3","4",0.102952569299757
"M4","haplotype-tagged","YPPlnt","CV00","3","4",-0.00377876807202577
"M4","genome-wide","YPPlnt","CV00","3","5",0.537357118094166
"M4","haplotype-tagged","YPPlnt","CV00","3","5",0.0183884438556113
"M4","genome-wide","DTF","CV1","4","1",0.393079114642032
"M4","haplotype-tagged","DTF","CV1","4","1",0.34843122271448
"M4","genome-wide","DTF","CV1","4","2",0.367819343614789
"M4","haplotype-tagged","DTF","CV1","4","2",0.0812473473817035
"M4","genome-wide","DTF","CV1","4","3",0.456999915640015
"M4","haplotype-tagged","DTF","CV1","4","3",0.413533313801881
"M4","genome-wide","DTF","CV1","4","4",0.45244112552617
"M4","haplotype-tagged","DTF","CV1","4","4",0.277914231928486
"M4","genome-wide","DTF","CV1","4","5",0.507661101103183
"M4","haplotype-tagged","DTF","CV1","4","5",0.277497708254675
"M4","genome-wide","DTF","CV2","4","1",0.573693091406313
"M4","haplotype-tagged","DTF","CV2","4","1",0.536599612235428
"M4","genome-wide","DTF","CV2","4","2",0.647198684150812
"M4","haplotype-tagged","DTF","CV2","4","2",0.630891510448518
"M4","genome-wide","DTF","CV2","4","3",0.577256878944583
"M4","haplotype-tagged","DTF","CV2","4","3",0.566452558338054
"M4","genome-wide","DTF","CV2","4","4",0.603979493970984
"M4","haplotype-tagged","DTF","CV2","4","4",0.619864030302935
"M4","genome-wide","DTF","CV2","4","5",0.616207849953342
"M4","haplotype-tagged","DTF","CV2","4","5",0.618653451029216
"M4","genome-wide","DTF","CV0","4","1",0.598381365273994
"M4","haplotype-tagged","DTF","CV0","4","1",0.593187869412417
"M4","genome-wide","DTF","CV0","4","2",0.49965898793964
"M4","haplotype-tagged","DTF","CV0","4","2",0.492774328792722
"M4","genome-wide","DTF","CV0","4","3",0.692937723396869
"M4","haplotype-tagged","DTF","CV0","4","3",0.683923941136622
"M4","genome-wide","DTF","CV0","4","4",0.590644980601763
"M4","haplotype-tagged","DTF","CV0","4","4",0.621894681836009
"M4","genome-wide","DTF","CV0","4","5",0.752298769198713
"M4","haplotype-tagged","DTF","CV0","4","5",0.773647251547057
"M4","genome-wide","DTF","CV00","4","1",0.482159905287455
"M4","haplotype-tagged","DTF","CV00","4","1",0.40626394644784
"M4","genome-wide","DTF","CV00","4","2",0.483056533243642
"M4","haplotype-tagged","DTF","CV00","4","2",0.382274510177206
"M4","genome-wide","DTF","CV00","4","3",0.201422922468481
"M4","haplotype-tagged","DTF","CV00","4","3",0.144060791802736
"M4","genome-wide","DTF","CV00","4","4",0.543409871372693
"M4","haplotype-tagged","DTF","CV00","4","4",0.261156594685505
"M4","genome-wide","DTF","CV00","4","5",0.565138243142354
"M4","haplotype-tagged","DTF","CV00","4","5",0.310593407834924
"M4","genome-wide","DTM","CV1","4","1",0.37674131057086
"M4","haplotype-tagged","DTM","CV1","4","1",0.187368157817259
"M4","genome-wide","DTM","CV1","4","2",0.284122008524769
"M4","haplotype-tagged","DTM","CV1","4","2",0.0615512457591218
"M4","genome-wide","DTM","CV1","4","3",0.270537388434771
"M4","haplotype-tagged","DTM","CV1","4","3",0.259136463767553
"M4","genome-wide","DTM","CV1","4","4",0.251915453029932
"M4","haplotype-tagged","DTM","CV1","4","4",0.265890578932656
"M4","genome-wide","DTM","CV1","4","5",0.425710096405135
"M4","haplotype-tagged","DTM","CV1","4","5",0.19491688920705
"M4","genome-wide","DTM","CV2","4","1",0.475723609525526
"M4","haplotype-tagged","DTM","CV2","4","1",0.500762147985143
"M4","genome-wide","DTM","CV2","4","2",0.540665097997456
"M4","haplotype-tagged","DTM","CV2","4","2",0.535623824230747
"M4","genome-wide","DTM","CV2","4","3",0.466450620293504
"M4","haplotype-tagged","DTM","CV2","4","3",0.480912441408012
"M4","genome-wide","DTM","CV2","4","4",0.470606934891654
"M4","haplotype-tagged","DTM","CV2","4","4",0.47479183854965
"M4","genome-wide","DTM","CV2","4","5",0.454732660827093
"M4","haplotype-tagged","DTM","CV2","4","5",0.455878521286906
"M4","genome-wide","DTM","CV0","4","1",0.489383790949522
"M4","haplotype-tagged","DTM","CV0","4","1",0.490734618027352
"M4","genome-wide","DTM","CV0","4","2",0.367658474282881
"M4","haplotype-tagged","DTM","CV0","4","2",0.384480371721733
"M4","genome-wide","DTM","CV0","4","3",0.484167383218048
"M4","haplotype-tagged","DTM","CV0","4","3",0.488973009770008
"M4","genome-wide","DTM","CV0","4","4",0.469051387514598
"M4","haplotype-tagged","DTM","CV0","4","4",0.45675703477984
"M4","genome-wide","DTM","CV0","4","5",0.686884058629741
"M4","haplotype-tagged","DTM","CV0","4","5",0.665726144498972
"M4","genome-wide","DTM","CV00","4","1",0.280534454503254
"M4","haplotype-tagged","DTM","CV00","4","1",0.182193169725014
"M4","genome-wide","DTM","CV00","4","2",0.236151178048619
"M4","haplotype-tagged","DTM","CV00","4","2",0.324878257843505
"M4","genome-wide","DTM","CV00","4","3",0.172333381197792
"M4","haplotype-tagged","DTM","CV00","4","3",0.0715669002345749
"M4","genome-wide","DTM","CV00","4","4",0.209334923332757
"M4","haplotype-tagged","DTM","CV00","4","4",0.175935775100573
"M4","genome-wide","DTM","CV00","4","5",0.422491962914935
"M4","haplotype-tagged","DTM","CV00","4","5",0.0507673569554974
"M4","genome-wide","HSW","CV1","4","1",0.581738513952922
"M4","haplotype-tagged","HSW","CV1","4","1",0.425041705435643
"M4","genome-wide","HSW","CV1","4","2",0.465635660725518
"M4","haplotype-tagged","HSW","CV1","4","2",0.376005629697756
"M4","genome-wide","HSW","CV1","4","3",0.548062273474731
"M4","haplotype-tagged","HSW","CV1","4","3",0.305603688595686
"M4","genome-wide","HSW","CV1","4","4",0.603081351764582
"M4","haplotype-tagged","HSW","CV1","4","4",0.43520531555438
"M4","genome-wide","HSW","CV1","4","5",0.633066310236791
"M4","haplotype-tagged","HSW","CV1","4","5",0.666103197499961
"M4","genome-wide","HSW","CV2","4","1",0.747038661390447
"M4","haplotype-tagged","HSW","CV2","4","1",0.752811777545114
"M4","genome-wide","HSW","CV2","4","2",0.771461253693994
"M4","haplotype-tagged","HSW","CV2","4","2",0.785866033153543
"M4","genome-wide","HSW","CV2","4","3",0.709076963583504
"M4","haplotype-tagged","HSW","CV2","4","3",0.708797770644254
"M4","genome-wide","HSW","CV2","4","4",0.754044162073112
"M4","haplotype-tagged","HSW","CV2","4","4",0.754803572118208
"M4","genome-wide","HSW","CV2","4","5",0.761630988801515
"M4","haplotype-tagged","HSW","CV2","4","5",0.76624322133846
"M4","genome-wide","HSW","CV0","4","1",0.71033866893542
"M4","haplotype-tagged","HSW","CV0","4","1",0.705660254943269
"M4","genome-wide","HSW","CV0","4","2",0.689036764166221
"M4","haplotype-tagged","HSW","CV0","4","2",0.697525770866894
"M4","genome-wide","HSW","CV0","4","3",0.803114898734822
"M4","haplotype-tagged","HSW","CV0","4","3",0.804596259605763
"M4","genome-wide","HSW","CV0","4","4",0.796730856806903
"M4","haplotype-tagged","HSW","CV0","4","4",0.78387547577014
"M4","genome-wide","HSW","CV0","4","5",0.775313470426507
"M4","haplotype-tagged","HSW","CV0","4","5",0.785534777322025
"M4","genome-wide","HSW","CV00","4","1",0.26026634010298
"M4","haplotype-tagged","HSW","CV00","4","1",0.125030213743134
"M4","genome-wide","HSW","CV00","4","2",0.575172242292907
"M4","haplotype-tagged","HSW","CV00","4","2",0.576974870027195
"M4","genome-wide","HSW","CV00","4","3",0.673052335809972
"M4","haplotype-tagged","HSW","CV00","4","3",0.319141048773255
"M4","genome-wide","HSW","CV00","4","4",0.540192359426195
"M4","haplotype-tagged","HSW","CV00","4","4",0.288535529773074
"M4","genome-wide","HSW","CV00","4","5",0.665032941663972
"M4","haplotype-tagged","HSW","CV00","4","5",0.486627839059391
"M4","genome-wide","PH","CV1","4","1",0.471709287169951
"M4","haplotype-tagged","PH","CV1","4","1",0.406554004198741
"M4","genome-wide","PH","CV1","4","2",0.0855786960284884
"M4","haplotype-tagged","PH","CV1","4","2",0.173631293870274
"M4","genome-wide","PH","CV1","4","3",0.468984806545998
"M4","haplotype-tagged","PH","CV1","4","3",0.26302051945063
"M4","genome-wide","PH","CV1","4","4",0.231751321514578
"M4","haplotype-tagged","PH","CV1","4","4",0.211895318354487
"M4","genome-wide","PH","CV1","4","5",0.429639571851869
"M4","haplotype-tagged","PH","CV1","4","5",0.342492849158295
"M4","genome-wide","PH","CV2","4","1",0.630634464715346
"M4","haplotype-tagged","PH","CV2","4","1",0.616778396698105
"M4","genome-wide","PH","CV2","4","2",0.532206176005317
"M4","haplotype-tagged","PH","CV2","4","2",0.537012778285634
"M4","genome-wide","PH","CV2","4","3",0.595299512846635
"M4","haplotype-tagged","PH","CV2","4","3",0.570919159717346
"M4","genome-wide","PH","CV2","4","4",0.47241392431081
"M4","haplotype-tagged","PH","CV2","4","4",0.458814080641458
"M4","genome-wide","PH","CV2","4","5",0.543857697608714
"M4","haplotype-tagged","PH","CV2","4","5",0.528326680249675
"M4","genome-wide","PH","CV0","4","1",0.696982698718343
"M4","haplotype-tagged","PH","CV0","4","1",0.679925232940889
"M4","genome-wide","PH","CV0","4","2",0.599861428913243
"M4","haplotype-tagged","PH","CV0","4","2",0.618325096246399
"M4","genome-wide","PH","CV0","4","3",0.636189824641658
"M4","haplotype-tagged","PH","CV0","4","3",0.643897735921012
"M4","genome-wide","PH","CV0","4","4",0.295226276043075
"M4","haplotype-tagged","PH","CV0","4","4",0.281644414158098
"M4","genome-wide","PH","CV0","4","5",0.738914463127812
"M4","haplotype-tagged","PH","CV0","4","5",0.728892252371361
"M4","genome-wide","PH","CV00","4","1",0.441111706536552
"M4","haplotype-tagged","PH","CV00","4","1",0.529582593127506
"M4","genome-wide","PH","CV00","4","2",0.161570223806356
"M4","haplotype-tagged","PH","CV00","4","2",-0.012065758026481
"M4","genome-wide","PH","CV00","4","3",0.34056033736894
"M4","haplotype-tagged","PH","CV00","4","3",0.35289964023018
"M4","genome-wide","PH","CV00","4","4",0.449479404356197
"M4","haplotype-tagged","PH","CV00","4","4",0.242423716405395
"M4","genome-wide","PH","CV00","4","5",0.127143444548093
"M4","haplotype-tagged","PH","CV00","4","5",-0.0873522479667293
"M4","genome-wide","PPP","CV1","4","1",0.2091328543011
"M4","haplotype-tagged","PPP","CV1","4","1",0.200838857069866
"M4","genome-wide","PPP","CV1","4","2",0.167886060928631
"M4","haplotype-tagged","PPP","CV1","4","2",0.210834442580566
"M4","genome-wide","PPP","CV1","4","3",0.14818158844767
"M4","haplotype-tagged","PPP","CV1","4","3",0.0575068656943337
"M4","genome-wide","PPP","CV1","4","4",0.0912555405273262
"M4","haplotype-tagged","PPP","CV1","4","4",0.153443141476274
"M4","genome-wide","PPP","CV1","4","5",0.21323106242356
"M4","haplotype-tagged","PPP","CV1","4","5",0.216232844445252
"M4","genome-wide","PPP","CV2","4","1",0.142762497622951
"M4","haplotype-tagged","PPP","CV2","4","1",0.158714920962457
"M4","genome-wide","PPP","CV2","4","2",0.209796103138798
"M4","haplotype-tagged","PPP","CV2","4","2",0.22923929865101
"M4","genome-wide","PPP","CV2","4","3",0.096363688463308
"M4","haplotype-tagged","PPP","CV2","4","3",0.108200462980914
"M4","genome-wide","PPP","CV2","4","4",0.106893160189559
"M4","haplotype-tagged","PPP","CV2","4","4",0.176569660976521
"M4","genome-wide","PPP","CV2","4","5",0.226619913474223
"M4","haplotype-tagged","PPP","CV2","4","5",0.208735712915861
"M4","genome-wide","PPP","CV0","4","1",0.128490863678613
"M4","haplotype-tagged","PPP","CV0","4","1",0.130366987554264
"M4","genome-wide","PPP","CV0","4","2",0.0822995442242149
"M4","haplotype-tagged","PPP","CV0","4","2",0.104896087062237
"M4","genome-wide","PPP","CV0","4","3",0.183769701603304
"M4","haplotype-tagged","PPP","CV0","4","3",0.182744121812481
"M4","genome-wide","PPP","CV0","4","4",0.0994359474096471
"M4","haplotype-tagged","PPP","CV0","4","4",0.109970585627601
"M4","genome-wide","PPP","CV0","4","5",0.240094404854885
"M4","haplotype-tagged","PPP","CV0","4","5",0.191648735193613
"M4","genome-wide","PPP","CV00","4","1",0.328029939526163
"M4","haplotype-tagged","PPP","CV00","4","1",0.172787679060197
"M4","genome-wide","PPP","CV00","4","2",0.10449427255186
"M4","haplotype-tagged","PPP","CV00","4","2",-0.067296064386789
"M4","genome-wide","PPP","CV00","4","3",0.154621233754563
"M4","haplotype-tagged","PPP","CV00","4","3",0.103860834781254
"M4","genome-wide","PPP","CV00","4","4",0.282825752505638
"M4","haplotype-tagged","PPP","CV00","4","4",0.135129338987719
"M4","genome-wide","PPP","CV00","4","5",0.285691077998141
"M4","haplotype-tagged","PPP","CV00","4","5",0.319252979049539
"M4","genome-wide","YPPlnt","CV1","4","1",0.0931742163394724
"M4","haplotype-tagged","YPPlnt","CV1","4","1",-0.0232625594664604
"M4","genome-wide","YPPlnt","CV1","4","2",0.119088571628704
"M4","haplotype-tagged","YPPlnt","CV1","4","2",0.044347197385331
"M4","genome-wide","YPPlnt","CV1","4","3",0.0767360324060928
"M4","haplotype-tagged","YPPlnt","CV1","4","3",0.0551023182818054
"M4","genome-wide","YPPlnt","CV1","4","4",0.072291931814666
"M4","haplotype-tagged","YPPlnt","CV1","4","4",0.00641872548374852
"M4","genome-wide","YPPlnt","CV1","4","5",0.129942454506635
"M4","haplotype-tagged","YPPlnt","CV1","4","5",0.0623081363439386
"M4","genome-wide","YPPlnt","CV2","4","1",0.142381407021456
"M4","haplotype-tagged","YPPlnt","CV2","4","1",0.102366279395761
"M4","genome-wide","YPPlnt","CV2","4","2",0.0804730312264742
"M4","haplotype-tagged","YPPlnt","CV2","4","2",0.117971593289116
"M4","genome-wide","YPPlnt","CV2","4","3",0.111339920657496
"M4","haplotype-tagged","YPPlnt","CV2","4","3",0.128081438480695
"M4","genome-wide","YPPlnt","CV2","4","4",0.0578690101833377
"M4","haplotype-tagged","YPPlnt","CV2","4","4",0.0421987104291985
"M4","genome-wide","YPPlnt","CV2","4","5",0.188796613772245
"M4","haplotype-tagged","YPPlnt","CV2","4","5",0.173095843810149
"M4","genome-wide","YPPlnt","CV0","4","1",0.195776578804413
"M4","haplotype-tagged","YPPlnt","CV0","4","1",0.191437701160267
"M4","genome-wide","YPPlnt","CV0","4","2",0.124097649829186
"M4","haplotype-tagged","YPPlnt","CV0","4","2",0.132503686153519
"M4","genome-wide","YPPlnt","CV0","4","3",0.165927341714494
"M4","haplotype-tagged","YPPlnt","CV0","4","3",0.185521238963777
"M4","genome-wide","YPPlnt","CV0","4","4",0.107771370921911
"M4","haplotype-tagged","YPPlnt","CV0","4","4",0.0955401987012635
"M4","genome-wide","YPPlnt","CV0","4","5",-0.0583592629881902
"M4","haplotype-tagged","YPPlnt","CV0","4","5",-0.0433209653927856
"M4","genome-wide","YPPlnt","CV00","4","1",0.118461627138659
"M4","haplotype-tagged","YPPlnt","CV00","4","1",0.128324534020257
"M4","genome-wide","YPPlnt","CV00","4","2",0.0554580646790601
"M4","haplotype-tagged","YPPlnt","CV00","4","2",0.0412647647889881
"M4","genome-wide","YPPlnt","CV00","4","3",-0.0161162319314527
"M4","haplotype-tagged","YPPlnt","CV00","4","3",-0.0802145648337016
"M4","genome-wide","YPPlnt","CV00","4","4",0.160869561709239
"M4","haplotype-tagged","YPPlnt","CV00","4","4",0.103969607955872
"M4","genome-wide","YPPlnt","CV00","4","5",0.301248644731221
"M4","haplotype-tagged","YPPlnt","CV00","4","5",0.0640041049698406
"M4","genome-wide","DTF","CV1","5","1",0.395184507862984
"M4","haplotype-tagged","DTF","CV1","5","1",0.130162364346513
"M4","genome-wide","DTF","CV1","5","2",0.42589771336053
"M4","haplotype-tagged","DTF","CV1","5","2",0.27000669640454
"M4","genome-wide","DTF","CV1","5","3",0.464266282062872
"M4","haplotype-tagged","DTF","CV1","5","3",0.218819193819633
"M4","genome-wide","DTF","CV1","5","4",0.489487911853856
"M4","haplotype-tagged","DTF","CV1","5","4",0.393395806131074
"M4","genome-wide","DTF","CV1","5","5",0.391516864301419
"M4","haplotype-tagged","DTF","CV1","5","5",0.299085693038691
"M4","genome-wide","DTF","CV2","5","1",0.648447234050956
"M4","haplotype-tagged","DTF","CV2","5","1",0.670965958387866
"M4","genome-wide","DTF","CV2","5","2",0.678515692296986
"M4","haplotype-tagged","DTF","CV2","5","2",0.667286296429048
"M4","genome-wide","DTF","CV2","5","3",0.681961279069883
"M4","haplotype-tagged","DTF","CV2","5","3",0.655179174945067
"M4","genome-wide","DTF","CV2","5","4",0.504387552834422
"M4","haplotype-tagged","DTF","CV2","5","4",0.468982993060129
"M4","genome-wide","DTF","CV2","5","5",0.561939139675241
"M4","haplotype-tagged","DTF","CV2","5","5",0.554153970196482
"M4","genome-wide","DTF","CV0","5","1",0.644827180566525
"M4","haplotype-tagged","DTF","CV0","5","1",0.641033579290878
"M4","genome-wide","DTF","CV0","5","2",0.6120211878426
"M4","haplotype-tagged","DTF","CV0","5","2",0.635095407997265
"M4","genome-wide","DTF","CV0","5","3",0.559049991564188
"M4","haplotype-tagged","DTF","CV0","5","3",0.55272291941456
"M4","genome-wide","DTF","CV0","5","4",0.595210839815665
"M4","haplotype-tagged","DTF","CV0","5","4",0.610611866240849
"M4","genome-wide","DTF","CV0","5","5",0.629184547977569
"M4","haplotype-tagged","DTF","CV0","5","5",0.6015615465229
"M4","genome-wide","DTF","CV00","5","1",0.344775196886452
"M4","haplotype-tagged","DTF","CV00","5","1",0.155993161577607
"M4","genome-wide","DTF","CV00","5","2",0.543058460071071
"M4","haplotype-tagged","DTF","CV00","5","2",0.323976984673538
"M4","genome-wide","DTF","CV00","5","3",0.542331758064565
"M4","haplotype-tagged","DTF","CV00","5","3",0.301545631919847
"M4","genome-wide","DTF","CV00","5","4",0.523640791709161
"M4","haplotype-tagged","DTF","CV00","5","4",0.268974193201773
"M4","genome-wide","DTF","CV00","5","5",0.714660938225218
"M4","haplotype-tagged","DTF","CV00","5","5",0.522954533544012
"M4","genome-wide","DTM","CV1","5","1",0.284562257205319
"M4","haplotype-tagged","DTM","CV1","5","1",0.221480078818589
"M4","genome-wide","DTM","CV1","5","2",0.392935602670084
"M4","haplotype-tagged","DTM","CV1","5","2",0.205313037669069
"M4","genome-wide","DTM","CV1","5","3",0.327811461365804
"M4","haplotype-tagged","DTM","CV1","5","3",0.221781887194624
"M4","genome-wide","DTM","CV1","5","4",0.38890726124469
"M4","haplotype-tagged","DTM","CV1","5","4",0.0738650979198969
"M4","genome-wide","DTM","CV1","5","5",0.265729473048971
"M4","haplotype-tagged","DTM","CV1","5","5",0.163019476793758
"M4","genome-wide","DTM","CV2","5","1",0.496717540085733
"M4","haplotype-tagged","DTM","CV2","5","1",0.506286050203953
"M4","genome-wide","DTM","CV2","5","2",0.507005559619508
"M4","haplotype-tagged","DTM","CV2","5","2",0.503273733471098
"M4","genome-wide","DTM","CV2","5","3",0.490421123874614
"M4","haplotype-tagged","DTM","CV2","5","3",0.490606355468407
"M4","genome-wide","DTM","CV2","5","4",0.453358674617499
"M4","haplotype-tagged","DTM","CV2","5","4",0.431608969823154
"M4","genome-wide","DTM","CV2","5","5",0.422545430488394
"M4","haplotype-tagged","DTM","CV2","5","5",0.439745105999376
"M4","genome-wide","DTM","CV0","5","1",0.478608696043789
"M4","haplotype-tagged","DTM","CV0","5","1",0.462732142347093
"M4","genome-wide","DTM","CV0","5","2",0.570870950017764
"M4","haplotype-tagged","DTM","CV0","5","2",0.558900292018901
"M4","genome-wide","DTM","CV0","5","3",0.383114598578433
"M4","haplotype-tagged","DTM","CV0","5","3",0.373572687932913
"M4","genome-wide","DTM","CV0","5","4",0.518591805966909
"M4","haplotype-tagged","DTM","CV0","5","4",0.523909807497084
"M4","genome-wide","DTM","CV0","5","5",0.402576422744719
"M4","haplotype-tagged","DTM","CV0","5","5",0.40744845493703
"M4","genome-wide","DTM","CV00","5","1",0.145426174794003
"M4","haplotype-tagged","DTM","CV00","5","1",0.105165048010606
"M4","genome-wide","DTM","CV00","5","2",0.412868122400688
"M4","haplotype-tagged","DTM","CV00","5","2",0.190658249042548
"M4","genome-wide","DTM","CV00","5","3",0.449981723835068
"M4","haplotype-tagged","DTM","CV00","5","3",0.247609622965924
"M4","genome-wide","DTM","CV00","5","4",0.0931689581290507
"M4","haplotype-tagged","DTM","CV00","5","4",0.0148594159854333
"M4","genome-wide","DTM","CV00","5","5",0.661690104595444
"M4","haplotype-tagged","DTM","CV00","5","5",0.430301736983092
"M4","genome-wide","HSW","CV1","5","1",0.52549116999631
"M4","haplotype-tagged","HSW","CV1","5","1",0.537921152376518
"M4","genome-wide","HSW","CV1","5","2",0.642591635665301
"M4","haplotype-tagged","HSW","CV1","5","2",0.401031866632199
"M4","genome-wide","HSW","CV1","5","3",0.520232280179534
"M4","haplotype-tagged","HSW","CV1","5","3",0.457322749019005
"M4","genome-wide","HSW","CV1","5","4",0.561977371845296
"M4","haplotype-tagged","HSW","CV1","5","4",0.309267460336861
"M4","genome-wide","HSW","CV1","5","5",0.592363764029004
"M4","haplotype-tagged","HSW","CV1","5","5",0.474492286889468
"M4","genome-wide","HSW","CV2","5","1",0.732386183000391
"M4","haplotype-tagged","HSW","CV2","5","1",0.71926194135458
"M4","genome-wide","HSW","CV2","5","2",0.711783524686009
"M4","haplotype-tagged","HSW","CV2","5","2",0.720095567511103
"M4","genome-wide","HSW","CV2","5","3",0.731802645648359
"M4","haplotype-tagged","HSW","CV2","5","3",0.734773018962642
"M4","genome-wide","HSW","CV2","5","4",0.767944825860702
"M4","haplotype-tagged","HSW","CV2","5","4",0.785959217316745
"M4","genome-wide","HSW","CV2","5","5",0.729223945695645
"M4","haplotype-tagged","HSW","CV2","5","5",0.721841340910582
"M4","genome-wide","HSW","CV0","5","1",0.738365444223689
"M4","haplotype-tagged","HSW","CV0","5","1",0.750084745187653
"M4","genome-wide","HSW","CV0","5","2",0.808143126849073
"M4","haplotype-tagged","HSW","CV0","5","2",0.790845606061355
"M4","genome-wide","HSW","CV0","5","3",0.670895593612675
"M4","haplotype-tagged","HSW","CV0","5","3",0.670196377855648
"M4","genome-wide","HSW","CV0","5","4",0.75078114077596
"M4","haplotype-tagged","HSW","CV0","5","4",0.74693043352452
"M4","genome-wide","HSW","CV0","5","5",0.772648253839661
"M4","haplotype-tagged","HSW","CV0","5","5",0.784425865178011
"M4","genome-wide","HSW","CV00","5","1",0.580312884696642
"M4","haplotype-tagged","HSW","CV00","5","1",0.445332184006366
"M4","genome-wide","HSW","CV00","5","2",0.683907233923208
"M4","haplotype-tagged","HSW","CV00","5","2",0.469860244628244
"M4","genome-wide","HSW","CV00","5","3",0.549274660785272
"M4","haplotype-tagged","HSW","CV00","5","3",0.551481214018683
"M4","genome-wide","HSW","CV00","5","4",0.611103030192311
"M4","haplotype-tagged","HSW","CV00","5","4",0.578766126391265
"M4","genome-wide","HSW","CV00","5","5",0.798515923986992
"M4","haplotype-tagged","HSW","CV00","5","5",0.595062170963616
"M4","genome-wide","PH","CV1","5","1",0.329642970712857
"M4","haplotype-tagged","PH","CV1","5","1",0.257180797136907
"M4","genome-wide","PH","CV1","5","2",0.490684957674303
"M4","haplotype-tagged","PH","CV1","5","2",0.439757802768688
"M4","genome-wide","PH","CV1","5","3",0.441022526263564
"M4","haplotype-tagged","PH","CV1","5","3",0.417006991958094
"M4","genome-wide","PH","CV1","5","4",0.373632163991004
"M4","haplotype-tagged","PH","CV1","5","4",0.376253714106534
"M4","genome-wide","PH","CV1","5","5",0.420525851297415
"M4","haplotype-tagged","PH","CV1","5","5",0.436433936898677
"M4","genome-wide","PH","CV2","5","1",0.522121674982328
"M4","haplotype-tagged","PH","CV2","5","1",0.529613417894347
"M4","genome-wide","PH","CV2","5","2",0.632831633312715
"M4","haplotype-tagged","PH","CV2","5","2",0.641534166407757
"M4","genome-wide","PH","CV2","5","3",0.556740033591731
"M4","haplotype-tagged","PH","CV2","5","3",0.558699959921056
"M4","genome-wide","PH","CV2","5","4",0.547141543110009
"M4","haplotype-tagged","PH","CV2","5","4",0.525341534198126
"M4","genome-wide","PH","CV2","5","5",0.570744086510466
"M4","haplotype-tagged","PH","CV2","5","5",0.576847824139856
"M4","genome-wide","PH","CV0","5","1",0.594941217875589
"M4","haplotype-tagged","PH","CV0","5","1",0.604464612305486
"M4","genome-wide","PH","CV0","5","2",0.389214492295883
"M4","haplotype-tagged","PH","CV0","5","2",0.402042294740122
"M4","genome-wide","PH","CV0","5","3",0.608595805989654
"M4","haplotype-tagged","PH","CV0","5","3",0.59463939482689
"M4","genome-wide","PH","CV0","5","4",0.669197588913095
"M4","haplotype-tagged","PH","CV0","5","4",0.679755866245484
"M4","genome-wide","PH","CV0","5","5",0.631260589325802
"M4","haplotype-tagged","PH","CV0","5","5",0.654848749427205
"M4","genome-wide","PH","CV00","5","1",0.436152045611559
"M4","haplotype-tagged","PH","CV00","5","1",0.354118800903331
"M4","genome-wide","PH","CV00","5","2",0.514157078283788
"M4","haplotype-tagged","PH","CV00","5","2",0.424548996030966
"M4","genome-wide","PH","CV00","5","3",0.563350278761484
"M4","haplotype-tagged","PH","CV00","5","3",0.356024726757827
"M4","genome-wide","PH","CV00","5","4",0.0320864891879445
"M4","haplotype-tagged","PH","CV00","5","4",0.148419259080892
"M4","genome-wide","PH","CV00","5","5",0.638809674160948
"M4","haplotype-tagged","PH","CV00","5","5",0.276689796030188
"M4","genome-wide","PPP","CV1","5","1",0.236437829871154
"M4","haplotype-tagged","PPP","CV1","5","1",0.144322554891867
"M4","genome-wide","PPP","CV1","5","2",0.185249893595675
"M4","haplotype-tagged","PPP","CV1","5","2",0.140425367975385
"M4","genome-wide","PPP","CV1","5","3",0.136404025685167
"M4","haplotype-tagged","PPP","CV1","5","3",0.140613777688896
"M4","genome-wide","PPP","CV1","5","4",0.142304684432631
"M4","haplotype-tagged","PPP","CV1","5","4",0.16699329038219
"M4","genome-wide","PPP","CV1","5","5",0.138219362979423
"M4","haplotype-tagged","PPP","CV1","5","5",0.0751919863390566
"M4","genome-wide","PPP","CV2","5","1",0.205267939397224
"M4","haplotype-tagged","PPP","CV2","5","1",0.188521311813044
"M4","genome-wide","PPP","CV2","5","2",0.192063145648364
"M4","haplotype-tagged","PPP","CV2","5","2",0.167967392273161
"M4","genome-wide","PPP","CV2","5","3",0.108589680360997
"M4","haplotype-tagged","PPP","CV2","5","3",0.130641250344614
"M4","genome-wide","PPP","CV2","5","4",0.270234469153045
"M4","haplotype-tagged","PPP","CV2","5","4",0.298610847216756
"M4","genome-wide","PPP","CV2","5","5",0.15357792854188
"M4","haplotype-tagged","PPP","CV2","5","5",0.16640842476741
"M4","genome-wide","PPP","CV0","5","1",0.157587696882399
"M4","haplotype-tagged","PPP","CV0","5","1",0.137327350949474
"M4","genome-wide","PPP","CV0","5","2",0.0837074761947651
"M4","haplotype-tagged","PPP","CV0","5","2",0.0722000932706406
"M4","genome-wide","PPP","CV0","5","3",0.228801056319895
"M4","haplotype-tagged","PPP","CV0","5","3",0.268520088840432
"M4","genome-wide","PPP","CV0","5","4",0.188047388802801
"M4","haplotype-tagged","PPP","CV0","5","4",0.191722372839985
"M4","genome-wide","PPP","CV0","5","5",0.087532761325575
"M4","haplotype-tagged","PPP","CV0","5","5",0.0841562468460398
"M4","genome-wide","PPP","CV00","5","1",0.173366302086898
"M4","haplotype-tagged","PPP","CV00","5","1",0.00749788517809352
"M4","genome-wide","PPP","CV00","5","2",0.171379982680909
"M4","haplotype-tagged","PPP","CV00","5","2",0.114689369714233
"M4","genome-wide","PPP","CV00","5","3",0.0378732076403494
"M4","haplotype-tagged","PPP","CV00","5","3",0.146036624647584
"M4","genome-wide","PPP","CV00","5","4",0.212017188905677
"M4","haplotype-tagged","PPP","CV00","5","4",0.0714943804567243
"M4","genome-wide","PPP","CV00","5","5",0.25794389473073
"M4","haplotype-tagged","PPP","CV00","5","5",0.0674353659926277
"M4","genome-wide","YPPlnt","CV1","5","1",0.101445252555022
"M4","haplotype-tagged","YPPlnt","CV1","5","1",0.0635920543919106
"M4","genome-wide","YPPlnt","CV1","5","2",0.134941736883047
"M4","haplotype-tagged","YPPlnt","CV1","5","2",0.0716335258459869
"M4","genome-wide","YPPlnt","CV1","5","3",0.0548363782008854
"M4","haplotype-tagged","YPPlnt","CV1","5","3",0.13043314232619
"M4","genome-wide","YPPlnt","CV1","5","4",0.117320575431867
"M4","haplotype-tagged","YPPlnt","CV1","5","4",0.0137686355094915
"M4","genome-wide","YPPlnt","CV1","5","5",0.138920369676719
"M4","haplotype-tagged","YPPlnt","CV1","5","5",0.139130913400706
"M4","genome-wide","YPPlnt","CV2","5","1",0.128876714015703
"M4","haplotype-tagged","YPPlnt","CV2","5","1",0.117597962783107
"M4","genome-wide","YPPlnt","CV2","5","2",0.119223765620318
"M4","haplotype-tagged","YPPlnt","CV2","5","2",0.0899057163772705
"M4","genome-wide","YPPlnt","CV2","5","3",0.156449039724477
"M4","haplotype-tagged","YPPlnt","CV2","5","3",0.119960127592985
"M4","genome-wide","YPPlnt","CV2","5","4",0.117225224184614
"M4","haplotype-tagged","YPPlnt","CV2","5","4",0.0773640344992486
"M4","genome-wide","YPPlnt","CV2","5","5",0.168595763526707
"M4","haplotype-tagged","YPPlnt","CV2","5","5",0.144497431281897
"M4","genome-wide","YPPlnt","CV0","5","1",0.102323901883093
"M4","haplotype-tagged","YPPlnt","CV0","5","1",0.0891008049901626
"M4","genome-wide","YPPlnt","CV0","5","2",0.219546770863467
"M4","haplotype-tagged","YPPlnt","CV0","5","2",0.217238794612522
"M4","genome-wide","YPPlnt","CV0","5","3",0.0793760197908397
"M4","haplotype-tagged","YPPlnt","CV0","5","3",0.0972520205587417
"M4","genome-wide","YPPlnt","CV0","5","4",0.153012308279578
"M4","haplotype-tagged","YPPlnt","CV0","5","4",0.130594289143246
"M4","genome-wide","YPPlnt","CV0","5","5",0.248401864006811
"M4","haplotype-tagged","YPPlnt","CV0","5","5",0.199003741059634
"M4","genome-wide","YPPlnt","CV00","5","1",0.132624667575389
"M4","haplotype-tagged","YPPlnt","CV00","5","1",0.0784065432788711
"M4","genome-wide","YPPlnt","CV00","5","2",0.149091528936805
"M4","haplotype-tagged","YPPlnt","CV00","5","2",-0.0216772301010036
"M4","genome-wide","YPPlnt","CV00","5","3",0.211121594042932
"M4","haplotype-tagged","YPPlnt","CV00","5","3",-0.0853586007066745
"M4","genome-wide","YPPlnt","CV00","5","4",0.191476083970017
"M4","haplotype-tagged","YPPlnt","CV00","5","4",-0.0643984273027957
"M4","genome-wide","YPPlnt","CV00","5","5",-0.00701212770682486
"M4","haplotype-tagged","YPPlnt","CV00","5","5",-0.0162610908081851
"M4","genome-wide","DTF","CV1","6","1",0.4004087308611
"M4","haplotype-tagged","DTF","CV1","6","1",0.394632102185653
"M4","genome-wide","DTF","CV1","6","2",0.382160044820417
"M4","haplotype-tagged","DTF","CV1","6","2",0.362357488115612
"M4","genome-wide","DTF","CV1","6","3",0.451156987864652
"M4","haplotype-tagged","DTF","CV1","6","3",0.401077820186327
"M4","genome-wide","DTF","CV1","6","4",0.434061428755307
"M4","haplotype-tagged","DTF","CV1","6","4",0.171485416586286
"M4","genome-wide","DTF","CV1","6","5",0.192531061704619
"M4","haplotype-tagged","DTF","CV1","6","5",0.0901270101216014
"M4","genome-wide","DTF","CV2","6","1",0.636081424805708
"M4","haplotype-tagged","DTF","CV2","6","1",0.652504700970703
"M4","genome-wide","DTF","CV2","6","2",0.566473594596511
"M4","haplotype-tagged","DTF","CV2","6","2",0.58658036148878
"M4","genome-wide","DTF","CV2","6","3",0.585214152850834
"M4","haplotype-tagged","DTF","CV2","6","3",0.594153401887517
"M4","genome-wide","DTF","CV2","6","4",0.617926303341882
"M4","haplotype-tagged","DTF","CV2","6","4",0.590468933266788
"M4","genome-wide","DTF","CV2","6","5",0.631858153854752
"M4","haplotype-tagged","DTF","CV2","6","5",0.595510360553203
"M4","genome-wide","DTF","CV0","6","1",0.560117548402483
"M4","haplotype-tagged","DTF","CV0","6","1",0.554250851505171
"M4","genome-wide","DTF","CV0","6","2",0.662440106442522
"M4","haplotype-tagged","DTF","CV0","6","2",0.696243175026218
"M4","genome-wide","DTF","CV0","6","3",0.605832062431306
"M4","haplotype-tagged","DTF","CV0","6","3",0.605686190895023
"M4","genome-wide","DTF","CV0","6","4",0.730000080588541
"M4","haplotype-tagged","DTF","CV0","6","4",0.725642842868054
"M4","genome-wide","DTF","CV0","6","5",0.359215640808182
"M4","haplotype-tagged","DTF","CV0","6","5",0.376998728321635
"M4","genome-wide","DTF","CV00","6","1",0.431134813397026
"M4","haplotype-tagged","DTF","CV00","6","1",0.30541828483309
"M4","genome-wide","DTF","CV00","6","2",0.379961343256654
"M4","haplotype-tagged","DTF","CV00","6","2",0.220036975919612
"M4","genome-wide","DTF","CV00","6","3",0.529650442941872
"M4","haplotype-tagged","DTF","CV00","6","3",0.19345430056397
"M4","genome-wide","DTF","CV00","6","4",0.234388818839162
"M4","haplotype-tagged","DTF","CV00","6","4",0.244082462008777
"M4","genome-wide","DTF","CV00","6","5",0.512825771784796
"M4","haplotype-tagged","DTF","CV00","6","5",0.347992199007962
"M4","genome-wide","DTM","CV1","6","1",0.261231920675187
"M4","haplotype-tagged","DTM","CV1","6","1",0.236889190395828
"M4","genome-wide","DTM","CV1","6","2",0.378445135772444
"M4","haplotype-tagged","DTM","CV1","6","2",0.151075769737794
"M4","genome-wide","DTM","CV1","6","3",0.361140479301589
"M4","haplotype-tagged","DTM","CV1","6","3",0.344768236134395
"M4","genome-wide","DTM","CV1","6","4",0.34585237336068
"M4","haplotype-tagged","DTM","CV1","6","4",0.0619760804152129
"M4","genome-wide","DTM","CV1","6","5",0.294695218150683
"M4","haplotype-tagged","DTM","CV1","6","5",0.0266408913860033
"M4","genome-wide","DTM","CV2","6","1",0.510718414445233
"M4","haplotype-tagged","DTM","CV2","6","1",0.490321069750906
"M4","genome-wide","DTM","CV2","6","2",0.481468075761987
"M4","haplotype-tagged","DTM","CV2","6","2",0.492896128618835
"M4","genome-wide","DTM","CV2","6","3",0.464436952248239
"M4","haplotype-tagged","DTM","CV2","6","3",0.474061336342153
"M4","genome-wide","DTM","CV2","6","4",0.447592056750572
"M4","haplotype-tagged","DTM","CV2","6","4",0.443680845379927
"M4","genome-wide","DTM","CV2","6","5",0.527979539173046
"M4","haplotype-tagged","DTM","CV2","6","5",0.55407972926484
"M4","genome-wide","DTM","CV0","6","1",0.387713542046334
"M4","haplotype-tagged","DTM","CV0","6","1",0.378564188232388
"M4","genome-wide","DTM","CV0","6","2",0.598453732610751
"M4","haplotype-tagged","DTM","CV0","6","2",0.563481471121995
"M4","genome-wide","DTM","CV0","6","3",0.459341118854224
"M4","haplotype-tagged","DTM","CV0","6","3",0.465071334910502
"M4","genome-wide","DTM","CV0","6","4",0.547266952773978
"M4","haplotype-tagged","DTM","CV0","6","4",0.55126092739166
"M4","genome-wide","DTM","CV0","6","5",0.364451222344612
"M4","haplotype-tagged","DTM","CV0","6","5",0.392302045236753
"M4","genome-wide","DTM","CV00","6","1",0.282568906354825
"M4","haplotype-tagged","DTM","CV00","6","1",0.0903195987354379
"M4","genome-wide","DTM","CV00","6","2",0.264858510664267
"M4","haplotype-tagged","DTM","CV00","6","2",0.142796859572093
"M4","genome-wide","DTM","CV00","6","3",0.116050618195565
"M4","haplotype-tagged","DTM","CV00","6","3",0.0144535639703173
"M4","genome-wide","DTM","CV00","6","4",0.0579416609193164
"M4","haplotype-tagged","DTM","CV00","6","4",-0.113923904025261
"M4","genome-wide","DTM","CV00","6","5",0.322917376540606
"M4","haplotype-tagged","DTM","CV00","6","5",0.0350001934434394
"M4","genome-wide","HSW","CV1","6","1",0.670625440860748
"M4","haplotype-tagged","HSW","CV1","6","1",0.35892031076696
"M4","genome-wide","HSW","CV1","6","2",0.453711506152013
"M4","haplotype-tagged","HSW","CV1","6","2",0.291650914862527
"M4","genome-wide","HSW","CV1","6","3",0.541072610560964
"M4","haplotype-tagged","HSW","CV1","6","3",0.420951388851353
"M4","genome-wide","HSW","CV1","6","4",0.486498554921408
"M4","haplotype-tagged","HSW","CV1","6","4",0.428701642396965
"M4","genome-wide","HSW","CV1","6","5",0.574782756011092
"M4","haplotype-tagged","HSW","CV1","6","5",0.402526828556178
"M4","genome-wide","HSW","CV2","6","1",0.714945574051602
"M4","haplotype-tagged","HSW","CV2","6","1",0.727174415578319
"M4","genome-wide","HSW","CV2","6","2",0.705238572474613
"M4","haplotype-tagged","HSW","CV2","6","2",0.726823561185969
"M4","genome-wide","HSW","CV2","6","3",0.740275251693745
"M4","haplotype-tagged","HSW","CV2","6","3",0.748000301597195
"M4","genome-wide","HSW","CV2","6","4",0.783404246041929
"M4","haplotype-tagged","HSW","CV2","6","4",0.774397435521263
"M4","genome-wide","HSW","CV2","6","5",0.784504121747015
"M4","haplotype-tagged","HSW","CV2","6","5",0.790371494786425
"M4","genome-wide","HSW","CV0","6","1",0.671133207164263
"M4","haplotype-tagged","HSW","CV0","6","1",0.669903719678876
"M4","genome-wide","HSW","CV0","6","2",0.796083262566093
"M4","haplotype-tagged","HSW","CV0","6","2",0.794862881771571
"M4","genome-wide","HSW","CV0","6","3",0.735989020451309
"M4","haplotype-tagged","HSW","CV0","6","3",0.739158711251337
"M4","genome-wide","HSW","CV0","6","4",0.834860937340639
"M4","haplotype-tagged","HSW","CV0","6","4",0.835288012033775
"M4","genome-wide","HSW","CV0","6","5",0.595714693449084
"M4","haplotype-tagged","HSW","CV0","6","5",0.602949051862867
"M4","genome-wide","HSW","CV00","6","1",0.661991759675506
"M4","haplotype-tagged","HSW","CV00","6","1",0.352742973306905
"M4","genome-wide","HSW","CV00","6","2",0.449152744242514
"M4","haplotype-tagged","HSW","CV00","6","2",0.616907069880173
"M4","genome-wide","HSW","CV00","6","3",0.596628043198
"M4","haplotype-tagged","HSW","CV00","6","3",0.333720663177354
"M4","genome-wide","HSW","CV00","6","4",0.564096310528975
"M4","haplotype-tagged","HSW","CV00","6","4",0.436494897087447
"M4","genome-wide","HSW","CV00","6","5",0.268449661760471
"M4","haplotype-tagged","HSW","CV00","6","5",0.421783326197842
"M4","genome-wide","PH","CV1","6","1",0.469447314578777
"M4","haplotype-tagged","PH","CV1","6","1",0.273709519992197
"M4","genome-wide","PH","CV1","6","2",0.239852914148504
"M4","haplotype-tagged","PH","CV1","6","2",0.342224446989307
"M4","genome-wide","PH","CV1","6","3",0.336429003677782
"M4","haplotype-tagged","PH","CV1","6","3",0.24801848997093
"M4","genome-wide","PH","CV1","6","4",0.498490485853048
"M4","haplotype-tagged","PH","CV1","6","4",0.373630248619979
"M4","genome-wide","PH","CV1","6","5",0.375968441279945
"M4","haplotype-tagged","PH","CV1","6","5",0.385993200406442
"M4","genome-wide","PH","CV2","6","1",0.523081305952927
"M4","haplotype-tagged","PH","CV2","6","1",0.527255076259136
"M4","genome-wide","PH","CV2","6","2",0.516628936724162
"M4","haplotype-tagged","PH","CV2","6","2",0.509272906675574
"M4","genome-wide","PH","CV2","6","3",0.626115565858852
"M4","haplotype-tagged","PH","CV2","6","3",0.620439339110526
"M4","genome-wide","PH","CV2","6","4",0.61203088307251
"M4","haplotype-tagged","PH","CV2","6","4",0.609225396661997
"M4","genome-wide","PH","CV2","6","5",0.645068978426667
"M4","haplotype-tagged","PH","CV2","6","5",0.631040105427953
"M4","genome-wide","PH","CV0","6","1",0.607396554325574
"M4","haplotype-tagged","PH","CV0","6","1",0.592107282134319
"M4","genome-wide","PH","CV0","6","2",0.435014809552191
"M4","haplotype-tagged","PH","CV0","6","2",0.433342698759298
"M4","genome-wide","PH","CV0","6","3",0.570512667284337
"M4","haplotype-tagged","PH","CV0","6","3",0.578059505865278
"M4","genome-wide","PH","CV0","6","4",0.710944093947974
"M4","haplotype-tagged","PH","CV0","6","4",0.712552808149391
"M4","genome-wide","PH","CV0","6","5",0.577166732170474
"M4","haplotype-tagged","PH","CV0","6","5",0.586133921031457
"M4","genome-wide","PH","CV00","6","1",0.277005812010944
"M4","haplotype-tagged","PH","CV00","6","1",0.120340438214478
"M4","genome-wide","PH","CV00","6","2",0.276647120610686
"M4","haplotype-tagged","PH","CV00","6","2",0.265706690028116
"M4","genome-wide","PH","CV00","6","3",0.139560465265905
"M4","haplotype-tagged","PH","CV00","6","3",0.218140102820084
"M4","genome-wide","PH","CV00","6","4",0.493735468198112
"M4","haplotype-tagged","PH","CV00","6","4",0.376441566687558
"M4","genome-wide","PH","CV00","6","5",0.745586797775023
"M4","haplotype-tagged","PH","CV00","6","5",0.631776537361606
"M4","genome-wide","PPP","CV1","6","1",0.201396333606871
"M4","haplotype-tagged","PPP","CV1","6","1",0.211301281132011
"M4","genome-wide","PPP","CV1","6","2",0.211885194191157
"M4","haplotype-tagged","PPP","CV1","6","2",0.165098345970774
"M4","genome-wide","PPP","CV1","6","3",0.167790332793282
"M4","haplotype-tagged","PPP","CV1","6","3",0.0348627490308905
"M4","genome-wide","PPP","CV1","6","4",0.145188079309753
"M4","haplotype-tagged","PPP","CV1","6","4",0.275342948965662
"M4","genome-wide","PPP","CV1","6","5",0.087946632954428
"M4","haplotype-tagged","PPP","CV1","6","5",0.0494265294219014
"M4","genome-wide","PPP","CV2","6","1",0.168508328765484
"M4","haplotype-tagged","PPP","CV2","6","1",0.169970258266844
"M4","genome-wide","PPP","CV2","6","2",0.260277361135236
"M4","haplotype-tagged","PPP","CV2","6","2",0.263444676590404
"M4","genome-wide","PPP","CV2","6","3",0.0825011576999978
"M4","haplotype-tagged","PPP","CV2","6","3",0.0605107157466375
"M4","genome-wide","PPP","CV2","6","4",0.160993846914294
"M4","haplotype-tagged","PPP","CV2","6","4",0.190636183083773
"M4","genome-wide","PPP","CV2","6","5",0.152318282131875
"M4","haplotype-tagged","PPP","CV2","6","5",0.13743649101765
"M4","genome-wide","PPP","CV0","6","1",0.230352632675225
"M4","haplotype-tagged","PPP","CV0","6","1",0.265619197591717
"M4","genome-wide","PPP","CV0","6","2",0.122466082385915
"M4","haplotype-tagged","PPP","CV0","6","2",0.0971492463405227
"M4","genome-wide","PPP","CV0","6","3",0.0376672435159546
"M4","haplotype-tagged","PPP","CV0","6","3",0.0671115901019223
"M4","genome-wide","PPP","CV0","6","4",0.22738347710908
"M4","haplotype-tagged","PPP","CV0","6","4",0.233466512658354
"M4","genome-wide","PPP","CV0","6","5",0.0899355678842768
"M4","haplotype-tagged","PPP","CV0","6","5",0.10634318480004
"M4","genome-wide","PPP","CV00","6","1",0.0566933901575655
"M4","haplotype-tagged","PPP","CV00","6","1",-0.0105321747831977
"M4","genome-wide","PPP","CV00","6","2",0.0231004460183593
"M4","haplotype-tagged","PPP","CV00","6","2",0.0300517266249682
"M4","genome-wide","PPP","CV00","6","3",0.101160196353243
"M4","haplotype-tagged","PPP","CV00","6","3",0.162565776870826
"M4","genome-wide","PPP","CV00","6","4",0.331184197934523
"M4","haplotype-tagged","PPP","CV00","6","4",0.193487969655915
"M4","genome-wide","PPP","CV00","6","5",0.263232456247637
"M4","haplotype-tagged","PPP","CV00","6","5",0.375139374748386
"M4","genome-wide","YPPlnt","CV1","6","1",-0.0539080702086089
"M4","haplotype-tagged","YPPlnt","CV1","6","1",-0.0910244954601305
"M4","genome-wide","YPPlnt","CV1","6","2",0.135533875930149
"M4","haplotype-tagged","YPPlnt","CV1","6","2",0.131577282195509
"M4","genome-wide","YPPlnt","CV1","6","3",0.0612234320244801
"M4","haplotype-tagged","YPPlnt","CV1","6","3",0.129692395423838
"M4","genome-wide","YPPlnt","CV1","6","4",0.106785969681527
"M4","haplotype-tagged","YPPlnt","CV1","6","4",0.0510329939786255
"M4","genome-wide","YPPlnt","CV1","6","5",0.157617593388291
"M4","haplotype-tagged","YPPlnt","CV1","6","5",0.0042605306910285
"M4","genome-wide","YPPlnt","CV2","6","1",0.204395786658216
"M4","haplotype-tagged","YPPlnt","CV2","6","1",0.217050398270261
"M4","genome-wide","YPPlnt","CV2","6","2",0.308560870487175
"M4","haplotype-tagged","YPPlnt","CV2","6","2",0.289870748672859
"M4","genome-wide","YPPlnt","CV2","6","3",0.136197763509496
"M4","haplotype-tagged","YPPlnt","CV2","6","3",0.126066618996019
"M4","genome-wide","YPPlnt","CV2","6","4",0.0734953820337204
"M4","haplotype-tagged","YPPlnt","CV2","6","4",0.0691656193597829
"M4","genome-wide","YPPlnt","CV2","6","5",0.0623455949089873
"M4","haplotype-tagged","YPPlnt","CV2","6","5",0.0135084440729112
"M4","genome-wide","YPPlnt","CV0","6","1",0.0833237644402233
"M4","haplotype-tagged","YPPlnt","CV0","6","1",0.0947053806078493
"M4","genome-wide","YPPlnt","CV0","6","2",0.0429730030580108
"M4","haplotype-tagged","YPPlnt","CV0","6","2",0.058338650819868
"M4","genome-wide","YPPlnt","CV0","6","3",0.151603189386118
"M4","haplotype-tagged","YPPlnt","CV0","6","3",0.136104883380009
"M4","genome-wide","YPPlnt","CV0","6","4",0.18700967297049
"M4","haplotype-tagged","YPPlnt","CV0","6","4",0.159674796212419
"M4","genome-wide","YPPlnt","CV0","6","5",0.115475340617287
"M4","haplotype-tagged","YPPlnt","CV0","6","5",0.0732678439791276
"M4","genome-wide","YPPlnt","CV00","6","1",0.056448626547498
"M4","haplotype-tagged","YPPlnt","CV00","6","1",-0.212353661488296
"M4","genome-wide","YPPlnt","CV00","6","2",-0.0475167375861728
"M4","haplotype-tagged","YPPlnt","CV00","6","2",0.0160117157616344
"M4","genome-wide","YPPlnt","CV00","6","3",0.0765624055591755
"M4","haplotype-tagged","YPPlnt","CV00","6","3",-0.0314526476013756
"M4","genome-wide","YPPlnt","CV00","6","4",-0.0284242056443298
"M4","haplotype-tagged","YPPlnt","CV00","6","4",0.0519932358183513
"M4","genome-wide","YPPlnt","CV00","6","5",0.182390246595746
"M4","haplotype-tagged","YPPlnt","CV00","6","5",0.114945634365385
"M4","genome-wide","DTF","CV1","7","1",0.475812277130167
"M4","haplotype-tagged","DTF","CV1","7","1",0.407307409695323
"M4","genome-wide","DTF","CV1","7","2",0.396909426550634
"M4","haplotype-tagged","DTF","CV1","7","2",0.323327481723746
"M4","genome-wide","DTF","CV1","7","3",0.42954894657588
"M4","haplotype-tagged","DTF","CV1","7","3",0.309320231500639
"M4","genome-wide","DTF","CV1","7","4",0.345151542514928
"M4","haplotype-tagged","DTF","CV1","7","4",0.198309087981079
"M4","genome-wide","DTF","CV1","7","5",0.535240612854536
"M4","haplotype-tagged","DTF","CV1","7","5",0.370362818072227
"M4","genome-wide","DTF","CV2","7","1",0.646444238415574
"M4","haplotype-tagged","DTF","CV2","7","1",0.629610932370055
"M4","genome-wide","DTF","CV2","7","2",0.624284108383625
"M4","haplotype-tagged","DTF","CV2","7","2",0.627713979258635
"M4","genome-wide","DTF","CV2","7","3",0.544991283964028
"M4","haplotype-tagged","DTF","CV2","7","3",0.531327470673078
"M4","genome-wide","DTF","CV2","7","4",0.585113735072499
"M4","haplotype-tagged","DTF","CV2","7","4",0.575361389212657
"M4","genome-wide","DTF","CV2","7","5",0.626527376352289
"M4","haplotype-tagged","DTF","CV2","7","5",0.61737359308208
"M4","genome-wide","DTF","CV0","7","1",0.703693385924844
"M4","haplotype-tagged","DTF","CV0","7","1",0.714483635375139
"M4","genome-wide","DTF","CV0","7","2",0.678453561498659
"M4","haplotype-tagged","DTF","CV0","7","2",0.681244559190451
"M4","genome-wide","DTF","CV0","7","3",0.501180269818893
"M4","haplotype-tagged","DTF","CV0","7","3",0.4927194898795
"M4","genome-wide","DTF","CV0","7","4",0.60026326676444
"M4","haplotype-tagged","DTF","CV0","7","4",0.627886016632198
"M4","genome-wide","DTF","CV0","7","5",0.534325644875446
"M4","haplotype-tagged","DTF","CV0","7","5",0.520976238659912
"M4","genome-wide","DTF","CV00","7","1",0.36204915848026
"M4","haplotype-tagged","DTF","CV00","7","1",0.27227985518196
"M4","genome-wide","DTF","CV00","7","2",0.386316903539829
"M4","haplotype-tagged","DTF","CV00","7","2",0.29815016356852
"M4","genome-wide","DTF","CV00","7","3",0.278479936305743
"M4","haplotype-tagged","DTF","CV00","7","3",0.299541955265898
"M4","genome-wide","DTF","CV00","7","4",0.337072110995693
"M4","haplotype-tagged","DTF","CV00","7","4",0.342220382446495
"M4","genome-wide","DTF","CV00","7","5",0.480420409376014
"M4","haplotype-tagged","DTF","CV00","7","5",0.170548003065534
"M4","genome-wide","DTM","CV1","7","1",0.343229977766056
"M4","haplotype-tagged","DTM","CV1","7","1",0.204973409318827
"M4","genome-wide","DTM","CV1","7","2",0.375519913592059
"M4","haplotype-tagged","DTM","CV1","7","2",0.223377371300256
"M4","genome-wide","DTM","CV1","7","3",0.332294819984517
"M4","haplotype-tagged","DTM","CV1","7","3",0.231100200205321
"M4","genome-wide","DTM","CV1","7","4",0.26504429470653
"M4","haplotype-tagged","DTM","CV1","7","4",0.0476097637308431
"M4","genome-wide","DTM","CV1","7","5",0.358804928386521
"M4","haplotype-tagged","DTM","CV1","7","5",0.274270040449898
"M4","genome-wide","DTM","CV2","7","1",0.459675558517731
"M4","haplotype-tagged","DTM","CV2","7","1",0.458414256665145
"M4","genome-wide","DTM","CV2","7","2",0.544785726132092
"M4","haplotype-tagged","DTM","CV2","7","2",0.550966046890059
"M4","genome-wide","DTM","CV2","7","3",0.347481307721245
"M4","haplotype-tagged","DTM","CV2","7","3",0.355403441345184
"M4","genome-wide","DTM","CV2","7","4",0.498634296921027
"M4","haplotype-tagged","DTM","CV2","7","4",0.504097912159426
"M4","genome-wide","DTM","CV2","7","5",0.535292463365815
"M4","haplotype-tagged","DTM","CV2","7","5",0.516963337433605
"M4","genome-wide","DTM","CV0","7","1",0.63610006239149
"M4","haplotype-tagged","DTM","CV0","7","1",0.616429770338602
"M4","genome-wide","DTM","CV0","7","2",0.502262763286018
"M4","haplotype-tagged","DTM","CV0","7","2",0.507832865928155
"M4","genome-wide","DTM","CV0","7","3",0.37818853598142
"M4","haplotype-tagged","DTM","CV0","7","3",0.379917094166678
"M4","genome-wide","DTM","CV0","7","4",0.469890399411937
"M4","haplotype-tagged","DTM","CV0","7","4",0.462948638840145
"M4","genome-wide","DTM","CV0","7","5",0.291516648491872
"M4","haplotype-tagged","DTM","CV0","7","5",0.287371381178203
"M4","genome-wide","DTM","CV00","7","1",0.323948774063053
"M4","haplotype-tagged","DTM","CV00","7","1",0.228108760660184
"M4","genome-wide","DTM","CV00","7","2",0.143088801628038
"M4","haplotype-tagged","DTM","CV00","7","2",0.114829157240524
"M4","genome-wide","DTM","CV00","7","3",0.132608765618308
"M4","haplotype-tagged","DTM","CV00","7","3",0.0902814530041078
"M4","genome-wide","DTM","CV00","7","4",0.212220511151865
"M4","haplotype-tagged","DTM","CV00","7","4",0.0498639838918134
"M4","genome-wide","DTM","CV00","7","5",0.504978937929798
"M4","haplotype-tagged","DTM","CV00","7","5",0.211079002561109
"M4","genome-wide","HSW","CV1","7","1",0.584036526133458
"M4","haplotype-tagged","HSW","CV1","7","1",0.547015921368546
"M4","genome-wide","HSW","CV1","7","2",0.454189752089151
"M4","haplotype-tagged","HSW","CV1","7","2",0.335697820960397
"M4","genome-wide","HSW","CV1","7","3",0.458420402261818
"M4","haplotype-tagged","HSW","CV1","7","3",0.437170141067588
"M4","genome-wide","HSW","CV1","7","4",0.617561535111803
"M4","haplotype-tagged","HSW","CV1","7","4",0.362910862618088
"M4","genome-wide","HSW","CV1","7","5",0.448785354558858
"M4","haplotype-tagged","HSW","CV1","7","5",0.50969982759433
"M4","genome-wide","HSW","CV2","7","1",0.773862065257312
"M4","haplotype-tagged","HSW","CV2","7","1",0.759425572369822
"M4","genome-wide","HSW","CV2","7","2",0.744041374816465
"M4","haplotype-tagged","HSW","CV2","7","2",0.749095556614133
"M4","genome-wide","HSW","CV2","7","3",0.733627119788055
"M4","haplotype-tagged","HSW","CV2","7","3",0.736524186072518
"M4","genome-wide","HSW","CV2","7","4",0.644951943482427
"M4","haplotype-tagged","HSW","CV2","7","4",0.65997563884606
"M4","genome-wide","HSW","CV2","7","5",0.755248964725369
"M4","haplotype-tagged","HSW","CV2","7","5",0.758626477063315
"M4","genome-wide","HSW","CV0","7","1",0.760851126344644
"M4","haplotype-tagged","HSW","CV0","7","1",0.760617590624793
"M4","genome-wide","HSW","CV0","7","2",0.758630792938823
"M4","haplotype-tagged","HSW","CV0","7","2",0.760367285194024
"M4","genome-wide","HSW","CV0","7","3",0.688582512226842
"M4","haplotype-tagged","HSW","CV0","7","3",0.697157329878381
"M4","genome-wide","HSW","CV0","7","4",0.796960982165014
"M4","haplotype-tagged","HSW","CV0","7","4",0.785215937715571
"M4","genome-wide","HSW","CV0","7","5",0.704857130578496
"M4","haplotype-tagged","HSW","CV0","7","5",0.71601333112526
"M4","genome-wide","HSW","CV00","7","1",0.344037867489918
"M4","haplotype-tagged","HSW","CV00","7","1",0.287068328160742
"M4","genome-wide","HSW","CV00","7","2",0.590613285598214
"M4","haplotype-tagged","HSW","CV00","7","2",0.416831486460626
"M4","genome-wide","HSW","CV00","7","3",0.650182274515644
"M4","haplotype-tagged","HSW","CV00","7","3",0.437451266210015
"M4","genome-wide","HSW","CV00","7","4",0.615499131025045
"M4","haplotype-tagged","HSW","CV00","7","4",0.23181863404298
"M4","genome-wide","HSW","CV00","7","5",0.777388049785519
"M4","haplotype-tagged","HSW","CV00","7","5",0.547338855462878
"M4","genome-wide","PH","CV1","7","1",0.371913691123946
"M4","haplotype-tagged","PH","CV1","7","1",0.209240946243373
"M4","genome-wide","PH","CV1","7","2",0.304617603751905
"M4","haplotype-tagged","PH","CV1","7","2",0.259630385719575
"M4","genome-wide","PH","CV1","7","3",0.501592064369926
"M4","haplotype-tagged","PH","CV1","7","3",0.409277339935303
"M4","genome-wide","PH","CV1","7","4",0.493466028518311
"M4","haplotype-tagged","PH","CV1","7","4",0.480762662023983
"M4","genome-wide","PH","CV1","7","5",0.461493746732695
"M4","haplotype-tagged","PH","CV1","7","5",0.49449558140444
"M4","genome-wide","PH","CV2","7","1",0.590473683029116
"M4","haplotype-tagged","PH","CV2","7","1",0.589993351020076
"M4","genome-wide","PH","CV2","7","2",0.6069250852882
"M4","haplotype-tagged","PH","CV2","7","2",0.598023035620639
"M4","genome-wide","PH","CV2","7","3",0.590812562623583
"M4","haplotype-tagged","PH","CV2","7","3",0.552594899133746
"M4","genome-wide","PH","CV2","7","4",0.491901569633533
"M4","haplotype-tagged","PH","CV2","7","4",0.487339148737088
"M4","genome-wide","PH","CV2","7","5",0.564830428628539
"M4","haplotype-tagged","PH","CV2","7","5",0.536333545004672
"M4","genome-wide","PH","CV0","7","1",0.707077191829811
"M4","haplotype-tagged","PH","CV0","7","1",0.687161320221525
"M4","genome-wide","PH","CV0","7","2",0.741611451784428
"M4","haplotype-tagged","PH","CV0","7","2",0.744447805866032
"M4","genome-wide","PH","CV0","7","3",0.599374086113982
"M4","haplotype-tagged","PH","CV0","7","3",0.617398157638855
"M4","genome-wide","PH","CV0","7","4",0.295640123194725
"M4","haplotype-tagged","PH","CV0","7","4",0.281502546265265
"M4","genome-wide","PH","CV0","7","5",0.495027902044844
"M4","haplotype-tagged","PH","CV0","7","5",0.501434470364193
"M4","genome-wide","PH","CV00","7","1",0.435155427565596
"M4","haplotype-tagged","PH","CV00","7","1",0.470055055053235
"M4","genome-wide","PH","CV00","7","2",0.406539998091096
"M4","haplotype-tagged","PH","CV00","7","2",0.133578223274649
"M4","genome-wide","PH","CV00","7","3",0.519702873350702
"M4","haplotype-tagged","PH","CV00","7","3",0.349051211331651
"M4","genome-wide","PH","CV00","7","4",0.355907536300225
"M4","haplotype-tagged","PH","CV00","7","4",0.215991821210385
"M4","genome-wide","PH","CV00","7","5",0.664695427467071
"M4","haplotype-tagged","PH","CV00","7","5",0.610176538703482
"M4","genome-wide","PPP","CV1","7","1",0.106586613827043
"M4","haplotype-tagged","PPP","CV1","7","1",0.184996736641655
"M4","genome-wide","PPP","CV1","7","2",0.207039497220695
"M4","haplotype-tagged","PPP","CV1","7","2",0.109625964243323
"M4","genome-wide","PPP","CV1","7","3",0.158795626332864
"M4","haplotype-tagged","PPP","CV1","7","3",0.118779118772478
"M4","genome-wide","PPP","CV1","7","4",0.140557305409398
"M4","haplotype-tagged","PPP","CV1","7","4",0.201285546913627
"M4","genome-wide","PPP","CV1","7","5",0.144254491294339
"M4","haplotype-tagged","PPP","CV1","7","5",0.0564734007599124
"M4","genome-wide","PPP","CV2","7","1",0.174929708587618
"M4","haplotype-tagged","PPP","CV2","7","1",0.174456991996083
"M4","genome-wide","PPP","CV2","7","2",0.127399670878822
"M4","haplotype-tagged","PPP","CV2","7","2",0.154268780720333
"M4","genome-wide","PPP","CV2","7","3",0.137533890178779
"M4","haplotype-tagged","PPP","CV2","7","3",0.176350985262322
"M4","genome-wide","PPP","CV2","7","4",0.187345713183945
"M4","haplotype-tagged","PPP","CV2","7","4",0.177391470642641
"M4","genome-wide","PPP","CV2","7","5",0.159718116733199
"M4","haplotype-tagged","PPP","CV2","7","5",0.147119975773624
"M4","genome-wide","PPP","CV0","7","1",0.17205336486316
"M4","haplotype-tagged","PPP","CV0","7","1",0.147572885688605
"M4","genome-wide","PPP","CV0","7","2",0.24909442505174
"M4","haplotype-tagged","PPP","CV0","7","2",0.296451732872959
"M4","genome-wide","PPP","CV0","7","3",0.075594179217306
"M4","haplotype-tagged","PPP","CV0","7","3",0.106844846398179
"M4","genome-wide","PPP","CV0","7","4",0.108868453079733
"M4","haplotype-tagged","PPP","CV0","7","4",0.113214617189871
"M4","genome-wide","PPP","CV0","7","5",0.0448666150057896
"M4","haplotype-tagged","PPP","CV0","7","5",0.0642272094569613
"M4","genome-wide","PPP","CV00","7","1",0.0574177526146659
"M4","haplotype-tagged","PPP","CV00","7","1",0.0128755032908728
"M4","genome-wide","PPP","CV00","7","2",0.2156180055885
"M4","haplotype-tagged","PPP","CV00","7","2",0.195442407535033
"M4","genome-wide","PPP","CV00","7","3",0.131175993824059
"M4","haplotype-tagged","PPP","CV00","7","3",0.17995772050563
"M4","genome-wide","PPP","CV00","7","4",0.112633246746322
"M4","haplotype-tagged","PPP","CV00","7","4",0.00214200832235614
"M4","genome-wide","PPP","CV00","7","5",0.569924148752841
"M4","haplotype-tagged","PPP","CV00","7","5",0.375065824879727
"M4","genome-wide","YPPlnt","CV1","7","1",0.025995698731258
"M4","haplotype-tagged","YPPlnt","CV1","7","1",0.0530595225013922
"M4","genome-wide","YPPlnt","CV1","7","2",0.147704252827932
"M4","haplotype-tagged","YPPlnt","CV1","7","2",0.121401938032245
"M4","genome-wide","YPPlnt","CV1","7","3",0.0360665588573142
"M4","haplotype-tagged","YPPlnt","CV1","7","3",0.0862803811038646
"M4","genome-wide","YPPlnt","CV1","7","4",0.0167158061933448
"M4","haplotype-tagged","YPPlnt","CV1","7","4",-0.040875598566534
"M4","genome-wide","YPPlnt","CV1","7","5",0.153196049657174
"M4","haplotype-tagged","YPPlnt","CV1","7","5",0.0982582693349853
"M4","genome-wide","YPPlnt","CV2","7","1",0.146390341720579
"M4","haplotype-tagged","YPPlnt","CV2","7","1",0.140560799032983
"M4","genome-wide","YPPlnt","CV2","7","2",0.127567720288947
"M4","haplotype-tagged","YPPlnt","CV2","7","2",0.0786195282997311
"M4","genome-wide","YPPlnt","CV2","7","3",0.106507767855712
"M4","haplotype-tagged","YPPlnt","CV2","7","3",0.0867356744992706
"M4","genome-wide","YPPlnt","CV2","7","4",0.149144931302911
"M4","haplotype-tagged","YPPlnt","CV2","7","4",0.13204068526929
"M4","genome-wide","YPPlnt","CV2","7","5",0.115488420817299
"M4","haplotype-tagged","YPPlnt","CV2","7","5",0.0626930115360471
"M4","genome-wide","YPPlnt","CV0","7","1",0.121702682661631
"M4","haplotype-tagged","YPPlnt","CV0","7","1",0.100268545718859
"M4","genome-wide","YPPlnt","CV0","7","2",0.194251951214633
"M4","haplotype-tagged","YPPlnt","CV0","7","2",0.170198520755875
"M4","genome-wide","YPPlnt","CV0","7","3",0.134849878081165
"M4","haplotype-tagged","YPPlnt","CV0","7","3",0.137198594212381
"M4","genome-wide","YPPlnt","CV0","7","4",0.098326944902538
"M4","haplotype-tagged","YPPlnt","CV0","7","4",0.102441700530015
"M4","genome-wide","YPPlnt","CV0","7","5",0.0974949225224929
"M4","haplotype-tagged","YPPlnt","CV0","7","5",0.135084068489702
"M4","genome-wide","YPPlnt","CV00","7","1",0.148915746189495
"M4","haplotype-tagged","YPPlnt","CV00","7","1",0.0896516980785378
"M4","genome-wide","YPPlnt","CV00","7","2",0.168871550329912
"M4","haplotype-tagged","YPPlnt","CV00","7","2",0.258929122738967
"M4","genome-wide","YPPlnt","CV00","7","3",-0.108560965306333
"M4","haplotype-tagged","YPPlnt","CV00","7","3",-0.044859945712379
"M4","genome-wide","YPPlnt","CV00","7","4",0.239999302903537
"M4","haplotype-tagged","YPPlnt","CV00","7","4",0.0734335135652338
"M4","genome-wide","YPPlnt","CV00","7","5",0.00191023772182868
"M4","haplotype-tagged","YPPlnt","CV00","7","5",0.193048981442537
"M4","genome-wide","DTF","CV1","8","1",0.432298002131745
"M4","haplotype-tagged","DTF","CV1","8","1",0.348033171697293
"M4","genome-wide","DTF","CV1","8","2",0.408372279576572
"M4","haplotype-tagged","DTF","CV1","8","2",0.302112672463939
"M4","genome-wide","DTF","CV1","8","3",0.418969301269589
"M4","haplotype-tagged","DTF","CV1","8","3",0.384357888936708
"M4","genome-wide","DTF","CV1","8","4",0.508390409873634
"M4","haplotype-tagged","DTF","CV1","8","4",0.411516255908611
"M4","genome-wide","DTF","CV1","8","5",0.458136963963207
"M4","haplotype-tagged","DTF","CV1","8","5",0.309582280220246
"M4","genome-wide","DTF","CV2","8","1",0.626410752157881
"M4","haplotype-tagged","DTF","CV2","8","1",0.611670140302175
"M4","genome-wide","DTF","CV2","8","2",0.572210650674682
"M4","haplotype-tagged","DTF","CV2","8","2",0.567518530645622
"M4","genome-wide","DTF","CV2","8","3",0.573152184338428
"M4","haplotype-tagged","DTF","CV2","8","3",0.553302603594147
"M4","genome-wide","DTF","CV2","8","4",0.596810634811535
"M4","haplotype-tagged","DTF","CV2","8","4",0.615159418185136
"M4","genome-wide","DTF","CV2","8","5",0.627635843919516
"M4","haplotype-tagged","DTF","CV2","8","5",0.617033315193042
"M4","genome-wide","DTF","CV0","8","1",0.497243825026432
"M4","haplotype-tagged","DTF","CV0","8","1",0.495239097685064
"M4","genome-wide","DTF","CV0","8","2",0.716437036843602
"M4","haplotype-tagged","DTF","CV0","8","2",0.706322542033974
"M4","genome-wide","DTF","CV0","8","3",0.709946120412832
"M4","haplotype-tagged","DTF","CV0","8","3",0.715908395066713
"M4","genome-wide","DTF","CV0","8","4",0.526973473635364
"M4","haplotype-tagged","DTF","CV0","8","4",0.520444329755774
"M4","genome-wide","DTF","CV0","8","5",0.611185294314825
"M4","haplotype-tagged","DTF","CV0","8","5",0.643258043836524
"M4","genome-wide","DTF","CV00","8","1",0.46152023064596
"M4","haplotype-tagged","DTF","CV00","8","1",0.155126503684765
"M4","genome-wide","DTF","CV00","8","2",0.335670752025177
"M4","haplotype-tagged","DTF","CV00","8","2",0.278342794568779
"M4","genome-wide","DTF","CV00","8","3",0.553763677155249
"M4","haplotype-tagged","DTF","CV00","8","3",0.341842127811322
"M4","genome-wide","DTF","CV00","8","4",0.359180977239272
"M4","haplotype-tagged","DTF","CV00","8","4",0.00193399080449054
"M4","genome-wide","DTF","CV00","8","5",0.441839874368091
"M4","haplotype-tagged","DTF","CV00","8","5",0.276359160232738
"M4","genome-wide","DTM","CV1","8","1",0.321382562728839
"M4","haplotype-tagged","DTM","CV1","8","1",0.18287357949042
"M4","genome-wide","DTM","CV1","8","2",0.30157081397814
"M4","haplotype-tagged","DTM","CV1","8","2",0.181517795441958
"M4","genome-wide","DTM","CV1","8","3",0.235673634247401
"M4","haplotype-tagged","DTM","CV1","8","3",0.0912287512430734
"M4","genome-wide","DTM","CV1","8","4",0.301269983371491
"M4","haplotype-tagged","DTM","CV1","8","4",0.254441868977696
"M4","genome-wide","DTM","CV1","8","5",0.422676104226613
"M4","haplotype-tagged","DTM","CV1","8","5",0.32039960053693
"M4","genome-wide","DTM","CV2","8","1",0.475328784497467
"M4","haplotype-tagged","DTM","CV2","8","1",0.46863377195137
"M4","genome-wide","DTM","CV2","8","2",0.527061260187146
"M4","haplotype-tagged","DTM","CV2","8","2",0.499370217761212
"M4","genome-wide","DTM","CV2","8","3",0.476833250141274
"M4","haplotype-tagged","DTM","CV2","8","3",0.471792985665482
"M4","genome-wide","DTM","CV2","8","4",0.456986794607637
"M4","haplotype-tagged","DTM","CV2","8","4",0.481436602295299
"M4","genome-wide","DTM","CV2","8","5",0.476806545424755
"M4","haplotype-tagged","DTM","CV2","8","5",0.44541572774346
"M4","genome-wide","DTM","CV0","8","1",0.37720209824575
"M4","haplotype-tagged","DTM","CV0","8","1",0.382689765628599
"M4","genome-wide","DTM","CV0","8","2",0.554721811579767
"M4","haplotype-tagged","DTM","CV0","8","2",0.561996489761495
"M4","genome-wide","DTM","CV0","8","3",0.632361311463402
"M4","haplotype-tagged","DTM","CV0","8","3",0.610603481247975
"M4","genome-wide","DTM","CV0","8","4",0.358468393079029
"M4","haplotype-tagged","DTM","CV0","8","4",0.333806534286577
"M4","genome-wide","DTM","CV0","8","5",0.540982553763745
"M4","haplotype-tagged","DTM","CV0","8","5",0.522527089119302
"M4","genome-wide","DTM","CV00","8","1",0.27094545072159
"M4","haplotype-tagged","DTM","CV00","8","1",0.0556436622002804
"M4","genome-wide","DTM","CV00","8","2",0.17461180444943
"M4","haplotype-tagged","DTM","CV00","8","2",0.102222163285903
"M4","genome-wide","DTM","CV00","8","3",0.16690606468974
"M4","haplotype-tagged","DTM","CV00","8","3",0.0173274065067933
"M4","genome-wide","DTM","CV00","8","4",0.404111966780107
"M4","haplotype-tagged","DTM","CV00","8","4",0.328265331055702
"M4","genome-wide","DTM","CV00","8","5",0.200162895563621
"M4","haplotype-tagged","DTM","CV00","8","5",0.171731642489288
"M4","genome-wide","HSW","CV1","8","1",0.510458787293482
"M4","haplotype-tagged","HSW","CV1","8","1",0.351038033444452
"M4","genome-wide","HSW","CV1","8","2",0.612557885942719
"M4","haplotype-tagged","HSW","CV1","8","2",0.605789655257714
"M4","genome-wide","HSW","CV1","8","3",0.598323477155847
"M4","haplotype-tagged","HSW","CV1","8","3",0.521836231922277
"M4","genome-wide","HSW","CV1","8","4",0.682808826521517
"M4","haplotype-tagged","HSW","CV1","8","4",0.537591629895639
"M4","genome-wide","HSW","CV1","8","5",0.337097200243277
"M4","haplotype-tagged","HSW","CV1","8","5",0.110432863481413
"M4","genome-wide","HSW","CV2","8","1",0.754406768895665
"M4","haplotype-tagged","HSW","CV2","8","1",0.759889583000552
"M4","genome-wide","HSW","CV2","8","2",0.799001936145306
"M4","haplotype-tagged","HSW","CV2","8","2",0.791882051859792
"M4","genome-wide","HSW","CV2","8","3",0.731685922771317
"M4","haplotype-tagged","HSW","CV2","8","3",0.741139809741736
"M4","genome-wide","HSW","CV2","8","4",0.763930811538924
"M4","haplotype-tagged","HSW","CV2","8","4",0.754886782162161
"M4","genome-wide","HSW","CV2","8","5",0.65914452703808
"M4","haplotype-tagged","HSW","CV2","8","5",0.664533740178783
"M4","genome-wide","HSW","CV0","8","1",0.688013521487261
"M4","haplotype-tagged","HSW","CV0","8","1",0.699122781164221
"M4","genome-wide","HSW","CV0","8","2",0.795615586308623
"M4","haplotype-tagged","HSW","CV0","8","2",0.791219233698398
"M4","genome-wide","HSW","CV0","8","3",0.760518356455643
"M4","haplotype-tagged","HSW","CV0","8","3",0.762947200928838
"M4","genome-wide","HSW","CV0","8","4",0.665539513206263
"M4","haplotype-tagged","HSW","CV0","8","4",0.676617982220257
"M4","genome-wide","HSW","CV0","8","5",0.866985903089804
"M4","haplotype-tagged","HSW","CV0","8","5",0.860484641702572
"M4","genome-wide","HSW","CV00","8","1",0.565556460878342
"M4","haplotype-tagged","HSW","CV00","8","1",0.364569766144587
"M4","genome-wide","HSW","CV00","8","2",0.595963534676712
"M4","haplotype-tagged","HSW","CV00","8","2",0.426136611748634
"M4","genome-wide","HSW","CV00","8","3",0.622450259288574
"M4","haplotype-tagged","HSW","CV00","8","3",0.427462343106546
"M4","genome-wide","HSW","CV00","8","4",0.68100698505021
"M4","haplotype-tagged","HSW","CV00","8","4",0.51731638938638
"M4","genome-wide","HSW","CV00","8","5",0.704228563736727
"M4","haplotype-tagged","HSW","CV00","8","5",0.538603608105236
"M4","genome-wide","PH","CV1","8","1",0.397690882336461
"M4","haplotype-tagged","PH","CV1","8","1",0.185585653054872
"M4","genome-wide","PH","CV1","8","2",0.521471087850877
"M4","haplotype-tagged","PH","CV1","8","2",0.349698211177394
"M4","genome-wide","PH","CV1","8","3",0.267223540783579
"M4","haplotype-tagged","PH","CV1","8","3",0.109380650090674
"M4","genome-wide","PH","CV1","8","4",0.435328303282067
"M4","haplotype-tagged","PH","CV1","8","4",0.325404984938219
"M4","genome-wide","PH","CV1","8","5",0.446389979430864
"M4","haplotype-tagged","PH","CV1","8","5",0.428373172816999
"M4","genome-wide","PH","CV2","8","1",0.587961029216263
"M4","haplotype-tagged","PH","CV2","8","1",0.581619298877787
"M4","genome-wide","PH","CV2","8","2",0.615314957638294
"M4","haplotype-tagged","PH","CV2","8","2",0.633798940786251
"M4","genome-wide","PH","CV2","8","3",0.567131324688362
"M4","haplotype-tagged","PH","CV2","8","3",0.558678558836615
"M4","genome-wide","PH","CV2","8","4",0.551177949888729
"M4","haplotype-tagged","PH","CV2","8","4",0.520304273276518
"M4","genome-wide","PH","CV2","8","5",0.526558237503505
"M4","haplotype-tagged","PH","CV2","8","5",0.535067450011254
"M4","genome-wide","PH","CV0","8","1",0.595615226279256
"M4","haplotype-tagged","PH","CV0","8","1",0.615583825041658
"M4","genome-wide","PH","CV0","8","2",0.614559124620422
"M4","haplotype-tagged","PH","CV0","8","2",0.606072284841219
"M4","genome-wide","PH","CV0","8","3",0.705026977373313
"M4","haplotype-tagged","PH","CV0","8","3",0.684167071986231
"M4","genome-wide","PH","CV0","8","4",0.594920043825631
"M4","haplotype-tagged","PH","CV0","8","4",0.597243582709045
"M4","genome-wide","PH","CV0","8","5",0.107102582069987
"M4","haplotype-tagged","PH","CV0","8","5",0.11187169108381
"M4","genome-wide","PH","CV00","8","1",0.588371617274679
"M4","haplotype-tagged","PH","CV00","8","1",0.430929534122977
"M4","genome-wide","PH","CV00","8","2",0.176925790229448
"M4","haplotype-tagged","PH","CV00","8","2",-0.0699280603018383
"M4","genome-wide","PH","CV00","8","3",0.348828522999485
"M4","haplotype-tagged","PH","CV00","8","3",0.242205033776323
"M4","genome-wide","PH","CV00","8","4",0.314081859139641
"M4","haplotype-tagged","PH","CV00","8","4",0.541153347432704
"M4","genome-wide","PH","CV00","8","5",0.514886994078091
"M4","haplotype-tagged","PH","CV00","8","5",0.174897912718733
"M4","genome-wide","PPP","CV1","8","1",0.176991720921858
"M4","haplotype-tagged","PPP","CV1","8","1",0.059243064500048
"M4","genome-wide","PPP","CV1","8","2",0.157748186523273
"M4","haplotype-tagged","PPP","CV1","8","2",0.160599167414801
"M4","genome-wide","PPP","CV1","8","3",0.133963907118381
"M4","haplotype-tagged","PPP","CV1","8","3",0.250213114549214
"M4","genome-wide","PPP","CV1","8","4",0.201868529436071
"M4","haplotype-tagged","PPP","CV1","8","4",0.111132697363146
"M4","genome-wide","PPP","CV1","8","5",-0.0130356924172086
"M4","haplotype-tagged","PPP","CV1","8","5",0.0160768342468755
"M4","genome-wide","PPP","CV2","8","1",0.154184620108193
"M4","haplotype-tagged","PPP","CV2","8","1",0.161666083883379
"M4","genome-wide","PPP","CV2","8","2",0.190182028667992
"M4","haplotype-tagged","PPP","CV2","8","2",0.182385027967071
"M4","genome-wide","PPP","CV2","8","3",0.159918309673487
"M4","haplotype-tagged","PPP","CV2","8","3",0.148052371183033
"M4","genome-wide","PPP","CV2","8","4",0.163009233025223
"M4","haplotype-tagged","PPP","CV2","8","4",0.153359645339174
"M4","genome-wide","PPP","CV2","8","5",0.193013543667328
"M4","haplotype-tagged","PPP","CV2","8","5",0.210643914903541
"M4","genome-wide","PPP","CV0","8","1",0.0776106629817659
"M4","haplotype-tagged","PPP","CV0","8","1",0.111726629339106
"M4","genome-wide","PPP","CV0","8","2",0.169045772816385
"M4","haplotype-tagged","PPP","CV0","8","2",0.192602607284451
"M4","genome-wide","PPP","CV0","8","3",0.169258950209706
"M4","haplotype-tagged","PPP","CV0","8","3",0.161695845320303
"M4","genome-wide","PPP","CV0","8","4",0.0874775507211515
"M4","haplotype-tagged","PPP","CV0","8","4",0.144713628171944
"M4","genome-wide","PPP","CV0","8","5",-0.00145409092874077
"M4","haplotype-tagged","PPP","CV0","8","5",-0.0124742968756884
"M4","genome-wide","PPP","CV00","8","1",0.237259018458006
"M4","haplotype-tagged","PPP","CV00","8","1",0.0763193105700031
"M4","genome-wide","PPP","CV00","8","2",0.205013820354424
"M4","haplotype-tagged","PPP","CV00","8","2",0.124263486630952
"M4","genome-wide","PPP","CV00","8","3",0.108744754024525
"M4","haplotype-tagged","PPP","CV00","8","3",0.0360843823974979
"M4","genome-wide","PPP","CV00","8","4",0.273285192258783
"M4","haplotype-tagged","PPP","CV00","8","4",0.00584602021485502
"M4","genome-wide","PPP","CV00","8","5",0.0646650702495598
"M4","haplotype-tagged","PPP","CV00","8","5",0.183914905831372
"M4","genome-wide","YPPlnt","CV1","8","1",0.0942791441801801
"M4","haplotype-tagged","YPPlnt","CV1","8","1",0.0539831660142709
"M4","genome-wide","YPPlnt","CV1","8","2",0.162858439441999
"M4","haplotype-tagged","YPPlnt","CV1","8","2",-0.0316484646741283
"M4","genome-wide","YPPlnt","CV1","8","3",0.00680746319811226
"M4","haplotype-tagged","YPPlnt","CV1","8","3",-0.0603089246311803
"M4","genome-wide","YPPlnt","CV1","8","4",0.10624358766627
"M4","haplotype-tagged","YPPlnt","CV1","8","4",0.085330388634923
"M4","genome-wide","YPPlnt","CV1","8","5",0.109170333244591
"M4","haplotype-tagged","YPPlnt","CV1","8","5",0.0718927193590703
"M4","genome-wide","YPPlnt","CV2","8","1",0.0262740259228192
"M4","haplotype-tagged","YPPlnt","CV2","8","1",0.0102235551933394
"M4","genome-wide","YPPlnt","CV2","8","2",0.121258854100632
"M4","haplotype-tagged","YPPlnt","CV2","8","2",0.115845722112077
"M4","genome-wide","YPPlnt","CV2","8","3",0.0872011905376478
"M4","haplotype-tagged","YPPlnt","CV2","8","3",0.0821316846645884
"M4","genome-wide","YPPlnt","CV2","8","4",0.1383204801503
"M4","haplotype-tagged","YPPlnt","CV2","8","4",0.0845609274063951
"M4","genome-wide","YPPlnt","CV2","8","5",0.159913951285366
"M4","haplotype-tagged","YPPlnt","CV2","8","5",0.15486863086715
"M4","genome-wide","YPPlnt","CV0","8","1",0.1269019185061
"M4","haplotype-tagged","YPPlnt","CV0","8","1",0.141273944246689
"M4","genome-wide","YPPlnt","CV0","8","2",0.0815798336841316
"M4","haplotype-tagged","YPPlnt","CV0","8","2",0.0663708285121624
"M4","genome-wide","YPPlnt","CV0","8","3",0.111464972310807
"M4","haplotype-tagged","YPPlnt","CV0","8","3",0.106671897653801
"M4","genome-wide","YPPlnt","CV0","8","4",0.149674360161959
"M4","haplotype-tagged","YPPlnt","CV0","8","4",0.167539150543157
"M4","genome-wide","YPPlnt","CV0","8","5",0.171954416404142
"M4","haplotype-tagged","YPPlnt","CV0","8","5",0.163538479564342
"M4","genome-wide","YPPlnt","CV00","8","1",0.127284115547987
"M4","haplotype-tagged","YPPlnt","CV00","8","1",0.0250473993113333
"M4","genome-wide","YPPlnt","CV00","8","2",0.0411770691896926
"M4","haplotype-tagged","YPPlnt","CV00","8","2",0.0236510973041236
"M4","genome-wide","YPPlnt","CV00","8","3",0.307775093910062
"M4","haplotype-tagged","YPPlnt","CV00","8","3",0.112349415976437
"M4","genome-wide","YPPlnt","CV00","8","4",0.0955268165957886
"M4","haplotype-tagged","YPPlnt","CV00","8","4",-0.106960460457591
"M4","genome-wide","YPPlnt","CV00","8","5",-0.186363082877096
"M4","haplotype-tagged","YPPlnt","CV00","8","5",0.0206988578563714
"M4","genome-wide","DTF","CV1","9","1",0.455469767830394
"M4","haplotype-tagged","DTF","CV1","9","1",0.11617227629568
"M4","genome-wide","DTF","CV1","9","2",0.405057634977672
"M4","haplotype-tagged","DTF","CV1","9","2",0.200429968098793
"M4","genome-wide","DTF","CV1","9","3",0.504383831697869
"M4","haplotype-tagged","DTF","CV1","9","3",0.371342064704552
"M4","genome-wide","DTF","CV1","9","4",0.438064555975347
"M4","haplotype-tagged","DTF","CV1","9","4",0.296763480681784
"M4","genome-wide","DTF","CV1","9","5",0.43400741691686
"M4","haplotype-tagged","DTF","CV1","9","5",0.215358760793082
"M4","genome-wide","DTF","CV2","9","1",0.626754229977713
"M4","haplotype-tagged","DTF","CV2","9","1",0.599616107095144
"M4","genome-wide","DTF","CV2","9","2",0.598539675137737
"M4","haplotype-tagged","DTF","CV2","9","2",0.593320205515081
"M4","genome-wide","DTF","CV2","9","3",0.625097421331252
"M4","haplotype-tagged","DTF","CV2","9","3",0.618727552478397
"M4","genome-wide","DTF","CV2","9","4",0.627947412360353
"M4","haplotype-tagged","DTF","CV2","9","4",0.635224408572171
"M4","genome-wide","DTF","CV2","9","5",0.606618827773215
"M4","haplotype-tagged","DTF","CV2","9","5",0.601511731968141
"M4","genome-wide","DTF","CV0","9","1",0.749908637713551
"M4","haplotype-tagged","DTF","CV0","9","1",0.767410394959465
"M4","genome-wide","DTF","CV0","9","2",0.676188257182695
"M4","haplotype-tagged","DTF","CV0","9","2",0.678370414134884
"M4","genome-wide","DTF","CV0","9","3",0.605619313576545
"M4","haplotype-tagged","DTF","CV0","9","3",0.622512974601776
"M4","genome-wide","DTF","CV0","9","4",0.45784591975589
"M4","haplotype-tagged","DTF","CV0","9","4",0.438742594192187
"M4","genome-wide","DTF","CV0","9","5",0.532211534522682
"M4","haplotype-tagged","DTF","CV0","9","5",0.523684602728886
"M4","genome-wide","DTF","CV00","9","1",0.402359892154582
"M4","haplotype-tagged","DTF","CV00","9","1",0.438386439732431
"M4","genome-wide","DTF","CV00","9","2",0.318945079870038
"M4","haplotype-tagged","DTF","CV00","9","2",0.412950853370287
"M4","genome-wide","DTF","CV00","9","3",0.421389882239253
"M4","haplotype-tagged","DTF","CV00","9","3",0.442863349986438
"M4","genome-wide","DTF","CV00","9","4",0.5446489145604
"M4","haplotype-tagged","DTF","CV00","9","4",0.411101030428362
"M4","genome-wide","DTF","CV00","9","5",0.51509693985676
"M4","haplotype-tagged","DTF","CV00","9","5",0.240923022511466
"M4","genome-wide","DTM","CV1","9","1",0.283642004863258
"M4","haplotype-tagged","DTM","CV1","9","1",-0.034571122776405
"M4","genome-wide","DTM","CV1","9","2",0.278517696148472
"M4","haplotype-tagged","DTM","CV1","9","2",0.0828654975117977
"M4","genome-wide","DTM","CV1","9","3",0.407026272344549
"M4","haplotype-tagged","DTM","CV1","9","3",0.196214828993442
"M4","genome-wide","DTM","CV1","9","4",0.297517813020291
"M4","haplotype-tagged","DTM","CV1","9","4",0.292777709874461
"M4","genome-wide","DTM","CV1","9","5",0.338729201005044
"M4","haplotype-tagged","DTM","CV1","9","5",0.216237871551738
"M4","genome-wide","DTM","CV2","9","1",0.541266103773762
"M4","haplotype-tagged","DTM","CV2","9","1",0.507137160977858
"M4","genome-wide","DTM","CV2","9","2",0.469475875487024
"M4","haplotype-tagged","DTM","CV2","9","2",0.45076972900028
"M4","genome-wide","DTM","CV2","9","3",0.498276851243905
"M4","haplotype-tagged","DTM","CV2","9","3",0.4802690964549
"M4","genome-wide","DTM","CV2","9","4",0.450453089537923
"M4","haplotype-tagged","DTM","CV2","9","4",0.436911934211367
"M4","genome-wide","DTM","CV2","9","5",0.502181018125803
"M4","haplotype-tagged","DTM","CV2","9","5",0.501225743267972
"M4","genome-wide","DTM","CV0","9","1",0.64720390721759
"M4","haplotype-tagged","DTM","CV0","9","1",0.637609040884633
"M4","genome-wide","DTM","CV0","9","2",0.522268282129236
"M4","haplotype-tagged","DTM","CV0","9","2",0.523682062488595
"M4","genome-wide","DTM","CV0","9","3",0.467330317129153
"M4","haplotype-tagged","DTM","CV0","9","3",0.46490933494286
"M4","genome-wide","DTM","CV0","9","4",0.368232053845652
"M4","haplotype-tagged","DTM","CV0","9","4",0.361098990696352
"M4","genome-wide","DTM","CV0","9","5",0.30121457039945
"M4","haplotype-tagged","DTM","CV0","9","5",0.282338468349075
"M4","genome-wide","DTM","CV00","9","1",0.326604010411168
"M4","haplotype-tagged","DTM","CV00","9","1",0.165640422627612
"M4","genome-wide","DTM","CV00","9","2",0.0657970113154385
"M4","haplotype-tagged","DTM","CV00","9","2",0.0662140135632571
"M4","genome-wide","DTM","CV00","9","3",0.292652551639109
"M4","haplotype-tagged","DTM","CV00","9","3",0.336198695404818
"M4","genome-wide","DTM","CV00","9","4",0.337050871127407
"M4","haplotype-tagged","DTM","CV00","9","4",0.26948403511437
"M4","genome-wide","DTM","CV00","9","5",0.226720841681113
"M4","haplotype-tagged","DTM","CV00","9","5",0.0495347195005235
"M4","genome-wide","HSW","CV1","9","1",0.522184197197775
"M4","haplotype-tagged","HSW","CV1","9","1",0.425120961923482
"M4","genome-wide","HSW","CV1","9","2",0.555389448675116
"M4","haplotype-tagged","HSW","CV1","9","2",0.49245371085864
"M4","genome-wide","HSW","CV1","9","3",0.652089272351679
"M4","haplotype-tagged","HSW","CV1","9","3",0.595350320906472
"M4","genome-wide","HSW","CV1","9","4",0.480630689974419
"M4","haplotype-tagged","HSW","CV1","9","4",0.531719200881708
"M4","genome-wide","HSW","CV1","9","5",0.506864390880809
"M4","haplotype-tagged","HSW","CV1","9","5",0.160030860232994
"M4","genome-wide","HSW","CV2","9","1",0.740839271467821
"M4","haplotype-tagged","HSW","CV2","9","1",0.772471533499104
"M4","genome-wide","HSW","CV2","9","2",0.736192136582977
"M4","haplotype-tagged","HSW","CV2","9","2",0.734954079142167
"M4","genome-wide","HSW","CV2","9","3",0.75245773694193
"M4","haplotype-tagged","HSW","CV2","9","3",0.761978075671263
"M4","genome-wide","HSW","CV2","9","4",0.728870238125812
"M4","haplotype-tagged","HSW","CV2","9","4",0.738691431749903
"M4","genome-wide","HSW","CV2","9","5",0.703623284506165
"M4","haplotype-tagged","HSW","CV2","9","5",0.698270799474939
"M4","genome-wide","HSW","CV0","9","1",0.826942081005091
"M4","haplotype-tagged","HSW","CV0","9","1",0.810051724791099
"M4","genome-wide","HSW","CV0","9","2",0.770838530830245
"M4","haplotype-tagged","HSW","CV0","9","2",0.786117087104232
"M4","genome-wide","HSW","CV0","9","3",0.796786853120134
"M4","haplotype-tagged","HSW","CV0","9","3",0.783802554010503
"M4","genome-wide","HSW","CV0","9","4",0.590439042161027
"M4","haplotype-tagged","HSW","CV0","9","4",0.589702222517298
"M4","genome-wide","HSW","CV0","9","5",0.705316597958268
"M4","haplotype-tagged","HSW","CV0","9","5",0.717485471199105
"M4","genome-wide","HSW","CV00","9","1",0.563159303930063
"M4","haplotype-tagged","HSW","CV00","9","1",0.246886164780218
"M4","genome-wide","HSW","CV00","9","2",0.653153020073565
"M4","haplotype-tagged","HSW","CV00","9","2",0.446265578484242
"M4","genome-wide","HSW","CV00","9","3",0.512712958290735
"M4","haplotype-tagged","HSW","CV00","9","3",0.417868226179742
"M4","genome-wide","HSW","CV00","9","4",0.638138996521119
"M4","haplotype-tagged","HSW","CV00","9","4",0.343537104613568
"M4","genome-wide","HSW","CV00","9","5",0.812223637869606
"M4","haplotype-tagged","HSW","CV00","9","5",0.536209662892071
"M4","genome-wide","PH","CV1","9","1",0.428976601394858
"M4","haplotype-tagged","PH","CV1","9","1",0.357748083108466
"M4","genome-wide","PH","CV1","9","2",0.582792114550088
"M4","haplotype-tagged","PH","CV1","9","2",0.33610690182583
"M4","genome-wide","PH","CV1","9","3",0.424740295377636
"M4","haplotype-tagged","PH","CV1","9","3",0.20080220043841
"M4","genome-wide","PH","CV1","9","4",0.403775768616815
"M4","haplotype-tagged","PH","CV1","9","4",0.322709544537019
"M4","genome-wide","PH","CV1","9","5",0.293115246270434
"M4","haplotype-tagged","PH","CV1","9","5",0.37894317736683
"M4","genome-wide","PH","CV2","9","1",0.564966453068238
"M4","haplotype-tagged","PH","CV2","9","1",0.559832767451793
"M4","genome-wide","PH","CV2","9","2",0.638591170497957
"M4","haplotype-tagged","PH","CV2","9","2",0.633061993440176
"M4","genome-wide","PH","CV2","9","3",0.570980127981911
"M4","haplotype-tagged","PH","CV2","9","3",0.552056469918237
"M4","genome-wide","PH","CV2","9","4",0.571991202218887
"M4","haplotype-tagged","PH","CV2","9","4",0.548953829975693
"M4","genome-wide","PH","CV2","9","5",0.4876356616296
"M4","haplotype-tagged","PH","CV2","9","5",0.48053701347879
"M4","genome-wide","PH","CV0","9","1",0.737700003628204
"M4","haplotype-tagged","PH","CV0","9","1",0.722451698662036
"M4","genome-wide","PH","CV0","9","2",0.675224504487154
"M4","haplotype-tagged","PH","CV0","9","2",0.672807853615843
"M4","genome-wide","PH","CV0","9","3",0.293899232995441
"M4","haplotype-tagged","PH","CV0","9","3",0.283991748310849
"M4","genome-wide","PH","CV0","9","4",0.64593902209805
"M4","haplotype-tagged","PH","CV0","9","4",0.63840574508769
"M4","genome-wide","PH","CV0","9","5",0.495962100959544
"M4","haplotype-tagged","PH","CV0","9","5",0.505510360616621
"M4","genome-wide","PH","CV00","9","1",0.287491531449983
"M4","haplotype-tagged","PH","CV00","9","1",0.118653500759425
"M4","genome-wide","PH","CV00","9","2",0.667589389789244
"M4","haplotype-tagged","PH","CV00","9","2",0.39230919613845
"M4","genome-wide","PH","CV00","9","3",0.0965338353304083
"M4","haplotype-tagged","PH","CV00","9","3",-0.0301940688768568
"M4","genome-wide","PH","CV00","9","4",0.41973425259883
"M4","haplotype-tagged","PH","CV00","9","4",0.338508822167699
"M4","genome-wide","PH","CV00","9","5",0.510655305442879
"M4","haplotype-tagged","PH","CV00","9","5",0.386034871251628
"M4","genome-wide","PPP","CV1","9","1",0.182804797263403
"M4","haplotype-tagged","PPP","CV1","9","1",0.160946117407649
"M4","genome-wide","PPP","CV1","9","2",0.10240730846023
"M4","haplotype-tagged","PPP","CV1","9","2",0.0598256816821485
"M4","genome-wide","PPP","CV1","9","3",0.213547357102715
"M4","haplotype-tagged","PPP","CV1","9","3",0.187456070967278
"M4","genome-wide","PPP","CV1","9","4",0.195848411160075
"M4","haplotype-tagged","PPP","CV1","9","4",0.16570888812086
"M4","genome-wide","PPP","CV1","9","5",0.221005876538146
"M4","haplotype-tagged","PPP","CV1","9","5",0.162507715588836
"M4","genome-wide","PPP","CV2","9","1",0.252577737529301
"M4","haplotype-tagged","PPP","CV2","9","1",0.212309773992398
"M4","genome-wide","PPP","CV2","9","2",0.179101676572604
"M4","haplotype-tagged","PPP","CV2","9","2",0.237607950493638
"M4","genome-wide","PPP","CV2","9","3",0.161247938313967
"M4","haplotype-tagged","PPP","CV2","9","3",0.157983331720144
"M4","genome-wide","PPP","CV2","9","4",0.177238843819321
"M4","haplotype-tagged","PPP","CV2","9","4",0.205593191471069
"M4","genome-wide","PPP","CV2","9","5",0.125498112222429
"M4","haplotype-tagged","PPP","CV2","9","5",0.123156970262329
"M4","genome-wide","PPP","CV0","9","1",0.172678897640057
"M4","haplotype-tagged","PPP","CV0","9","1",0.202031165641567
"M4","genome-wide","PPP","CV0","9","2",0.139427128770129
"M4","haplotype-tagged","PPP","CV0","9","2",0.126921737499475
"M4","genome-wide","PPP","CV0","9","3",0.103656393349432
"M4","haplotype-tagged","PPP","CV0","9","3",0.105390544744323
"M4","genome-wide","PPP","CV0","9","4",0.105911715597291
"M4","haplotype-tagged","PPP","CV0","9","4",0.0689988796722053
"M4","genome-wide","PPP","CV0","9","5",0.0482425502090447
"M4","haplotype-tagged","PPP","CV0","9","5",0.0687549432414582
"M4","genome-wide","PPP","CV00","9","1",0.242425708137635
"M4","haplotype-tagged","PPP","CV00","9","1",0.264124042012622
"M4","genome-wide","PPP","CV00","9","2",0.17564537969387
"M4","haplotype-tagged","PPP","CV00","9","2",0.0817715684215988
"M4","genome-wide","PPP","CV00","9","3",0.0627040838685555
"M4","haplotype-tagged","PPP","CV00","9","3",0.132437256802189
"M4","genome-wide","PPP","CV00","9","4",0.0958513737263343
"M4","haplotype-tagged","PPP","CV00","9","4",-0.0458933556156375
"M4","genome-wide","PPP","CV00","9","5",0.0499515418379735
"M4","haplotype-tagged","PPP","CV00","9","5",0.0646281070750822
"M4","genome-wide","YPPlnt","CV1","9","1",0.136314066136434
"M4","haplotype-tagged","YPPlnt","CV1","9","1",0.133402182850733
"M4","genome-wide","YPPlnt","CV1","9","2",0.133315057596322
"M4","haplotype-tagged","YPPlnt","CV1","9","2",0.0453042106832434
"M4","genome-wide","YPPlnt","CV1","9","3",0.0209384649248812
"M4","haplotype-tagged","YPPlnt","CV1","9","3",-0.119712014487924
"M4","genome-wide","YPPlnt","CV1","9","4",0.0389999576341214
"M4","haplotype-tagged","YPPlnt","CV1","9","4",0.0862035648819867
"M4","genome-wide","YPPlnt","CV1","9","5",0.0708845828482601
"M4","haplotype-tagged","YPPlnt","CV1","9","5",0.0735136243221188
"M4","genome-wide","YPPlnt","CV2","9","1",0.0657383922366231
"M4","haplotype-tagged","YPPlnt","CV2","9","1",0.0369742288462802
"M4","genome-wide","YPPlnt","CV2","9","2",0.160638184386846
"M4","haplotype-tagged","YPPlnt","CV2","9","2",0.18087476362476
"M4","genome-wide","YPPlnt","CV2","9","3",0.129871188560061
"M4","haplotype-tagged","YPPlnt","CV2","9","3",0.0932062237568109
"M4","genome-wide","YPPlnt","CV2","9","4",0.105543203958419
"M4","haplotype-tagged","YPPlnt","CV2","9","4",0.125114612805393
"M4","genome-wide","YPPlnt","CV2","9","5",0.131644173732063
"M4","haplotype-tagged","YPPlnt","CV2","9","5",0.114107251540323
"M4","genome-wide","YPPlnt","CV0","9","1",0.188469675796732
"M4","haplotype-tagged","YPPlnt","CV0","9","1",0.153861159204077
"M4","genome-wide","YPPlnt","CV0","9","2",0.110218907858898
"M4","haplotype-tagged","YPPlnt","CV0","9","2",0.0737760263874904
"M4","genome-wide","YPPlnt","CV0","9","3",0.0919117746478071
"M4","haplotype-tagged","YPPlnt","CV0","9","3",0.10238351737266
"M4","genome-wide","YPPlnt","CV0","9","4",0.153767248351678
"M4","haplotype-tagged","YPPlnt","CV0","9","4",0.133965771757761
"M4","genome-wide","YPPlnt","CV0","9","5",0.0956366573438614
"M4","haplotype-tagged","YPPlnt","CV0","9","5",0.133920761491087
"M4","genome-wide","YPPlnt","CV00","9","1",0.141061606058825
"M4","haplotype-tagged","YPPlnt","CV00","9","1",0.155081049446227
"M4","genome-wide","YPPlnt","CV00","9","2",0.0577773801871302
"M4","haplotype-tagged","YPPlnt","CV00","9","2",-0.109971222626333
"M4","genome-wide","YPPlnt","CV00","9","3",-0.180130679681003
"M4","haplotype-tagged","YPPlnt","CV00","9","3",-0.251259976274345
"M4","genome-wide","YPPlnt","CV00","9","4",0.0184799585872023
"M4","haplotype-tagged","YPPlnt","CV00","9","4",-0.0580422616441339
"M4","genome-wide","YPPlnt","CV00","9","5",-0.0165800919068071
"M4","haplotype-tagged","YPPlnt","CV00","9","5",-0.133343265238221
"M4","genome-wide","DTF","CV1","10","1",0.299930726011293
"M4","haplotype-tagged","DTF","CV1","10","1",0.325674081167531
"M4","genome-wide","DTF","CV1","10","2",0.444785117477025
"M4","haplotype-tagged","DTF","CV1","10","2",0.308344048472089
"M4","genome-wide","DTF","CV1","10","3",0.476447409195743
"M4","haplotype-tagged","DTF","CV1","10","3",0.383932611172584
"M4","genome-wide","DTF","CV1","10","4",0.431731813798897
"M4","haplotype-tagged","DTF","CV1","10","4",0.24230648145531
"M4","genome-wide","DTF","CV1","10","5",0.485755957672898
"M4","haplotype-tagged","DTF","CV1","10","5",0.294830516107276
"M4","genome-wide","DTF","CV2","10","1",0.626099190612954
"M4","haplotype-tagged","DTF","CV2","10","1",0.617116809161211
"M4","genome-wide","DTF","CV2","10","2",0.659583758416175
"M4","haplotype-tagged","DTF","CV2","10","2",0.649627353523596
"M4","genome-wide","DTF","CV2","10","3",0.57838066077032
"M4","haplotype-tagged","DTF","CV2","10","3",0.550261038679539
"M4","genome-wide","DTF","CV2","10","4",0.575582223969851
"M4","haplotype-tagged","DTF","CV2","10","4",0.566507632695311
"M4","genome-wide","DTF","CV2","10","5",0.561593202896649
"M4","haplotype-tagged","DTF","CV2","10","5",0.56321951059322
"M4","genome-wide","DTF","CV0","10","1",0.682367319493184
"M4","haplotype-tagged","DTF","CV0","10","1",0.681261632702919
"M4","genome-wide","DTF","CV0","10","2",0.601280495910354
"M4","haplotype-tagged","DTF","CV0","10","2",0.622505466567248
"M4","genome-wide","DTF","CV0","10","3",0.438953891363703
"M4","haplotype-tagged","DTF","CV0","10","3",0.44001052071842
"M4","genome-wide","DTF","CV0","10","4",0.650998328298069
"M4","haplotype-tagged","DTF","CV0","10","4",0.640094377046139
"M4","genome-wide","DTF","CV0","10","5",0.756561273013259
"M4","haplotype-tagged","DTF","CV0","10","5",0.775066021048348
"M4","genome-wide","DTF","CV00","10","1",0.360809333698207
"M4","haplotype-tagged","DTF","CV00","10","1",0.00383530245517076
"M4","genome-wide","DTF","CV00","10","2",0.400079574747562
"M4","haplotype-tagged","DTF","CV00","10","2",0.157746917789586
"M4","genome-wide","DTF","CV00","10","3",0.480562891648078
"M4","haplotype-tagged","DTF","CV00","10","3",0.440928827305158
"M4","genome-wide","DTF","CV00","10","4",0.552925030034473
"M4","haplotype-tagged","DTF","CV00","10","4",0.329914018197239
"M4","genome-wide","DTF","CV00","10","5",0.275077032436402
"M4","haplotype-tagged","DTF","CV00","10","5",0.0271800436421311
"M4","genome-wide","DTM","CV1","10","1",0.277035970163867
"M4","haplotype-tagged","DTM","CV1","10","1",0.20639368657188
"M4","genome-wide","DTM","CV1","10","2",0.365699804126526
"M4","haplotype-tagged","DTM","CV1","10","2",0.152525290165395
"M4","genome-wide","DTM","CV1","10","3",0.275166532293525
"M4","haplotype-tagged","DTM","CV1","10","3",0.234145577478862
"M4","genome-wide","DTM","CV1","10","4",0.30768300941282
"M4","haplotype-tagged","DTM","CV1","10","4",0.240814361050474
"M4","genome-wide","DTM","CV1","10","5",0.331208229935892
"M4","haplotype-tagged","DTM","CV1","10","5",0.149982353284317
"M4","genome-wide","DTM","CV2","10","1",0.500812846610021
"M4","haplotype-tagged","DTM","CV2","10","1",0.483117147771024
"M4","genome-wide","DTM","CV2","10","2",0.47851317055158
"M4","haplotype-tagged","DTM","CV2","10","2",0.490803444463119
"M4","genome-wide","DTM","CV2","10","3",0.470066908382392
"M4","haplotype-tagged","DTM","CV2","10","3",0.472434835839764
"M4","genome-wide","DTM","CV2","10","4",0.446405583347946
"M4","haplotype-tagged","DTM","CV2","10","4",0.479485181944459
"M4","genome-wide","DTM","CV2","10","5",0.460375956256327
"M4","haplotype-tagged","DTM","CV2","10","5",0.453180245786667
"M4","genome-wide","DTM","CV0","10","1",0.511357939549496
"M4","haplotype-tagged","DTM","CV0","10","1",0.515965032035338
"M4","genome-wide","DTM","CV0","10","2",0.47183790669438
"M4","haplotype-tagged","DTM","CV0","10","2",0.462687190911285
"M4","genome-wide","DTM","CV0","10","3",0.312535444300421
"M4","haplotype-tagged","DTM","CV0","10","3",0.330730027868494
"M4","genome-wide","DTM","CV0","10","4",0.520658616567289
"M4","haplotype-tagged","DTM","CV0","10","4",0.525630283816412
"M4","genome-wide","DTM","CV0","10","5",0.695220780350367
"M4","haplotype-tagged","DTM","CV0","10","5",0.669630452066971
"M4","genome-wide","DTM","CV00","10","1",0.0398483897494756
"M4","haplotype-tagged","DTM","CV00","10","1",0.157231793413631
"M4","genome-wide","DTM","CV00","10","2",0.464623371391988
"M4","haplotype-tagged","DTM","CV00","10","2",0.0770317046801982
"M4","genome-wide","DTM","CV00","10","3",0.426475083485151
"M4","haplotype-tagged","DTM","CV00","10","3",0.17479037398049
"M4","genome-wide","DTM","CV00","10","4",0.6700052255391
"M4","haplotype-tagged","DTM","CV00","10","4",0.188541002862382
"M4","genome-wide","DTM","CV00","10","5",0.495817940839003
"M4","haplotype-tagged","DTM","CV00","10","5",0.204897826368344
"M4","genome-wide","HSW","CV1","10","1",0.617618494498001
"M4","haplotype-tagged","HSW","CV1","10","1",0.493288088203973
"M4","genome-wide","HSW","CV1","10","2",0.465710408227455
"M4","haplotype-tagged","HSW","CV1","10","2",0.260482063462212
"M4","genome-wide","HSW","CV1","10","3",0.51185599072083
"M4","haplotype-tagged","HSW","CV1","10","3",0.3561038508166
"M4","genome-wide","HSW","CV1","10","4",0.510960347017108
"M4","haplotype-tagged","HSW","CV1","10","4",0.392275675606553
"M4","genome-wide","HSW","CV1","10","5",0.663251338513802
"M4","haplotype-tagged","HSW","CV1","10","5",0.592542560318996
"M4","genome-wide","HSW","CV2","10","1",0.728744044240281
"M4","haplotype-tagged","HSW","CV2","10","1",0.725696793545305
"M4","genome-wide","HSW","CV2","10","2",0.772512077440285
"M4","haplotype-tagged","HSW","CV2","10","2",0.773774183186361
"M4","genome-wide","HSW","CV2","10","3",0.778974782971949
"M4","haplotype-tagged","HSW","CV2","10","3",0.787148893128352
"M4","genome-wide","HSW","CV2","10","4",0.708381653910866
"M4","haplotype-tagged","HSW","CV2","10","4",0.707001804975373
"M4","genome-wide","HSW","CV2","10","5",0.722467834726067
"M4","haplotype-tagged","HSW","CV2","10","5",0.735979184331667
"M4","genome-wide","HSW","CV0","10","1",0.758992530242374
"M4","haplotype-tagged","HSW","CV0","10","1",0.760127942292162
"M4","genome-wide","HSW","CV0","10","2",0.796255583480463
"M4","haplotype-tagged","HSW","CV0","10","2",0.785535351759767
"M4","genome-wide","HSW","CV0","10","3",0.607990476754186
"M4","haplotype-tagged","HSW","CV0","10","3",0.610957372605289
"M4","genome-wide","HSW","CV0","10","4",0.776924073970033
"M4","haplotype-tagged","HSW","CV0","10","4",0.773852258539418
"M4","genome-wide","HSW","CV0","10","5",0.779158580333903
"M4","haplotype-tagged","HSW","CV0","10","5",0.785692884978205
"M4","genome-wide","HSW","CV00","10","1",0.218988191352644
"M4","haplotype-tagged","HSW","CV00","10","1",0.152779597669149
"M4","genome-wide","HSW","CV00","10","2",0.578494160010172
"M4","haplotype-tagged","HSW","CV00","10","2",0.604451731837328
"M4","genome-wide","HSW","CV00","10","3",0.765143441089728
"M4","haplotype-tagged","HSW","CV00","10","3",0.306427098247295
"M4","genome-wide","HSW","CV00","10","4",0.47868162338564
"M4","haplotype-tagged","HSW","CV00","10","4",0.364462374942364
"M4","genome-wide","HSW","CV00","10","5",0.834717935814746
"M4","haplotype-tagged","HSW","CV00","10","5",0.633648582791828
"M4","genome-wide","PH","CV1","10","1",0.309592761176074
"M4","haplotype-tagged","PH","CV1","10","1",0.189479160207266
"M4","genome-wide","PH","CV1","10","2",0.361860804079894
"M4","haplotype-tagged","PH","CV1","10","2",0.24514741636469
"M4","genome-wide","PH","CV1","10","3",0.33070254260235
"M4","haplotype-tagged","PH","CV1","10","3",0.144549369712815
"M4","genome-wide","PH","CV1","10","4",0.457858966487216
"M4","haplotype-tagged","PH","CV1","10","4",0.482455161427293
"M4","genome-wide","PH","CV1","10","5",0.613197042530127
"M4","haplotype-tagged","PH","CV1","10","5",0.411894559031533
"M4","genome-wide","PH","CV2","10","1",0.569301371114928
"M4","haplotype-tagged","PH","CV2","10","1",0.576021820588674
"M4","genome-wide","PH","CV2","10","2",0.603022237383058
"M4","haplotype-tagged","PH","CV2","10","2",0.617182783936327
"M4","genome-wide","PH","CV2","10","3",0.572665222255686
"M4","haplotype-tagged","PH","CV2","10","3",0.539066798560376
"M4","genome-wide","PH","CV2","10","4",0.583324241463326
"M4","haplotype-tagged","PH","CV2","10","4",0.567303492854247
"M4","genome-wide","PH","CV2","10","5",0.565553715938129
"M4","haplotype-tagged","PH","CV2","10","5",0.564671576826157
"M4","genome-wide","PH","CV0","10","1",0.744417564478922
"M4","haplotype-tagged","PH","CV0","10","1",0.742785717195371
"M4","genome-wide","PH","CV0","10","2",0.295213159771227
"M4","haplotype-tagged","PH","CV0","10","2",0.282858117147205
"M4","genome-wide","PH","CV0","10","3",0.5258685994469
"M4","haplotype-tagged","PH","CV0","10","3",0.546397673639351
"M4","genome-wide","PH","CV0","10","4",0.647680445229643
"M4","haplotype-tagged","PH","CV0","10","4",0.64466499511711
"M4","genome-wide","PH","CV0","10","5",0.738047266211594
"M4","haplotype-tagged","PH","CV0","10","5",0.728493449811931
"M4","genome-wide","PH","CV00","10","1",0.396179012716695
"M4","haplotype-tagged","PH","CV00","10","1",0.356575514738417
"M4","genome-wide","PH","CV00","10","2",0.676300643195811
"M4","haplotype-tagged","PH","CV00","10","2",0.38454761715951
"M4","genome-wide","PH","CV00","10","3",0.621267581126868
"M4","haplotype-tagged","PH","CV00","10","3",0.256400294854257
"M4","genome-wide","PH","CV00","10","4",0.310812080056557
"M4","haplotype-tagged","PH","CV00","10","4",-0.0511164615134875
"M4","genome-wide","PH","CV00","10","5",0.0723009408867938
"M4","haplotype-tagged","PH","CV00","10","5",0.130339925737334
"M4","genome-wide","PPP","CV1","10","1",0.178669400679728
"M4","haplotype-tagged","PPP","CV1","10","1",0.127426724117331
"M4","genome-wide","PPP","CV1","10","2",0.112552493785472
"M4","haplotype-tagged","PPP","CV1","10","2",0.166744332741898
"M4","genome-wide","PPP","CV1","10","3",0.247142905133806
"M4","haplotype-tagged","PPP","CV1","10","3",0.150235471722736
"M4","genome-wide","PPP","CV1","10","4",0.0951310754123739
"M4","haplotype-tagged","PPP","CV1","10","4",0.0569039338059379
"M4","genome-wide","PPP","CV1","10","5",0.195829296887174
"M4","haplotype-tagged","PPP","CV1","10","5",0.255375182275364
"M4","genome-wide","PPP","CV2","10","1",0.155606180410069
"M4","haplotype-tagged","PPP","CV2","10","1",0.172609035570747
"M4","genome-wide","PPP","CV2","10","2",0.136878298464382
"M4","haplotype-tagged","PPP","CV2","10","2",0.181340961092617
"M4","genome-wide","PPP","CV2","10","3",0.170204209785373
"M4","haplotype-tagged","PPP","CV2","10","3",0.146859067296341
"M4","genome-wide","PPP","CV2","10","4",0.212671480526781
"M4","haplotype-tagged","PPP","CV2","10","4",0.195521650973331
"M4","genome-wide","PPP","CV2","10","5",0.228383811906579
"M4","haplotype-tagged","PPP","CV2","10","5",0.210683509490237
"M4","genome-wide","PPP","CV0","10","1",0.257581414676111
"M4","haplotype-tagged","PPP","CV0","10","1",0.304285152321867
"M4","genome-wide","PPP","CV0","10","2",0.113742393744419
"M4","haplotype-tagged","PPP","CV0","10","2",0.106157890944876
"M4","genome-wide","PPP","CV0","10","3",0.0806426759039026
"M4","haplotype-tagged","PPP","CV0","10","3",0.127898373051243
"M4","genome-wide","PPP","CV0","10","4",0.0687903874509126
"M4","haplotype-tagged","PPP","CV0","10","4",0.105359561165726
"M4","genome-wide","PPP","CV0","10","5",0.252432861303471
"M4","haplotype-tagged","PPP","CV0","10","5",0.188344536607356
"M4","genome-wide","PPP","CV00","10","1",0.273955286188179
"M4","haplotype-tagged","PPP","CV00","10","1",0.101986772529376
"M4","genome-wide","PPP","CV00","10","2",0.202161384372247
"M4","haplotype-tagged","PPP","CV00","10","2",0.0057961212614482
"M4","genome-wide","PPP","CV00","10","3",0.177379627475799
"M4","haplotype-tagged","PPP","CV00","10","3",0.293804289254345
"M4","genome-wide","PPP","CV00","10","4",0.183941912752177
"M4","haplotype-tagged","PPP","CV00","10","4",0.0766629695947454
"M4","genome-wide","PPP","CV00","10","5",-0.207131067745804
"M4","haplotype-tagged","PPP","CV00","10","5",-0.0691703716983232
"M4","genome-wide","YPPlnt","CV1","10","1",0.112599946334512
"M4","haplotype-tagged","YPPlnt","CV1","10","1",0.0809208551229226
"M4","genome-wide","YPPlnt","CV1","10","2",0.00936945288574195
"M4","haplotype-tagged","YPPlnt","CV1","10","2",-0.0208550311325864
"M4","genome-wide","YPPlnt","CV1","10","3",0.0153245995125539
"M4","haplotype-tagged","YPPlnt","CV1","10","3",-0.00230539933925879
"M4","genome-wide","YPPlnt","CV1","10","4",0.0580976516503847
"M4","haplotype-tagged","YPPlnt","CV1","10","4",-0.0630335835241718
"M4","genome-wide","YPPlnt","CV1","10","5",0.0900330710676727
"M4","haplotype-tagged","YPPlnt","CV1","10","5",0.109367962360284
"M4","genome-wide","YPPlnt","CV2","10","1",0.15619268740683
"M4","haplotype-tagged","YPPlnt","CV2","10","1",0.172549635211045
"M4","genome-wide","YPPlnt","CV2","10","2",0.0832923231984913
"M4","haplotype-tagged","YPPlnt","CV2","10","2",0.0478406756854315
"M4","genome-wide","YPPlnt","CV2","10","3",0.0887762064803924
"M4","haplotype-tagged","YPPlnt","CV2","10","3",0.0786431269104185
"M4","genome-wide","YPPlnt","CV2","10","4",0.0574066670653888
"M4","haplotype-tagged","YPPlnt","CV2","10","4",0.0612700840371069
"M4","genome-wide","YPPlnt","CV2","10","5",0.152183213691328
"M4","haplotype-tagged","YPPlnt","CV2","10","5",0.205959553472876
"M4","genome-wide","YPPlnt","CV0","10","1",0.194272885672807
"M4","haplotype-tagged","YPPlnt","CV0","10","1",0.168007973662667
"M4","genome-wide","YPPlnt","CV0","10","2",0.106558676948895
"M4","haplotype-tagged","YPPlnt","CV0","10","2",0.103634958418398
"M4","genome-wide","YPPlnt","CV0","10","3",0.084528027315394
"M4","haplotype-tagged","YPPlnt","CV0","10","3",0.0573529731195818
"M4","genome-wide","YPPlnt","CV0","10","4",0.198973691232051
"M4","haplotype-tagged","YPPlnt","CV0","10","4",0.189340644446993
"M4","genome-wide","YPPlnt","CV0","10","5",-0.060277863273745
"M4","haplotype-tagged","YPPlnt","CV0","10","5",-0.0328908520908931
"M4","genome-wide","YPPlnt","CV00","10","1",0.0366143391160249
"M4","haplotype-tagged","YPPlnt","CV00","10","1",0.118554788282731
"M4","genome-wide","YPPlnt","CV00","10","2",0.176178309375564
"M4","haplotype-tagged","YPPlnt","CV00","10","2",0.185831099723383
"M4","genome-wide","YPPlnt","CV00","10","3",0.18306095076706
"M4","haplotype-tagged","YPPlnt","CV00","10","3",0.113482685323565
"M4","genome-wide","YPPlnt","CV00","10","4",0.210867145509136
"M4","haplotype-tagged","YPPlnt","CV00","10","4",0.0320337252129988
"M4","genome-wide","YPPlnt","CV00","10","5",-0.0971099419218864
"M4","haplotype-tagged","YPPlnt","CV00","10","5",0.0420965231786002
