"Model","Panel","Trait","CV","Repetition","Fold","PA"
"M2","genome-wide","DTF","CV0","1","1",0.51995
"M3","genome-wide","DTF","CV0","1","1",0.5193
"M2","haplotype-tagged","DTF","CV0","1","1",0.51565
"M3","haplotype-tagged","DTF","CV0","1","1",0.5156
"M2","genome-wide","DTM","CV0","1","1",0.3393
"M3","genome-wide","DTM","CV0","1","1",0.33705
"M2","haplotype-tagged","DTM","CV0","1","1",0.33695
"M3","haplotype-tagged","DTM","CV0","1","1",0.33925
"M2","genome-wide","HSW","CV0","1","1",0.67475
"M3","genome-wide","HSW","CV0","1","1",0.67555
"M2","haplotype-tagged","HSW","CV0","1","1",0.67765
"M3","haplotype-tagged","HSW","CV0","1","1",0.6789
"M2","genome-wide","PH","CV0","1","1",0.5976
"M3","genome-wide","PH","CV0","1","1",0.59955
"M2","haplotype-tagged","PH","CV0","1","1",0.6009
"M3","haplotype-tagged","PH","CV0","1","1",0.5954
"M2","genome-wide","PPP","CV0","1","1",0.14195
"M3","genome-wide","PPP","CV0","1","1",0.11985
"M2","haplotype-tagged","PPP","CV0","1","1",0.10615
"M3","haplotype-tagged","PPP","CV0","1","1",0.09735
"M2","genome-wide","YPPlnt","CV0","1","1",0.18845
"M3","genome-wide","YPPlnt","CV0","1","1",0.17775
"M2","haplotype-tagged","YPPlnt","CV0","1","1",0.1688
"M3","haplotype-tagged","YPPlnt","CV0","1","1",0.1615
"M2","genome-wide","DTF","CV00","1","1",0.30655
"M3","genome-wide","DTF","CV00","1","1",0.2757
"M2","haplotype-tagged","DTF","CV00","1","1",0.09225
"M3","haplotype-tagged","DTF","CV00","1","1",0.08615
"M2","genome-wide","DTM","CV00","1","1",0.159
"M3","genome-wide","DTM","CV00","1","1",0.1394
"M2","haplotype-tagged","DTM","CV00","1","1",0.1254
"M3","haplotype-tagged","DTM","CV00","1","1",0.01705
"M2","genome-wide","HSW","CV00","1","1",0.6671
"M3","genome-wide","HSW","CV00","1","1",0.67595
"M2","haplotype-tagged","HSW","CV00","1","1",0.5196
"M3","haplotype-tagged","HSW","CV00","1","1",0.4788
"M2","genome-wide","PH","CV00","1","1",0.46785
"M3","genome-wide","PH","CV00","1","1",0.45215
"M2","haplotype-tagged","PH","CV00","1","1",0.4251
"M3","haplotype-tagged","PH","CV00","1","1",0.52065
"M2","genome-wide","PPP","CV00","1","1",0.23715
"M3","genome-wide","PPP","CV00","1","1",0.2218
"M2","haplotype-tagged","PPP","CV00","1","1",0.2551
"M3","haplotype-tagged","PPP","CV00","1","1",0.2077
"M2","genome-wide","YPPlnt","CV00","1","1",0.16075
"M3","genome-wide","YPPlnt","CV00","1","1",0.151
"M2","haplotype-tagged","YPPlnt","CV00","1","1",0.11965
"M3","haplotype-tagged","YPPlnt","CV00","1","1",0.1848
"M2","genome-wide","DTF","CV1","1","1",0.471711111111111
"M3","genome-wide","DTF","CV1","1","1",0.417333333333333
"M2","haplotype-tagged","DTF","CV1","1","1",0.350811111111111
"M3","haplotype-tagged","DTF","CV1","1","1",0.275888888888889
"M2","genome-wide","DTM","CV1","1","1",0.355688888888889
"M3","genome-wide","DTM","CV1","1","1",0.351633333333333
"M2","haplotype-tagged","DTM","CV1","1","1",0.327311111111111
"M3","haplotype-tagged","DTM","CV1","1","1",0.284888888888889
"M2","genome-wide","HSW","CV1","1","1",0.612155555555556
"M3","genome-wide","HSW","CV1","1","1",0.589133333333333
"M2","haplotype-tagged","HSW","CV1","1","1",0.561377777777778
"M3","haplotype-tagged","HSW","CV1","1","1",0.577611111111111
"M2","genome-wide","PH","CV1","1","1",0.462255555555556
"M3","genome-wide","PH","CV1","1","1",0.460888888888889
"M2","haplotype-tagged","PH","CV1","1","1",0.474322222222222
"M3","haplotype-tagged","PH","CV1","1","1",0.466711111111111
"M2","genome-wide","PPP","CV1","1","1",0.180588888888889
"M3","genome-wide","PPP","CV1","1","1",0.143511111111111
"M2","haplotype-tagged","PPP","CV1","1","1",0.148766666666667
"M3","haplotype-tagged","PPP","CV1","1","1",0.0648666666666667
"M2","genome-wide","YPPlnt","CV1","1","1",0.0733888888888889
"M3","genome-wide","YPPlnt","CV1","1","1",0.0751888888888889
"M2","haplotype-tagged","YPPlnt","CV1","1","1",0.123922222222222
"M3","haplotype-tagged","YPPlnt","CV1","1","1",0.0589444444444444
"M2","genome-wide","DTF","CV2","1","1",0.633044444444445
"M3","genome-wide","DTF","CV2","1","1",0.586155555555556
"M2","haplotype-tagged","DTF","CV2","1","1",0.617988888888889
"M3","haplotype-tagged","DTF","CV2","1","1",0.621544444444444
"M2","genome-wide","DTM","CV2","1","1",0.460822222222222
"M3","genome-wide","DTM","CV2","1","1",0.460177777777778
"M2","haplotype-tagged","DTM","CV2","1","1",0.4382
"M3","haplotype-tagged","DTM","CV2","1","1",0.455422222222222
"M2","genome-wide","HSW","CV2","1","1",0.809433333333333
"M3","genome-wide","HSW","CV2","1","1",0.789166666666667
"M2","haplotype-tagged","HSW","CV2","1","1",0.803466666666667
"M3","haplotype-tagged","HSW","CV2","1","1",0.795788888888889
"M2","genome-wide","PH","CV2","1","1",0.631677777777778
"M3","genome-wide","PH","CV2","1","1",0.625
"M2","haplotype-tagged","PH","CV2","1","1",0.623133333333333
"M3","haplotype-tagged","PH","CV2","1","1",0.624433333333333
"M2","genome-wide","PPP","CV2","1","1",0.198188888888889
"M3","genome-wide","PPP","CV2","1","1",0.216955555555556
"M2","haplotype-tagged","PPP","CV2","1","1",0.157022222222222
"M3","haplotype-tagged","PPP","CV2","1","1",0.191955555555556
"M2","genome-wide","YPPlnt","CV2","1","1",0.122933333333333
"M3","genome-wide","YPPlnt","CV2","1","1",0.0999555555555556
"M2","haplotype-tagged","YPPlnt","CV2","1","1",0.0895666666666667
"M3","haplotype-tagged","YPPlnt","CV2","1","1",0.0884888888888889
"M2","genome-wide","DTF","CV0","2","1",0.68995
"M3","genome-wide","DTF","CV0","2","1",0.6702
"M2","haplotype-tagged","DTF","CV0","2","1",0.67995
"M3","haplotype-tagged","DTF","CV0","2","1",0.6827
"M2","genome-wide","DTM","CV0","2","1",0.52115
"M3","genome-wide","DTM","CV0","2","1",0.5092
"M2","haplotype-tagged","DTM","CV0","2","1",0.49685
"M3","haplotype-tagged","DTM","CV0","2","1",0.48945
"M2","genome-wide","HSW","CV0","2","1",0.8065
"M3","genome-wide","HSW","CV0","2","1",0.80565
"M2","haplotype-tagged","HSW","CV0","2","1",0.8034
"M3","haplotype-tagged","HSW","CV0","2","1",0.8024
"M2","genome-wide","PH","CV0","2","1",0.6531
"M3","genome-wide","PH","CV0","2","1",0.6506
"M2","haplotype-tagged","PH","CV0","2","1",0.64825
"M3","haplotype-tagged","PH","CV0","2","1",0.64235
"M2","genome-wide","PPP","CV0","2","1",0.24825
"M3","genome-wide","PPP","CV0","2","1",0.21985
"M2","haplotype-tagged","PPP","CV0","2","1",0.22125
"M3","haplotype-tagged","PPP","CV0","2","1",0.19985
"M2","genome-wide","YPPlnt","CV0","2","1",0.1578
"M3","genome-wide","YPPlnt","CV0","2","1",0.16295
"M2","haplotype-tagged","YPPlnt","CV0","2","1",0.1588
"M3","haplotype-tagged","YPPlnt","CV0","2","1",0.15985
"M2","genome-wide","DTF","CV00","2","1",0.3388
"M3","genome-wide","DTF","CV00","2","1",0.3517
"M2","haplotype-tagged","DTF","CV00","2","1",0.1893
"M3","haplotype-tagged","DTF","CV00","2","1",0.1102
"M2","genome-wide","DTM","CV00","2","1",0.425
"M3","genome-wide","DTM","CV00","2","1",0.3795
"M2","haplotype-tagged","DTM","CV00","2","1",0.3627
"M3","haplotype-tagged","DTM","CV00","2","1",0.31325
"M2","genome-wide","HSW","CV00","2","1",0.49495
"M3","genome-wide","HSW","CV00","2","1",0.51235
"M2","haplotype-tagged","HSW","CV00","2","1",0.36345
"M3","haplotype-tagged","HSW","CV00","2","1",0.32885
"M2","genome-wide","PH","CV00","2","1",-0.00735
"M3","genome-wide","PH","CV00","2","1",-0.0243
"M2","haplotype-tagged","PH","CV00","2","1",0.02355
"M3","haplotype-tagged","PH","CV00","2","1",0.05075
"M2","genome-wide","PPP","CV00","2","1",0.0729
"M3","genome-wide","PPP","CV00","2","1",0.0867
"M2","haplotype-tagged","PPP","CV00","2","1",0.13955
"M3","haplotype-tagged","PPP","CV00","2","1",0.0519
"M2","genome-wide","YPPlnt","CV00","2","1",-0.15905
"M3","genome-wide","YPPlnt","CV00","2","1",-0.1843
"M2","haplotype-tagged","YPPlnt","CV00","2","1",-0.19445
"M3","haplotype-tagged","YPPlnt","CV00","2","1",-0.09195
"M2","genome-wide","DTF","CV1","2","1",0.506677777777778
"M3","genome-wide","DTF","CV1","2","1",0.468233333333333
"M2","haplotype-tagged","DTF","CV1","2","1",0.308944444444444
"M3","haplotype-tagged","DTF","CV1","2","1",0.340933333333333
"M2","genome-wide","DTM","CV1","2","1",0.339333333333333
"M3","genome-wide","DTM","CV1","2","1",0.340155555555556
"M2","haplotype-tagged","DTM","CV1","2","1",0.264411111111111
"M3","haplotype-tagged","DTM","CV1","2","1",0.233544444444444
"M2","genome-wide","HSW","CV1","2","1",0.702477777777778
"M3","genome-wide","HSW","CV1","2","1",0.692433333333333
"M2","haplotype-tagged","HSW","CV1","2","1",0.665177777777778
"M3","haplotype-tagged","HSW","CV1","2","1",0.630022222222222
"M2","genome-wide","PH","CV1","2","1",0.506788888888889
"M3","genome-wide","PH","CV1","2","1",0.520166666666667
"M2","haplotype-tagged","PH","CV1","2","1",0.4846
"M3","haplotype-tagged","PH","CV1","2","1",0.459677777777778
"M2","genome-wide","PPP","CV1","2","1",0.230377777777778
"M3","genome-wide","PPP","CV1","2","1",0.2716
"M2","haplotype-tagged","PPP","CV1","2","1",0.150477777777778
"M3","haplotype-tagged","PPP","CV1","2","1",0.216255555555556
"M2","genome-wide","YPPlnt","CV1","2","1",0.161533333333333
"M3","genome-wide","YPPlnt","CV1","2","1",0.141333333333333
"M2","haplotype-tagged","YPPlnt","CV1","2","1",0.173577777777778
"M3","haplotype-tagged","YPPlnt","CV1","2","1",0.119055555555556
"M2","genome-wide","DTF","CV2","2","1",0.5992
"M3","genome-wide","DTF","CV2","2","1",0.5786
"M2","haplotype-tagged","DTF","CV2","2","1",0.589077777777778
"M3","haplotype-tagged","DTF","CV2","2","1",0.578555555555556
"M2","genome-wide","DTM","CV2","2","1",0.515655555555556
"M3","genome-wide","DTM","CV2","2","1",0.501844444444444
"M2","haplotype-tagged","DTM","CV2","2","1",0.499666666666667
"M3","haplotype-tagged","DTM","CV2","2","1",0.505955555555556
"M2","genome-wide","HSW","CV2","2","1",0.7564
"M3","genome-wide","HSW","CV2","2","1",0.751644444444444
"M2","haplotype-tagged","HSW","CV2","2","1",0.753188888888889
"M3","haplotype-tagged","HSW","CV2","2","1",0.754766666666667
"M2","genome-wide","PH","CV2","2","1",0.618633333333333
"M3","genome-wide","PH","CV2","2","1",0.623311111111111
"M2","haplotype-tagged","PH","CV2","2","1",0.6009
"M3","haplotype-tagged","PH","CV2","2","1",0.619133333333333
"M2","genome-wide","PPP","CV2","2","1",0.274022222222222
"M3","genome-wide","PPP","CV2","2","1",0.182733333333333
"M2","haplotype-tagged","PPP","CV2","2","1",0.221922222222222
"M3","haplotype-tagged","PPP","CV2","2","1",0.195388888888889
"M2","genome-wide","YPPlnt","CV2","2","1",0.154044444444444
"M3","genome-wide","YPPlnt","CV2","2","1",0.144133333333333
"M2","haplotype-tagged","YPPlnt","CV2","2","1",0.125522222222222
"M3","haplotype-tagged","YPPlnt","CV2","2","1",0.103844444444444
"M2","genome-wide","DTF","CV0","3","1",0.6452
"M3","genome-wide","DTF","CV0","3","1",0.64405
"M2","haplotype-tagged","DTF","CV0","3","1",0.64185
"M3","haplotype-tagged","DTF","CV0","3","1",0.63825
"M2","genome-wide","DTM","CV0","3","1",0.52755
"M3","genome-wide","DTM","CV0","3","1",0.53315
"M2","haplotype-tagged","DTM","CV0","3","1",0.535
"M3","haplotype-tagged","DTM","CV0","3","1",0.52685
"M2","genome-wide","HSW","CV0","3","1",0.7269
"M3","genome-wide","HSW","CV0","3","1",0.7269
"M2","haplotype-tagged","HSW","CV0","3","1",0.72575
"M3","haplotype-tagged","HSW","CV0","3","1",0.72455
"M2","genome-wide","PH","CV0","3","1",0.7151
"M3","genome-wide","PH","CV0","3","1",0.71425
"M2","haplotype-tagged","PH","CV0","3","1",0.70785
"M3","haplotype-tagged","PH","CV0","3","1",0.70675
"M2","genome-wide","PPP","CV0","3","1",0.32665
"M3","genome-wide","PPP","CV0","3","1",0.28325
"M2","haplotype-tagged","PPP","CV0","3","1",0.2733
"M3","haplotype-tagged","PPP","CV0","3","1",0.2623
"M2","genome-wide","YPPlnt","CV0","3","1",0.1279
"M3","genome-wide","YPPlnt","CV0","3","1",0.1299
"M2","haplotype-tagged","YPPlnt","CV0","3","1",0.11155
"M3","haplotype-tagged","YPPlnt","CV0","3","1",0.10865
"M2","genome-wide","DTF","CV00","3","1",0.28585
"M3","genome-wide","DTF","CV00","3","1",0.2645
"M2","haplotype-tagged","DTF","CV00","3","1",0.2136
"M3","haplotype-tagged","DTF","CV00","3","1",0.28845
"M2","genome-wide","DTM","CV00","3","1",0.27245
"M3","genome-wide","DTM","CV00","3","1",0.30155
"M2","haplotype-tagged","DTM","CV00","3","1",0.16125
"M3","haplotype-tagged","DTM","CV00","3","1",0.08445
"M2","genome-wide","HSW","CV00","3","1",0.6667
"M3","genome-wide","HSW","CV00","3","1",0.66585
"M2","haplotype-tagged","HSW","CV00","3","1",0.6219
"M3","haplotype-tagged","HSW","CV00","3","1",0.6626
"M2","genome-wide","PH","CV00","3","1",0.45475
"M3","genome-wide","PH","CV00","3","1",0.4714
"M2","haplotype-tagged","PH","CV00","3","1",0.387
"M3","haplotype-tagged","PH","CV00","3","1",0.3997
"M2","genome-wide","PPP","CV00","3","1",0.30695
"M3","genome-wide","PPP","CV00","3","1",0.2952
"M2","haplotype-tagged","PPP","CV00","3","1",0.26965
"M3","haplotype-tagged","PPP","CV00","3","1",0.1667
"M2","genome-wide","YPPlnt","CV00","3","1",0.0822
"M3","genome-wide","YPPlnt","CV00","3","1",0.00165
"M2","haplotype-tagged","YPPlnt","CV00","3","1",0.20195
"M3","haplotype-tagged","YPPlnt","CV00","3","1",0.1564
"M2","genome-wide","DTF","CV1","3","1",0.479955555555556
"M3","genome-wide","DTF","CV1","3","1",0.493177777777778
"M2","haplotype-tagged","DTF","CV1","3","1",0.401322222222222
"M3","haplotype-tagged","DTF","CV1","3","1",0.355722222222222
"M2","genome-wide","DTM","CV1","3","1",0.353
"M3","genome-wide","DTM","CV1","3","1",0.340444444444444
"M2","haplotype-tagged","DTM","CV1","3","1",0.248022222222222
"M3","haplotype-tagged","DTM","CV1","3","1",0.223711111111111
"M2","genome-wide","HSW","CV1","3","1",0.560111111111111
"M3","genome-wide","HSW","CV1","3","1",0.569622222222222
"M2","haplotype-tagged","HSW","CV1","3","1",0.373455555555556
"M3","haplotype-tagged","HSW","CV1","3","1",0.376711111111111
"M2","genome-wide","PH","CV1","3","1",0.450055555555556
"M3","genome-wide","PH","CV1","3","1",0.447577777777778
"M2","haplotype-tagged","PH","CV1","3","1",0.446422222222222
"M3","haplotype-tagged","PH","CV1","3","1",0.455122222222222
"M2","genome-wide","PPP","CV1","3","1",0.171422222222222
"M3","genome-wide","PPP","CV1","3","1",0.182311111111111
"M2","haplotype-tagged","PPP","CV1","3","1",0.134755555555556
"M3","haplotype-tagged","PPP","CV1","3","1",0.159511111111111
"M2","genome-wide","YPPlnt","CV1","3","1",0.122055555555556
"M3","genome-wide","YPPlnt","CV1","3","1",0.125622222222222
"M2","haplotype-tagged","YPPlnt","CV1","3","1",0.0994777777777778
"M3","haplotype-tagged","YPPlnt","CV1","3","1",0.00207777777777778
"M2","genome-wide","DTF","CV2","3","1",0.592066666666667
"M3","genome-wide","DTF","CV2","3","1",0.5716
"M2","haplotype-tagged","DTF","CV2","3","1",0.585933333333333
"M3","haplotype-tagged","DTF","CV2","3","1",0.583277777777778
"M2","genome-wide","DTM","CV2","3","1",0.5173
"M3","genome-wide","DTM","CV2","3","1",0.494733333333333
"M2","haplotype-tagged","DTM","CV2","3","1",0.509688888888889
"M3","haplotype-tagged","DTM","CV2","3","1",0.514288888888889
"M2","genome-wide","HSW","CV2","3","1",0.725755555555555
"M3","genome-wide","HSW","CV2","3","1",0.722844444444444
"M2","haplotype-tagged","HSW","CV2","3","1",0.722166666666667
"M3","haplotype-tagged","HSW","CV2","3","1",0.723244444444444
"M2","genome-wide","PH","CV2","3","1",0.504177777777778
"M3","genome-wide","PH","CV2","3","1",0.492788888888889
"M2","haplotype-tagged","PH","CV2","3","1",0.492922222222222
"M3","haplotype-tagged","PH","CV2","3","1",0.494922222222222
"M2","genome-wide","PPP","CV2","3","1",0.100333333333333
"M3","genome-wide","PPP","CV2","3","1",0.129066666666667
"M2","haplotype-tagged","PPP","CV2","3","1",0.0587333333333333
"M3","haplotype-tagged","PPP","CV2","3","1",0.106433333333333
"M2","genome-wide","YPPlnt","CV2","3","1",0.1123
"M3","genome-wide","YPPlnt","CV2","3","1",0.0625111111111111
"M2","haplotype-tagged","YPPlnt","CV2","3","1",0.0880555555555556
"M3","haplotype-tagged","YPPlnt","CV2","3","1",0.0495888888888889
"M2","genome-wide","DTF","CV0","4","1",0.59465
"M3","genome-wide","DTF","CV0","4","1",0.59565
"M2","haplotype-tagged","DTF","CV0","4","1",0.5971
"M3","haplotype-tagged","DTF","CV0","4","1",0.599
"M2","genome-wide","DTM","CV0","4","1",0.49635
"M3","genome-wide","DTM","CV0","4","1",0.49865
"M2","haplotype-tagged","DTM","CV0","4","1",0.5004
"M3","haplotype-tagged","DTM","CV0","4","1",0.48985
"M2","genome-wide","HSW","CV0","4","1",0.7092
"M3","genome-wide","HSW","CV0","4","1",0.71115
"M2","haplotype-tagged","HSW","CV0","4","1",0.7072
"M3","haplotype-tagged","HSW","CV0","4","1",0.70805
"M2","genome-wide","PH","CV0","4","1",0.6981
"M3","genome-wide","PH","CV0","4","1",0.69555
"M2","haplotype-tagged","PH","CV0","4","1",0.6903
"M3","haplotype-tagged","PH","CV0","4","1",0.6867
"M2","genome-wide","PPP","CV0","4","1",0.15755
"M3","genome-wide","PPP","CV0","4","1",0.1337
"M2","haplotype-tagged","PPP","CV0","4","1",0.12765
"M3","haplotype-tagged","PPP","CV0","4","1",0.11445
"M2","genome-wide","YPPlnt","CV0","4","1",0.242
"M3","genome-wide","YPPlnt","CV0","4","1",0.2205
"M2","haplotype-tagged","YPPlnt","CV0","4","1",0.22305
"M3","haplotype-tagged","YPPlnt","CV0","4","1",0.20415
"M2","genome-wide","DTF","CV00","4","1",0.3454
"M3","genome-wide","DTF","CV00","4","1",0.35905
"M2","haplotype-tagged","DTF","CV00","4","1",0.2724
"M3","haplotype-tagged","DTF","CV00","4","1",0.37095
"M2","genome-wide","DTM","CV00","4","1",0.2951
"M3","genome-wide","DTM","CV00","4","1",0.33175
"M2","haplotype-tagged","DTM","CV00","4","1",0.1411
"M3","haplotype-tagged","DTM","CV00","4","1",-0.0023
"M2","genome-wide","HSW","CV00","4","1",0.29005
"M3","genome-wide","HSW","CV00","4","1",0.2658
"M2","haplotype-tagged","HSW","CV00","4","1",0.2265
"M3","haplotype-tagged","HSW","CV00","4","1",0.2425
"M2","genome-wide","PH","CV00","4","1",0.4903
"M3","genome-wide","PH","CV00","4","1",0.47765
"M2","haplotype-tagged","PH","CV00","4","1",0.45225
"M3","haplotype-tagged","PH","CV00","4","1",0.4142
"M2","genome-wide","PPP","CV00","4","1",0.0627
"M3","genome-wide","PPP","CV00","4","1",0.0525
"M2","haplotype-tagged","PPP","CV00","4","1",0.07195
"M3","haplotype-tagged","PPP","CV00","4","1",-5e-04
"M2","genome-wide","YPPlnt","CV00","4","1",0.09995
"M3","genome-wide","YPPlnt","CV00","4","1",0.1034
"M2","haplotype-tagged","YPPlnt","CV00","4","1",0.1956
"M3","haplotype-tagged","YPPlnt","CV00","4","1",-0.0524
"M2","genome-wide","DTF","CV1","4","1",0.461522222222222
"M3","genome-wide","DTF","CV1","4","1",0.450988888888889
"M2","haplotype-tagged","DTF","CV1","4","1",0.286255555555556
"M3","haplotype-tagged","DTF","CV1","4","1",0.253333333333333
"M2","genome-wide","DTM","CV1","4","1",0.442755555555556
"M3","genome-wide","DTM","CV1","4","1",0.4394
"M2","haplotype-tagged","DTM","CV1","4","1",0.355077777777778
"M3","haplotype-tagged","DTM","CV1","4","1",0.253888888888889
"M2","genome-wide","HSW","CV1","4","1",0.549944444444444
"M3","genome-wide","HSW","CV1","4","1",0.5497
"M2","haplotype-tagged","HSW","CV1","4","1",0.525288888888889
"M3","haplotype-tagged","HSW","CV1","4","1",0.539544444444444
"M2","genome-wide","PH","CV1","4","1",0.446711111111111
"M3","genome-wide","PH","CV1","4","1",0.442588888888889
"M2","haplotype-tagged","PH","CV1","4","1",0.520411111111111
"M3","haplotype-tagged","PH","CV1","4","1",0.460877777777778
"M2","genome-wide","PPP","CV1","4","1",0.275733333333333
"M3","genome-wide","PPP","CV1","4","1",0.218655555555556
"M2","haplotype-tagged","PPP","CV1","4","1",0.2385
"M3","haplotype-tagged","PPP","CV1","4","1",0.122422222222222
"M2","genome-wide","YPPlnt","CV1","4","1",0.164577777777778
"M3","genome-wide","YPPlnt","CV1","4","1",0.134766666666667
"M2","haplotype-tagged","YPPlnt","CV1","4","1",0.0845444444444444
"M3","haplotype-tagged","YPPlnt","CV1","4","1",0.0564222222222222
"M2","genome-wide","DTF","CV2","4","1",0.549111111111111
"M3","genome-wide","DTF","CV2","4","1",0.563644444444444
"M2","haplotype-tagged","DTF","CV2","4","1",0.547177777777778
"M3","haplotype-tagged","DTF","CV2","4","1",0.547777777777778
"M2","genome-wide","DTM","CV2","4","1",0.494955555555556
"M3","genome-wide","DTM","CV2","4","1",0.483822222222222
"M2","haplotype-tagged","DTM","CV2","4","1",0.501077777777778
"M3","haplotype-tagged","DTM","CV2","4","1",0.502188888888889
"M2","genome-wide","HSW","CV2","4","1",0.752822222222222
"M3","genome-wide","HSW","CV2","4","1",0.7436
"M2","haplotype-tagged","HSW","CV2","4","1",0.753744444444444
"M3","haplotype-tagged","HSW","CV2","4","1",0.750622222222222
"M2","genome-wide","PH","CV2","4","1",0.635588888888889
"M3","genome-wide","PH","CV2","4","1",0.634411111111111
"M2","haplotype-tagged","PH","CV2","4","1",0.633788888888889
"M3","haplotype-tagged","PH","CV2","4","1",0.627266666666667
"M2","genome-wide","PPP","CV2","4","1",0.1945
"M3","genome-wide","PPP","CV2","4","1",0.157777777777778
"M2","haplotype-tagged","PPP","CV2","4","1",0.157988888888889
"M3","haplotype-tagged","PPP","CV2","4","1",0.154955555555556
"M2","genome-wide","YPPlnt","CV2","4","1",0.154955555555556
"M3","genome-wide","YPPlnt","CV2","4","1",0.127522222222222
"M2","haplotype-tagged","YPPlnt","CV2","4","1",0.1196
"M3","haplotype-tagged","YPPlnt","CV2","4","1",0.0959666666666667
"M2","genome-wide","DTF","CV0","5","1",0.64515
"M3","genome-wide","DTF","CV0","5","1",0.64385
"M2","haplotype-tagged","DTF","CV0","5","1",0.634
"M3","haplotype-tagged","DTF","CV0","5","1",0.6303
"M2","genome-wide","DTM","CV0","5","1",0.4925
"M3","genome-wide","DTM","CV0","5","1",0.48525
"M2","haplotype-tagged","DTM","CV0","5","1",0.4766
"M3","haplotype-tagged","DTM","CV0","5","1",0.47535
"M2","genome-wide","HSW","CV0","5","1",0.7508
"M3","genome-wide","HSW","CV0","5","1",0.74775
"M2","haplotype-tagged","HSW","CV0","5","1",0.74655
"M3","haplotype-tagged","HSW","CV0","5","1",0.74615
"M2","genome-wide","PH","CV0","5","1",0.6125
"M3","genome-wide","PH","CV0","5","1",0.60665
"M2","haplotype-tagged","PH","CV0","5","1",0.6023
"M3","haplotype-tagged","PH","CV0","5","1",0.5975
"M2","genome-wide","PPP","CV0","5","1",0.23405
"M3","genome-wide","PPP","CV0","5","1",0.2021
"M2","haplotype-tagged","PPP","CV0","5","1",0.2003
"M3","haplotype-tagged","PPP","CV0","5","1",0.165
"M2","genome-wide","YPPlnt","CV0","5","1",0.1157
"M3","genome-wide","YPPlnt","CV0","5","1",0.11745
"M2","haplotype-tagged","YPPlnt","CV0","5","1",0.1046
"M3","haplotype-tagged","YPPlnt","CV0","5","1",0.1017
"M2","genome-wide","DTF","CV00","5","1",0.3384
"M3","genome-wide","DTF","CV00","5","1",0.3192
"M2","haplotype-tagged","DTF","CV00","5","1",0.23965
"M3","haplotype-tagged","DTF","CV00","5","1",0.30895
"M2","genome-wide","DTM","CV00","5","1",0.086
"M3","genome-wide","DTM","CV00","5","1",0.10765
"M2","haplotype-tagged","DTM","CV00","5","1",0.06895
"M3","haplotype-tagged","DTM","CV00","5","1",0.0884
"M2","genome-wide","HSW","CV00","5","1",0.65395
"M3","genome-wide","HSW","CV00","5","1",0.6454
"M2","haplotype-tagged","HSW","CV00","5","1",0.51755
"M3","haplotype-tagged","HSW","CV00","5","1",0.5364
"M2","genome-wide","PH","CV00","5","1",0.40745
"M3","genome-wide","PH","CV00","5","1",0.4091
"M2","haplotype-tagged","PH","CV00","5","1",0.4132
"M3","haplotype-tagged","PH","CV00","5","1",0.4035
"M2","genome-wide","PPP","CV00","5","1",0.25105
"M3","genome-wide","PPP","CV00","5","1",0.26195
"M2","haplotype-tagged","PPP","CV00","5","1",0.2011
"M3","haplotype-tagged","PPP","CV00","5","1",0.2163
"M2","genome-wide","YPPlnt","CV00","5","1",0.13935
"M3","genome-wide","YPPlnt","CV00","5","1",0.205
"M2","haplotype-tagged","YPPlnt","CV00","5","1",0.06085
"M3","haplotype-tagged","YPPlnt","CV00","5","1",-0.0799
"M2","genome-wide","DTF","CV1","5","1",0.376266666666667
"M3","genome-wide","DTF","CV1","5","1",0.350288888888889
"M2","haplotype-tagged","DTF","CV1","5","1",0.217522222222222
"M3","haplotype-tagged","DTF","CV1","5","1",0.164077777777778
"M2","genome-wide","DTM","CV1","5","1",0.301555555555556
"M3","genome-wide","DTM","CV1","5","1",0.289322222222222
"M2","haplotype-tagged","DTM","CV1","5","1",0.204044444444444
"M3","haplotype-tagged","DTM","CV1","5","1",0.172288888888889
"M2","genome-wide","HSW","CV1","5","1",0.6475
"M3","genome-wide","HSW","CV1","5","1",0.6204
"M2","haplotype-tagged","HSW","CV1","5","1",0.619655555555556
"M3","haplotype-tagged","HSW","CV1","5","1",0.585322222222222
"M2","genome-wide","PH","CV1","5","1",0.326444444444444
"M3","genome-wide","PH","CV1","5","1",0.352811111111111
"M2","haplotype-tagged","PH","CV1","5","1",0.3213
"M3","haplotype-tagged","PH","CV1","5","1",0.331633333333333
"M2","genome-wide","PPP","CV1","5","1",0.253177777777778
"M3","genome-wide","PPP","CV1","5","1",0.245288888888889
"M2","haplotype-tagged","PPP","CV1","5","1",0.212077777777778
"M3","haplotype-tagged","PPP","CV1","5","1",0.210588888888889
"M2","genome-wide","YPPlnt","CV1","5","1",0.146111111111111
"M3","genome-wide","YPPlnt","CV1","5","1",0.123933333333333
"M2","haplotype-tagged","YPPlnt","CV1","5","1",0.103711111111111
"M3","haplotype-tagged","YPPlnt","CV1","5","1",0.0414555555555556
"M2","genome-wide","DTF","CV2","5","1",0.678511111111111
"M3","genome-wide","DTF","CV2","5","1",0.647988888888889
"M2","haplotype-tagged","DTF","CV2","5","1",0.669977777777778
"M3","haplotype-tagged","DTF","CV2","5","1",0.668455555555556
"M2","genome-wide","DTM","CV2","5","1",0.538233333333333
"M3","genome-wide","DTM","CV2","5","1",0.4852
"M2","haplotype-tagged","DTM","CV2","5","1",0.512288888888889
"M3","haplotype-tagged","DTM","CV2","5","1",0.502033333333333
"M2","genome-wide","HSW","CV2","5","1",0.724277777777778
"M3","genome-wide","HSW","CV2","5","1",0.724722222222222
"M2","haplotype-tagged","HSW","CV2","5","1",0.715588888888889
"M3","haplotype-tagged","HSW","CV2","5","1",0.718944444444444
"M2","genome-wide","PH","CV2","5","1",0.530277777777778
"M3","genome-wide","PH","CV2","5","1",0.524511111111111
"M2","haplotype-tagged","PH","CV2","5","1",0.530555555555556
"M3","haplotype-tagged","PH","CV2","5","1",0.5358
"M2","genome-wide","PPP","CV2","5","1",0.202788888888889
"M3","genome-wide","PPP","CV2","5","1",0.202944444444444
"M2","haplotype-tagged","PPP","CV2","5","1",0.169311111111111
"M3","haplotype-tagged","PPP","CV2","5","1",0.157011111111111
"M2","genome-wide","YPPlnt","CV2","5","1",0.107088888888889
"M3","genome-wide","YPPlnt","CV2","5","1",0.0943
"M2","haplotype-tagged","YPPlnt","CV2","5","1",0.119733333333333
"M3","haplotype-tagged","YPPlnt","CV2","5","1",0.0947666666666667
"M2","genome-wide","DTF","CV0","6","1",0.55105
"M3","genome-wide","DTF","CV0","6","1",0.5494
"M2","haplotype-tagged","DTF","CV0","6","1",0.5509
"M3","haplotype-tagged","DTF","CV0","6","1",0.5528
"M2","genome-wide","DTM","CV0","6","1",0.36985
"M3","genome-wide","DTM","CV0","6","1",0.3697
"M2","haplotype-tagged","DTM","CV0","6","1",0.37845
"M3","haplotype-tagged","DTM","CV0","6","1",0.3777
"M2","genome-wide","HSW","CV0","6","1",0.67015
"M3","genome-wide","HSW","CV0","6","1",0.67
"M2","haplotype-tagged","HSW","CV0","6","1",0.6712
"M3","haplotype-tagged","HSW","CV0","6","1",0.67055
"M2","genome-wide","PH","CV0","6","1",0.59445
"M3","genome-wide","PH","CV0","6","1",0.60205
"M2","haplotype-tagged","PH","CV0","6","1",0.60155
"M3","haplotype-tagged","PH","CV0","6","1",0.59965
"M2","genome-wide","PPP","CV0","6","1",0.3005
"M3","genome-wide","PPP","CV0","6","1",0.2465
"M2","haplotype-tagged","PPP","CV0","6","1",0.27085
"M3","haplotype-tagged","PPP","CV0","6","1",0.2347
"M2","genome-wide","YPPlnt","CV0","6","1",0.1034
"M3","genome-wide","YPPlnt","CV0","6","1",0.0864
"M2","haplotype-tagged","YPPlnt","CV0","6","1",0.07015
"M3","haplotype-tagged","YPPlnt","CV0","6","1",0.0632
"M2","genome-wide","DTF","CV00","6","1",0.5737
"M3","genome-wide","DTF","CV00","6","1",0.60685
"M2","haplotype-tagged","DTF","CV00","6","1",0.44205
"M3","haplotype-tagged","DTF","CV00","6","1",0.4048
"M2","genome-wide","DTM","CV00","6","1",0.47075
"M3","genome-wide","DTM","CV00","6","1",0.46855
"M2","haplotype-tagged","DTM","CV00","6","1",0.294
"M3","haplotype-tagged","DTM","CV00","6","1",0.2052
"M2","genome-wide","HSW","CV00","6","1",0.80895
"M3","genome-wide","HSW","CV00","6","1",0.811
"M2","haplotype-tagged","HSW","CV00","6","1",0.70745
"M3","haplotype-tagged","HSW","CV00","6","1",0.71015
"M2","genome-wide","PH","CV00","6","1",0.33755
"M3","genome-wide","PH","CV00","6","1",0.3406
"M2","haplotype-tagged","PH","CV00","6","1",0.4106
"M3","haplotype-tagged","PH","CV00","6","1",0.38245
"M2","genome-wide","PPP","CV00","6","1",0.2264
"M3","genome-wide","PPP","CV00","6","1",0.2269
"M2","haplotype-tagged","PPP","CV00","6","1",0.1912
"M3","haplotype-tagged","PPP","CV00","6","1",0.13795
"M2","genome-wide","YPPlnt","CV00","6","1",0.08055
"M3","genome-wide","YPPlnt","CV00","6","1",0.1237
"M2","haplotype-tagged","YPPlnt","CV00","6","1",0.03975
"M3","haplotype-tagged","YPPlnt","CV00","6","1",-0.0531
"M2","genome-wide","DTF","CV1","6","1",0.354366666666667
"M3","genome-wide","DTF","CV1","6","1",0.3586
"M2","haplotype-tagged","DTF","CV1","6","1",0.324844444444444
"M3","haplotype-tagged","DTF","CV1","6","1",0.148266666666667
"M2","genome-wide","DTM","CV1","6","1",0.238188888888889
"M3","genome-wide","DTM","CV1","6","1",0.214233333333333
"M2","haplotype-tagged","DTM","CV1","6","1",0.121455555555556
"M3","haplotype-tagged","DTM","CV1","6","1",0.0835555555555556
"M2","genome-wide","HSW","CV1","6","1",0.694688888888889
"M3","genome-wide","HSW","CV1","6","1",0.693722222222222
"M2","haplotype-tagged","HSW","CV1","6","1",0.572022222222222
"M3","haplotype-tagged","HSW","CV1","6","1",0.487955555555556
"M2","genome-wide","PH","CV1","6","1",0.554044444444444
"M3","genome-wide","PH","CV1","6","1",0.5432
"M2","haplotype-tagged","PH","CV1","6","1",0.495311111111111
"M3","haplotype-tagged","PH","CV1","6","1",0.512855555555556
"M2","genome-wide","PPP","CV1","6","1",0.268222222222222
"M3","genome-wide","PPP","CV1","6","1",0.163922222222222
"M2","haplotype-tagged","PPP","CV1","6","1",0.218155555555556
"M3","haplotype-tagged","PPP","CV1","6","1",0.126811111111111
"M2","genome-wide","YPPlnt","CV1","6","1",0.152955555555556
"M3","genome-wide","YPPlnt","CV1","6","1",0.121533333333333
"M2","haplotype-tagged","YPPlnt","CV1","6","1",0.0222666666666667
"M3","haplotype-tagged","YPPlnt","CV1","6","1",0.00522222222222222
"M2","genome-wide","DTF","CV2","6","1",0.657833333333333
"M3","genome-wide","DTF","CV2","6","1",0.619422222222222
"M2","haplotype-tagged","DTF","CV2","6","1",0.645566666666667
"M3","haplotype-tagged","DTF","CV2","6","1",0.641355555555556
"M2","genome-wide","DTM","CV2","6","1",0.471388888888889
"M3","genome-wide","DTM","CV2","6","1",0.510966666666667
"M2","haplotype-tagged","DTM","CV2","6","1",0.456644444444444
"M3","haplotype-tagged","DTM","CV2","6","1",0.489122222222222
"M2","genome-wide","HSW","CV2","6","1",0.729766666666667
"M3","genome-wide","HSW","CV2","6","1",0.719222222222222
"M2","haplotype-tagged","HSW","CV2","6","1",0.726322222222222
"M3","haplotype-tagged","HSW","CV2","6","1",0.725211111111111
"M2","genome-wide","PH","CV2","6","1",0.518333333333333
"M3","genome-wide","PH","CV2","6","1",0.524788888888889
"M2","haplotype-tagged","PH","CV2","6","1",0.508022222222222
"M3","haplotype-tagged","PH","CV2","6","1",0.523777777777778
"M2","genome-wide","PPP","CV2","6","1",0.213555555555556
"M3","genome-wide","PPP","CV2","6","1",0.208822222222222
"M2","haplotype-tagged","PPP","CV2","6","1",0.168288888888889
"M3","haplotype-tagged","PPP","CV2","6","1",0.190533333333333
"M2","genome-wide","YPPlnt","CV2","6","1",0.216777777777778
"M3","genome-wide","YPPlnt","CV2","6","1",0.206133333333333
"M2","haplotype-tagged","YPPlnt","CV2","6","1",0.221688888888889
"M3","haplotype-tagged","YPPlnt","CV2","6","1",0.209466666666667
"M2","genome-wide","DTF","CV0","7","1",0.7334
"M3","genome-wide","DTF","CV0","7","1",0.7312
"M2","haplotype-tagged","DTF","CV0","7","1",0.7287
"M3","haplotype-tagged","DTF","CV0","7","1",0.7253
"M2","genome-wide","DTM","CV0","7","1",0.6532
"M3","genome-wide","DTM","CV0","7","1",0.6358
"M2","haplotype-tagged","DTM","CV0","7","1",0.62665
"M3","haplotype-tagged","DTM","CV0","7","1",0.61615
"M2","genome-wide","HSW","CV0","7","1",0.7717
"M3","genome-wide","HSW","CV0","7","1",0.7703
"M2","haplotype-tagged","HSW","CV0","7","1",0.76015
"M3","haplotype-tagged","HSW","CV0","7","1",0.76135
"M2","genome-wide","PH","CV0","7","1",0.72735
"M3","genome-wide","PH","CV0","7","1",0.72145
"M2","haplotype-tagged","PH","CV0","7","1",0.71095
"M3","haplotype-tagged","PH","CV0","7","1",0.70555
"M2","genome-wide","PPP","CV0","7","1",0.2491
"M3","genome-wide","PPP","CV0","7","1",0.24125
"M2","haplotype-tagged","PPP","CV0","7","1",0.22275
"M3","haplotype-tagged","PPP","CV0","7","1",0.2052
"M2","genome-wide","YPPlnt","CV0","7","1",0.14215
"M3","genome-wide","YPPlnt","CV0","7","1",0.1311
"M2","haplotype-tagged","YPPlnt","CV0","7","1",0.1207
"M3","haplotype-tagged","YPPlnt","CV0","7","1",0.11165
"M2","genome-wide","DTF","CV00","7","1",0.32945
"M3","genome-wide","DTF","CV00","7","1",0.33275
"M2","haplotype-tagged","DTF","CV00","7","1",0.2624
"M3","haplotype-tagged","DTF","CV00","7","1",0.32085
"M2","genome-wide","DTM","CV00","7","1",0.2869
"M3","genome-wide","DTM","CV00","7","1",0.273
"M2","haplotype-tagged","DTM","CV00","7","1",0.2741
"M3","haplotype-tagged","DTM","CV00","7","1",0.2591
"M2","genome-wide","HSW","CV00","7","1",0.35565
"M3","genome-wide","HSW","CV00","7","1",0.3642
"M2","haplotype-tagged","HSW","CV00","7","1",0.3287
"M3","haplotype-tagged","HSW","CV00","7","1",0.3109
"M2","genome-wide","PH","CV00","7","1",0.53935
"M3","genome-wide","PH","CV00","7","1",0.5385
"M2","haplotype-tagged","PH","CV00","7","1",0.49185
"M3","haplotype-tagged","PH","CV00","7","1",0.48515
"M2","genome-wide","PPP","CV00","7","1",0.0561
"M3","genome-wide","PPP","CV00","7","1",0.0473
"M2","haplotype-tagged","PPP","CV00","7","1",0.0474
"M3","haplotype-tagged","PPP","CV00","7","1",-0.08885
"M2","genome-wide","YPPlnt","CV00","7","1",0.0116
"M3","genome-wide","YPPlnt","CV00","7","1",0.0157
"M2","haplotype-tagged","YPPlnt","CV00","7","1",0.3171
"M3","haplotype-tagged","YPPlnt","CV00","7","1",0.20295
"M2","genome-wide","DTF","CV1","7","1",0.520555555555556
"M3","genome-wide","DTF","CV1","7","1",0.489677777777778
"M2","haplotype-tagged","DTF","CV1","7","1",0.3728
"M3","haplotype-tagged","DTF","CV1","7","1",0.326177777777778
"M2","genome-wide","DTM","CV1","7","1",0.321777777777778
"M3","genome-wide","DTM","CV1","7","1",0.307622222222222
"M2","haplotype-tagged","DTM","CV1","7","1",0.224877777777778
"M3","haplotype-tagged","DTM","CV1","7","1",0.2357
"M2","genome-wide","HSW","CV1","7","1",0.598744444444444
"M3","genome-wide","HSW","CV1","7","1",0.5916
"M2","haplotype-tagged","HSW","CV1","7","1",0.493911111111111
"M3","haplotype-tagged","HSW","CV1","7","1",0.475111111111111
"M2","genome-wide","PH","CV1","7","1",0.391433333333333
"M3","genome-wide","PH","CV1","7","1",0.414377777777778
"M2","haplotype-tagged","PH","CV1","7","1",0.338433333333333
"M3","haplotype-tagged","PH","CV1","7","1",0.340677777777778
"M2","genome-wide","PPP","CV1","7","1",0.163311111111111
"M3","genome-wide","PPP","CV1","7","1",0.134777777777778
"M2","haplotype-tagged","PPP","CV1","7","1",0.116644444444444
"M3","haplotype-tagged","PPP","CV1","7","1",0.0746444444444444
"M2","genome-wide","YPPlnt","CV1","7","1",0.073
"M3","genome-wide","YPPlnt","CV1","7","1",0.103322222222222
"M2","haplotype-tagged","YPPlnt","CV1","7","1",0.190688888888889
"M3","haplotype-tagged","YPPlnt","CV1","7","1",0.111233333333333
"M2","genome-wide","DTF","CV2","7","1",0.626455555555556
"M3","genome-wide","DTF","CV2","7","1",0.6353
"M2","haplotype-tagged","DTF","CV2","7","1",0.616266666666667
"M3","haplotype-tagged","DTF","CV2","7","1",0.636377777777778
"M2","genome-wide","DTM","CV2","7","1",0.4785
"M3","genome-wide","DTM","CV2","7","1",0.460322222222222
"M2","haplotype-tagged","DTM","CV2","7","1",0.456366666666667
"M3","haplotype-tagged","DTM","CV2","7","1",0.4629
"M2","genome-wide","HSW","CV2","7","1",0.768544444444444
"M3","genome-wide","HSW","CV2","7","1",0.770933333333333
"M2","haplotype-tagged","HSW","CV2","7","1",0.7596
"M3","haplotype-tagged","HSW","CV2","7","1",0.761155555555556
"M2","genome-wide","PH","CV2","7","1",0.604855555555556
"M3","genome-wide","PH","CV2","7","1",0.587577777777778
"M2","haplotype-tagged","PH","CV2","7","1",0.601611111111111
"M3","haplotype-tagged","PH","CV2","7","1",0.594677777777778
"M2","genome-wide","PPP","CV2","7","1",0.243011111111111
"M3","genome-wide","PPP","CV2","7","1",0.184066666666667
"M2","haplotype-tagged","PPP","CV2","7","1",0.203944444444444
"M3","haplotype-tagged","PPP","CV2","7","1",0.170433333333333
"M2","genome-wide","YPPlnt","CV2","7","1",0.131311111111111
"M3","genome-wide","YPPlnt","CV2","7","1",0.120755555555556
"M2","haplotype-tagged","YPPlnt","CV2","7","1",0.112777777777778
"M3","haplotype-tagged","YPPlnt","CV2","7","1",0.109177777777778
"M2","genome-wide","DTF","CV0","8","1",0.4926
"M3","genome-wide","DTF","CV0","8","1",0.49325
"M2","haplotype-tagged","DTF","CV0","8","1",0.49525
"M3","haplotype-tagged","DTF","CV0","8","1",0.4914
"M2","genome-wide","DTM","CV0","8","1",0.38895
"M3","genome-wide","DTM","CV0","8","1",0.3935
"M2","haplotype-tagged","DTM","CV0","8","1",0.388
"M3","haplotype-tagged","DTM","CV0","8","1",0.38115
"M2","genome-wide","HSW","CV0","8","1",0.6948
"M3","genome-wide","HSW","CV0","8","1",0.69685
"M2","haplotype-tagged","HSW","CV0","8","1",0.6976
"M3","haplotype-tagged","HSW","CV0","8","1",0.6983
"M2","genome-wide","PH","CV0","8","1",0.6195
"M3","genome-wide","PH","CV0","8","1",0.6171
"M2","haplotype-tagged","PH","CV0","8","1",0.6176
"M3","haplotype-tagged","PH","CV0","8","1",0.61465
"M2","genome-wide","PPP","CV0","8","1",0.1277
"M3","genome-wide","PPP","CV0","8","1",0.127
"M2","haplotype-tagged","PPP","CV0","8","1",0.119
"M3","haplotype-tagged","PPP","CV0","8","1",0.11025
"M2","genome-wide","YPPlnt","CV0","8","1",0.14375
"M3","genome-wide","YPPlnt","CV0","8","1",0.1376
"M2","haplotype-tagged","YPPlnt","CV0","8","1",0.14235
"M3","haplotype-tagged","YPPlnt","CV0","8","1",0.1399
"M2","genome-wide","DTF","CV00","8","1",0.40065
"M3","genome-wide","DTF","CV00","8","1",0.3772
"M2","haplotype-tagged","DTF","CV00","8","1",0.38545
"M3","haplotype-tagged","DTF","CV00","8","1",0.24175
"M2","genome-wide","DTM","CV00","8","1",0.42455
"M3","genome-wide","DTM","CV00","8","1",0.3988
"M2","haplotype-tagged","DTM","CV00","8","1",0.3687
"M3","haplotype-tagged","DTM","CV00","8","1",0.10545
"M2","genome-wide","HSW","CV00","8","1",0.64425
"M3","genome-wide","HSW","CV00","8","1",0.64565
"M2","haplotype-tagged","HSW","CV00","8","1",0.49855
"M3","haplotype-tagged","HSW","CV00","8","1",0.50755
"M2","genome-wide","PH","CV00","8","1",0.60585
"M3","genome-wide","PH","CV00","8","1",0.5812
"M2","haplotype-tagged","PH","CV00","8","1",0.5462
"M3","haplotype-tagged","PH","CV00","8","1",0.45205
"M2","genome-wide","PPP","CV00","8","1",0.23055
"M3","genome-wide","PPP","CV00","8","1",0.18115
"M2","haplotype-tagged","PPP","CV00","8","1",-0.0411
"M3","haplotype-tagged","PPP","CV00","8","1",0.0325
"M2","genome-wide","YPPlnt","CV00","8","1",0.2485
"M3","genome-wide","YPPlnt","CV00","8","1",0.2163
"M2","haplotype-tagged","YPPlnt","CV00","8","1",0.19015
"M3","haplotype-tagged","YPPlnt","CV00","8","1",0.05795
"M2","genome-wide","DTF","CV1","8","1",0.497466666666667
"M3","genome-wide","DTF","CV1","8","1",0.508944444444444
"M2","haplotype-tagged","DTF","CV1","8","1",0.432622222222222
"M3","haplotype-tagged","DTF","CV1","8","1",0.429711111111111
"M2","genome-wide","DTM","CV1","8","1",0.351777777777778
"M3","genome-wide","DTM","CV1","8","1",0.336155555555556
"M2","haplotype-tagged","DTM","CV1","8","1",0.312233333333333
"M3","haplotype-tagged","DTM","CV1","8","1",0.315966666666667
"M2","genome-wide","HSW","CV1","8","1",0.540644444444444
"M3","genome-wide","HSW","CV1","8","1",0.547588888888889
"M2","haplotype-tagged","HSW","CV1","8","1",0.4653
"M3","haplotype-tagged","HSW","CV1","8","1",0.477944444444444
"M2","genome-wide","PH","CV1","8","1",0.414588888888889
"M3","genome-wide","PH","CV1","8","1",0.427688888888889
"M2","haplotype-tagged","PH","CV1","8","1",0.4913
"M3","haplotype-tagged","PH","CV1","8","1",0.448488888888889
"M2","genome-wide","PPP","CV1","8","1",0.255188888888889
"M3","genome-wide","PPP","CV1","8","1",0.190111111111111
"M2","haplotype-tagged","PPP","CV1","8","1",0.252088888888889
"M3","haplotype-tagged","PPP","CV1","8","1",0.1723
"M2","genome-wide","YPPlnt","CV1","8","1",0.114855555555556
"M3","genome-wide","YPPlnt","CV1","8","1",0.0600222222222222
"M2","haplotype-tagged","YPPlnt","CV1","8","1",0.00236666666666667
"M3","haplotype-tagged","YPPlnt","CV1","8","1",-0.0122
"M2","genome-wide","DTF","CV2","8","1",0.621477777777778
"M3","genome-wide","DTF","CV2","8","1",0.612611111111111
"M2","haplotype-tagged","DTF","CV2","8","1",0.607544444444444
"M3","haplotype-tagged","DTF","CV2","8","1",0.614822222222222
"M2","genome-wide","DTM","CV2","8","1",0.468266666666667
"M3","genome-wide","DTM","CV2","8","1",0.480011111111111
"M2","haplotype-tagged","DTM","CV2","8","1",0.455055555555556
"M3","haplotype-tagged","DTM","CV2","8","1",0.4805
"M2","genome-wide","HSW","CV2","8","1",0.757633333333333
"M3","genome-wide","HSW","CV2","8","1",0.7481
"M2","haplotype-tagged","HSW","CV2","8","1",0.759222222222222
"M3","haplotype-tagged","HSW","CV2","8","1",0.7574
"M2","genome-wide","PH","CV2","8","1",0.593166666666667
"M3","genome-wide","PH","CV2","8","1",0.577055555555556
"M2","haplotype-tagged","PH","CV2","8","1",0.585733333333333
"M3","haplotype-tagged","PH","CV2","8","1",0.593544444444444
"M2","genome-wide","PPP","CV2","8","1",0.174411111111111
"M3","genome-wide","PPP","CV2","8","1",0.164733333333333
"M2","haplotype-tagged","PPP","CV2","8","1",0.136155555555556
"M3","haplotype-tagged","PPP","CV2","8","1",0.163322222222222
"M2","genome-wide","YPPlnt","CV2","8","1",0.0660444444444444
"M3","genome-wide","YPPlnt","CV2","8","1",0.0641111111111111
"M2","haplotype-tagged","YPPlnt","CV2","8","1",0.0466222222222222
"M3","haplotype-tagged","YPPlnt","CV2","8","1",0.0408111111111111
"M2","genome-wide","DTF","CV0","9","1",0.77885
"M3","genome-wide","DTF","CV0","9","1",0.7812
"M2","haplotype-tagged","DTF","CV0","9","1",0.77825
"M3","haplotype-tagged","DTF","CV0","9","1",0.77645
"M2","genome-wide","DTM","CV0","9","1",0.6948
"M3","genome-wide","DTM","CV0","9","1",0.68545
"M2","haplotype-tagged","DTM","CV0","9","1",0.6642
"M3","haplotype-tagged","DTM","CV0","9","1",0.64615
"M2","genome-wide","HSW","CV0","9","1",0.82385
"M3","genome-wide","HSW","CV0","9","1",0.8204
"M2","haplotype-tagged","HSW","CV0","9","1",0.812
"M3","haplotype-tagged","HSW","CV0","9","1",0.81055
"M2","genome-wide","PH","CV0","9","1",0.766
"M3","genome-wide","PH","CV0","9","1",0.75575
"M2","haplotype-tagged","PH","CV0","9","1",0.74945
"M3","haplotype-tagged","PH","CV0","9","1",0.7422
"M2","genome-wide","PPP","CV0","9","1",0.2191
"M3","genome-wide","PPP","CV0","9","1",0.19065
"M2","haplotype-tagged","PPP","CV0","9","1",0.18565
"M3","haplotype-tagged","PPP","CV0","9","1",0.1666
"M2","genome-wide","YPPlnt","CV0","9","1",0.16615
"M3","genome-wide","YPPlnt","CV0","9","1",0.1617
"M2","haplotype-tagged","YPPlnt","CV0","9","1",0.1566
"M3","haplotype-tagged","YPPlnt","CV0","9","1",0.14585
"M2","genome-wide","DTF","CV00","9","1",0.42185
"M3","genome-wide","DTF","CV00","9","1",0.44455
"M2","haplotype-tagged","DTF","CV00","9","1",0.18055
"M3","haplotype-tagged","DTF","CV00","9","1",0.3454
"M2","genome-wide","DTM","CV00","9","1",0.3329
"M3","genome-wide","DTM","CV00","9","1",0.3471
"M2","haplotype-tagged","DTM","CV00","9","1",0.20785
"M3","haplotype-tagged","DTM","CV00","9","1",0.15115
"M2","genome-wide","HSW","CV00","9","1",0.5266
"M3","genome-wide","HSW","CV00","9","1",0.5391
"M2","haplotype-tagged","HSW","CV00","9","1",0.5845
"M3","haplotype-tagged","HSW","CV00","9","1",0.56885
"M2","genome-wide","PH","CV00","9","1",0.21455
"M3","genome-wide","PH","CV00","9","1",0.2304
"M2","haplotype-tagged","PH","CV00","9","1",0.21365
"M3","haplotype-tagged","PH","CV00","9","1",0.26965
"M2","genome-wide","PPP","CV00","9","1",0.23255
"M3","genome-wide","PPP","CV00","9","1",0.2475
"M2","haplotype-tagged","PPP","CV00","9","1",0.15585
"M3","haplotype-tagged","PPP","CV00","9","1",0.0829
"M2","genome-wide","YPPlnt","CV00","9","1",0.25635
"M3","genome-wide","YPPlnt","CV00","9","1",0.27655
"M2","haplotype-tagged","YPPlnt","CV00","9","1",0.18825
"M3","haplotype-tagged","YPPlnt","CV00","9","1",0.096
"M2","genome-wide","DTF","CV1","9","1",0.472044444444444
"M3","genome-wide","DTF","CV1","9","1",0.438066666666667
"M2","haplotype-tagged","DTF","CV1","9","1",0.218033333333333
"M3","haplotype-tagged","DTF","CV1","9","1",0.272122222222222
"M2","genome-wide","DTM","CV1","9","1",0.345533333333333
"M3","genome-wide","DTM","CV1","9","1",0.314566666666667
"M2","haplotype-tagged","DTM","CV1","9","1",0.320066666666667
"M3","haplotype-tagged","DTM","CV1","9","1",0.112588888888889
"M2","genome-wide","HSW","CV1","9","1",0.456977777777778
"M3","genome-wide","HSW","CV1","9","1",0.458355555555556
"M2","haplotype-tagged","HSW","CV1","9","1",0.329922222222222
"M3","haplotype-tagged","HSW","CV1","9","1",0.430288888888889
"M2","genome-wide","PH","CV1","9","1",0.439744444444444
"M3","genome-wide","PH","CV1","9","1",0.388133333333333
"M2","haplotype-tagged","PH","CV1","9","1",0.390088888888889
"M3","haplotype-tagged","PH","CV1","9","1",0.344222222222222
"M2","genome-wide","PPP","CV1","9","1",0.215955555555556
"M3","genome-wide","PPP","CV1","9","1",0.213988888888889
"M2","haplotype-tagged","PPP","CV1","9","1",0.1936
"M3","haplotype-tagged","PPP","CV1","9","1",0.103688888888889
"M2","genome-wide","YPPlnt","CV1","9","1",0.186611111111111
"M3","genome-wide","YPPlnt","CV1","9","1",0.136944444444444
"M2","haplotype-tagged","YPPlnt","CV1","9","1",0.134777777777778
"M3","haplotype-tagged","YPPlnt","CV1","9","1",0.142611111111111
"M2","genome-wide","DTF","CV2","9","1",0.603466666666667
"M3","genome-wide","DTF","CV2","9","1",0.608911111111111
"M2","haplotype-tagged","DTF","CV2","9","1",0.592177777777778
"M3","haplotype-tagged","DTF","CV2","9","1",0.599288888888889
"M2","genome-wide","DTM","CV2","9","1",0.527133333333333
"M3","genome-wide","DTM","CV2","9","1",0.532866666666667
"M2","haplotype-tagged","DTM","CV2","9","1",0.502155555555556
"M3","haplotype-tagged","DTM","CV2","9","1",0.516711111111111
"M2","genome-wide","HSW","CV2","9","1",0.771866666666667
"M3","genome-wide","HSW","CV2","9","1",0.757866666666667
"M2","haplotype-tagged","HSW","CV2","9","1",0.774788888888889
"M3","haplotype-tagged","HSW","CV2","9","1",0.7727
"M2","genome-wide","PH","CV2","9","1",0.573188888888889
"M3","genome-wide","PH","CV2","9","1",0.553988888888889
"M2","haplotype-tagged","PH","CV2","9","1",0.560166666666667
"M3","haplotype-tagged","PH","CV2","9","1",0.559955555555556
"M2","genome-wide","PPP","CV2","9","1",0.199122222222222
"M3","genome-wide","PPP","CV2","9","1",0.266155555555556
"M2","haplotype-tagged","PPP","CV2","9","1",0.182055555555556
"M3","haplotype-tagged","PPP","CV2","9","1",0.2224
"M2","genome-wide","YPPlnt","CV2","9","1",0.0319777777777778
"M3","genome-wide","YPPlnt","CV2","9","1",0.0499666666666667
"M2","haplotype-tagged","YPPlnt","CV2","9","1",0.0344888888888889
"M3","haplotype-tagged","YPPlnt","CV2","9","1",0.0450555555555556
"M2","genome-wide","DTF","CV0","10","1",0.6884
"M3","genome-wide","DTF","CV0","10","1",0.69055
"M2","haplotype-tagged","DTF","CV0","10","1",0.68415
"M3","haplotype-tagged","DTF","CV0","10","1",0.68375
"M2","genome-wide","DTM","CV0","10","1",0.53575
"M3","genome-wide","DTM","CV0","10","1",0.5392
"M2","haplotype-tagged","DTM","CV0","10","1",0.5247
"M3","haplotype-tagged","DTM","CV0","10","1",0.5159
"M2","genome-wide","HSW","CV0","10","1",0.76615
"M3","genome-wide","HSW","CV0","10","1",0.76655
"M2","haplotype-tagged","HSW","CV0","10","1",0.7622
"M3","haplotype-tagged","HSW","CV0","10","1",0.7618
"M2","genome-wide","PH","CV0","10","1",0.759
"M3","genome-wide","PH","CV0","10","1",0.75525
"M2","haplotype-tagged","PH","CV0","10","1",0.7523
"M3","haplotype-tagged","PH","CV0","10","1",0.7443
"M2","genome-wide","PPP","CV0","10","1",0.3389
"M3","genome-wide","PPP","CV0","10","1",0.2978
"M2","haplotype-tagged","PPP","CV0","10","1",0.29275
"M3","haplotype-tagged","PPP","CV0","10","1",0.2439
"M2","genome-wide","YPPlnt","CV0","10","1",0.17475
"M3","genome-wide","YPPlnt","CV0","10","1",0.1619
"M2","haplotype-tagged","YPPlnt","CV0","10","1",0.15625
"M3","haplotype-tagged","YPPlnt","CV0","10","1",0.14975
"M2","genome-wide","DTF","CV00","10","1",0.28175
"M3","genome-wide","DTF","CV00","10","1",0.2994
"M2","haplotype-tagged","DTF","CV00","10","1",0.15035
"M3","haplotype-tagged","DTF","CV00","10","1",0.05725
"M2","genome-wide","DTM","CV00","10","1",0.09505
"M3","genome-wide","DTM","CV00","10","1",0.1061
"M2","haplotype-tagged","DTM","CV00","10","1",0.04465
"M3","haplotype-tagged","DTM","CV00","10","1",0.05335
"M2","genome-wide","HSW","CV00","10","1",0.21875
"M3","genome-wide","HSW","CV00","10","1",0.2221
"M2","haplotype-tagged","HSW","CV00","10","1",0.14585
"M3","haplotype-tagged","HSW","CV00","10","1",0.11195
"M2","genome-wide","PH","CV00","10","1",0.339
"M3","genome-wide","PH","CV00","10","1",0.33215
"M2","haplotype-tagged","PH","CV00","10","1",0.46745
"M3","haplotype-tagged","PH","CV00","10","1",0.4132
"M2","genome-wide","PPP","CV00","10","1",0.3037
"M3","genome-wide","PPP","CV00","10","1",0.3043
"M2","haplotype-tagged","PPP","CV00","10","1",0.1488
"M3","haplotype-tagged","PPP","CV00","10","1",0.09055
"M2","genome-wide","YPPlnt","CV00","10","1",0.15635
"M3","genome-wide","YPPlnt","CV00","10","1",0.11135
"M2","haplotype-tagged","YPPlnt","CV00","10","1",0.0219
"M3","haplotype-tagged","YPPlnt","CV00","10","1",-0.0126
"M2","genome-wide","DTF","CV1","10","1",0.402277777777778
"M3","genome-wide","DTF","CV1","10","1",0.432544444444444
"M2","haplotype-tagged","DTF","CV1","10","1",0.213533333333333
"M3","haplotype-tagged","DTF","CV1","10","1",0.253122222222222
"M2","genome-wide","DTM","CV1","10","1",0.36
"M3","genome-wide","DTM","CV1","10","1",0.382788888888889
"M2","haplotype-tagged","DTM","CV1","10","1",0.237088888888889
"M3","haplotype-tagged","DTM","CV1","10","1",0.2169
"M2","genome-wide","HSW","CV1","10","1",0.640677777777778
"M3","genome-wide","HSW","CV1","10","1",0.619466666666667
"M2","haplotype-tagged","HSW","CV1","10","1",0.485511111111111
"M3","haplotype-tagged","HSW","CV1","10","1",0.506422222222222
"M2","genome-wide","PH","CV1","10","1",0.303566666666667
"M3","genome-wide","PH","CV1","10","1",0.3412
"M2","haplotype-tagged","PH","CV1","10","1",0.307188888888889
"M3","haplotype-tagged","PH","CV1","10","1",0.299766666666667
"M2","genome-wide","PPP","CV1","10","1",0.1691
"M3","genome-wide","PPP","CV1","10","1",0.181466666666667
"M2","haplotype-tagged","PPP","CV1","10","1",0.156588888888889
"M3","haplotype-tagged","PPP","CV1","10","1",0.103322222222222
"M2","genome-wide","YPPlnt","CV1","10","1",0.123333333333333
"M3","genome-wide","YPPlnt","CV1","10","1",0.123266666666667
"M2","haplotype-tagged","YPPlnt","CV1","10","1",0.0660777777777778
"M3","haplotype-tagged","YPPlnt","CV1","10","1",0.0937444444444444
"M2","genome-wide","DTF","CV2","10","1",0.624244444444444
"M3","genome-wide","DTF","CV2","10","1",0.612666666666667
"M2","haplotype-tagged","DTF","CV2","10","1",0.607366666666667
"M3","haplotype-tagged","DTF","CV2","10","1",0.6138
"M2","genome-wide","DTM","CV2","10","1",0.483477777777778
"M3","genome-wide","DTM","CV2","10","1",0.5069
"M2","haplotype-tagged","DTM","CV2","10","1",0.465922222222222
"M3","haplotype-tagged","DTM","CV2","10","1",0.493811111111111
"M2","genome-wide","HSW","CV2","10","1",0.719244444444444
"M3","genome-wide","HSW","CV2","10","1",0.724911111111111
"M2","haplotype-tagged","HSW","CV2","10","1",0.719155555555556
"M3","haplotype-tagged","HSW","CV2","10","1",0.7222
"M2","genome-wide","PH","CV2","10","1",0.585977777777778
"M3","genome-wide","PH","CV2","10","1",0.5525
"M2","haplotype-tagged","PH","CV2","10","1",0.583788888888889
"M3","haplotype-tagged","PH","CV2","10","1",0.5682
"M2","genome-wide","PPP","CV2","10","1",0.202077777777778
"M3","genome-wide","PPP","CV2","10","1",0.174833333333333
"M2","haplotype-tagged","PPP","CV2","10","1",0.163577777777778
"M3","haplotype-tagged","PPP","CV2","10","1",0.155577777777778
"M2","genome-wide","YPPlnt","CV2","10","1",0.123911111111111
"M3","genome-wide","YPPlnt","CV2","10","1",0.170744444444444
"M2","haplotype-tagged","YPPlnt","CV2","10","1",0.117355555555556
"M3","haplotype-tagged","YPPlnt","CV2","10","1",0.130844444444444
"M2","genome-wide","DTF","CV0","1","2",0.63285
"M3","genome-wide","DTF","CV0","1","2",0.62665
"M2","haplotype-tagged","DTF","CV0","1","2",0.6257
"M3","haplotype-tagged","DTF","CV0","1","2",0.62055
"M2","genome-wide","DTM","CV0","1","2",0.4584
"M3","genome-wide","DTM","CV0","1","2",0.4623
"M2","haplotype-tagged","DTM","CV0","1","2",0.45985
"M3","haplotype-tagged","DTM","CV0","1","2",0.46165
"M2","genome-wide","HSW","CV0","1","2",0.79135
"M3","genome-wide","HSW","CV0","1","2",0.7908
"M2","haplotype-tagged","HSW","CV0","1","2",0.7888
"M3","haplotype-tagged","HSW","CV0","1","2",0.788
"M2","genome-wide","PH","CV0","1","2",0.28095
"M3","genome-wide","PH","CV0","1","2",0.28425
"M2","haplotype-tagged","PH","CV0","1","2",0.2858
"M3","haplotype-tagged","PH","CV0","1","2",0.286
"M2","genome-wide","PPP","CV0","1","2",0.1629
"M3","genome-wide","PPP","CV0","1","2",0.14475
"M2","haplotype-tagged","PPP","CV0","1","2",0.14565
"M3","haplotype-tagged","PPP","CV0","1","2",0.1071
"M2","genome-wide","YPPlnt","CV0","1","2",0.10435
"M3","genome-wide","YPPlnt","CV0","1","2",0.09415
"M2","haplotype-tagged","YPPlnt","CV0","1","2",0.08175
"M3","haplotype-tagged","YPPlnt","CV0","1","2",0.08855
"M2","genome-wide","DTF","CV00","1","2",0.0162
"M3","genome-wide","DTF","CV00","1","2",0.003
"M2","haplotype-tagged","DTF","CV00","1","2",0.03635
"M3","haplotype-tagged","DTF","CV00","1","2",0.0664
"M2","genome-wide","DTM","CV00","1","2",0.1647
"M3","genome-wide","DTM","CV00","1","2",0.16355
"M2","haplotype-tagged","DTM","CV00","1","2",0.21835
"M3","haplotype-tagged","DTM","CV00","1","2",0.2644
"M2","genome-wide","HSW","CV00","1","2",0.46555
"M3","genome-wide","HSW","CV00","1","2",0.44325
"M2","haplotype-tagged","HSW","CV00","1","2",0.44305
"M3","haplotype-tagged","HSW","CV00","1","2",0.4562
"M2","genome-wide","PH","CV00","1","2",0.1298
"M3","genome-wide","PH","CV00","1","2",0.1129
"M2","haplotype-tagged","PH","CV00","1","2",0.14405
"M3","haplotype-tagged","PH","CV00","1","2",0.155
"M2","genome-wide","PPP","CV00","1","2",0.0371
"M3","genome-wide","PPP","CV00","1","2",0.0513
"M2","haplotype-tagged","PPP","CV00","1","2",0.0649
"M3","haplotype-tagged","PPP","CV00","1","2",0.14435
"M2","genome-wide","YPPlnt","CV00","1","2",0.14725
"M3","genome-wide","YPPlnt","CV00","1","2",0.062
"M2","haplotype-tagged","YPPlnt","CV00","1","2",-0.05385
"M3","haplotype-tagged","YPPlnt","CV00","1","2",0.00765
"M2","genome-wide","DTF","CV1","1","2",0.506144444444445
"M3","genome-wide","DTF","CV1","1","2",0.5221
"M2","haplotype-tagged","DTF","CV1","1","2",0.218688888888889
"M3","haplotype-tagged","DTF","CV1","1","2",0.269244444444444
"M2","genome-wide","DTM","CV1","1","2",0.425277777777778
"M3","genome-wide","DTM","CV1","1","2",0.435288888888889
"M2","haplotype-tagged","DTM","CV1","1","2",0.252677777777778
"M3","haplotype-tagged","DTM","CV1","1","2",0.337955555555556
"M2","genome-wide","HSW","CV1","1","2",0.667988888888889
"M3","genome-wide","HSW","CV1","1","2",0.654488888888889
"M2","haplotype-tagged","HSW","CV1","1","2",0.594266666666667
"M3","haplotype-tagged","HSW","CV1","1","2",0.573833333333333
"M2","genome-wide","PH","CV1","1","2",0.456488888888889
"M3","genome-wide","PH","CV1","1","2",0.469988888888889
"M2","haplotype-tagged","PH","CV1","1","2",0.438711111111111
"M3","haplotype-tagged","PH","CV1","1","2",0.448544444444444
"M2","genome-wide","PPP","CV1","1","2",0.260188888888889
"M3","genome-wide","PPP","CV1","1","2",0.198544444444444
"M2","haplotype-tagged","PPP","CV1","1","2",0.219655555555556
"M3","haplotype-tagged","PPP","CV1","1","2",0.135977777777778
"M2","genome-wide","YPPlnt","CV1","1","2",0.116855555555556
"M3","genome-wide","YPPlnt","CV1","1","2",0.104322222222222
"M2","haplotype-tagged","YPPlnt","CV1","1","2",0.0158333333333333
"M3","haplotype-tagged","YPPlnt","CV1","1","2",-0.0618777777777778
"M2","genome-wide","DTF","CV2","1","2",0.605477777777778
"M3","genome-wide","DTF","CV2","1","2",0.601822222222222
"M2","haplotype-tagged","DTF","CV2","1","2",0.602533333333333
"M3","haplotype-tagged","DTF","CV2","1","2",0.607366666666667
"M2","genome-wide","DTM","CV2","1","2",0.4662
"M3","genome-wide","DTM","CV2","1","2",0.470811111111111
"M2","haplotype-tagged","DTM","CV2","1","2",0.4539
"M3","haplotype-tagged","DTM","CV2","1","2",0.465944444444444
"M2","genome-wide","HSW","CV2","1","2",0.669611111111111
"M3","genome-wide","HSW","CV2","1","2",0.6687
"M2","haplotype-tagged","HSW","CV2","1","2",0.666433333333333
"M3","haplotype-tagged","HSW","CV2","1","2",0.667777777777778
"M2","genome-wide","PH","CV2","1","2",0.571755555555556
"M3","genome-wide","PH","CV2","1","2",0.573022222222222
"M2","haplotype-tagged","PH","CV2","1","2",0.566233333333333
"M3","haplotype-tagged","PH","CV2","1","2",0.565344444444444
"M2","genome-wide","PPP","CV2","1","2",0.161888888888889
"M3","genome-wide","PPP","CV2","1","2",0.177744444444444
"M2","haplotype-tagged","PPP","CV2","1","2",0.128666666666667
"M3","haplotype-tagged","PPP","CV2","1","2",0.166666666666667
"M2","genome-wide","YPPlnt","CV2","1","2",0.0916333333333333
"M3","genome-wide","YPPlnt","CV2","1","2",0.0634555555555556
"M2","haplotype-tagged","YPPlnt","CV2","1","2",0.0727777777777778
"M3","haplotype-tagged","YPPlnt","CV2","1","2",0.0952
"M2","genome-wide","DTF","CV0","2","2",0.64285
"M3","genome-wide","DTF","CV0","2","2",0.64535
"M2","haplotype-tagged","DTF","CV0","2","2",0.647
"M3","haplotype-tagged","DTF","CV0","2","2",0.646
"M2","genome-wide","DTM","CV0","2","2",0.5321
"M3","genome-wide","DTM","CV0","2","2",0.5333
"M2","haplotype-tagged","DTM","CV0","2","2",0.53145
"M3","haplotype-tagged","DTM","CV0","2","2",0.53825
"M2","genome-wide","HSW","CV0","2","2",0.7792
"M3","genome-wide","HSW","CV0","2","2",0.77895
"M2","haplotype-tagged","HSW","CV0","2","2",0.7761
"M3","haplotype-tagged","HSW","CV0","2","2",0.7758
"M2","genome-wide","PH","CV0","2","2",0.6701
"M3","genome-wide","PH","CV0","2","2",0.66675
"M2","haplotype-tagged","PH","CV0","2","2",0.6588
"M3","haplotype-tagged","PH","CV0","2","2",0.65745
"M2","genome-wide","PPP","CV0","2","2",0.1174
"M3","genome-wide","PPP","CV0","2","2",0.11325
"M2","haplotype-tagged","PPP","CV0","2","2",0.10555
"M3","haplotype-tagged","PPP","CV0","2","2",0.08865
"M2","genome-wide","YPPlnt","CV0","2","2",0.19975
"M3","genome-wide","YPPlnt","CV0","2","2",0.18285
"M2","haplotype-tagged","YPPlnt","CV0","2","2",0.18525
"M3","haplotype-tagged","YPPlnt","CV0","2","2",0.18755
"M2","genome-wide","DTF","CV00","2","2",0.63745
"M3","genome-wide","DTF","CV00","2","2",0.66055
"M2","haplotype-tagged","DTF","CV00","2","2",0.4164
"M3","haplotype-tagged","DTF","CV00","2","2",0.4058
"M2","genome-wide","DTM","CV00","2","2",0.16175
"M3","genome-wide","DTM","CV00","2","2",0.17185
"M2","haplotype-tagged","DTM","CV00","2","2",0.1363
"M3","haplotype-tagged","DTM","CV00","2","2",0.3164
"M2","genome-wide","HSW","CV00","2","2",0.6487
"M3","genome-wide","HSW","CV00","2","2",0.64785
"M2","haplotype-tagged","HSW","CV00","2","2",0.59755
"M3","haplotype-tagged","HSW","CV00","2","2",0.62855
"M2","genome-wide","PH","CV00","2","2",0.27225
"M3","genome-wide","PH","CV00","2","2",0.27565
"M2","haplotype-tagged","PH","CV00","2","2",0.20835
"M3","haplotype-tagged","PH","CV00","2","2",0.1713
"M2","genome-wide","PPP","CV00","2","2",0.0846
"M3","genome-wide","PPP","CV00","2","2",0.0739
"M2","haplotype-tagged","PPP","CV00","2","2",0.1123
"M3","haplotype-tagged","PPP","CV00","2","2",-0.1356
"M2","genome-wide","YPPlnt","CV00","2","2",0.0327
"M3","genome-wide","YPPlnt","CV00","2","2",-0.01545
"M2","haplotype-tagged","YPPlnt","CV00","2","2",0.0139
"M3","haplotype-tagged","YPPlnt","CV00","2","2",0.02575
"M2","genome-wide","DTF","CV1","2","2",0.492844444444444
"M3","genome-wide","DTF","CV1","2","2",0.518277777777778
"M2","haplotype-tagged","DTF","CV1","2","2",0.289433333333333
"M3","haplotype-tagged","DTF","CV1","2","2",0.3317
"M2","genome-wide","DTM","CV1","2","2",0.388788888888889
"M3","genome-wide","DTM","CV1","2","2",0.359133333333333
"M2","haplotype-tagged","DTM","CV1","2","2",0.286077777777778
"M3","haplotype-tagged","DTM","CV1","2","2",0.226855555555556
"M2","genome-wide","HSW","CV1","2","2",0.516844444444444
"M3","genome-wide","HSW","CV1","2","2",0.529533333333333
"M2","haplotype-tagged","HSW","CV1","2","2",0.361266666666667
"M3","haplotype-tagged","HSW","CV1","2","2",0.320055555555556
"M2","genome-wide","PH","CV1","2","2",0.465944444444444
"M3","genome-wide","PH","CV1","2","2",0.459366666666667
"M2","haplotype-tagged","PH","CV1","2","2",0.408944444444444
"M3","haplotype-tagged","PH","CV1","2","2",0.456344444444444
"M2","genome-wide","PPP","CV1","2","2",0.122266666666667
"M3","genome-wide","PPP","CV1","2","2",0.1198
"M2","haplotype-tagged","PPP","CV1","2","2",0.1219
"M3","haplotype-tagged","PPP","CV1","2","2",0.0792777777777778
"M2","genome-wide","YPPlnt","CV1","2","2",0.1436
"M3","genome-wide","YPPlnt","CV1","2","2",0.1512
"M2","haplotype-tagged","YPPlnt","CV1","2","2",0.136166666666667
"M3","haplotype-tagged","YPPlnt","CV1","2","2",0.140255555555556
"M2","genome-wide","DTF","CV2","2","2",0.645466666666667
"M3","genome-wide","DTF","CV2","2","2",0.643944444444444
"M2","haplotype-tagged","DTF","CV2","2","2",0.632911111111111
"M3","haplotype-tagged","DTF","CV2","2","2",0.6528
"M2","genome-wide","DTM","CV2","2","2",0.447722222222222
"M3","genome-wide","DTM","CV2","2","2",0.441388888888889
"M2","haplotype-tagged","DTM","CV2","2","2",0.4353
"M3","haplotype-tagged","DTM","CV2","2","2",0.445611111111111
"M2","genome-wide","HSW","CV2","2","2",0.790544444444444
"M3","genome-wide","HSW","CV2","2","2",0.795511111111111
"M2","haplotype-tagged","HSW","CV2","2","2",0.785744444444444
"M3","haplotype-tagged","HSW","CV2","2","2",0.785088888888889
"M2","genome-wide","PH","CV2","2","2",0.487344444444444
"M3","genome-wide","PH","CV2","2","2",0.508822222222222
"M2","haplotype-tagged","PH","CV2","2","2",0.483444444444444
"M3","haplotype-tagged","PH","CV2","2","2",0.491955555555556
"M2","genome-wide","PPP","CV2","2","2",0.1479
"M3","genome-wide","PPP","CV2","2","2",0.138911111111111
"M2","haplotype-tagged","PPP","CV2","2","2",0.110922222222222
"M3","haplotype-tagged","PPP","CV2","2","2",0.167122222222222
"M2","genome-wide","YPPlnt","CV2","2","2",0.168244444444444
"M3","genome-wide","YPPlnt","CV2","2","2",0.184522222222222
"M2","haplotype-tagged","YPPlnt","CV2","2","2",0.156366666666667
"M3","haplotype-tagged","YPPlnt","CV2","2","2",0.151077777777778
"M2","genome-wide","DTF","CV0","3","2",0.6395
"M3","genome-wide","DTF","CV0","3","2",0.6362
"M2","haplotype-tagged","DTF","CV0","3","2",0.64155
"M3","haplotype-tagged","DTF","CV0","3","2",0.6389
"M2","genome-wide","DTM","CV0","3","2",0.52825
"M3","genome-wide","DTM","CV0","3","2",0.53155
"M2","haplotype-tagged","DTM","CV0","3","2",0.52845
"M3","haplotype-tagged","DTM","CV0","3","2",0.532
"M2","genome-wide","HSW","CV0","3","2",0.75545
"M3","genome-wide","HSW","CV0","3","2",0.75595
"M2","haplotype-tagged","HSW","CV0","3","2",0.7505
"M3","haplotype-tagged","HSW","CV0","3","2",0.75085
"M2","genome-wide","PH","CV0","3","2",0.58775
"M3","genome-wide","PH","CV0","3","2",0.59125
"M2","haplotype-tagged","PH","CV0","3","2",0.5885
"M3","haplotype-tagged","PH","CV0","3","2",0.5929
"M2","genome-wide","PPP","CV0","3","2",0.22095
"M3","genome-wide","PPP","CV0","3","2",0.2102
"M2","haplotype-tagged","PPP","CV0","3","2",0.2112
"M3","haplotype-tagged","PPP","CV0","3","2",0.1963
"M2","genome-wide","YPPlnt","CV0","3","2",0.13305
"M3","genome-wide","YPPlnt","CV0","3","2",0.1298
"M2","haplotype-tagged","YPPlnt","CV0","3","2",0.1114
"M3","haplotype-tagged","YPPlnt","CV0","3","2",0.10695
"M2","genome-wide","DTF","CV00","3","2",0.42685
"M3","genome-wide","DTF","CV00","3","2",0.444
"M2","haplotype-tagged","DTF","CV00","3","2",0.28015
"M3","haplotype-tagged","DTF","CV00","3","2",0.2418
"M2","genome-wide","DTM","CV00","3","2",0.45235
"M3","genome-wide","DTM","CV00","3","2",0.36495
"M2","haplotype-tagged","DTM","CV00","3","2",0.13145
"M3","haplotype-tagged","DTM","CV00","3","2",0.1515
"M2","genome-wide","HSW","CV00","3","2",0.4866
"M3","genome-wide","HSW","CV00","3","2",0.473
"M2","haplotype-tagged","HSW","CV00","3","2",0.53455
"M3","haplotype-tagged","HSW","CV00","3","2",0.4789
"M2","genome-wide","PH","CV00","3","2",0.3394
"M3","genome-wide","PH","CV00","3","2",0.3284
"M2","haplotype-tagged","PH","CV00","3","2",0.23025
"M3","haplotype-tagged","PH","CV00","3","2",0.2346
"M2","genome-wide","PPP","CV00","3","2",0.04285
"M3","genome-wide","PPP","CV00","3","2",0.01155
"M2","haplotype-tagged","PPP","CV00","3","2",0.096
"M3","haplotype-tagged","PPP","CV00","3","2",0.0448
"M2","genome-wide","YPPlnt","CV00","3","2",-0.00144999999999998
"M3","genome-wide","YPPlnt","CV00","3","2",-0.05685
"M2","haplotype-tagged","YPPlnt","CV00","3","2",-0.17025
"M3","haplotype-tagged","YPPlnt","CV00","3","2",-0.04035
"M2","genome-wide","DTF","CV1","3","2",0.4041
"M3","genome-wide","DTF","CV1","3","2",0.376644444444444
"M2","haplotype-tagged","DTF","CV1","3","2",0.2484
"M3","haplotype-tagged","DTF","CV1","3","2",0.215611111111111
"M2","genome-wide","DTM","CV1","3","2",0.407144444444444
"M3","genome-wide","DTM","CV1","3","2",0.410988888888889
"M2","haplotype-tagged","DTM","CV1","3","2",0.192122222222222
"M3","haplotype-tagged","DTM","CV1","3","2",0.284411111111111
"M2","genome-wide","HSW","CV1","3","2",0.653211111111111
"M3","genome-wide","HSW","CV1","3","2",0.658477777777778
"M2","haplotype-tagged","HSW","CV1","3","2",0.633666666666667
"M3","haplotype-tagged","HSW","CV1","3","2",0.590555555555556
"M2","genome-wide","PH","CV1","3","2",0.4436
"M3","genome-wide","PH","CV1","3","2",0.459966666666667
"M2","haplotype-tagged","PH","CV1","3","2",0.444411111111111
"M3","haplotype-tagged","PH","CV1","3","2",0.417977777777778
"M2","genome-wide","PPP","CV1","3","2",0.220622222222222
"M3","genome-wide","PPP","CV1","3","2",0.175533333333333
"M2","haplotype-tagged","PPP","CV1","3","2",0.2021
"M3","haplotype-tagged","PPP","CV1","3","2",0.116166666666667
"M2","genome-wide","YPPlnt","CV1","3","2",0.177166666666667
"M3","genome-wide","YPPlnt","CV1","3","2",0.146677777777778
"M2","haplotype-tagged","YPPlnt","CV1","3","2",0.151088888888889
"M3","haplotype-tagged","YPPlnt","CV1","3","2",0.0666777777777778
"M2","genome-wide","DTF","CV2","3","2",0.599333333333333
"M3","genome-wide","DTF","CV2","3","2",0.613166666666667
"M2","haplotype-tagged","DTF","CV2","3","2",0.597055555555556
"M3","haplotype-tagged","DTF","CV2","3","2",0.602788888888889
"M2","genome-wide","DTM","CV2","3","2",0.547255555555555
"M3","genome-wide","DTM","CV2","3","2",0.5348
"M2","haplotype-tagged","DTM","CV2","3","2",0.526177777777778
"M3","haplotype-tagged","DTM","CV2","3","2",0.530555555555556
"M2","genome-wide","HSW","CV2","3","2",0.768166666666667
"M3","genome-wide","HSW","CV2","3","2",0.748611111111111
"M2","haplotype-tagged","HSW","CV2","3","2",0.763511111111111
"M3","haplotype-tagged","HSW","CV2","3","2",0.758244444444444
"M2","genome-wide","PH","CV2","3","2",0.625
"M3","genome-wide","PH","CV2","3","2",0.656711111111111
"M2","haplotype-tagged","PH","CV2","3","2",0.622855555555556
"M3","haplotype-tagged","PH","CV2","3","2",0.636411111111111
"M2","genome-wide","PPP","CV2","3","2",0.223955555555556
"M3","genome-wide","PPP","CV2","3","2",0.1963
"M2","haplotype-tagged","PPP","CV2","3","2",0.205411111111111
"M3","haplotype-tagged","PPP","CV2","3","2",0.222122222222222
"M2","genome-wide","YPPlnt","CV2","3","2",0.141411111111111
"M3","genome-wide","YPPlnt","CV2","3","2",0.154033333333333
"M2","haplotype-tagged","YPPlnt","CV2","3","2",0.129233333333333
"M3","haplotype-tagged","YPPlnt","CV2","3","2",0.134155555555556
"M2","genome-wide","DTF","CV0","4","2",0.4912
"M3","genome-wide","DTF","CV0","4","2",0.49175
"M2","haplotype-tagged","DTF","CV0","4","2",0.49495
"M3","haplotype-tagged","DTF","CV0","4","2",0.4938
"M2","genome-wide","DTM","CV0","4","2",0.388
"M3","genome-wide","DTM","CV0","4","2",0.3899
"M2","haplotype-tagged","DTM","CV0","4","2",0.3866
"M3","haplotype-tagged","DTM","CV0","4","2",0.38485
"M2","genome-wide","HSW","CV0","4","2",0.69405
"M3","genome-wide","HSW","CV0","4","2",0.69705
"M2","haplotype-tagged","HSW","CV0","4","2",0.69765
"M3","haplotype-tagged","HSW","CV0","4","2",0.6977
"M2","genome-wide","PH","CV0","4","2",0.62155
"M3","genome-wide","PH","CV0","4","2",0.62105
"M2","haplotype-tagged","PH","CV0","4","2",0.61695
"M3","haplotype-tagged","PH","CV0","4","2",0.6146
"M2","genome-wide","PPP","CV0","4","2",0.1291
"M3","genome-wide","PPP","CV0","4","2",0.12165
"M2","haplotype-tagged","PPP","CV0","4","2",0.1219
"M3","haplotype-tagged","PPP","CV0","4","2",0.1178
"M2","genome-wide","YPPlnt","CV0","4","2",0.13965
"M3","genome-wide","YPPlnt","CV0","4","2",0.1375
"M2","haplotype-tagged","YPPlnt","CV0","4","2",0.1388
"M3","haplotype-tagged","YPPlnt","CV0","4","2",0.13085
"M2","genome-wide","DTF","CV00","4","2",0.5329
"M3","genome-wide","DTF","CV00","4","2",0.52095
"M2","haplotype-tagged","DTF","CV00","4","2",0.40495
"M3","haplotype-tagged","DTF","CV00","4","2",0.24035
"M2","genome-wide","DTM","CV00","4","2",0.34985
"M3","genome-wide","DTM","CV00","4","2",0.3903
"M2","haplotype-tagged","DTM","CV00","4","2",0.183
"M3","haplotype-tagged","DTM","CV00","4","2",0.07145
"M2","genome-wide","HSW","CV00","4","2",0.6
"M3","genome-wide","HSW","CV00","4","2",0.6097
"M2","haplotype-tagged","HSW","CV00","4","2",0.4787
"M3","haplotype-tagged","HSW","CV00","4","2",0.4893
"M2","genome-wide","PH","CV00","4","2",0.14305
"M3","genome-wide","PH","CV00","4","2",0.13475
"M2","haplotype-tagged","PH","CV00","4","2",0.19465
"M3","haplotype-tagged","PH","CV00","4","2",0.17305
"M2","genome-wide","PPP","CV00","4","2",0.2596
"M3","genome-wide","PPP","CV00","4","2",0.2909
"M2","haplotype-tagged","PPP","CV00","4","2",0.3506
"M3","haplotype-tagged","PPP","CV00","4","2",0.34545
"M2","genome-wide","YPPlnt","CV00","4","2",0.03575
"M3","genome-wide","YPPlnt","CV00","4","2",0.05495
"M2","haplotype-tagged","YPPlnt","CV00","4","2",0.09335
"M3","haplotype-tagged","YPPlnt","CV00","4","2",-0.1431
"M2","genome-wide","DTF","CV1","4","2",0.363633333333333
"M3","genome-wide","DTF","CV1","4","2",0.344166666666667
"M2","haplotype-tagged","DTF","CV1","4","2",0.359022222222222
"M3","haplotype-tagged","DTF","CV1","4","2",0.148577777777778
"M2","genome-wide","DTM","CV1","4","2",0.247311111111111
"M3","genome-wide","DTM","CV1","4","2",0.211333333333333
"M2","haplotype-tagged","DTM","CV1","4","2",0.2494
"M3","haplotype-tagged","DTM","CV1","4","2",0.149911111111111
"M2","genome-wide","HSW","CV1","4","2",0.444011111111111
"M3","genome-wide","HSW","CV1","4","2",0.437633333333333
"M2","haplotype-tagged","HSW","CV1","4","2",0.291922222222222
"M3","haplotype-tagged","HSW","CV1","4","2",0.354266666666667
"M2","genome-wide","PH","CV1","4","2",0.0860333333333333
"M3","genome-wide","PH","CV1","4","2",0.106266666666667
"M2","haplotype-tagged","PH","CV1","4","2",0.155355555555556
"M3","haplotype-tagged","PH","CV1","4","2",0.157188888888889
"M2","genome-wide","PPP","CV1","4","2",0.184088888888889
"M3","genome-wide","PPP","CV1","4","2",0.214611111111111
"M2","haplotype-tagged","PPP","CV1","4","2",0.197066666666667
"M3","haplotype-tagged","PPP","CV1","4","2",0.164022222222222
"M2","genome-wide","YPPlnt","CV1","4","2",0.176088888888889
"M3","genome-wide","YPPlnt","CV1","4","2",0.109288888888889
"M2","haplotype-tagged","YPPlnt","CV1","4","2",0.177588888888889
"M3","haplotype-tagged","YPPlnt","CV1","4","2",0.1315
"M2","genome-wide","DTF","CV2","4","2",0.631988888888889
"M3","genome-wide","DTF","CV2","4","2",0.623511111111111
"M2","haplotype-tagged","DTF","CV2","4","2",0.6288
"M3","haplotype-tagged","DTF","CV2","4","2",0.638022222222222
"M2","genome-wide","DTM","CV2","4","2",0.523222222222222
"M3","genome-wide","DTM","CV2","4","2",0.514833333333333
"M2","haplotype-tagged","DTM","CV2","4","2",0.518988888888889
"M3","haplotype-tagged","DTM","CV2","4","2",0.531677777777778
"M2","genome-wide","HSW","CV2","4","2",0.780355555555556
"M3","genome-wide","HSW","CV2","4","2",0.776333333333333
"M2","haplotype-tagged","HSW","CV2","4","2",0.784388888888889
"M3","haplotype-tagged","HSW","CV2","4","2",0.786033333333333
"M2","genome-wide","PH","CV2","4","2",0.535933333333333
"M3","genome-wide","PH","CV2","4","2",0.528611111111111
"M2","haplotype-tagged","PH","CV2","4","2",0.528988888888889
"M3","haplotype-tagged","PH","CV2","4","2",0.5335
"M2","genome-wide","PPP","CV2","4","2",0.207544444444444
"M3","genome-wide","PPP","CV2","4","2",0.214411111111111
"M2","haplotype-tagged","PPP","CV2","4","2",0.200466666666667
"M3","haplotype-tagged","PPP","CV2","4","2",0.219644444444444
"M2","genome-wide","YPPlnt","CV2","4","2",0.0843111111111111
"M3","genome-wide","YPPlnt","CV2","4","2",0.0943444444444444
"M2","haplotype-tagged","YPPlnt","CV2","4","2",0.0666888888888889
"M3","haplotype-tagged","YPPlnt","CV2","4","2",0.0701333333333333
"M2","genome-wide","DTF","CV0","5","2",0.6473
"M3","genome-wide","DTF","CV0","5","2",0.64315
"M2","haplotype-tagged","DTF","CV0","5","2",0.6425
"M3","haplotype-tagged","DTF","CV0","5","2",0.63995
"M2","genome-wide","DTM","CV0","5","2",0.59185
"M3","genome-wide","DTM","CV0","5","2",0.5915
"M2","haplotype-tagged","DTM","CV0","5","2",0.58465
"M3","haplotype-tagged","DTM","CV0","5","2",0.5902
"M2","genome-wide","HSW","CV0","5","2",0.80045
"M3","genome-wide","HSW","CV0","5","2",0.8006
"M2","haplotype-tagged","HSW","CV0","5","2",0.7923
"M3","haplotype-tagged","HSW","CV0","5","2",0.79295
"M2","genome-wide","PH","CV0","5","2",0.40415
"M3","genome-wide","PH","CV0","5","2",0.40215
"M2","haplotype-tagged","PH","CV0","5","2",0.39995
"M3","haplotype-tagged","PH","CV0","5","2",0.39855
"M2","genome-wide","PPP","CV0","5","2",0.0699
"M3","genome-wide","PPP","CV0","5","2",0.0697
"M2","haplotype-tagged","PPP","CV0","5","2",0.0692
"M3","haplotype-tagged","PPP","CV0","5","2",0.0817
"M2","genome-wide","YPPlnt","CV0","5","2",0.2295
"M3","genome-wide","YPPlnt","CV0","5","2",0.1959
"M2","haplotype-tagged","YPPlnt","CV0","5","2",0.199
"M3","haplotype-tagged","YPPlnt","CV0","5","2",0.19635
"M2","genome-wide","DTF","CV00","5","2",0.49475
"M3","genome-wide","DTF","CV00","5","2",0.51115
"M2","haplotype-tagged","DTF","CV00","5","2",0.30205
"M3","haplotype-tagged","DTF","CV00","5","2",0.45345
"M2","genome-wide","DTM","CV00","5","2",0.38895
"M3","genome-wide","DTM","CV00","5","2",0.41555
"M2","haplotype-tagged","DTM","CV00","5","2",0.3586
"M3","haplotype-tagged","DTM","CV00","5","2",0.2269
"M2","genome-wide","HSW","CV00","5","2",0.68455
"M3","genome-wide","HSW","CV00","5","2",0.6902
"M2","haplotype-tagged","HSW","CV00","5","2",0.52235
"M3","haplotype-tagged","HSW","CV00","5","2",0.5361
"M2","genome-wide","PH","CV00","5","2",0.60725
"M3","genome-wide","PH","CV00","5","2",0.60395
"M2","haplotype-tagged","PH","CV00","5","2",0.55995
"M3","haplotype-tagged","PH","CV00","5","2",0.58505
"M2","genome-wide","PPP","CV00","5","2",0.15175
"M3","genome-wide","PPP","CV00","5","2",0.17715
"M2","haplotype-tagged","PPP","CV00","5","2",0.0977
"M3","haplotype-tagged","PPP","CV00","5","2",0.0391
"M2","genome-wide","YPPlnt","CV00","5","2",0.021
"M3","genome-wide","YPPlnt","CV00","5","2",-0.04385
"M2","haplotype-tagged","YPPlnt","CV00","5","2",0.2818
"M3","haplotype-tagged","YPPlnt","CV00","5","2",0.29495
"M2","genome-wide","DTF","CV1","5","2",0.356977777777778
"M3","genome-wide","DTF","CV1","5","2",0.391777777777778
"M2","haplotype-tagged","DTF","CV1","5","2",0.283644444444444
"M3","haplotype-tagged","DTF","CV1","5","2",0.301144444444444
"M2","genome-wide","DTM","CV1","5","2",0.331233333333333
"M3","genome-wide","DTM","CV1","5","2",0.298522222222222
"M2","haplotype-tagged","DTM","CV1","5","2",0.241922222222222
"M3","haplotype-tagged","DTM","CV1","5","2",0.278822222222222
"M2","genome-wide","HSW","CV1","5","2",0.635211111111111
"M3","genome-wide","HSW","CV1","5","2",0.636244444444444
"M2","haplotype-tagged","HSW","CV1","5","2",0.402466666666667
"M3","haplotype-tagged","HSW","CV1","5","2",0.396633333333333
"M2","genome-wide","PH","CV1","5","2",0.499511111111111
"M3","genome-wide","PH","CV1","5","2",0.538855555555556
"M2","haplotype-tagged","PH","CV1","5","2",0.462955555555556
"M3","haplotype-tagged","PH","CV1","5","2",0.456611111111111
"M2","genome-wide","PPP","CV1","5","2",0.107166666666667
"M3","genome-wide","PPP","CV1","5","2",0.141877777777778
"M2","haplotype-tagged","PPP","CV1","5","2",0.122644444444444
"M3","haplotype-tagged","PPP","CV1","5","2",0.182544444444444
"M2","genome-wide","YPPlnt","CV1","5","2",0.176322222222222
"M3","genome-wide","YPPlnt","CV1","5","2",0.172144444444444
"M2","haplotype-tagged","YPPlnt","CV1","5","2",0.0411444444444444
"M3","haplotype-tagged","YPPlnt","CV1","5","2",0.0344666666666667
"M2","genome-wide","DTF","CV2","5","2",0.666344444444444
"M3","genome-wide","DTF","CV2","5","2",0.665544444444444
"M2","haplotype-tagged","DTF","CV2","5","2",0.656722222222222
"M3","haplotype-tagged","DTF","CV2","5","2",0.666188888888889
"M2","genome-wide","DTM","CV2","5","2",0.484655555555556
"M3","genome-wide","DTM","CV2","5","2",0.505766666666667
"M2","haplotype-tagged","DTM","CV2","5","2",0.477422222222222
"M3","haplotype-tagged","DTM","CV2","5","2",0.507922222222222
"M2","genome-wide","HSW","CV2","5","2",0.721866666666667
"M3","genome-wide","HSW","CV2","5","2",0.716111111111111
"M2","haplotype-tagged","HSW","CV2","5","2",0.7224
"M3","haplotype-tagged","HSW","CV2","5","2",0.722011111111111
"M2","genome-wide","PH","CV2","5","2",0.638933333333333
"M3","genome-wide","PH","CV2","5","2",0.626488888888889
"M2","haplotype-tagged","PH","CV2","5","2",0.631611111111111
"M3","haplotype-tagged","PH","CV2","5","2",0.648355555555556
"M2","genome-wide","PPP","CV2","5","2",0.214288888888889
"M3","genome-wide","PPP","CV2","5","2",0.195033333333333
"M2","haplotype-tagged","PPP","CV2","5","2",0.200688888888889
"M3","haplotype-tagged","PPP","CV2","5","2",0.182644444444444
"M2","genome-wide","YPPlnt","CV2","5","2",0.0817444444444444
"M3","genome-wide","YPPlnt","CV2","5","2",0.0814888888888889
"M2","haplotype-tagged","YPPlnt","CV2","5","2",0.0709555555555555
"M3","haplotype-tagged","YPPlnt","CV2","5","2",0.0645777777777778
"M2","genome-wide","DTF","CV0","6","2",0.708
"M3","genome-wide","DTF","CV0","6","2",0.7075
"M2","haplotype-tagged","DTF","CV0","6","2",0.69655
"M3","haplotype-tagged","DTF","CV0","6","2",0.68785
"M2","genome-wide","DTM","CV0","6","2",0.59445
"M3","genome-wide","DTM","CV0","6","2",0.59235
"M2","haplotype-tagged","DTM","CV0","6","2",0.5802
"M3","haplotype-tagged","DTM","CV0","6","2",0.574
"M2","genome-wide","HSW","CV0","6","2",0.8082
"M3","genome-wide","HSW","CV0","6","2",0.8068
"M2","haplotype-tagged","HSW","CV0","6","2",0.7973
"M3","haplotype-tagged","HSW","CV0","6","2",0.79525
"M2","genome-wide","PH","CV0","6","2",0.4425
"M3","genome-wide","PH","CV0","6","2",0.44175
"M2","haplotype-tagged","PH","CV0","6","2",0.43855
"M3","haplotype-tagged","PH","CV0","6","2",0.4386
"M2","genome-wide","PPP","CV0","6","2",0.19715
"M3","genome-wide","PPP","CV0","6","2",0.16145
"M2","haplotype-tagged","PPP","CV0","6","2",0.1669
"M3","haplotype-tagged","PPP","CV0","6","2",0.12905
"M2","genome-wide","YPPlnt","CV0","6","2",0.10005
"M3","genome-wide","YPPlnt","CV0","6","2",0.08075
"M2","haplotype-tagged","YPPlnt","CV0","6","2",0.0752
"M3","haplotype-tagged","YPPlnt","CV0","6","2",0.08185
"M2","genome-wide","DTF","CV00","6","2",0.4052
"M3","genome-wide","DTF","CV00","6","2",0.40325
"M2","haplotype-tagged","DTF","CV00","6","2",0.26525
"M3","haplotype-tagged","DTF","CV00","6","2",0.15995
"M2","genome-wide","DTM","CV00","6","2",0.22805
"M3","genome-wide","DTM","CV00","6","2",0.23675
"M2","haplotype-tagged","DTM","CV00","6","2",0.2422
"M3","haplotype-tagged","DTM","CV00","6","2",0.2753
"M2","genome-wide","HSW","CV00","6","2",0.6407
"M3","genome-wide","HSW","CV00","6","2",0.63675
"M2","haplotype-tagged","HSW","CV00","6","2",0.65285
"M3","haplotype-tagged","HSW","CV00","6","2",0.6271
"M2","genome-wide","PH","CV00","6","2",0.32535
"M3","genome-wide","PH","CV00","6","2",0.32865
"M2","haplotype-tagged","PH","CV00","6","2",0.345
"M3","haplotype-tagged","PH","CV00","6","2",0.35085
"M2","genome-wide","PPP","CV00","6","2",0.1795
"M3","genome-wide","PPP","CV00","6","2",0.18105
"M2","haplotype-tagged","PPP","CV00","6","2",0.1655
"M3","haplotype-tagged","PPP","CV00","6","2",0.1924
"M2","genome-wide","YPPlnt","CV00","6","2",0.09225
"M3","genome-wide","YPPlnt","CV00","6","2",0.11775
"M2","haplotype-tagged","YPPlnt","CV00","6","2",0.1448
"M3","haplotype-tagged","YPPlnt","CV00","6","2",0.1385
"M2","genome-wide","DTF","CV1","6","2",0.513733333333333
"M3","genome-wide","DTF","CV1","6","2",0.4902
"M2","haplotype-tagged","DTF","CV1","6","2",0.405533333333333
"M3","haplotype-tagged","DTF","CV1","6","2",0.244988888888889
"M2","genome-wide","DTM","CV1","6","2",0.398911111111111
"M3","genome-wide","DTM","CV1","6","2",0.375733333333333
"M2","haplotype-tagged","DTM","CV1","6","2",0.213788888888889
"M3","haplotype-tagged","DTM","CV1","6","2",0.194588888888889
"M2","genome-wide","HSW","CV1","6","2",0.486522222222222
"M3","genome-wide","HSW","CV1","6","2",0.486944444444444
"M2","haplotype-tagged","HSW","CV1","6","2",0.4691
"M3","haplotype-tagged","HSW","CV1","6","2",0.4355
"M2","genome-wide","PH","CV1","6","2",0.226411111111111
"M3","genome-wide","PH","CV1","6","2",0.235455555555556
"M2","haplotype-tagged","PH","CV1","6","2",0.261011111111111
"M3","haplotype-tagged","PH","CV1","6","2",0.247055555555556
"M2","genome-wide","PPP","CV1","6","2",0.204744444444444
"M3","genome-wide","PPP","CV1","6","2",0.229388888888889
"M2","haplotype-tagged","PPP","CV1","6","2",0.166722222222222
"M3","haplotype-tagged","PPP","CV1","6","2",0.193344444444444
"M2","genome-wide","YPPlnt","CV1","6","2",0.158244444444444
"M3","genome-wide","YPPlnt","CV1","6","2",0.115055555555556
"M2","haplotype-tagged","YPPlnt","CV1","6","2",0.153433333333333
"M3","haplotype-tagged","YPPlnt","CV1","6","2",0.0920888888888889
"M2","genome-wide","DTF","CV2","6","2",0.578011111111111
"M3","genome-wide","DTF","CV2","6","2",0.574677777777778
"M2","haplotype-tagged","DTF","CV2","6","2",0.577944444444444
"M3","haplotype-tagged","DTF","CV2","6","2",0.588222222222222
"M2","genome-wide","DTM","CV2","6","2",0.480277777777778
"M3","genome-wide","DTM","CV2","6","2",0.482255555555556
"M2","haplotype-tagged","DTM","CV2","6","2",0.479222222222222
"M3","haplotype-tagged","DTM","CV2","6","2",0.489122222222222
"M2","genome-wide","HSW","CV2","6","2",0.718966666666667
"M3","genome-wide","HSW","CV2","6","2",0.717933333333333
"M2","haplotype-tagged","HSW","CV2","6","2",0.724311111111111
"M3","haplotype-tagged","HSW","CV2","6","2",0.7274
"M2","genome-wide","PH","CV2","6","2",0.4999
"M3","genome-wide","PH","CV2","6","2",0.511377777777778
"M2","haplotype-tagged","PH","CV2","6","2",0.504177777777778
"M3","haplotype-tagged","PH","CV2","6","2",0.518688888888889
"M2","genome-wide","PPP","CV2","6","2",0.250311111111111
"M3","genome-wide","PPP","CV2","6","2",0.267833333333333
"M2","haplotype-tagged","PPP","CV2","6","2",0.236622222222222
"M3","haplotype-tagged","PPP","CV2","6","2",0.239244444444444
"M2","genome-wide","YPPlnt","CV2","6","2",0.308511111111111
"M3","genome-wide","YPPlnt","CV2","6","2",0.278877777777778
"M2","haplotype-tagged","YPPlnt","CV2","6","2",0.296966666666667
"M3","haplotype-tagged","YPPlnt","CV2","6","2",0.317377777777778
"M2","genome-wide","DTF","CV0","7","2",0.68915
"M3","genome-wide","DTF","CV0","7","2",0.6844
"M2","haplotype-tagged","DTF","CV0","7","2",0.68425
"M3","haplotype-tagged","DTF","CV0","7","2",0.68085
"M2","genome-wide","DTM","CV0","7","2",0.5359
"M3","genome-wide","DTM","CV0","7","2",0.5238
"M2","haplotype-tagged","DTM","CV0","7","2",0.5279
"M3","haplotype-tagged","DTM","CV0","7","2",0.52555
"M2","genome-wide","HSW","CV0","7","2",0.7646
"M3","genome-wide","HSW","CV0","7","2",0.76655
"M2","haplotype-tagged","HSW","CV0","7","2",0.7619
"M3","haplotype-tagged","HSW","CV0","7","2",0.76285
"M2","genome-wide","PH","CV0","7","2",0.75875
"M3","genome-wide","PH","CV0","7","2",0.76095
"M2","haplotype-tagged","PH","CV0","7","2",0.7544
"M3","haplotype-tagged","PH","CV0","7","2",0.74055
"M2","genome-wide","PPP","CV0","7","2",0.33655
"M3","genome-wide","PPP","CV0","7","2",0.2819
"M2","haplotype-tagged","PPP","CV0","7","2",0.28995
"M3","haplotype-tagged","PPP","CV0","7","2",0.24485
"M2","genome-wide","YPPlnt","CV0","7","2",0.174
"M3","genome-wide","YPPlnt","CV0","7","2",0.16185
"M2","haplotype-tagged","YPPlnt","CV0","7","2",0.1601
"M3","haplotype-tagged","YPPlnt","CV0","7","2",0.15285
"M2","genome-wide","DTF","CV00","7","2",0.3055
"M3","genome-wide","DTF","CV00","7","2",0.3523
"M2","haplotype-tagged","DTF","CV00","7","2",0.2608
"M3","haplotype-tagged","DTF","CV00","7","2",0.2149
"M2","genome-wide","DTM","CV00","7","2",0.12325
"M3","genome-wide","DTM","CV00","7","2",0.11495
"M2","haplotype-tagged","DTM","CV00","7","2",-0.0471
"M3","haplotype-tagged","DTM","CV00","7","2",0.0097
"M2","genome-wide","HSW","CV00","7","2",0.5493
"M3","genome-wide","HSW","CV00","7","2",0.54255
"M2","haplotype-tagged","HSW","CV00","7","2",0.4618
"M3","haplotype-tagged","HSW","CV00","7","2",0.47365
"M2","genome-wide","PH","CV00","7","2",0.4163
"M3","genome-wide","PH","CV00","7","2",0.40005
"M2","haplotype-tagged","PH","CV00","7","2",0.43445
"M3","haplotype-tagged","PH","CV00","7","2",0.4536
"M2","genome-wide","PPP","CV00","7","2",0.3615
"M3","genome-wide","PPP","CV00","7","2",0.3563
"M2","haplotype-tagged","PPP","CV00","7","2",0.33495
"M3","haplotype-tagged","PPP","CV00","7","2",0.24355
"M2","genome-wide","YPPlnt","CV00","7","2",0.2385
"M3","genome-wide","YPPlnt","CV00","7","2",0.19585
"M2","haplotype-tagged","YPPlnt","CV00","7","2",0.1045
"M3","haplotype-tagged","YPPlnt","CV00","7","2",0.13645
"M2","genome-wide","DTF","CV1","7","2",0.488544444444444
"M3","genome-wide","DTF","CV1","7","2",0.477533333333333
"M2","haplotype-tagged","DTF","CV1","7","2",0.271477777777778
"M3","haplotype-tagged","DTF","CV1","7","2",0.244833333333333
"M2","genome-wide","DTM","CV1","7","2",0.352122222222222
"M3","genome-wide","DTM","CV1","7","2",0.3756
"M2","haplotype-tagged","DTM","CV1","7","2",0.188544444444444
"M3","haplotype-tagged","DTM","CV1","7","2",0.240111111111111
"M2","genome-wide","HSW","CV1","7","2",0.573988888888889
"M3","genome-wide","HSW","CV1","7","2",0.569855555555556
"M2","haplotype-tagged","HSW","CV1","7","2",0.539322222222222
"M3","haplotype-tagged","HSW","CV1","7","2",0.548811111111111
"M2","genome-wide","PH","CV1","7","2",0.239122222222222
"M3","genome-wide","PH","CV1","7","2",0.268288888888889
"M2","haplotype-tagged","PH","CV1","7","2",0.237766666666667
"M3","haplotype-tagged","PH","CV1","7","2",0.297555555555556
"M2","genome-wide","PPP","CV1","7","2",0.214666666666667
"M3","genome-wide","PPP","CV1","7","2",0.233566666666667
"M2","haplotype-tagged","PPP","CV1","7","2",0.202888888888889
"M3","haplotype-tagged","PPP","CV1","7","2",0.135544444444444
"M2","genome-wide","YPPlnt","CV1","7","2",0.160344444444444
"M3","genome-wide","YPPlnt","CV1","7","2",0.1734
"M2","haplotype-tagged","YPPlnt","CV1","7","2",0.0735666666666667
"M3","haplotype-tagged","YPPlnt","CV1","7","2",0.0712888888888889
"M2","genome-wide","DTF","CV2","7","2",0.634933333333333
"M3","genome-wide","DTF","CV2","7","2",0.621744444444444
"M2","haplotype-tagged","DTF","CV2","7","2",0.625866666666667
"M3","haplotype-tagged","DTF","CV2","7","2",0.618811111111111
"M2","genome-wide","DTM","CV2","7","2",0.5471
"M3","genome-wide","DTM","CV2","7","2",0.527588888888889
"M2","haplotype-tagged","DTM","CV2","7","2",0.541822222222222
"M3","haplotype-tagged","DTM","CV2","7","2",0.547766666666667
"M2","genome-wide","HSW","CV2","7","2",0.755677777777778
"M3","genome-wide","HSW","CV2","7","2",0.742722222222222
"M2","haplotype-tagged","HSW","CV2","7","2",0.756244444444444
"M3","haplotype-tagged","HSW","CV2","7","2",0.755355555555556
"M2","genome-wide","PH","CV2","7","2",0.604022222222222
"M3","genome-wide","PH","CV2","7","2",0.610022222222222
"M2","haplotype-tagged","PH","CV2","7","2",0.596011111111111
"M3","haplotype-tagged","PH","CV2","7","2",0.615888888888889
"M2","genome-wide","PPP","CV2","7","2",0.128611111111111
"M3","genome-wide","PPP","CV2","7","2",0.0952555555555556
"M2","haplotype-tagged","PPP","CV2","7","2",0.114877777777778
"M3","haplotype-tagged","PPP","CV2","7","2",0.112466666666667
"M2","genome-wide","YPPlnt","CV2","7","2",0.0920666666666667
"M3","genome-wide","YPPlnt","CV2","7","2",0.1069
"M2","haplotype-tagged","YPPlnt","CV2","7","2",0.0794888888888889
"M3","haplotype-tagged","YPPlnt","CV2","7","2",0.0993333333333333
"M2","genome-wide","DTF","CV0","8","2",0.72035
"M3","genome-wide","DTF","CV0","8","2",0.7183
"M2","haplotype-tagged","DTF","CV0","8","2",0.7115
"M3","haplotype-tagged","DTF","CV0","8","2",0.7054
"M2","genome-wide","DTM","CV0","8","2",0.5835
"M3","genome-wide","DTM","CV0","8","2",0.58545
"M2","haplotype-tagged","DTM","CV0","8","2",0.57745
"M3","haplotype-tagged","DTM","CV0","8","2",0.5719
"M2","genome-wide","HSW","CV0","8","2",0.80165
"M3","genome-wide","HSW","CV0","8","2",0.80075
"M2","haplotype-tagged","HSW","CV0","8","2",0.7945
"M3","haplotype-tagged","HSW","CV0","8","2",0.79325
"M2","genome-wide","PH","CV0","8","2",0.62545
"M3","genome-wide","PH","CV0","8","2",0.62615
"M2","haplotype-tagged","PH","CV0","8","2",0.6228
"M3","haplotype-tagged","PH","CV0","8","2",0.61935
"M2","genome-wide","PPP","CV0","8","2",0.30605
"M3","genome-wide","PPP","CV0","8","2",0.23355
"M2","haplotype-tagged","PPP","CV0","8","2",0.25675
"M3","haplotype-tagged","PPP","CV0","8","2",0.20775
"M2","genome-wide","YPPlnt","CV0","8","2",0.06455
"M3","genome-wide","YPPlnt","CV0","8","2",0.04745
"M2","haplotype-tagged","YPPlnt","CV0","8","2",0.0443
"M3","haplotype-tagged","YPPlnt","CV0","8","2",0.04685
"M2","genome-wide","DTF","CV00","8","2",0.3944
"M3","genome-wide","DTF","CV00","8","2",0.3739
"M2","haplotype-tagged","DTF","CV00","8","2",0.2213
"M3","haplotype-tagged","DTF","CV00","8","2",0.18465
"M2","genome-wide","DTM","CV00","8","2",0.3259
"M3","genome-wide","DTM","CV00","8","2",0.32605
"M2","haplotype-tagged","DTM","CV00","8","2",0.20315
"M3","haplotype-tagged","DTM","CV00","8","2",0.19925
"M2","genome-wide","HSW","CV00","8","2",0.6136
"M3","genome-wide","HSW","CV00","8","2",0.61005
"M2","haplotype-tagged","HSW","CV00","8","2",0.57175
"M3","haplotype-tagged","HSW","CV00","8","2",0.5882
"M2","genome-wide","PH","CV00","8","2",0.1978
"M3","genome-wide","PH","CV00","8","2",0.21
"M2","haplotype-tagged","PH","CV00","8","2",0.248
"M3","haplotype-tagged","PH","CV00","8","2",0.2332
"M2","genome-wide","PPP","CV00","8","2",0.1665
"M3","genome-wide","PPP","CV00","8","2",0.13405
"M2","haplotype-tagged","PPP","CV00","8","2",0.1815
"M3","haplotype-tagged","PPP","CV00","8","2",0.0642
"M2","genome-wide","YPPlnt","CV00","8","2",-0.0144
"M3","genome-wide","YPPlnt","CV00","8","2",-0.06975
"M2","haplotype-tagged","YPPlnt","CV00","8","2",0.037
"M3","haplotype-tagged","YPPlnt","CV00","8","2",0.06485
"M2","genome-wide","DTF","CV1","8","2",0.441622222222222
"M3","genome-wide","DTF","CV1","8","2",0.443111111111111
"M2","haplotype-tagged","DTF","CV1","8","2",0.283355555555556
"M3","haplotype-tagged","DTF","CV1","8","2",0.245433333333333
"M2","genome-wide","DTM","CV1","8","2",0.340322222222222
"M3","genome-wide","DTM","CV1","8","2",0.369277777777778
"M2","haplotype-tagged","DTM","CV1","8","2",0.223822222222222
"M3","haplotype-tagged","DTM","CV1","8","2",0.244366666666667
"M2","genome-wide","HSW","CV1","8","2",0.623911111111111
"M3","genome-wide","HSW","CV1","8","2",0.634133333333333
"M2","haplotype-tagged","HSW","CV1","8","2",0.544333333333333
"M3","haplotype-tagged","HSW","CV1","8","2",0.578533333333333
"M2","genome-wide","PH","CV1","8","2",0.371411111111111
"M3","genome-wide","PH","CV1","8","2",0.399077777777778
"M2","haplotype-tagged","PH","CV1","8","2",0.3981
"M3","haplotype-tagged","PH","CV1","8","2",0.409577777777778
"M2","genome-wide","PPP","CV1","8","2",0.1681
"M3","genome-wide","PPP","CV1","8","2",0.128144444444444
"M2","haplotype-tagged","PPP","CV1","8","2",0.175255555555556
"M3","haplotype-tagged","PPP","CV1","8","2",0.0996111111111111
"M2","genome-wide","YPPlnt","CV1","8","2",0.150988888888889
"M3","genome-wide","YPPlnt","CV1","8","2",0.189488888888889
"M2","haplotype-tagged","YPPlnt","CV1","8","2",0.110266666666667
"M3","haplotype-tagged","YPPlnt","CV1","8","2",0.0987
"M2","genome-wide","DTF","CV2","8","2",0.560211111111111
"M3","genome-wide","DTF","CV2","8","2",0.570055555555556
"M2","haplotype-tagged","DTF","CV2","8","2",0.562033333333333
"M3","haplotype-tagged","DTF","CV2","8","2",0.570166666666667
"M2","genome-wide","DTM","CV2","8","2",0.531877777777778
"M3","genome-wide","DTM","CV2","8","2",0.516088888888889
"M2","haplotype-tagged","DTM","CV2","8","2",0.528266666666667
"M3","haplotype-tagged","DTM","CV2","8","2",0.517155555555556
"M2","genome-wide","HSW","CV2","8","2",0.798377777777778
"M3","genome-wide","HSW","CV2","8","2",0.791788888888889
"M2","haplotype-tagged","HSW","CV2","8","2",0.792422222222222
"M3","haplotype-tagged","HSW","CV2","8","2",0.793333333333333
"M2","genome-wide","PH","CV2","8","2",0.628611111111111
"M3","genome-wide","PH","CV2","8","2",0.629244444444444
"M2","haplotype-tagged","PH","CV2","8","2",0.627166666666667
"M3","haplotype-tagged","PH","CV2","8","2",0.627222222222222
"M2","genome-wide","PPP","CV2","8","2",0.192655555555556
"M3","genome-wide","PPP","CV2","8","2",0.167044444444444
"M2","haplotype-tagged","PPP","CV2","8","2",0.1888
"M3","haplotype-tagged","PPP","CV2","8","2",0.179688888888889
"M2","genome-wide","YPPlnt","CV2","8","2",0.131411111111111
"M3","genome-wide","YPPlnt","CV2","8","2",0.128477777777778
"M2","haplotype-tagged","YPPlnt","CV2","8","2",0.123322222222222
"M3","haplotype-tagged","YPPlnt","CV2","8","2",0.114433333333333
"M2","genome-wide","DTF","CV0","9","2",0.6877
"M3","genome-wide","DTF","CV0","9","2",0.68585
"M2","haplotype-tagged","DTF","CV0","9","2",0.68325
"M3","haplotype-tagged","DTF","CV0","9","2",0.68175
"M2","genome-wide","DTM","CV0","9","2",0.53435
"M3","genome-wide","DTM","CV0","9","2",0.5312
"M2","haplotype-tagged","DTM","CV0","9","2",0.5271
"M3","haplotype-tagged","DTM","CV0","9","2",0.5219
"M2","genome-wide","HSW","CV0","9","2",0.791
"M3","genome-wide","HSW","CV0","9","2",0.79055
"M2","haplotype-tagged","HSW","CV0","9","2",0.7872
"M3","haplotype-tagged","HSW","CV0","9","2",0.7857
"M2","genome-wide","PH","CV0","9","2",0.70415
"M3","genome-wide","PH","CV0","9","2",0.70095
"M2","haplotype-tagged","PH","CV0","9","2",0.69075
"M3","haplotype-tagged","PH","CV0","9","2",0.6844
"M2","genome-wide","PPP","CV0","9","2",0.2139
"M3","genome-wide","PPP","CV0","9","2",0.17365
"M2","haplotype-tagged","PPP","CV0","9","2",0.16425
"M3","haplotype-tagged","PPP","CV0","9","2",0.1436
"M2","genome-wide","YPPlnt","CV0","9","2",0.12095
"M3","genome-wide","YPPlnt","CV0","9","2",0.11465
"M2","haplotype-tagged","YPPlnt","CV0","9","2",0.10965
"M3","haplotype-tagged","YPPlnt","CV0","9","2",0.09355
"M2","genome-wide","DTF","CV00","9","2",0.48475
"M3","genome-wide","DTF","CV00","9","2",0.4619
"M2","haplotype-tagged","DTF","CV00","9","2",0.2551
"M3","haplotype-tagged","DTF","CV00","9","2",0.02
"M2","genome-wide","DTM","CV00","9","2",0.4293
"M3","genome-wide","DTM","CV00","9","2",0.40595
"M2","haplotype-tagged","DTM","CV00","9","2",0.2952
"M3","haplotype-tagged","DTM","CV00","9","2",0.24585
"M2","genome-wide","HSW","CV00","9","2",0.7004
"M3","genome-wide","HSW","CV00","9","2",0.6835
"M2","haplotype-tagged","HSW","CV00","9","2",0.61705
"M3","haplotype-tagged","HSW","CV00","9","2",0.6713
"M2","genome-wide","PH","CV00","9","2",0.7308
"M3","genome-wide","PH","CV00","9","2",0.72985
"M2","haplotype-tagged","PH","CV00","9","2",0.72
"M3","haplotype-tagged","PH","CV00","9","2",0.71755
"M2","genome-wide","PPP","CV00","9","2",0.3081
"M3","genome-wide","PPP","CV00","9","2",0.30615
"M2","haplotype-tagged","PPP","CV00","9","2",0.34145
"M3","haplotype-tagged","PPP","CV00","9","2",0.2494
"M2","genome-wide","YPPlnt","CV00","9","2",0.03575
"M3","genome-wide","YPPlnt","CV00","9","2",-0.026
"M2","haplotype-tagged","YPPlnt","CV00","9","2",0.1614
"M3","haplotype-tagged","YPPlnt","CV00","9","2",0.0339
"M2","genome-wide","DTF","CV1","9","2",0.363944444444444
"M3","genome-wide","DTF","CV1","9","2",0.3883
"M2","haplotype-tagged","DTF","CV1","9","2",0.325588888888889
"M3","haplotype-tagged","DTF","CV1","9","2",0.2565
"M2","genome-wide","DTM","CV1","9","2",0.338044444444444
"M3","genome-wide","DTM","CV1","9","2",0.284755555555556
"M2","haplotype-tagged","DTM","CV1","9","2",0.2829
"M3","haplotype-tagged","DTM","CV1","9","2",0.210244444444444
"M2","genome-wide","HSW","CV1","9","2",0.714433333333333
"M3","genome-wide","HSW","CV1","9","2",0.7058
"M2","haplotype-tagged","HSW","CV1","9","2",0.590822222222222
"M3","haplotype-tagged","HSW","CV1","9","2",0.569277777777778
"M2","genome-wide","PH","CV1","9","2",0.571377777777778
"M3","genome-wide","PH","CV1","9","2",0.563966666666667
"M2","haplotype-tagged","PH","CV1","9","2",0.485244444444444
"M3","haplotype-tagged","PH","CV1","9","2",0.479011111111111
"M2","genome-wide","PPP","CV1","9","2",0.117166666666667
"M3","genome-wide","PPP","CV1","9","2",0.106411111111111
"M2","haplotype-tagged","PPP","CV1","9","2",0.0807
"M3","haplotype-tagged","PPP","CV1","9","2",0.0423111111111111
"M2","genome-wide","YPPlnt","CV1","9","2",0.0699111111111111
"M3","genome-wide","YPPlnt","CV1","9","2",0.103966666666667
"M2","haplotype-tagged","YPPlnt","CV1","9","2",0.102555555555556
"M3","haplotype-tagged","YPPlnt","CV1","9","2",0.0853333333333333
"M2","genome-wide","DTF","CV2","9","2",0.602244444444444
"M3","genome-wide","DTF","CV2","9","2",0.583855555555556
"M2","haplotype-tagged","DTF","CV2","9","2",0.597044444444444
"M3","haplotype-tagged","DTF","CV2","9","2",0.595044444444444
"M2","genome-wide","DTM","CV2","9","2",0.462433333333333
"M3","genome-wide","DTM","CV2","9","2",0.451733333333333
"M2","haplotype-tagged","DTM","CV2","9","2",0.466711111111111
"M3","haplotype-tagged","DTM","CV2","9","2",0.461822222222222
"M2","genome-wide","HSW","CV2","9","2",0.7407
"M3","genome-wide","HSW","CV2","9","2",0.739711111111111
"M2","haplotype-tagged","HSW","CV2","9","2",0.736777777777778
"M3","haplotype-tagged","HSW","CV2","9","2",0.734766666666667
"M2","genome-wide","PH","CV2","9","2",0.606055555555556
"M3","genome-wide","PH","CV2","9","2",0.629333333333333
"M2","haplotype-tagged","PH","CV2","9","2",0.605011111111111
"M3","haplotype-tagged","PH","CV2","9","2",0.625133333333333
"M2","genome-wide","PPP","CV2","9","2",0.203644444444444
"M3","genome-wide","PPP","CV2","9","2",0.185222222222222
"M2","haplotype-tagged","PPP","CV2","9","2",0.164811111111111
"M3","haplotype-tagged","PPP","CV2","9","2",0.183188888888889
"M2","genome-wide","YPPlnt","CV2","9","2",0.190133333333333
"M3","genome-wide","YPPlnt","CV2","9","2",0.159688888888889
"M2","haplotype-tagged","YPPlnt","CV2","9","2",0.152477777777778
"M3","haplotype-tagged","YPPlnt","CV2","9","2",0.125611111111111
"M2","genome-wide","DTF","CV0","10","2",0.63405
"M3","genome-wide","DTF","CV0","10","2",0.6254
"M2","haplotype-tagged","DTF","CV0","10","2",0.6248
"M3","haplotype-tagged","DTF","CV0","10","2",0.6205
"M2","genome-wide","DTM","CV0","10","2",0.45795
"M3","genome-wide","DTM","CV0","10","2",0.46505
"M2","haplotype-tagged","DTM","CV0","10","2",0.4606
"M3","haplotype-tagged","DTM","CV0","10","2",0.4614
"M2","genome-wide","HSW","CV0","10","2",0.79205
"M3","genome-wide","HSW","CV0","10","2",0.789
"M2","haplotype-tagged","HSW","CV0","10","2",0.78895
"M3","haplotype-tagged","HSW","CV0","10","2",0.78755
"M2","genome-wide","PH","CV0","10","2",0.2816
"M3","genome-wide","PH","CV0","10","2",0.2834
"M2","haplotype-tagged","PH","CV0","10","2",0.2838
"M3","haplotype-tagged","PH","CV0","10","2",0.2865
"M2","genome-wide","PPP","CV0","10","2",0.16205
"M3","genome-wide","PPP","CV0","10","2",0.14755
"M2","haplotype-tagged","PPP","CV0","10","2",0.1493
"M3","haplotype-tagged","PPP","CV0","10","2",0.11575
"M2","genome-wide","YPPlnt","CV0","10","2",0.1061
"M3","genome-wide","YPPlnt","CV0","10","2",0.08465
"M2","haplotype-tagged","YPPlnt","CV0","10","2",0.0796
"M3","haplotype-tagged","YPPlnt","CV0","10","2",0.0781
"M2","genome-wide","DTF","CV00","10","2",0.5885
"M3","genome-wide","DTF","CV00","10","2",0.61565
"M2","haplotype-tagged","DTF","CV00","10","2",0.33785
"M3","haplotype-tagged","DTF","CV00","10","2",0.4344
"M2","genome-wide","DTM","CV00","10","2",0.5103
"M3","genome-wide","DTM","CV00","10","2",0.5154
"M2","haplotype-tagged","DTM","CV00","10","2",0.33765
"M3","haplotype-tagged","DTM","CV00","10","2",0.31115
"M2","genome-wide","HSW","CV00","10","2",0.68985
"M3","genome-wide","HSW","CV00","10","2",0.6834
"M2","haplotype-tagged","HSW","CV00","10","2",0.62935
"M3","haplotype-tagged","HSW","CV00","10","2",0.59895
"M2","genome-wide","PH","CV00","10","2",0.59925
"M3","genome-wide","PH","CV00","10","2",0.59455
"M2","haplotype-tagged","PH","CV00","10","2",0.54595
"M3","haplotype-tagged","PH","CV00","10","2",0.576
"M2","genome-wide","PPP","CV00","10","2",0.35795
"M3","genome-wide","PPP","CV00","10","2",0.29705
"M2","haplotype-tagged","PPP","CV00","10","2",0.39735
"M3","haplotype-tagged","PPP","CV00","10","2",0.23605
"M2","genome-wide","YPPlnt","CV00","10","2",0.1537
"M3","genome-wide","YPPlnt","CV00","10","2",0.1065
"M2","haplotype-tagged","YPPlnt","CV00","10","2",0.1054
"M3","haplotype-tagged","YPPlnt","CV00","10","2",0.1943
"M2","genome-wide","DTF","CV1","10","2",0.4841
"M3","genome-wide","DTF","CV1","10","2",0.491233333333333
"M2","haplotype-tagged","DTF","CV1","10","2",0.3448
"M3","haplotype-tagged","DTF","CV1","10","2",0.3401
"M2","genome-wide","DTM","CV1","10","2",0.435155555555556
"M3","genome-wide","DTM","CV1","10","2",0.398222222222222
"M2","haplotype-tagged","DTM","CV1","10","2",0.231855555555556
"M3","haplotype-tagged","DTM","CV1","10","2",0.143333333333333
"M2","genome-wide","HSW","CV1","10","2",0.501511111111111
"M3","genome-wide","HSW","CV1","10","2",0.495155555555556
"M2","haplotype-tagged","HSW","CV1","10","2",0.344033333333333
"M3","haplotype-tagged","HSW","CV1","10","2",0.3689
"M2","genome-wide","PH","CV1","10","2",0.3721
"M3","genome-wide","PH","CV1","10","2",0.397288888888889
"M2","haplotype-tagged","PH","CV1","10","2",0.370022222222222
"M3","haplotype-tagged","PH","CV1","10","2",0.386466666666667
"M2","genome-wide","PPP","CV1","10","2",0.181222222222222
"M3","genome-wide","PPP","CV1","10","2",0.170166666666667
"M2","haplotype-tagged","PPP","CV1","10","2",0.160366666666667
"M3","haplotype-tagged","PPP","CV1","10","2",0.0329555555555556
"M2","genome-wide","YPPlnt","CV1","10","2",0.0992666666666667
"M3","genome-wide","YPPlnt","CV1","10","2",0.0881888888888889
"M2","haplotype-tagged","YPPlnt","CV1","10","2",0.0454777777777778
"M3","haplotype-tagged","YPPlnt","CV1","10","2",0.0224555555555556
"M2","genome-wide","DTF","CV2","10","2",0.6547
"M3","genome-wide","DTF","CV2","10","2",0.6449
"M2","haplotype-tagged","DTF","CV2","10","2",0.648077777777778
"M3","haplotype-tagged","DTF","CV2","10","2",0.648388888888889
"M2","genome-wide","DTM","CV2","10","2",0.525533333333333
"M3","genome-wide","DTM","CV2","10","2",0.495011111111111
"M2","haplotype-tagged","DTM","CV2","10","2",0.517088888888889
"M3","haplotype-tagged","DTM","CV2","10","2",0.513688888888889
"M2","genome-wide","HSW","CV2","10","2",0.780355555555556
"M3","genome-wide","HSW","CV2","10","2",0.774533333333333
"M2","haplotype-tagged","HSW","CV2","10","2",0.771211111111111
"M3","haplotype-tagged","HSW","CV2","10","2",0.776755555555556
"M2","genome-wide","PH","CV2","10","2",0.617233333333333
"M3","genome-wide","PH","CV2","10","2",0.616522222222222
"M2","haplotype-tagged","PH","CV2","10","2",0.604333333333333
"M3","haplotype-tagged","PH","CV2","10","2",0.619388888888889
"M2","genome-wide","PPP","CV2","10","2",0.147244444444444
"M3","genome-wide","PPP","CV2","10","2",0.1162
"M2","haplotype-tagged","PPP","CV2","10","2",0.130766666666667
"M3","haplotype-tagged","PPP","CV2","10","2",0.129177777777778
"M2","genome-wide","YPPlnt","CV2","10","2",0.0888666666666667
"M3","genome-wide","YPPlnt","CV2","10","2",0.109444444444444
"M2","haplotype-tagged","YPPlnt","CV2","10","2",0.100322222222222
"M3","haplotype-tagged","YPPlnt","CV2","10","2",0.0907666666666667
"M2","genome-wide","DTF","CV0","1","3",0.64345
"M3","genome-wide","DTF","CV0","1","3",0.64325
"M2","haplotype-tagged","DTF","CV0","1","3",0.64595
"M3","haplotype-tagged","DTF","CV0","1","3",0.6474
"M2","genome-wide","DTM","CV0","1","3",0.5322
"M3","genome-wide","DTM","CV0","1","3",0.53235
"M2","haplotype-tagged","DTM","CV0","1","3",0.5322
"M3","haplotype-tagged","DTM","CV0","1","3",0.5325
"M2","genome-wide","HSW","CV0","1","3",0.7789
"M3","genome-wide","HSW","CV0","1","3",0.77825
"M2","haplotype-tagged","HSW","CV0","1","3",0.77555
"M3","haplotype-tagged","HSW","CV0","1","3",0.7767
"M2","genome-wide","PH","CV0","1","3",0.6714
"M3","genome-wide","PH","CV0","1","3",0.66985
"M2","haplotype-tagged","PH","CV0","1","3",0.65775
"M3","haplotype-tagged","PH","CV0","1","3",0.6511
"M2","genome-wide","PPP","CV0","1","3",0.12075
"M3","genome-wide","PPP","CV0","1","3",0.1083
"M2","haplotype-tagged","PPP","CV0","1","3",0.1045
"M3","haplotype-tagged","PPP","CV0","1","3",0.10445
"M2","genome-wide","YPPlnt","CV0","1","3",0.20035
"M3","genome-wide","YPPlnt","CV0","1","3",0.1935
"M2","haplotype-tagged","YPPlnt","CV0","1","3",0.1897
"M3","haplotype-tagged","YPPlnt","CV0","1","3",0.17495
"M2","genome-wide","DTF","CV00","1","3",0.394
"M3","genome-wide","DTF","CV00","1","3",0.38675
"M2","haplotype-tagged","DTF","CV00","1","3",0.43435
"M3","haplotype-tagged","DTF","CV00","1","3",0.2707
"M2","genome-wide","DTM","CV00","1","3",0.3228
"M3","genome-wide","DTM","CV00","1","3",0.32895
"M2","haplotype-tagged","DTM","CV00","1","3",0.16735
"M3","haplotype-tagged","DTM","CV00","1","3",0.2235
"M2","genome-wide","HSW","CV00","1","3",0.6147
"M3","genome-wide","HSW","CV00","1","3",0.6171
"M2","haplotype-tagged","HSW","CV00","1","3",0.54135
"M3","haplotype-tagged","HSW","CV00","1","3",0.53235
"M2","genome-wide","PH","CV00","1","3",0.0918
"M3","genome-wide","PH","CV00","1","3",0.09325
"M2","haplotype-tagged","PH","CV00","1","3",0.0744
"M3","haplotype-tagged","PH","CV00","1","3",0.1191
"M2","genome-wide","PPP","CV00","1","3",0.32025
"M3","genome-wide","PPP","CV00","1","3",0.31645
"M2","haplotype-tagged","PPP","CV00","1","3",0.34935
"M3","haplotype-tagged","PPP","CV00","1","3",0.2653
"M2","genome-wide","YPPlnt","CV00","1","3",0.128
"M3","genome-wide","YPPlnt","CV00","1","3",0.1239
"M2","haplotype-tagged","YPPlnt","CV00","1","3",0.1112
"M3","haplotype-tagged","YPPlnt","CV00","1","3",0.2586
"M2","genome-wide","DTF","CV1","1","3",0.383544444444444
"M3","genome-wide","DTF","CV1","1","3",0.361688888888889
"M2","haplotype-tagged","DTF","CV1","1","3",0.302188888888889
"M3","haplotype-tagged","DTF","CV1","1","3",0.222166666666667
"M2","genome-wide","DTM","CV1","1","3",0.355455555555556
"M3","genome-wide","DTM","CV1","1","3",0.336822222222222
"M2","haplotype-tagged","DTM","CV1","1","3",0.263222222222222
"M3","haplotype-tagged","DTM","CV1","1","3",0.2483
"M2","genome-wide","HSW","CV1","1","3",0.638088888888889
"M3","genome-wide","HSW","CV1","1","3",0.635566666666667
"M2","haplotype-tagged","HSW","CV1","1","3",0.518677777777778
"M3","haplotype-tagged","HSW","CV1","1","3",0.449511111111111
"M2","genome-wide","PH","CV1","1","3",0.191666666666667
"M3","genome-wide","PH","CV1","1","3",0.2033
"M2","haplotype-tagged","PH","CV1","1","3",0.236366666666667
"M3","haplotype-tagged","PH","CV1","1","3",0.209777777777778
"M2","genome-wide","PPP","CV1","1","3",0.156755555555556
"M3","genome-wide","PPP","CV1","1","3",0.203522222222222
"M2","haplotype-tagged","PPP","CV1","1","3",0.125077777777778
"M3","haplotype-tagged","PPP","CV1","1","3",0.1442
"M2","genome-wide","YPPlnt","CV1","1","3",0.144844444444444
"M3","genome-wide","YPPlnt","CV1","1","3",0.118533333333333
"M2","haplotype-tagged","YPPlnt","CV1","1","3",0.157011111111111
"M3","haplotype-tagged","YPPlnt","CV1","1","3",0.0543444444444444
"M2","genome-wide","DTF","CV2","1","3",0.602444444444444
"M3","genome-wide","DTF","CV2","1","3",0.595111111111111
"M2","haplotype-tagged","DTF","CV2","1","3",0.589933333333333
"M3","haplotype-tagged","DTF","CV2","1","3",0.592355555555556
"M2","genome-wide","DTM","CV2","1","3",0.533011111111111
"M3","genome-wide","DTM","CV2","1","3",0.534811111111111
"M2","haplotype-tagged","DTM","CV2","1","3",0.513177777777778
"M3","haplotype-tagged","DTM","CV2","1","3",0.513155555555556
"M2","genome-wide","HSW","CV2","1","3",0.710877777777778
"M3","genome-wide","HSW","CV2","1","3",0.699422222222222
"M2","haplotype-tagged","HSW","CV2","1","3",0.710711111111111
"M3","haplotype-tagged","HSW","CV2","1","3",0.711888888888889
"M2","genome-wide","PH","CV2","1","3",0.521955555555556
"M3","genome-wide","PH","CV2","1","3",0.548144444444444
"M2","haplotype-tagged","PH","CV2","1","3",0.519044444444444
"M3","haplotype-tagged","PH","CV2","1","3",0.5327
"M2","genome-wide","PPP","CV2","1","3",0.161222222222222
"M3","genome-wide","PPP","CV2","1","3",0.142266666666667
"M2","haplotype-tagged","PPP","CV2","1","3",0.140944444444444
"M3","haplotype-tagged","PPP","CV2","1","3",0.125322222222222
"M2","genome-wide","YPPlnt","CV2","1","3",0.236933333333333
"M3","genome-wide","YPPlnt","CV2","1","3",0.223688888888889
"M2","haplotype-tagged","YPPlnt","CV2","1","3",0.209333333333333
"M3","haplotype-tagged","YPPlnt","CV2","1","3",0.199266666666667
"M2","genome-wide","DTF","CV0","2","3",0.5512
"M3","genome-wide","DTF","CV0","2","3",0.55225
"M2","haplotype-tagged","DTF","CV0","2","3",0.55205
"M3","haplotype-tagged","DTF","CV0","2","3",0.5542
"M2","genome-wide","DTM","CV0","2","3",0.36935
"M3","genome-wide","DTM","CV0","2","3",0.3766
"M2","haplotype-tagged","DTM","CV0","2","3",0.37715
"M3","haplotype-tagged","DTM","CV0","2","3",0.3794
"M2","genome-wide","HSW","CV0","2","3",0.66945
"M3","genome-wide","HSW","CV0","2","3",0.6672
"M2","haplotype-tagged","HSW","CV0","2","3",0.671
"M3","haplotype-tagged","HSW","CV0","2","3",0.67095
"M2","genome-wide","PH","CV0","2","3",0.59365
"M3","genome-wide","PH","CV0","2","3",0.6016
"M2","haplotype-tagged","PH","CV0","2","3",0.6015
"M3","haplotype-tagged","PH","CV0","2","3",0.602
"M2","genome-wide","PPP","CV0","2","3",0.30625
"M3","genome-wide","PPP","CV0","2","3",0.2695
"M2","haplotype-tagged","PPP","CV0","2","3",0.27555
"M3","haplotype-tagged","PPP","CV0","2","3",0.2486
"M2","genome-wide","YPPlnt","CV0","2","3",0.104
"M3","genome-wide","YPPlnt","CV0","2","3",0.0843
"M2","haplotype-tagged","YPPlnt","CV0","2","3",0.0731
"M3","haplotype-tagged","YPPlnt","CV0","2","3",0.0797
"M2","genome-wide","DTF","CV00","2","3",0.4576
"M3","genome-wide","DTF","CV00","2","3",0.4591
"M2","haplotype-tagged","DTF","CV00","2","3",0.41825
"M3","haplotype-tagged","DTF","CV00","2","3",0.24875
"M2","genome-wide","DTM","CV00","2","3",0.52955
"M3","genome-wide","DTM","CV00","2","3",0.52925
"M2","haplotype-tagged","DTM","CV00","2","3",0.32565
"M3","haplotype-tagged","DTM","CV00","2","3",0.2569
"M2","genome-wide","HSW","CV00","2","3",0.56775
"M3","genome-wide","HSW","CV00","2","3",0.5521
"M2","haplotype-tagged","HSW","CV00","2","3",0.5747
"M3","haplotype-tagged","HSW","CV00","2","3",0.57575
"M2","genome-wide","PH","CV00","2","3",0.57275
"M3","genome-wide","PH","CV00","2","3",0.5598
"M2","haplotype-tagged","PH","CV00","2","3",0.5495
"M3","haplotype-tagged","PH","CV00","2","3",0.4456
"M2","genome-wide","PPP","CV00","2","3",0.3466
"M3","genome-wide","PPP","CV00","2","3",0.3461
"M2","haplotype-tagged","PPP","CV00","2","3",0.23135
"M3","haplotype-tagged","PPP","CV00","2","3",0.2404
"M2","genome-wide","YPPlnt","CV00","2","3",0.18695
"M3","genome-wide","YPPlnt","CV00","2","3",0.191
"M2","haplotype-tagged","YPPlnt","CV00","2","3",0.1935
"M3","haplotype-tagged","YPPlnt","CV00","2","3",0.0714
"M2","genome-wide","DTF","CV1","2","3",0.381022222222222
"M3","genome-wide","DTF","CV1","2","3",0.356222222222222
"M2","haplotype-tagged","DTF","CV1","2","3",0.367066666666667
"M3","haplotype-tagged","DTF","CV1","2","3",0.342044444444444
"M2","genome-wide","DTM","CV1","2","3",0.399211111111111
"M3","genome-wide","DTM","CV1","2","3",0.454477777777778
"M2","haplotype-tagged","DTM","CV1","2","3",0.341755555555556
"M3","haplotype-tagged","DTM","CV1","2","3",0.283211111111111
"M2","genome-wide","HSW","CV1","2","3",0.515822222222222
"M3","genome-wide","HSW","CV1","2","3",0.496733333333333
"M2","haplotype-tagged","HSW","CV1","2","3",0.5095
"M3","haplotype-tagged","HSW","CV1","2","3",0.527455555555556
"M2","genome-wide","PH","CV1","2","3",0.401555555555556
"M3","genome-wide","PH","CV1","2","3",0.396488888888889
"M2","haplotype-tagged","PH","CV1","2","3",0.368733333333333
"M3","haplotype-tagged","PH","CV1","2","3",0.372522222222222
"M2","genome-wide","PPP","CV1","2","3",0.211988888888889
"M3","genome-wide","PPP","CV1","2","3",0.270888888888889
"M2","haplotype-tagged","PPP","CV1","2","3",0.220622222222222
"M3","haplotype-tagged","PPP","CV1","2","3",0.1218
"M2","genome-wide","YPPlnt","CV1","2","3",0.114133333333333
"M3","genome-wide","YPPlnt","CV1","2","3",0.118155555555556
"M2","haplotype-tagged","YPPlnt","CV1","2","3",0.0432666666666667
"M3","haplotype-tagged","YPPlnt","CV1","2","3",0.0814333333333333
"M2","genome-wide","DTF","CV2","2","3",0.667011111111111
"M3","genome-wide","DTF","CV2","2","3",0.653055555555556
"M2","haplotype-tagged","DTF","CV2","2","3",0.658255555555556
"M3","haplotype-tagged","DTF","CV2","2","3",0.655088888888889
"M2","genome-wide","DTM","CV2","2","3",0.548088888888889
"M3","genome-wide","DTM","CV2","2","3",0.5181
"M2","haplotype-tagged","DTM","CV2","2","3",0.524688888888889
"M3","haplotype-tagged","DTM","CV2","2","3",0.537388888888889
"M2","genome-wide","HSW","CV2","2","3",0.754511111111111
"M3","genome-wide","HSW","CV2","2","3",0.749
"M2","haplotype-tagged","HSW","CV2","2","3",0.749022222222222
"M3","haplotype-tagged","HSW","CV2","2","3",0.749844444444444
"M2","genome-wide","PH","CV2","2","3",0.561555555555556
"M3","genome-wide","PH","CV2","2","3",0.567166666666667
"M2","haplotype-tagged","PH","CV2","2","3",0.565455555555556
"M3","haplotype-tagged","PH","CV2","2","3",0.5678
"M2","genome-wide","PPP","CV2","2","3",0.180622222222222
"M3","genome-wide","PPP","CV2","2","3",0.189644444444444
"M2","haplotype-tagged","PPP","CV2","2","3",0.132655555555556
"M3","haplotype-tagged","PPP","CV2","2","3",0.163877777777778
"M2","genome-wide","YPPlnt","CV2","2","3",0.169322222222222
"M3","genome-wide","YPPlnt","CV2","2","3",0.143944444444444
"M2","haplotype-tagged","YPPlnt","CV2","2","3",0.183488888888889
"M3","haplotype-tagged","YPPlnt","CV2","2","3",0.167533333333333
"M2","genome-wide","DTF","CV0","3","3",0.69075
"M3","genome-wide","DTF","CV0","3","3",0.68415
"M2","haplotype-tagged","DTF","CV0","3","3",0.6796
"M3","haplotype-tagged","DTF","CV0","3","3",0.6818
"M2","genome-wide","DTM","CV0","3","3",0.5224
"M3","genome-wide","DTM","CV0","3","3",0.50625
"M2","haplotype-tagged","DTM","CV0","3","3",0.4985
"M3","haplotype-tagged","DTM","CV0","3","3",0.49025
"M2","genome-wide","HSW","CV0","3","3",0.8067
"M3","genome-wide","HSW","CV0","3","3",0.80485
"M2","haplotype-tagged","HSW","CV0","3","3",0.80245
"M3","haplotype-tagged","HSW","CV0","3","3",0.80255
"M2","genome-wide","PH","CV0","3","3",0.65335
"M3","genome-wide","PH","CV0","3","3",0.6454
"M2","haplotype-tagged","PH","CV0","3","3",0.64685
"M3","haplotype-tagged","PH","CV0","3","3",0.64345
"M2","genome-wide","PPP","CV0","3","3",0.24675
"M3","genome-wide","PPP","CV0","3","3",0.2224
"M2","haplotype-tagged","PPP","CV0","3","3",0.22055
"M3","haplotype-tagged","PPP","CV0","3","3",0.19515
"M2","genome-wide","YPPlnt","CV0","3","3",0.15595
"M3","genome-wide","YPPlnt","CV0","3","3",0.1563
"M2","haplotype-tagged","YPPlnt","CV0","3","3",0.15955
"M3","haplotype-tagged","YPPlnt","CV0","3","3",0.1492
"M2","genome-wide","DTF","CV00","3","3",0.57955
"M3","genome-wide","DTF","CV00","3","3",0.5724
"M2","haplotype-tagged","DTF","CV00","3","3",0.48015
"M3","haplotype-tagged","DTF","CV00","3","3",0.4751
"M2","genome-wide","DTM","CV00","3","3",0.41505
"M3","genome-wide","DTM","CV00","3","3",0.38505
"M2","haplotype-tagged","DTM","CV00","3","3",0.3969
"M3","haplotype-tagged","DTM","CV00","3","3",0.2474
"M2","genome-wide","HSW","CV00","3","3",0.58825
"M3","genome-wide","HSW","CV00","3","3",0.59725
"M2","haplotype-tagged","HSW","CV00","3","3",0.54505
"M3","haplotype-tagged","HSW","CV00","3","3",0.54765
"M2","genome-wide","PH","CV00","3","3",0.64155
"M3","genome-wide","PH","CV00","3","3",0.63795
"M2","haplotype-tagged","PH","CV00","3","3",0.63105
"M3","haplotype-tagged","PH","CV00","3","3",0.61585
"M2","genome-wide","PPP","CV00","3","3",0.30375
"M3","genome-wide","PPP","CV00","3","3",0.3068
"M2","haplotype-tagged","PPP","CV00","3","3",0.2827
"M3","haplotype-tagged","PPP","CV00","3","3",0.2138
"M2","genome-wide","YPPlnt","CV00","3","3",0.16885
"M3","genome-wide","YPPlnt","CV00","3","3",0.20555
"M2","haplotype-tagged","YPPlnt","CV00","3","3",0.1947
"M3","haplotype-tagged","YPPlnt","CV00","3","3",0.06485
"M2","genome-wide","DTF","CV1","3","3",0.324077777777778
"M3","genome-wide","DTF","CV1","3","3",0.337188888888889
"M2","haplotype-tagged","DTF","CV1","3","3",0.187333333333333
"M3","haplotype-tagged","DTF","CV1","3","3",0.234266666666667
"M2","genome-wide","DTM","CV1","3","3",0.235855555555556
"M3","genome-wide","DTM","CV1","3","3",0.2278
"M2","haplotype-tagged","DTM","CV1","3","3",0.1797
"M3","haplotype-tagged","DTM","CV1","3","3",0.126388888888889
"M2","genome-wide","HSW","CV1","3","3",0.601444444444444
"M3","genome-wide","HSW","CV1","3","3",0.589166666666667
"M2","haplotype-tagged","HSW","CV1","3","3",0.521422222222222
"M3","haplotype-tagged","HSW","CV1","3","3",0.506022222222222
"M2","genome-wide","PH","CV1","3","3",0.487233333333333
"M3","genome-wide","PH","CV1","3","3",0.487233333333333
"M2","haplotype-tagged","PH","CV1","3","3",0.426111111111111
"M3","haplotype-tagged","PH","CV1","3","3",0.477188888888889
"M2","genome-wide","PPP","CV1","3","3",0.200544444444444
"M3","genome-wide","PPP","CV1","3","3",0.196088888888889
"M2","haplotype-tagged","PPP","CV1","3","3",0.177922222222222
"M3","haplotype-tagged","PPP","CV1","3","3",0.102766666666667
"M2","genome-wide","YPPlnt","CV1","3","3",0.1829
"M3","genome-wide","YPPlnt","CV1","3","3",0.155933333333333
"M2","haplotype-tagged","YPPlnt","CV1","3","3",0.143988888888889
"M3","haplotype-tagged","YPPlnt","CV1","3","3",0.0842
"M2","genome-wide","DTF","CV2","3","3",0.603366666666667
"M3","genome-wide","DTF","CV2","3","3",0.597511111111111
"M2","haplotype-tagged","DTF","CV2","3","3",0.593866666666667
"M3","haplotype-tagged","DTF","CV2","3","3",0.5963
"M2","genome-wide","DTM","CV2","3","3",0.471422222222222
"M3","genome-wide","DTM","CV2","3","3",0.475733333333333
"M2","haplotype-tagged","DTM","CV2","3","3",0.463922222222222
"M3","haplotype-tagged","DTM","CV2","3","3",0.481088888888889
"M2","genome-wide","HSW","CV2","3","3",0.776366666666667
"M3","genome-wide","HSW","CV2","3","3",0.772555555555556
"M2","haplotype-tagged","HSW","CV2","3","3",0.7764
"M3","haplotype-tagged","HSW","CV2","3","3",0.777877777777778
"M2","genome-wide","PH","CV2","3","3",0.5879
"M3","genome-wide","PH","CV2","3","3",0.590455555555556
"M2","haplotype-tagged","PH","CV2","3","3",0.580111111111111
"M3","haplotype-tagged","PH","CV2","3","3",0.592466666666667
"M2","genome-wide","PPP","CV2","3","3",0.248077777777778
"M3","genome-wide","PPP","CV2","3","3",0.215622222222222
"M2","haplotype-tagged","PPP","CV2","3","3",0.211033333333333
"M3","haplotype-tagged","PPP","CV2","3","3",0.202966666666667
"M2","genome-wide","YPPlnt","CV2","3","3",0.0617444444444444
"M3","genome-wide","YPPlnt","CV2","3","3",0.0646
"M2","haplotype-tagged","YPPlnt","CV2","3","3",0.0649666666666667
"M3","haplotype-tagged","YPPlnt","CV2","3","3",0.00282222222222222
"M2","genome-wide","DTF","CV0","4","3",0.69
"M3","genome-wide","DTF","CV0","4","3",0.6869
"M2","haplotype-tagged","DTF","CV0","4","3",0.68005
"M3","haplotype-tagged","DTF","CV0","4","3",0.679
"M2","genome-wide","DTM","CV0","4","3",0.5197
"M3","genome-wide","DTM","CV0","4","3",0.50355
"M2","haplotype-tagged","DTM","CV0","4","3",0.4953
"M3","haplotype-tagged","DTM","CV0","4","3",0.4915
"M2","genome-wide","HSW","CV0","4","3",0.80615
"M3","genome-wide","HSW","CV0","4","3",0.80585
"M2","haplotype-tagged","HSW","CV0","4","3",0.80265
"M3","haplotype-tagged","HSW","CV0","4","3",0.8036
"M2","genome-wide","PH","CV0","4","3",0.6538
"M3","genome-wide","PH","CV0","4","3",0.64995
"M2","haplotype-tagged","PH","CV0","4","3",0.64715
"M3","haplotype-tagged","PH","CV0","4","3",0.63895
"M2","genome-wide","PPP","CV0","4","3",0.24765
"M3","genome-wide","PPP","CV0","4","3",0.22055
"M2","haplotype-tagged","PPP","CV0","4","3",0.22115
"M3","haplotype-tagged","PPP","CV0","4","3",0.18625
"M2","genome-wide","YPPlnt","CV0","4","3",0.15735
"M3","genome-wide","YPPlnt","CV0","4","3",0.15605
"M2","haplotype-tagged","YPPlnt","CV0","4","3",0.16015
"M3","haplotype-tagged","YPPlnt","CV0","4","3",0.16075
"M2","genome-wide","DTF","CV00","4","3",0.26965
"M3","genome-wide","DTF","CV00","4","3",0.25625
"M2","haplotype-tagged","DTF","CV00","4","3",0.2006
"M3","haplotype-tagged","DTF","CV00","4","3",0.16865
"M2","genome-wide","DTM","CV00","4","3",0.29755
"M3","genome-wide","DTM","CV00","4","3",0.2758
"M2","haplotype-tagged","DTM","CV00","4","3",0.0413
"M3","haplotype-tagged","DTM","CV00","4","3",0.08085
"M2","genome-wide","HSW","CV00","4","3",0.6299
"M3","genome-wide","HSW","CV00","4","3",0.6086
"M2","haplotype-tagged","HSW","CV00","4","3",0.4513
"M3","haplotype-tagged","HSW","CV00","4","3",0.4037
"M2","genome-wide","PH","CV00","4","3",0.49795
"M3","genome-wide","PH","CV00","4","3",0.5004
"M2","haplotype-tagged","PH","CV00","4","3",0.505
"M3","haplotype-tagged","PH","CV00","4","3",0.43765
"M2","genome-wide","PPP","CV00","4","3",0.3438
"M3","genome-wide","PPP","CV00","4","3",0.37825
"M2","haplotype-tagged","PPP","CV00","4","3",0.32545
"M3","haplotype-tagged","PPP","CV00","4","3",0.05215
"M2","genome-wide","YPPlnt","CV00","4","3",0.1831
"M3","genome-wide","YPPlnt","CV00","4","3",0.2129
"M2","haplotype-tagged","YPPlnt","CV00","4","3",0.1523
"M3","haplotype-tagged","YPPlnt","CV00","4","3",0.25545
"M2","genome-wide","DTF","CV1","4","3",0.439055555555556
"M3","genome-wide","DTF","CV1","4","3",0.437588888888889
"M2","haplotype-tagged","DTF","CV1","4","3",0.383766666666667
"M3","haplotype-tagged","DTF","CV1","4","3",0.311933333333333
"M2","genome-wide","DTM","CV1","4","3",0.361444444444444
"M3","genome-wide","DTM","CV1","4","3",0.326688888888889
"M2","haplotype-tagged","DTM","CV1","4","3",0.352811111111111
"M3","haplotype-tagged","DTM","CV1","4","3",0.237122222222222
"M2","genome-wide","HSW","CV1","4","3",0.5227
"M3","genome-wide","HSW","CV1","4","3",0.498088888888889
"M2","haplotype-tagged","HSW","CV1","4","3",0.411711111111111
"M3","haplotype-tagged","HSW","CV1","4","3",0.442977777777778
"M2","genome-wide","PH","CV1","4","3",0.412755555555556
"M3","genome-wide","PH","CV1","4","3",0.421144444444444
"M2","haplotype-tagged","PH","CV1","4","3",0.378644444444444
"M3","haplotype-tagged","PH","CV1","4","3",0.354977777777778
"M2","genome-wide","PPP","CV1","4","3",0.136833333333333
"M3","genome-wide","PPP","CV1","4","3",0.159833333333333
"M2","haplotype-tagged","PPP","CV1","4","3",0.122633333333333
"M3","haplotype-tagged","PPP","CV1","4","3",0.1475
"M2","genome-wide","YPPlnt","CV1","4","3",0.117488888888889
"M3","genome-wide","YPPlnt","CV1","4","3",0.0989555555555556
"M2","haplotype-tagged","YPPlnt","CV1","4","3",-0.0103666666666667
"M3","haplotype-tagged","YPPlnt","CV1","4","3",0.0510888888888889
"M2","genome-wide","DTF","CV2","4","3",0.572933333333333
"M3","genome-wide","DTF","CV2","4","3",0.564122222222222
"M2","haplotype-tagged","DTF","CV2","4","3",0.563255555555556
"M3","haplotype-tagged","DTF","CV2","4","3",0.5566
"M2","genome-wide","DTM","CV2","4","3",0.524566666666667
"M3","genome-wide","DTM","CV2","4","3",0.477355555555556
"M2","haplotype-tagged","DTM","CV2","4","3",0.518533333333333
"M3","haplotype-tagged","DTM","CV2","4","3",0.499188888888889
"M2","genome-wide","HSW","CV2","4","3",0.715777777777778
"M3","genome-wide","HSW","CV2","4","3",0.706166666666667
"M2","haplotype-tagged","HSW","CV2","4","3",0.7103
"M3","haplotype-tagged","HSW","CV2","4","3",0.708388888888889
"M2","genome-wide","PH","CV2","4","3",0.552833333333333
"M3","genome-wide","PH","CV2","4","3",0.579133333333333
"M2","haplotype-tagged","PH","CV2","4","3",0.558055555555556
"M3","haplotype-tagged","PH","CV2","4","3",0.565088888888889
"M2","genome-wide","PPP","CV2","4","3",0.0878111111111111
"M3","genome-wide","PPP","CV2","4","3",0.102788888888889
"M2","haplotype-tagged","PPP","CV2","4","3",0.0519333333333333
"M3","haplotype-tagged","PPP","CV2","4","3",0.0862888888888889
"M2","genome-wide","YPPlnt","CV2","4","3",0.155577777777778
"M3","genome-wide","YPPlnt","CV2","4","3",0.122822222222222
"M2","haplotype-tagged","YPPlnt","CV2","4","3",0.152544444444444
"M3","haplotype-tagged","YPPlnt","CV2","4","3",0.138933333333333
"M2","genome-wide","DTF","CV0","5","3",0.55075
"M3","genome-wide","DTF","CV0","5","3",0.55355
"M2","haplotype-tagged","DTF","CV0","5","3",0.55225
"M3","haplotype-tagged","DTF","CV0","5","3",0.5505
"M2","genome-wide","DTM","CV0","5","3",0.3691
"M3","genome-wide","DTM","CV0","5","3",0.3726
"M2","haplotype-tagged","DTM","CV0","5","3",0.37675
"M3","haplotype-tagged","DTM","CV0","5","3",0.37715
"M2","genome-wide","HSW","CV0","5","3",0.67045
"M3","genome-wide","HSW","CV0","5","3",0.6697
"M2","haplotype-tagged","HSW","CV0","5","3",0.6717
"M3","haplotype-tagged","HSW","CV0","5","3",0.6703
"M2","genome-wide","PH","CV0","5","3",0.5924
"M3","genome-wide","PH","CV0","5","3",0.60255
"M2","haplotype-tagged","PH","CV0","5","3",0.6028
"M3","haplotype-tagged","PH","CV0","5","3",0.6044
"M2","genome-wide","PPP","CV0","5","3",0.30255
"M3","genome-wide","PPP","CV0","5","3",0.26305
"M2","haplotype-tagged","PPP","CV0","5","3",0.2742
"M3","haplotype-tagged","PPP","CV0","5","3",0.25265
"M2","genome-wide","YPPlnt","CV0","5","3",0.10135
"M3","genome-wide","YPPlnt","CV0","5","3",0.0947
"M2","haplotype-tagged","YPPlnt","CV0","5","3",0.07645
"M3","haplotype-tagged","YPPlnt","CV0","5","3",0.0664
"M2","genome-wide","DTF","CV00","5","3",0.60285
"M3","genome-wide","DTF","CV00","5","3",0.6152
"M2","haplotype-tagged","DTF","CV00","5","3",0.42145
"M3","haplotype-tagged","DTF","CV00","5","3",0.3791
"M2","genome-wide","DTM","CV00","5","3",0.46835
"M3","genome-wide","DTM","CV00","5","3",0.4911
"M2","haplotype-tagged","DTM","CV00","5","3",0.36195
"M3","haplotype-tagged","DTM","CV00","5","3",0.33925
"M2","genome-wide","HSW","CV00","5","3",0.44925
"M3","genome-wide","HSW","CV00","5","3",0.44895
"M2","haplotype-tagged","HSW","CV00","5","3",0.4544
"M3","haplotype-tagged","HSW","CV00","5","3",0.45055
"M2","genome-wide","PH","CV00","5","3",0.4776
"M3","genome-wide","PH","CV00","5","3",0.49105
"M2","haplotype-tagged","PH","CV00","5","3",0.5202
"M3","haplotype-tagged","PH","CV00","5","3",0.48535
"M2","genome-wide","PPP","CV00","5","3",0.3865
"M3","genome-wide","PPP","CV00","5","3",0.36065
"M2","haplotype-tagged","PPP","CV00","5","3",0.2772
"M3","haplotype-tagged","PPP","CV00","5","3",0.23955
"M2","genome-wide","YPPlnt","CV00","5","3",0.168
"M3","genome-wide","YPPlnt","CV00","5","3",0.1833
"M2","haplotype-tagged","YPPlnt","CV00","5","3",0.2751
"M3","haplotype-tagged","YPPlnt","CV00","5","3",0.08455
"M2","genome-wide","DTF","CV1","5","3",0.493433333333333
"M3","genome-wide","DTF","CV1","5","3",0.456644444444444
"M2","haplotype-tagged","DTF","CV1","5","3",0.380111111111111
"M3","haplotype-tagged","DTF","CV1","5","3",0.135033333333333
"M2","genome-wide","DTM","CV1","5","3",0.433877777777778
"M3","genome-wide","DTM","CV1","5","3",0.4227
"M2","haplotype-tagged","DTM","CV1","5","3",0.319444444444444
"M3","haplotype-tagged","DTM","CV1","5","3",0.260877777777778
"M2","genome-wide","HSW","CV1","5","3",0.5154
"M3","genome-wide","HSW","CV1","5","3",0.514788888888889
"M2","haplotype-tagged","HSW","CV1","5","3",0.431022222222222
"M3","haplotype-tagged","HSW","CV1","5","3",0.475233333333333
"M2","genome-wide","PH","CV1","5","3",0.390422222222222
"M3","genome-wide","PH","CV1","5","3",0.3611
"M2","haplotype-tagged","PH","CV1","5","3",0.438233333333333
"M3","haplotype-tagged","PH","CV1","5","3",0.395533333333333
"M2","genome-wide","PPP","CV1","5","3",0.213322222222222
"M3","genome-wide","PPP","CV1","5","3",0.166222222222222
"M2","haplotype-tagged","PPP","CV1","5","3",0.181922222222222
"M3","haplotype-tagged","PPP","CV1","5","3",0.0487111111111111
"M2","genome-wide","YPPlnt","CV1","5","3",0.102877777777778
"M3","genome-wide","YPPlnt","CV1","5","3",0.0882777777777778
"M2","haplotype-tagged","YPPlnt","CV1","5","3",0.181611111111111
"M3","haplotype-tagged","YPPlnt","CV1","5","3",0.115555555555556
"M2","genome-wide","DTF","CV2","5","3",0.660166666666667
"M3","genome-wide","DTF","CV2","5","3",0.667633333333333
"M2","haplotype-tagged","DTF","CV2","5","3",0.651655555555556
"M3","haplotype-tagged","DTF","CV2","5","3",0.656155555555556
"M2","genome-wide","DTM","CV2","5","3",0.476144444444444
"M3","genome-wide","DTM","CV2","5","3",0.495466666666667
"M2","haplotype-tagged","DTM","CV2","5","3",0.469166666666667
"M3","haplotype-tagged","DTM","CV2","5","3",0.484911111111111
"M2","genome-wide","HSW","CV2","5","3",0.7382
"M3","genome-wide","HSW","CV2","5","3",0.733855555555556
"M2","haplotype-tagged","HSW","CV2","5","3",0.735155555555556
"M3","haplotype-tagged","HSW","CV2","5","3",0.734222222222222
"M2","genome-wide","PH","CV2","5","3",0.5513
"M3","genome-wide","PH","CV2","5","3",0.547377777777778
"M2","haplotype-tagged","PH","CV2","5","3",0.563888888888889
"M3","haplotype-tagged","PH","CV2","5","3",0.565377777777778
"M2","genome-wide","PPP","CV2","5","3",0.150466666666667
"M3","genome-wide","PPP","CV2","5","3",0.105422222222222
"M2","haplotype-tagged","PPP","CV2","5","3",0.125066666666667
"M3","haplotype-tagged","PPP","CV2","5","3",0.0938111111111111
"M2","genome-wide","YPPlnt","CV2","5","3",0.1901
"M3","genome-wide","YPPlnt","CV2","5","3",0.180044444444444
"M2","haplotype-tagged","YPPlnt","CV2","5","3",0.157611111111111
"M3","haplotype-tagged","YPPlnt","CV2","5","3",0.172233333333333
"M2","genome-wide","DTF","CV0","6","3",0.6037
"M3","genome-wide","DTF","CV0","6","3",0.60395
"M2","haplotype-tagged","DTF","CV0","6","3",0.60265
"M3","haplotype-tagged","DTF","CV0","6","3",0.60435
"M2","genome-wide","DTM","CV0","6","3",0.486
"M3","genome-wide","DTM","CV0","6","3",0.4719
"M2","haplotype-tagged","DTM","CV0","6","3",0.47185
"M3","haplotype-tagged","DTM","CV0","6","3",0.46795
"M2","genome-wide","HSW","CV0","6","3",0.7421
"M3","genome-wide","HSW","CV0","6","3",0.7426
"M2","haplotype-tagged","HSW","CV0","6","3",0.7392
"M3","haplotype-tagged","HSW","CV0","6","3",0.7401
"M2","genome-wide","PH","CV0","6","3",0.5838
"M3","genome-wide","PH","CV0","6","3",0.57925
"M2","haplotype-tagged","PH","CV0","6","3",0.57715
"M3","haplotype-tagged","PH","CV0","6","3",0.57365
"M2","genome-wide","PPP","CV0","6","3",0.0606
"M3","genome-wide","PPP","CV0","6","3",0.0556
"M2","haplotype-tagged","PPP","CV0","6","3",0.05445
"M3","haplotype-tagged","PPP","CV0","6","3",0.0445
"M2","genome-wide","YPPlnt","CV0","6","3",0.18295
"M3","genome-wide","YPPlnt","CV0","6","3",0.16825
"M2","haplotype-tagged","YPPlnt","CV0","6","3",0.1765
"M3","haplotype-tagged","YPPlnt","CV0","6","3",0.1669
"M2","genome-wide","DTF","CV00","6","3",0.49545
"M3","genome-wide","DTF","CV00","6","3",0.5461
"M2","haplotype-tagged","DTF","CV00","6","3",0.3421
"M3","haplotype-tagged","DTF","CV00","6","3",0.15065
"M2","genome-wide","DTM","CV00","6","3",0.255
"M3","genome-wide","DTM","CV00","6","3",0.2933
"M2","haplotype-tagged","DTM","CV00","6","3",0.1282
"M3","haplotype-tagged","DTM","CV00","6","3",0.2328
"M2","genome-wide","HSW","CV00","6","3",0.47815
"M3","genome-wide","HSW","CV00","6","3",0.4856
"M2","haplotype-tagged","HSW","CV00","6","3",0.2062
"M3","haplotype-tagged","HSW","CV00","6","3",0.1588
"M2","genome-wide","PH","CV00","6","3",0.32525
"M3","genome-wide","PH","CV00","6","3",0.3235
"M2","haplotype-tagged","PH","CV00","6","3",0.3017
"M3","haplotype-tagged","PH","CV00","6","3",0.3098
"M2","genome-wide","PPP","CV00","6","3",-0.0189
"M3","genome-wide","PPP","CV00","6","3",-0.03665
"M2","haplotype-tagged","PPP","CV00","6","3",-0.0287
"M3","haplotype-tagged","PPP","CV00","6","3",0.05545
"M2","genome-wide","YPPlnt","CV00","6","3",0.0766
"M3","genome-wide","YPPlnt","CV00","6","3",0.07175
"M2","haplotype-tagged","YPPlnt","CV00","6","3",0.0609
"M3","haplotype-tagged","YPPlnt","CV00","6","3",0.0412
"M2","genome-wide","DTF","CV1","6","3",0.478144444444444
"M3","genome-wide","DTF","CV1","6","3",0.514755555555556
"M2","haplotype-tagged","DTF","CV1","6","3",0.2998
"M3","haplotype-tagged","DTF","CV1","6","3",0.383566666666667
"M2","genome-wide","DTM","CV1","6","3",0.380066666666667
"M3","genome-wide","DTM","CV1","6","3",0.398455555555556
"M2","haplotype-tagged","DTM","CV1","6","3",0.194122222222222
"M3","haplotype-tagged","DTM","CV1","6","3",0.235444444444444
"M2","genome-wide","HSW","CV1","6","3",0.621077777777778
"M3","genome-wide","HSW","CV1","6","3",0.610155555555556
"M2","haplotype-tagged","HSW","CV1","6","3",0.608366666666667
"M3","haplotype-tagged","HSW","CV1","6","3",0.583266666666667
"M2","genome-wide","PH","CV1","6","3",0.317088888888889
"M3","genome-wide","PH","CV1","6","3",0.317055555555556
"M2","haplotype-tagged","PH","CV1","6","3",0.328411111111111
"M3","haplotype-tagged","PH","CV1","6","3",0.308855555555556
"M2","genome-wide","PPP","CV1","6","3",0.178166666666667
"M3","genome-wide","PPP","CV1","6","3",0.142744444444444
"M2","haplotype-tagged","PPP","CV1","6","3",0.163188888888889
"M3","haplotype-tagged","PPP","CV1","6","3",0.0872333333333333
"M2","genome-wide","YPPlnt","CV1","6","3",0.0920444444444444
"M3","genome-wide","YPPlnt","CV1","6","3",0.0807333333333333
"M2","haplotype-tagged","YPPlnt","CV1","6","3",0.193344444444444
"M3","haplotype-tagged","YPPlnt","CV1","6","3",0.0531222222222222
"M2","genome-wide","DTF","CV2","6","3",0.6035
"M3","genome-wide","DTF","CV2","6","3",0.577677777777778
"M2","haplotype-tagged","DTF","CV2","6","3",0.600866666666667
"M3","haplotype-tagged","DTF","CV2","6","3",0.597766666666667
"M2","genome-wide","DTM","CV2","6","3",0.464744444444444
"M3","genome-wide","DTM","CV2","6","3",0.455388888888889
"M2","haplotype-tagged","DTM","CV2","6","3",0.453111111111111
"M3","haplotype-tagged","DTM","CV2","6","3",0.455877777777778
"M2","genome-wide","HSW","CV2","6","3",0.749344444444444
"M3","genome-wide","HSW","CV2","6","3",0.7401
"M2","haplotype-tagged","HSW","CV2","6","3",0.748266666666667
"M3","haplotype-tagged","HSW","CV2","6","3",0.746455555555556
"M2","genome-wide","PH","CV2","6","3",0.642488888888889
"M3","genome-wide","PH","CV2","6","3",0.621911111111111
"M2","haplotype-tagged","PH","CV2","6","3",0.637444444444444
"M3","haplotype-tagged","PH","CV2","6","3",0.628955555555556
"M2","genome-wide","PPP","CV2","6","3",0.122877777777778
"M3","genome-wide","PPP","CV2","6","3",0.0761111111111111
"M2","haplotype-tagged","PPP","CV2","6","3",0.0763
"M3","haplotype-tagged","PPP","CV2","6","3",0.0794111111111111
"M2","genome-wide","YPPlnt","CV2","6","3",0.146922222222222
"M3","genome-wide","YPPlnt","CV2","6","3",0.121488888888889
"M2","haplotype-tagged","YPPlnt","CV2","6","3",0.121911111111111
"M3","haplotype-tagged","YPPlnt","CV2","6","3",0.112444444444444
"M2","genome-wide","DTF","CV0","7","3",0.4909
"M3","genome-wide","DTF","CV0","7","3",0.4923
"M2","haplotype-tagged","DTF","CV0","7","3",0.4956
"M3","haplotype-tagged","DTF","CV0","7","3",0.49365
"M2","genome-wide","DTM","CV0","7","3",0.3885
"M3","genome-wide","DTM","CV0","7","3",0.39425
"M2","haplotype-tagged","DTM","CV0","7","3",0.3883
"M3","haplotype-tagged","DTM","CV0","7","3",0.3913
"M2","genome-wide","HSW","CV0","7","3",0.69465
"M3","genome-wide","HSW","CV0","7","3",0.69605
"M2","haplotype-tagged","HSW","CV0","7","3",0.69785
"M3","haplotype-tagged","HSW","CV0","7","3",0.6983
"M2","genome-wide","PH","CV0","7","3",0.62135
"M3","genome-wide","PH","CV0","7","3",0.61705
"M2","haplotype-tagged","PH","CV0","7","3",0.6184
"M3","haplotype-tagged","PH","CV0","7","3",0.61435
"M2","genome-wide","PPP","CV0","7","3",0.12885
"M3","genome-wide","PPP","CV0","7","3",0.12295
"M2","haplotype-tagged","PPP","CV0","7","3",0.12125
"M3","haplotype-tagged","PPP","CV0","7","3",0.1218
"M2","genome-wide","YPPlnt","CV0","7","3",0.1462
"M3","genome-wide","YPPlnt","CV0","7","3",0.14535
"M2","haplotype-tagged","YPPlnt","CV0","7","3",0.1473
"M3","haplotype-tagged","YPPlnt","CV0","7","3",0.13845
"M2","genome-wide","DTF","CV00","7","3",0.27775
"M3","genome-wide","DTF","CV00","7","3",0.2423
"M2","haplotype-tagged","DTF","CV00","7","3",-0.0858
"M3","haplotype-tagged","DTF","CV00","7","3",0.018
"M2","genome-wide","DTM","CV00","7","3",0.30065
"M3","genome-wide","DTM","CV00","7","3",0.2831
"M2","haplotype-tagged","DTM","CV00","7","3",0.16005
"M3","haplotype-tagged","DTM","CV00","7","3",0.2144
"M2","genome-wide","HSW","CV00","7","3",0.5857
"M3","genome-wide","HSW","CV00","7","3",0.5615
"M2","haplotype-tagged","HSW","CV00","7","3",0.39825
"M3","haplotype-tagged","HSW","CV00","7","3",0.46855
"M2","genome-wide","PH","CV00","7","3",0.59245
"M3","genome-wide","PH","CV00","7","3",0.5912
"M2","haplotype-tagged","PH","CV00","7","3",0.50995
"M3","haplotype-tagged","PH","CV00","7","3",0.45005
"M2","genome-wide","PPP","CV00","7","3",0.2949
"M3","genome-wide","PPP","CV00","7","3",0.2548
"M2","haplotype-tagged","PPP","CV00","7","3",0.21935
"M3","haplotype-tagged","PPP","CV00","7","3",0.13565
"M2","genome-wide","YPPlnt","CV00","7","3",0.02115
"M3","genome-wide","YPPlnt","CV00","7","3",-0.0113
"M2","haplotype-tagged","YPPlnt","CV00","7","3",0.1785
"M3","haplotype-tagged","YPPlnt","CV00","7","3",0.1606
"M2","genome-wide","DTF","CV1","7","3",0.413422222222222
"M3","genome-wide","DTF","CV1","7","3",0.428144444444444
"M2","haplotype-tagged","DTF","CV1","7","3",0.379655555555556
"M3","haplotype-tagged","DTF","CV1","7","3",0.209966666666667
"M2","genome-wide","DTM","CV1","7","3",0.316077777777778
"M3","genome-wide","DTM","CV1","7","3",0.3067
"M2","haplotype-tagged","DTM","CV1","7","3",0.236
"M3","haplotype-tagged","DTM","CV1","7","3",0.295477777777778
"M2","genome-wide","HSW","CV1","7","3",0.562888888888889
"M3","genome-wide","HSW","CV1","7","3",0.560566666666667
"M2","haplotype-tagged","HSW","CV1","7","3",0.452355555555556
"M3","haplotype-tagged","HSW","CV1","7","3",0.451011111111111
"M2","genome-wide","PH","CV1","7","3",0.546088888888889
"M3","genome-wide","PH","CV1","7","3",0.505288888888889
"M2","haplotype-tagged","PH","CV1","7","3",0.569477777777778
"M3","haplotype-tagged","PH","CV1","7","3",0.543455555555556
"M2","genome-wide","PPP","CV1","7","3",0.194566666666667
"M3","genome-wide","PPP","CV1","7","3",0.143644444444444
"M2","haplotype-tagged","PPP","CV1","7","3",0.177011111111111
"M3","haplotype-tagged","PPP","CV1","7","3",0.0995444444444444
"M2","genome-wide","YPPlnt","CV1","7","3",0.123777777777778
"M3","genome-wide","YPPlnt","CV1","7","3",0.0515
"M2","haplotype-tagged","YPPlnt","CV1","7","3",0.0227
"M3","haplotype-tagged","YPPlnt","CV1","7","3",0.00196666666666666
"M2","genome-wide","DTF","CV2","7","3",0.544722222222222
"M3","genome-wide","DTF","CV2","7","3",0.536233333333333
"M2","haplotype-tagged","DTF","CV2","7","3",0.5256
"M3","haplotype-tagged","DTF","CV2","7","3",0.5192
"M2","genome-wide","DTM","CV2","7","3",0.381233333333333
"M3","genome-wide","DTM","CV2","7","3",0.356533333333333
"M2","haplotype-tagged","DTM","CV2","7","3",0.353811111111111
"M3","haplotype-tagged","DTM","CV2","7","3",0.351966666666667
"M2","genome-wide","HSW","CV2","7","3",0.748633333333333
"M3","genome-wide","HSW","CV2","7","3",0.741311111111111
"M2","haplotype-tagged","HSW","CV2","7","3",0.745977777777778
"M3","haplotype-tagged","HSW","CV2","7","3",0.740111111111111
"M2","genome-wide","PH","CV2","7","3",0.577411111111111
"M3","genome-wide","PH","CV2","7","3",0.593611111111111
"M2","haplotype-tagged","PH","CV2","7","3",0.557544444444444
"M3","haplotype-tagged","PH","CV2","7","3",0.557888888888889
"M2","genome-wide","PPP","CV2","7","3",0.164033333333333
"M3","genome-wide","PPP","CV2","7","3",0.137866666666667
"M2","haplotype-tagged","PPP","CV2","7","3",0.117344444444444
"M3","haplotype-tagged","PPP","CV2","7","3",0.133866666666667
"M2","genome-wide","YPPlnt","CV2","7","3",0.151388888888889
"M3","genome-wide","YPPlnt","CV2","7","3",0.124766666666667
"M2","haplotype-tagged","YPPlnt","CV2","7","3",0.120777777777778
"M3","haplotype-tagged","YPPlnt","CV2","7","3",0.120244444444444
"M2","genome-wide","DTF","CV0","8","3",0.7321
"M3","genome-wide","DTF","CV0","8","3",0.7302
"M2","haplotype-tagged","DTF","CV0","8","3",0.728
"M3","haplotype-tagged","DTF","CV0","8","3",0.72705
"M2","genome-wide","DTM","CV0","8","3",0.6529
"M3","genome-wide","DTM","CV0","8","3",0.6414
"M2","haplotype-tagged","DTM","CV0","8","3",0.6249
"M3","haplotype-tagged","DTM","CV0","8","3",0.6222
"M2","genome-wide","HSW","CV0","8","3",0.77105
"M3","genome-wide","HSW","CV0","8","3",0.76895
"M2","haplotype-tagged","HSW","CV0","8","3",0.7601
"M3","haplotype-tagged","HSW","CV0","8","3",0.75965
"M2","genome-wide","PH","CV0","8","3",0.72755
"M3","genome-wide","PH","CV0","8","3",0.71955
"M2","haplotype-tagged","PH","CV0","8","3",0.70935
"M3","haplotype-tagged","PH","CV0","8","3",0.7052
"M2","genome-wide","PPP","CV0","8","3",0.25275
"M3","genome-wide","PPP","CV0","8","3",0.2267
"M2","haplotype-tagged","PPP","CV0","8","3",0.22075
"M3","haplotype-tagged","PPP","CV0","8","3",0.19025
"M2","genome-wide","YPPlnt","CV0","8","3",0.13995
"M3","genome-wide","YPPlnt","CV0","8","3",0.128
"M2","haplotype-tagged","YPPlnt","CV0","8","3",0.1171
"M3","haplotype-tagged","YPPlnt","CV0","8","3",0.1201
"M2","genome-wide","DTF","CV00","8","3",0.567
"M3","genome-wide","DTF","CV00","8","3",0.548
"M2","haplotype-tagged","DTF","CV00","8","3",0.4367
"M3","haplotype-tagged","DTF","CV00","8","3",0.2363
"M2","genome-wide","DTM","CV00","8","3",0.2354
"M3","genome-wide","DTM","CV00","8","3",0.2424
"M2","haplotype-tagged","DTM","CV00","8","3",0.13405
"M3","haplotype-tagged","DTM","CV00","8","3",0.0298
"M2","genome-wide","HSW","CV00","8","3",0.6839
"M3","genome-wide","HSW","CV00","8","3",0.6813
"M2","haplotype-tagged","HSW","CV00","8","3",0.54935
"M3","haplotype-tagged","HSW","CV00","8","3",0.56315
"M2","genome-wide","PH","CV00","8","3",0.3278
"M3","genome-wide","PH","CV00","8","3",0.32015
"M2","haplotype-tagged","PH","CV00","8","3",0.3569
"M3","haplotype-tagged","PH","CV00","8","3",0.32425
"M2","genome-wide","PPP","CV00","8","3",0.1673
"M3","genome-wide","PPP","CV00","8","3",0.17475
"M2","haplotype-tagged","PPP","CV00","8","3",-0.00585000000000001
"M3","haplotype-tagged","PPP","CV00","8","3",0.0321
"M2","genome-wide","YPPlnt","CV00","8","3",0.227
"M3","genome-wide","YPPlnt","CV00","8","3",0.27715
"M2","haplotype-tagged","YPPlnt","CV00","8","3",0.0701
"M3","haplotype-tagged","YPPlnt","CV00","8","3",0.03955
"M2","genome-wide","DTF","CV1","8","3",0.283755555555556
"M3","genome-wide","DTF","CV1","8","3",0.318077777777778
"M2","haplotype-tagged","DTF","CV1","8","3",0.199355555555556
"M3","haplotype-tagged","DTF","CV1","8","3",0.284177777777778
"M2","genome-wide","DTM","CV1","8","3",0.220588888888889
"M3","genome-wide","DTM","CV1","8","3",0.205
"M2","haplotype-tagged","DTM","CV1","8","3",0.135922222222222
"M3","haplotype-tagged","DTM","CV1","8","3",0.153066666666667
"M2","genome-wide","HSW","CV1","8","3",0.682055555555556
"M3","genome-wide","HSW","CV1","8","3",0.6782
"M2","haplotype-tagged","HSW","CV1","8","3",0.653422222222222
"M3","haplotype-tagged","HSW","CV1","8","3",0.626488888888889
"M2","genome-wide","PH","CV1","8","3",0.386066666666667
"M3","genome-wide","PH","CV1","8","3",0.345188888888889
"M2","haplotype-tagged","PH","CV1","8","3",0.361966666666667
"M3","haplotype-tagged","PH","CV1","8","3",0.392611111111111
"M2","genome-wide","PPP","CV1","8","3",0.183944444444444
"M3","genome-wide","PPP","CV1","8","3",0.185588888888889
"M2","haplotype-tagged","PPP","CV1","8","3",0.180777777777778
"M3","haplotype-tagged","PPP","CV1","8","3",0.147544444444444
"M2","genome-wide","YPPlnt","CV1","8","3",0.145355555555556
"M3","genome-wide","YPPlnt","CV1","8","3",0.0708555555555555
"M2","haplotype-tagged","YPPlnt","CV1","8","3",0.0458111111111111
"M3","haplotype-tagged","YPPlnt","CV1","8","3",0.0182666666666667
"M2","genome-wide","DTF","CV2","8","3",0.577655555555556
"M3","genome-wide","DTF","CV2","8","3",0.563355555555556
"M2","haplotype-tagged","DTF","CV2","8","3",0.571155555555556
"M3","haplotype-tagged","DTF","CV2","8","3",0.561411111111111
"M2","genome-wide","DTM","CV2","8","3",0.462555555555556
"M3","genome-wide","DTM","CV2","8","3",0.469766666666667
"M2","haplotype-tagged","DTM","CV2","8","3",0.455433333333333
"M3","haplotype-tagged","DTM","CV2","8","3",0.474455555555556
"M2","genome-wide","HSW","CV2","8","3",0.745377777777778
"M3","genome-wide","HSW","CV2","8","3",0.742211111111111
"M2","haplotype-tagged","HSW","CV2","8","3",0.739133333333333
"M3","haplotype-tagged","HSW","CV2","8","3",0.742633333333333
"M2","genome-wide","PH","CV2","8","3",0.567722222222222
"M3","genome-wide","PH","CV2","8","3",0.556533333333333
"M2","haplotype-tagged","PH","CV2","8","3",0.564866666666667
"M3","haplotype-tagged","PH","CV2","8","3",0.569822222222222
"M2","genome-wide","PPP","CV2","8","3",0.1674
"M3","genome-wide","PPP","CV2","8","3",0.164544444444444
"M2","haplotype-tagged","PPP","CV2","8","3",0.146177777777778
"M3","haplotype-tagged","PPP","CV2","8","3",0.157811111111111
"M2","genome-wide","YPPlnt","CV2","8","3",0.119822222222222
"M3","genome-wide","YPPlnt","CV2","8","3",0.0786111111111111
"M2","haplotype-tagged","YPPlnt","CV2","8","3",0.105644444444444
"M3","haplotype-tagged","YPPlnt","CV2","8","3",0.101622222222222
"M2","genome-wide","DTF","CV0","9","3",0.63385
"M3","genome-wide","DTF","CV0","9","3",0.62565
"M2","haplotype-tagged","DTF","CV0","9","3",0.62515
"M3","haplotype-tagged","DTF","CV0","9","3",0.623
"M2","genome-wide","DTM","CV0","9","3",0.4567
"M3","genome-wide","DTM","CV0","9","3",0.46595
"M2","haplotype-tagged","DTM","CV0","9","3",0.46
"M3","haplotype-tagged","DTM","CV0","9","3",0.46355
"M2","genome-wide","HSW","CV0","9","3",0.7906
"M3","genome-wide","HSW","CV0","9","3",0.7912
"M2","haplotype-tagged","HSW","CV0","9","3",0.7884
"M3","haplotype-tagged","HSW","CV0","9","3",0.7891
"M2","genome-wide","PH","CV0","9","3",0.2819
"M3","genome-wide","PH","CV0","9","3",0.28105
"M2","haplotype-tagged","PH","CV0","9","3",0.2837
"M3","haplotype-tagged","PH","CV0","9","3",0.28755
"M2","genome-wide","PPP","CV0","9","3",0.165
"M3","genome-wide","PPP","CV0","9","3",0.152
"M2","haplotype-tagged","PPP","CV0","9","3",0.1468
"M3","haplotype-tagged","PPP","CV0","9","3",0.12195
"M2","genome-wide","YPPlnt","CV0","9","3",0.10625
"M3","genome-wide","YPPlnt","CV0","9","3",0.09425
"M2","haplotype-tagged","YPPlnt","CV0","9","3",0.08165
"M3","haplotype-tagged","YPPlnt","CV0","9","3",0.0862
"M2","genome-wide","DTF","CV00","9","3",0.548
"M3","genome-wide","DTF","CV00","9","3",0.55605
"M2","haplotype-tagged","DTF","CV00","9","3",0.26355
"M3","haplotype-tagged","DTF","CV00","9","3",0.2336
"M2","genome-wide","DTM","CV00","9","3",0.48115
"M3","genome-wide","DTM","CV00","9","3",0.50455
"M2","haplotype-tagged","DTM","CV00","9","3",0.4303
"M3","haplotype-tagged","DTM","CV00","9","3",0.28985
"M2","genome-wide","HSW","CV00","9","3",0.4192
"M3","genome-wide","HSW","CV00","9","3",0.43215
"M2","haplotype-tagged","HSW","CV00","9","3",0.3673
"M3","haplotype-tagged","HSW","CV00","9","3",0.4137
"M2","genome-wide","PH","CV00","9","3",0.2654
"M3","genome-wide","PH","CV00","9","3",0.2456
"M2","haplotype-tagged","PH","CV00","9","3",0.34355
"M3","haplotype-tagged","PH","CV00","9","3",0.32205
"M2","genome-wide","PPP","CV00","9","3",0.2701
"M3","genome-wide","PPP","CV00","9","3",0.2772
"M2","haplotype-tagged","PPP","CV00","9","3",0.24125
"M3","haplotype-tagged","PPP","CV00","9","3",0.1161
"M2","genome-wide","YPPlnt","CV00","9","3",0.08505
"M3","genome-wide","YPPlnt","CV00","9","3",0.0212
"M2","haplotype-tagged","YPPlnt","CV00","9","3",0.11285
"M3","haplotype-tagged","YPPlnt","CV00","9","3",-0.08095
"M2","genome-wide","DTF","CV1","9","3",0.524933333333333
"M3","genome-wide","DTF","CV1","9","3",0.512633333333333
"M2","haplotype-tagged","DTF","CV1","9","3",0.295011111111111
"M3","haplotype-tagged","DTF","CV1","9","3",0.338033333333333
"M2","genome-wide","DTM","CV1","9","3",0.393588888888889
"M3","genome-wide","DTM","CV1","9","3",0.428688888888889
"M2","haplotype-tagged","DTM","CV1","9","3",0.186022222222222
"M3","haplotype-tagged","DTM","CV1","9","3",0.256355555555556
"M2","genome-wide","HSW","CV1","9","3",0.643488888888889
"M3","genome-wide","HSW","CV1","9","3",0.639522222222222
"M2","haplotype-tagged","HSW","CV1","9","3",0.542666666666667
"M3","haplotype-tagged","HSW","CV1","9","3",0.561744444444444
"M2","genome-wide","PH","CV1","9","3",0.431111111111111
"M3","genome-wide","PH","CV1","9","3",0.426611111111111
"M2","haplotype-tagged","PH","CV1","9","3",0.428111111111111
"M3","haplotype-tagged","PH","CV1","9","3",0.395388888888889
"M2","genome-wide","PPP","CV1","9","3",0.218822222222222
"M3","genome-wide","PPP","CV1","9","3",0.220866666666667
"M2","haplotype-tagged","PPP","CV1","9","3",0.171755555555556
"M3","haplotype-tagged","PPP","CV1","9","3",0.121088888888889
"M2","genome-wide","YPPlnt","CV1","9","3",0.133155555555556
"M3","genome-wide","YPPlnt","CV1","9","3",0.115144444444444
"M2","haplotype-tagged","YPPlnt","CV1","9","3",0.0852888888888889
"M3","haplotype-tagged","YPPlnt","CV1","9","3",-0.00329999999999999
"M2","genome-wide","DTF","CV2","9","3",0.621611111111111
"M3","genome-wide","DTF","CV2","9","3",0.6182
"M2","haplotype-tagged","DTF","CV2","9","3",0.606844444444444
"M3","haplotype-tagged","DTF","CV2","9","3",0.614988888888889
"M2","genome-wide","DTM","CV2","9","3",0.492377777777778
"M3","genome-wide","DTM","CV2","9","3",0.4859
"M2","haplotype-tagged","DTM","CV2","9","3",0.481044444444444
"M3","haplotype-tagged","DTM","CV2","9","3",0.482988888888889
"M2","genome-wide","HSW","CV2","9","3",0.766722222222222
"M3","genome-wide","HSW","CV2","9","3",0.760511111111111
"M2","haplotype-tagged","HSW","CV2","9","3",0.760933333333333
"M3","haplotype-tagged","HSW","CV2","9","3",0.759011111111111
"M2","genome-wide","PH","CV2","9","3",0.541133333333333
"M3","genome-wide","PH","CV2","9","3",0.562488888888889
"M2","haplotype-tagged","PH","CV2","9","3",0.534211111111111
"M3","haplotype-tagged","PH","CV2","9","3",0.544011111111111
"M2","genome-wide","PPP","CV2","9","3",0.1875
"M3","genome-wide","PPP","CV2","9","3",0.169288888888889
"M2","haplotype-tagged","PPP","CV2","9","3",0.150633333333333
"M3","haplotype-tagged","PPP","CV2","9","3",0.153522222222222
"M2","genome-wide","YPPlnt","CV2","9","3",0.110755555555556
"M3","genome-wide","YPPlnt","CV2","9","3",0.111211111111111
"M2","haplotype-tagged","YPPlnt","CV2","9","3",0.0800555555555556
"M3","haplotype-tagged","YPPlnt","CV2","9","3",0.0728111111111111
"M2","genome-wide","DTF","CV0","10","3",0.4351
"M3","genome-wide","DTF","CV0","10","3",0.43605
"M2","haplotype-tagged","DTF","CV0","10","3",0.4334
"M3","haplotype-tagged","DTF","CV0","10","3",0.4369
"M2","genome-wide","DTM","CV0","10","3",0.35325
"M3","genome-wide","DTM","CV0","10","3",0.3435
"M2","haplotype-tagged","DTM","CV0","10","3",0.3408
"M3","haplotype-tagged","DTM","CV0","10","3",0.33695
"M2","genome-wide","HSW","CV0","10","3",0.61475
"M3","genome-wide","HSW","CV0","10","3",0.61625
"M2","haplotype-tagged","HSW","CV0","10","3",0.6136
"M3","haplotype-tagged","HSW","CV0","10","3",0.6128
"M2","genome-wide","PH","CV0","10","3",0.5436
"M3","genome-wide","PH","CV0","10","3",0.5367
"M2","haplotype-tagged","PH","CV0","10","3",0.54305
"M3","haplotype-tagged","PH","CV0","10","3",0.538
"M2","genome-wide","PPP","CV0","10","3",0.06905
"M3","genome-wide","PPP","CV0","10","3",0.07395
"M2","haplotype-tagged","PPP","CV0","10","3",0.07545
"M3","haplotype-tagged","PPP","CV0","10","3",0.0784
"M2","genome-wide","YPPlnt","CV0","10","3",0.07935
"M3","genome-wide","YPPlnt","CV0","10","3",0.08125
"M2","haplotype-tagged","YPPlnt","CV0","10","3",0.0815
"M3","haplotype-tagged","YPPlnt","CV0","10","3",0.0817
"M2","genome-wide","DTF","CV00","10","3",0.34585
"M3","genome-wide","DTF","CV00","10","3",0.2462
"M2","haplotype-tagged","DTF","CV00","10","3",0.34915
"M3","haplotype-tagged","DTF","CV00","10","3",0.2446
"M2","genome-wide","DTM","CV00","10","3",0.3836
"M3","genome-wide","DTM","CV00","10","3",0.39575
"M2","haplotype-tagged","DTM","CV00","10","3",0.19865
"M3","haplotype-tagged","DTM","CV00","10","3",0.12635
"M2","genome-wide","HSW","CV00","10","3",0.7764
"M3","genome-wide","HSW","CV00","10","3",0.77155
"M2","haplotype-tagged","HSW","CV00","10","3",0.60555
"M3","haplotype-tagged","HSW","CV00","10","3",0.5856
"M2","genome-wide","PH","CV00","10","3",0.60225
"M3","genome-wide","PH","CV00","10","3",0.57815
"M2","haplotype-tagged","PH","CV00","10","3",0.53055
"M3","haplotype-tagged","PH","CV00","10","3",0.5105
"M2","genome-wide","PPP","CV00","10","3",0.2376
"M3","genome-wide","PPP","CV00","10","3",0.22195
"M2","haplotype-tagged","PPP","CV00","10","3",0.2288
"M3","haplotype-tagged","PPP","CV00","10","3",0.0667
"M2","genome-wide","YPPlnt","CV00","10","3",0.05395
"M3","genome-wide","YPPlnt","CV00","10","3",0.0635
"M2","haplotype-tagged","YPPlnt","CV00","10","3",-0.08
"M3","haplotype-tagged","YPPlnt","CV00","10","3",-0.15585
"M2","genome-wide","DTF","CV1","10","3",0.467533333333333
"M3","genome-wide","DTF","CV1","10","3",0.436566666666667
"M2","haplotype-tagged","DTF","CV1","10","3",0.254566666666667
"M3","haplotype-tagged","DTF","CV1","10","3",0.180155555555556
"M2","genome-wide","DTM","CV1","10","3",0.369944444444444
"M3","genome-wide","DTM","CV1","10","3",0.366811111111111
"M2","haplotype-tagged","DTM","CV1","10","3",0.217966666666667
"M3","haplotype-tagged","DTM","CV1","10","3",0.183911111111111
"M2","genome-wide","HSW","CV1","10","3",0.532255555555556
"M3","genome-wide","HSW","CV1","10","3",0.525033333333333
"M2","haplotype-tagged","HSW","CV1","10","3",0.442333333333333
"M3","haplotype-tagged","HSW","CV1","10","3",0.435555555555556
"M2","genome-wide","PH","CV1","10","3",0.226322222222222
"M3","genome-wide","PH","CV1","10","3",0.269022222222222
"M2","haplotype-tagged","PH","CV1","10","3",0.252866666666667
"M3","haplotype-tagged","PH","CV1","10","3",0.2726
"M2","genome-wide","PPP","CV1","10","3",0.244966666666667
"M3","genome-wide","PPP","CV1","10","3",0.249788888888889
"M2","haplotype-tagged","PPP","CV1","10","3",0.241333333333333
"M3","haplotype-tagged","PPP","CV1","10","3",0.125366666666667
"M2","genome-wide","YPPlnt","CV1","10","3",0.0162222222222222
"M3","genome-wide","YPPlnt","CV1","10","3",0.0075
"M2","haplotype-tagged","YPPlnt","CV1","10","3",0.0105777777777778
"M3","haplotype-tagged","YPPlnt","CV1","10","3",0.0406666666666667
"M2","genome-wide","DTF","CV2","10","3",0.552066666666667
"M3","genome-wide","DTF","CV2","10","3",0.558433333333333
"M2","haplotype-tagged","DTF","CV2","10","3",0.544855555555556
"M3","haplotype-tagged","DTF","CV2","10","3",0.554555555555556
"M2","genome-wide","DTM","CV2","10","3",0.487377777777778
"M3","genome-wide","DTM","CV2","10","3",0.476044444444444
"M2","haplotype-tagged","DTM","CV2","10","3",0.477222222222222
"M3","haplotype-tagged","DTM","CV2","10","3",0.470733333333333
"M2","genome-wide","HSW","CV2","10","3",0.804711111111111
"M3","genome-wide","HSW","CV2","10","3",0.790966666666667
"M2","haplotype-tagged","HSW","CV2","10","3",0.789522222222222
"M3","haplotype-tagged","HSW","CV2","10","3",0.790888888888889
"M2","genome-wide","PH","CV2","10","3",0.558988888888889
"M3","genome-wide","PH","CV2","10","3",0.582577777777778
"M2","haplotype-tagged","PH","CV2","10","3",0.551944444444444
"M3","haplotype-tagged","PH","CV2","10","3",0.564366666666667
"M2","genome-wide","PPP","CV2","10","3",0.191388888888889
"M3","genome-wide","PPP","CV2","10","3",0.172066666666667
"M2","haplotype-tagged","PPP","CV2","10","3",0.197333333333333
"M3","haplotype-tagged","PPP","CV2","10","3",0.160322222222222
"M2","genome-wide","YPPlnt","CV2","10","3",0.1206
"M3","genome-wide","YPPlnt","CV2","10","3",0.0585555555555556
"M2","haplotype-tagged","YPPlnt","CV2","10","3",0.124477777777778
"M3","haplotype-tagged","YPPlnt","CV2","10","3",0.0873888888888889
"M2","genome-wide","DTF","CV0","1","4",0.7832
"M3","genome-wide","DTF","CV0","1","4",0.78025
"M2","haplotype-tagged","DTF","CV0","1","4",0.76875
"M3","haplotype-tagged","DTF","CV0","1","4",0.7636
"M2","genome-wide","DTM","CV0","1","4",0.69885
"M3","genome-wide","DTM","CV0","1","4",0.6894
"M2","haplotype-tagged","DTM","CV0","1","4",0.6684
"M3","haplotype-tagged","DTM","CV0","1","4",0.65715
"M2","genome-wide","HSW","CV0","1","4",0.8185
"M3","genome-wide","HSW","CV0","1","4",0.81535
"M2","haplotype-tagged","HSW","CV0","1","4",0.8075
"M3","haplotype-tagged","HSW","CV0","1","4",0.80575
"M2","genome-wide","PH","CV0","1","4",0.7837
"M3","genome-wide","PH","CV0","1","4",0.77455
"M2","haplotype-tagged","PH","CV0","1","4",0.76585
"M3","haplotype-tagged","PH","CV0","1","4",0.75935
"M2","genome-wide","PPP","CV0","1","4",0.35115
"M3","genome-wide","PPP","CV0","1","4",0.29285
"M2","haplotype-tagged","PPP","CV0","1","4",0.29635
"M3","haplotype-tagged","PPP","CV0","1","4",0.2561
"M2","genome-wide","YPPlnt","CV0","1","4",0.0644
"M3","genome-wide","YPPlnt","CV0","1","4",0.0507
"M2","haplotype-tagged","YPPlnt","CV0","1","4",0.0506
"M3","haplotype-tagged","YPPlnt","CV0","1","4",0.0413
"M2","genome-wide","DTF","CV00","1","4",0.5441
"M3","genome-wide","DTF","CV00","1","4",0.5347
"M2","haplotype-tagged","DTF","CV00","1","4",0.48675
"M3","haplotype-tagged","DTF","CV00","1","4",0.32925
"M2","genome-wide","DTM","CV00","1","4",0.43745
"M3","genome-wide","DTM","CV00","1","4",0.36885
"M2","haplotype-tagged","DTM","CV00","1","4",0.3913
"M3","haplotype-tagged","DTM","CV00","1","4",0.3743
"M2","genome-wide","HSW","CV00","1","4",0.50725
"M3","genome-wide","HSW","CV00","1","4",0.524
"M2","haplotype-tagged","HSW","CV00","1","4",0.41065
"M3","haplotype-tagged","HSW","CV00","1","4",0.34505
"M2","genome-wide","PH","CV00","1","4",0.65
"M3","genome-wide","PH","CV00","1","4",0.63995
"M2","haplotype-tagged","PH","CV00","1","4",0.4987
"M3","haplotype-tagged","PH","CV00","1","4",0.4827
"M2","genome-wide","PPP","CV00","1","4",0.13805
"M3","genome-wide","PPP","CV00","1","4",0.0939
"M2","haplotype-tagged","PPP","CV00","1","4",-0.0148
"M3","haplotype-tagged","PPP","CV00","1","4",0.12225
"M2","genome-wide","YPPlnt","CV00","1","4",0.33515
"M3","genome-wide","YPPlnt","CV00","1","4",0.3154
"M2","haplotype-tagged","YPPlnt","CV00","1","4",0.1468
"M3","haplotype-tagged","YPPlnt","CV00","1","4",0.17
"M2","genome-wide","DTF","CV1","1","4",0.310988888888889
"M3","genome-wide","DTF","CV1","1","4",0.352211111111111
"M2","haplotype-tagged","DTF","CV1","1","4",0.0999222222222222
"M3","haplotype-tagged","DTF","CV1","1","4",0.258566666666667
"M2","genome-wide","DTM","CV1","1","4",0.298544444444444
"M3","genome-wide","DTM","CV1","1","4",0.245855555555556
"M2","haplotype-tagged","DTM","CV1","1","4",0.167666666666667
"M3","haplotype-tagged","DTM","CV1","1","4",0.1069
"M2","genome-wide","HSW","CV1","1","4",0.332333333333333
"M3","genome-wide","HSW","CV1","1","4",0.325877777777778
"M2","haplotype-tagged","HSW","CV1","1","4",0.264444444444444
"M3","haplotype-tagged","HSW","CV1","1","4",0.290822222222222
"M2","genome-wide","PH","CV1","1","4",0.416388888888889
"M3","genome-wide","PH","CV1","1","4",0.401288888888889
"M2","haplotype-tagged","PH","CV1","1","4",0.392088888888889
"M3","haplotype-tagged","PH","CV1","1","4",0.313777777777778
"M2","genome-wide","PPP","CV1","1","4",0.159288888888889
"M3","genome-wide","PPP","CV1","1","4",0.130444444444444
"M2","haplotype-tagged","PPP","CV1","1","4",0.125411111111111
"M3","haplotype-tagged","PPP","CV1","1","4",0.121155555555556
"M2","genome-wide","YPPlnt","CV1","1","4",0.0722333333333333
"M3","genome-wide","YPPlnt","CV1","1","4",-0.0300222222222222
"M2","haplotype-tagged","YPPlnt","CV1","1","4",0.0586222222222222
"M3","haplotype-tagged","YPPlnt","CV1","1","4",0.0398444444444444
"M2","genome-wide","DTF","CV2","1","4",0.611122222222222
"M3","genome-wide","DTF","CV2","1","4",0.597966666666667
"M2","haplotype-tagged","DTF","CV2","1","4",0.613722222222222
"M3","haplotype-tagged","DTF","CV2","1","4",0.614911111111111
"M2","genome-wide","DTM","CV2","1","4",0.4916
"M3","genome-wide","DTM","CV2","1","4",0.459988888888889
"M2","haplotype-tagged","DTM","CV2","1","4",0.495477777777778
"M3","haplotype-tagged","DTM","CV2","1","4",0.493444444444444
"M2","genome-wide","HSW","CV2","1","4",0.778788888888889
"M3","genome-wide","HSW","CV2","1","4",0.774366666666667
"M2","haplotype-tagged","HSW","CV2","1","4",0.777033333333333
"M3","haplotype-tagged","HSW","CV2","1","4",0.775555555555556
"M2","genome-wide","PH","CV2","1","4",0.564355555555555
"M3","genome-wide","PH","CV2","1","4",0.5587
"M2","haplotype-tagged","PH","CV2","1","4",0.556144444444444
"M3","haplotype-tagged","PH","CV2","1","4",0.5462
"M2","genome-wide","PPP","CV2","1","4",0.2052
"M3","genome-wide","PPP","CV2","1","4",0.1546
"M2","haplotype-tagged","PPP","CV2","1","4",0.202588888888889
"M3","haplotype-tagged","PPP","CV2","1","4",0.155822222222222
"M2","genome-wide","YPPlnt","CV2","1","4",0.127466666666667
"M3","genome-wide","YPPlnt","CV2","1","4",0.0833222222222222
"M2","haplotype-tagged","YPPlnt","CV2","1","4",0.108133333333333
"M3","haplotype-tagged","YPPlnt","CV2","1","4",0.0973
"M2","genome-wide","DTF","CV0","2","4",0.5919
"M3","genome-wide","DTF","CV0","2","4",0.59255
"M2","haplotype-tagged","DTF","CV0","2","4",0.5959
"M3","haplotype-tagged","DTF","CV0","2","4",0.594
"M2","genome-wide","DTM","CV0","2","4",0.5598
"M3","genome-wide","DTM","CV0","2","4",0.5506
"M2","haplotype-tagged","DTM","CV0","2","4",0.5422
"M3","haplotype-tagged","DTM","CV0","2","4",0.53165
"M2","genome-wide","HSW","CV0","2","4",0.71505
"M3","genome-wide","HSW","CV0","2","4",0.7152
"M2","haplotype-tagged","HSW","CV0","2","4",0.7142
"M3","haplotype-tagged","HSW","CV0","2","4",0.7136
"M2","genome-wide","PH","CV0","2","4",0.66635
"M3","genome-wide","PH","CV0","2","4",0.6605
"M2","haplotype-tagged","PH","CV0","2","4",0.65665
"M3","haplotype-tagged","PH","CV0","2","4",0.64625
"M2","genome-wide","PPP","CV0","2","4",0.24505
"M3","genome-wide","PPP","CV0","2","4",0.2364
"M2","haplotype-tagged","PPP","CV0","2","4",0.2215
"M3","haplotype-tagged","PPP","CV0","2","4",0.20525
"M2","genome-wide","YPPlnt","CV0","2","4",0.0731
"M3","genome-wide","YPPlnt","CV0","2","4",0.0691
"M2","haplotype-tagged","YPPlnt","CV0","2","4",0.0649
"M3","haplotype-tagged","YPPlnt","CV0","2","4",0.06665
"M2","genome-wide","DTF","CV00","2","4",0.4052
"M3","genome-wide","DTF","CV00","2","4",0.39425
"M2","haplotype-tagged","DTF","CV00","2","4",0.22235
"M3","haplotype-tagged","DTF","CV00","2","4",0.2496
"M2","genome-wide","DTM","CV00","2","4",0.1559
"M3","genome-wide","DTM","CV00","2","4",0.1346
"M2","haplotype-tagged","DTM","CV00","2","4",0.0517
"M3","haplotype-tagged","DTM","CV00","2","4",0.1235
"M2","genome-wide","HSW","CV00","2","4",0.494
"M3","genome-wide","HSW","CV00","2","4",0.48445
"M2","haplotype-tagged","HSW","CV00","2","4",0.3405
"M3","haplotype-tagged","HSW","CV00","2","4",0.36955
"M2","genome-wide","PH","CV00","2","4",0.4237
"M3","genome-wide","PH","CV00","2","4",0.43685
"M2","haplotype-tagged","PH","CV00","2","4",0.4337
"M3","haplotype-tagged","PH","CV00","2","4",0.45975
"M2","genome-wide","PPP","CV00","2","4",0.2689
"M3","genome-wide","PPP","CV00","2","4",0.2638
"M2","haplotype-tagged","PPP","CV00","2","4",0.2293
"M3","haplotype-tagged","PPP","CV00","2","4",0.1267
"M2","genome-wide","YPPlnt","CV00","2","4",0.27455
"M3","genome-wide","YPPlnt","CV00","2","4",0.2597
"M2","haplotype-tagged","YPPlnt","CV00","2","4",0.21395
"M3","haplotype-tagged","YPPlnt","CV00","2","4",-0.00415
"M2","genome-wide","DTF","CV1","2","4",0.265211111111111
"M3","genome-wide","DTF","CV1","2","4",0.316166666666667
"M2","haplotype-tagged","DTF","CV1","2","4",0.126533333333333
"M3","haplotype-tagged","DTF","CV1","2","4",0.220588888888889
"M2","genome-wide","DTM","CV1","2","4",0.241288888888889
"M3","genome-wide","DTM","CV1","2","4",0.201011111111111
"M2","haplotype-tagged","DTM","CV1","2","4",0.278466666666667
"M3","haplotype-tagged","DTM","CV1","2","4",0.111677777777778
"M2","genome-wide","HSW","CV1","2","4",0.488122222222222
"M3","genome-wide","HSW","CV1","2","4",0.486544444444444
"M2","haplotype-tagged","HSW","CV1","2","4",0.522655555555556
"M3","haplotype-tagged","HSW","CV1","2","4",0.478944444444444
"M2","genome-wide","PH","CV1","2","4",0.258555555555556
"M3","genome-wide","PH","CV1","2","4",0.259555555555556
"M2","haplotype-tagged","PH","CV1","2","4",0.3348
"M3","haplotype-tagged","PH","CV1","2","4",0.343644444444444
"M2","genome-wide","PPP","CV1","2","4",0.179866666666667
"M3","genome-wide","PPP","CV1","2","4",0.107633333333333
"M2","haplotype-tagged","PPP","CV1","2","4",0.143933333333333
"M3","haplotype-tagged","PPP","CV1","2","4",0.113333333333333
"M2","genome-wide","YPPlnt","CV1","2","4",0.136911111111111
"M3","genome-wide","YPPlnt","CV1","2","4",0.0817777777777778
"M2","haplotype-tagged","YPPlnt","CV1","2","4",0.219244444444444
"M3","haplotype-tagged","YPPlnt","CV1","2","4",0.107477777777778
"M2","genome-wide","DTF","CV2","2","4",0.565022222222222
"M3","genome-wide","DTF","CV2","2","4",0.549844444444444
"M2","haplotype-tagged","DTF","CV2","2","4",0.564077777777778
"M3","haplotype-tagged","DTF","CV2","2","4",0.560011111111111
"M2","genome-wide","DTM","CV2","2","4",0.5082
"M3","genome-wide","DTM","CV2","2","4",0.492688888888889
"M2","haplotype-tagged","DTM","CV2","2","4",0.511388888888889
"M3","haplotype-tagged","DTM","CV2","2","4",0.500155555555556
"M2","genome-wide","HSW","CV2","2","4",0.725422222222222
"M3","genome-wide","HSW","CV2","2","4",0.716733333333333
"M2","haplotype-tagged","HSW","CV2","2","4",0.726666666666667
"M3","haplotype-tagged","HSW","CV2","2","4",0.725277777777778
"M2","genome-wide","PH","CV2","2","4",0.527066666666667
"M3","genome-wide","PH","CV2","2","4",0.526966666666667
"M2","haplotype-tagged","PH","CV2","2","4",0.522411111111111
"M3","haplotype-tagged","PH","CV2","2","4",0.524944444444444
"M2","genome-wide","PPP","CV2","2","4",0.0668888888888889
"M3","genome-wide","PPP","CV2","2","4",0.0922888888888889
"M2","haplotype-tagged","PPP","CV2","2","4",0.0411888888888889
"M3","haplotype-tagged","PPP","CV2","2","4",0.0623444444444444
"M2","genome-wide","YPPlnt","CV2","2","4",0.0722888888888889
"M3","genome-wide","YPPlnt","CV2","2","4",0.106966666666667
"M2","haplotype-tagged","YPPlnt","CV2","2","4",0.0492555555555556
"M3","haplotype-tagged","YPPlnt","CV2","2","4",0.0630888888888889
"M2","genome-wide","DTF","CV0","3","4",0.5119
"M3","genome-wide","DTF","CV0","3","4",0.51315
"M2","haplotype-tagged","DTF","CV0","3","4",0.5114
"M3","haplotype-tagged","DTF","CV0","3","4",0.51055
"M2","genome-wide","DTM","CV0","3","4",0.4706
"M3","genome-wide","DTM","CV0","3","4",0.46405
"M2","haplotype-tagged","DTM","CV0","3","4",0.4611
"M3","haplotype-tagged","DTM","CV0","3","4",0.45995
"M2","genome-wide","HSW","CV0","3","4",0.7422
"M3","genome-wide","HSW","CV0","3","4",0.7457
"M2","haplotype-tagged","HSW","CV0","3","4",0.74355
"M3","haplotype-tagged","HSW","CV0","3","4",0.74495
"M2","genome-wide","PH","CV0","3","4",0.3543
"M3","genome-wide","PH","CV0","3","4",0.35515
"M2","haplotype-tagged","PH","CV0","3","4",0.35745
"M3","haplotype-tagged","PH","CV0","3","4",0.35645
"M2","genome-wide","PPP","CV0","3","4",0.055
"M3","genome-wide","PPP","CV0","3","4",0.05805
"M2","haplotype-tagged","PPP","CV0","3","4",0.0557
"M3","haplotype-tagged","PPP","CV0","3","4",0.05915
"M2","genome-wide","YPPlnt","CV0","3","4",0.18685
"M3","genome-wide","YPPlnt","CV0","3","4",0.185
"M2","haplotype-tagged","YPPlnt","CV0","3","4",0.1755
"M3","haplotype-tagged","YPPlnt","CV0","3","4",0.1727
"M2","genome-wide","DTF","CV00","3","4",0.5791
"M3","genome-wide","DTF","CV00","3","4",0.5776
"M2","haplotype-tagged","DTF","CV00","3","4",0.4381
"M3","haplotype-tagged","DTF","CV00","3","4",0.43205
"M2","genome-wide","DTM","CV00","3","4",0.35655
"M3","genome-wide","DTM","CV00","3","4",0.36435
"M2","haplotype-tagged","DTM","CV00","3","4",0.2292
"M3","haplotype-tagged","DTM","CV00","3","4",0.3636
"M2","genome-wide","HSW","CV00","3","4",0.4445
"M3","genome-wide","HSW","CV00","3","4",0.4451
"M2","haplotype-tagged","HSW","CV00","3","4",0.3696
"M3","haplotype-tagged","HSW","CV00","3","4",0.2428
"M2","genome-wide","PH","CV00","3","4",0.19975
"M3","genome-wide","PH","CV00","3","4",0.17565
"M2","haplotype-tagged","PH","CV00","3","4",0.32035
"M3","haplotype-tagged","PH","CV00","3","4",0.28605
"M2","genome-wide","PPP","CV00","3","4",0.4175
"M3","genome-wide","PPP","CV00","3","4",0.4264
"M2","haplotype-tagged","PPP","CV00","3","4",0.3039
"M3","haplotype-tagged","PPP","CV00","3","4",0.21475
"M2","genome-wide","YPPlnt","CV00","3","4",0.25215
"M3","genome-wide","YPPlnt","CV00","3","4",0.19285
"M2","haplotype-tagged","YPPlnt","CV00","3","4",0.31345
"M3","haplotype-tagged","YPPlnt","CV00","3","4",0.2679
"M2","genome-wide","DTF","CV1","3","4",0.527788888888889
"M3","genome-wide","DTF","CV1","3","4",0.5549
"M2","haplotype-tagged","DTF","CV1","3","4",0.393922222222222
"M3","haplotype-tagged","DTF","CV1","3","4",0.442533333333333
"M2","genome-wide","DTM","CV1","3","4",0.493133333333333
"M3","genome-wide","DTM","CV1","3","4",0.432711111111111
"M2","haplotype-tagged","DTM","CV1","3","4",0.401055555555556
"M3","haplotype-tagged","DTM","CV1","3","4",0.289288888888889
"M2","genome-wide","HSW","CV1","3","4",0.6596
"M3","genome-wide","HSW","CV1","3","4",0.642366666666667
"M2","haplotype-tagged","HSW","CV1","3","4",0.660388888888889
"M3","haplotype-tagged","HSW","CV1","3","4",0.5928
"M2","genome-wide","PH","CV1","3","4",0.460155555555556
"M3","genome-wide","PH","CV1","3","4",0.507111111111111
"M2","haplotype-tagged","PH","CV1","3","4",0.411455555555556
"M3","haplotype-tagged","PH","CV1","3","4",0.4746
"M2","genome-wide","PPP","CV1","3","4",0.175311111111111
"M3","genome-wide","PPP","CV1","3","4",0.188177777777778
"M2","haplotype-tagged","PPP","CV1","3","4",0.131977777777778
"M3","haplotype-tagged","PPP","CV1","3","4",0.1744
"M2","genome-wide","YPPlnt","CV1","3","4",0.0795222222222222
"M3","genome-wide","YPPlnt","CV1","3","4",0.136922222222222
"M2","haplotype-tagged","YPPlnt","CV1","3","4",0.122944444444444
"M3","haplotype-tagged","YPPlnt","CV1","3","4",0.179777777777778
"M2","genome-wide","DTF","CV2","3","4",0.619844444444444
"M3","genome-wide","DTF","CV2","3","4",0.590122222222222
"M2","haplotype-tagged","DTF","CV2","3","4",0.616133333333333
"M3","haplotype-tagged","DTF","CV2","3","4",0.619677777777778
"M2","genome-wide","DTM","CV2","3","4",0.432444444444444
"M3","genome-wide","DTM","CV2","3","4",0.444766666666667
"M2","haplotype-tagged","DTM","CV2","3","4",0.436722222222222
"M3","haplotype-tagged","DTM","CV2","3","4",0.459544444444444
"M2","genome-wide","HSW","CV2","3","4",0.740988888888889
"M3","genome-wide","HSW","CV2","3","4",0.742222222222222
"M2","haplotype-tagged","HSW","CV2","3","4",0.740733333333333
"M3","haplotype-tagged","HSW","CV2","3","4",0.741166666666667
"M2","genome-wide","PH","CV2","3","4",0.542611111111111
"M3","genome-wide","PH","CV2","3","4",0.527
"M2","haplotype-tagged","PH","CV2","3","4",0.547388888888889
"M3","haplotype-tagged","PH","CV2","3","4",0.547644444444444
"M2","genome-wide","PPP","CV2","3","4",0.185166666666667
"M3","genome-wide","PPP","CV2","3","4",0.1805
"M2","haplotype-tagged","PPP","CV2","3","4",0.161077777777778
"M3","haplotype-tagged","PPP","CV2","3","4",0.131966666666667
"M2","genome-wide","YPPlnt","CV2","3","4",0.231877777777778
"M3","genome-wide","YPPlnt","CV2","3","4",0.233966666666667
"M2","haplotype-tagged","YPPlnt","CV2","3","4",0.211933333333333
"M3","haplotype-tagged","YPPlnt","CV2","3","4",0.215788888888889
"M2","genome-wide","DTF","CV0","4","4",0.63315
"M3","genome-wide","DTF","CV0","4","4",0.62645
"M2","haplotype-tagged","DTF","CV0","4","4",0.62555
"M3","haplotype-tagged","DTF","CV0","4","4",0.6225
"M2","genome-wide","DTM","CV0","4","4",0.4592
"M3","genome-wide","DTM","CV0","4","4",0.4613
"M2","haplotype-tagged","DTM","CV0","4","4",0.4588
"M3","haplotype-tagged","DTM","CV0","4","4",0.46175
"M2","genome-wide","HSW","CV0","4","4",0.7911
"M3","genome-wide","HSW","CV0","4","4",0.7909
"M2","haplotype-tagged","HSW","CV0","4","4",0.7888
"M3","haplotype-tagged","HSW","CV0","4","4",0.78865
"M2","genome-wide","PH","CV0","4","4",0.2803
"M3","genome-wide","PH","CV0","4","4",0.2831
"M2","haplotype-tagged","PH","CV0","4","4",0.2858
"M3","haplotype-tagged","PH","CV0","4","4",0.2867
"M2","genome-wide","PPP","CV0","4","4",0.1645
"M3","genome-wide","PPP","CV0","4","4",0.14155
"M2","haplotype-tagged","PPP","CV0","4","4",0.1444
"M3","haplotype-tagged","PPP","CV0","4","4",0.0987
"M2","genome-wide","YPPlnt","CV0","4","4",0.10255
"M3","genome-wide","YPPlnt","CV0","4","4",0.0764
"M2","haplotype-tagged","YPPlnt","CV0","4","4",0.0777
"M3","haplotype-tagged","YPPlnt","CV0","4","4",0.0766
"M2","genome-wide","DTF","CV00","4","4",0.4934
"M3","genome-wide","DTF","CV00","4","4",0.5151
"M2","haplotype-tagged","DTF","CV00","4","4",0.4408
"M3","haplotype-tagged","DTF","CV00","4","4",0.23475
"M2","genome-wide","DTM","CV00","4","4",0.34985
"M3","genome-wide","DTM","CV00","4","4",0.35215
"M2","haplotype-tagged","DTM","CV00","4","4",0.3897
"M3","haplotype-tagged","DTM","CV00","4","4",0.31655
"M2","genome-wide","HSW","CV00","4","4",0.72635
"M3","genome-wide","HSW","CV00","4","4",0.688
"M2","haplotype-tagged","HSW","CV00","4","4",0.7429
"M3","haplotype-tagged","HSW","CV00","4","4",0.73045
"M2","genome-wide","PH","CV00","4","4",0.566
"M3","genome-wide","PH","CV00","4","4",0.59595
"M2","haplotype-tagged","PH","CV00","4","4",0.533
"M3","haplotype-tagged","PH","CV00","4","4",0.49075
"M2","genome-wide","PPP","CV00","4","4",0.4266
"M3","genome-wide","PPP","CV00","4","4",0.38945
"M2","haplotype-tagged","PPP","CV00","4","4",0.3688
"M3","haplotype-tagged","PPP","CV00","4","4",0.3642
"M2","genome-wide","YPPlnt","CV00","4","4",0.25505
"M3","genome-wide","YPPlnt","CV00","4","4",0.24575
"M2","haplotype-tagged","YPPlnt","CV00","4","4",0.15005
"M3","haplotype-tagged","YPPlnt","CV00","4","4",0.22525
"M2","genome-wide","DTF","CV1","4","4",0.343377777777778
"M3","genome-wide","DTF","CV1","4","4",0.340477777777778
"M2","haplotype-tagged","DTF","CV1","4","4",0.261577777777778
"M3","haplotype-tagged","DTF","CV1","4","4",0.245933333333333
"M2","genome-wide","DTM","CV1","4","4",0.233211111111111
"M3","genome-wide","DTM","CV1","4","4",0.192266666666667
"M2","haplotype-tagged","DTM","CV1","4","4",0.162455555555556
"M3","haplotype-tagged","DTM","CV1","4","4",0.165511111111111
"M2","genome-wide","HSW","CV1","4","4",0.628866666666667
"M3","genome-wide","HSW","CV1","4","4",0.621655555555556
"M2","haplotype-tagged","HSW","CV1","4","4",0.463755555555556
"M3","haplotype-tagged","HSW","CV1","4","4",0.442088888888889
"M2","genome-wide","PH","CV1","4","4",0.245311111111111
"M3","genome-wide","PH","CV1","4","4",0.259277777777778
"M2","haplotype-tagged","PH","CV1","4","4",0.2429
"M3","haplotype-tagged","PH","CV1","4","4",0.218322222222222
"M2","genome-wide","PPP","CV1","4","4",0.0845555555555556
"M3","genome-wide","PPP","CV1","4","4",0.129488888888889
"M2","haplotype-tagged","PPP","CV1","4","4",0.0756888888888889
"M3","haplotype-tagged","PPP","CV1","4","4",0.0364444444444444
"M2","genome-wide","YPPlnt","CV1","4","4",0.0715111111111111
"M3","genome-wide","YPPlnt","CV1","4","4",0.104344444444444
"M2","haplotype-tagged","YPPlnt","CV1","4","4",0.111922222222222
"M3","haplotype-tagged","YPPlnt","CV1","4","4",0.0716
"M2","genome-wide","DTF","CV2","4","4",0.627822222222222
"M3","genome-wide","DTF","CV2","4","4",0.601344444444444
"M2","haplotype-tagged","DTF","CV2","4","4",0.624244444444444
"M3","haplotype-tagged","DTF","CV2","4","4",0.621788888888889
"M2","genome-wide","DTM","CV2","4","4",0.471733333333333
"M3","genome-wide","DTM","CV2","4","4",0.468366666666667
"M2","haplotype-tagged","DTM","CV2","4","4",0.4569
"M3","haplotype-tagged","DTM","CV2","4","4",0.475588888888889
"M2","genome-wide","HSW","CV2","4","4",0.762777777777778
"M3","genome-wide","HSW","CV2","4","4",0.759733333333333
"M2","haplotype-tagged","HSW","CV2","4","4",0.7544
"M3","haplotype-tagged","HSW","CV2","4","4",0.757333333333333
"M2","genome-wide","PH","CV2","4","4",0.465511111111111
"M3","genome-wide","PH","CV2","4","4",0.457966666666667
"M2","haplotype-tagged","PH","CV2","4","4",0.460477777777778
"M3","haplotype-tagged","PH","CV2","4","4",0.464333333333333
"M2","genome-wide","PPP","CV2","4","4",0.173866666666667
"M3","genome-wide","PPP","CV2","4","4",0.136044444444444
"M2","haplotype-tagged","PPP","CV2","4","4",0.146877777777778
"M3","haplotype-tagged","PPP","CV2","4","4",0.155422222222222
"M2","genome-wide","YPPlnt","CV2","4","4",0.0807333333333333
"M3","genome-wide","YPPlnt","CV2","4","4",0.0315333333333333
"M2","haplotype-tagged","YPPlnt","CV2","4","4",0.0736555555555556
"M3","haplotype-tagged","YPPlnt","CV2","4","4",0.0606666666666667
"M2","genome-wide","DTF","CV0","5","4",0.6097
"M3","genome-wide","DTF","CV0","5","4",0.60925
"M2","haplotype-tagged","DTF","CV0","5","4",0.60975
"M3","haplotype-tagged","DTF","CV0","5","4",0.60615
"M2","genome-wide","DTM","CV0","5","4",0.5742
"M3","genome-wide","DTM","CV0","5","4",0.5686
"M2","haplotype-tagged","DTM","CV0","5","4",0.5574
"M3","haplotype-tagged","DTM","CV0","5","4",0.5479
"M2","genome-wide","HSW","CV0","5","4",0.75185
"M3","genome-wide","HSW","CV0","5","4",0.7545
"M2","haplotype-tagged","HSW","CV0","5","4",0.75045
"M3","haplotype-tagged","HSW","CV0","5","4",0.7501
"M2","genome-wide","PH","CV0","5","4",0.6934
"M3","genome-wide","PH","CV0","5","4",0.6946
"M2","haplotype-tagged","PH","CV0","5","4",0.68505
"M3","haplotype-tagged","PH","CV0","5","4",0.67495
"M2","genome-wide","PPP","CV0","5","4",0.24425
"M3","genome-wide","PPP","CV0","5","4",0.2396
"M2","haplotype-tagged","PPP","CV0","5","4",0.2244
"M3","haplotype-tagged","PPP","CV0","5","4",0.2086
"M2","genome-wide","YPPlnt","CV0","5","4",0.1325
"M3","genome-wide","YPPlnt","CV0","5","4",0.12605
"M2","haplotype-tagged","YPPlnt","CV0","5","4",0.1362
"M3","haplotype-tagged","YPPlnt","CV0","5","4",0.1395
"M2","genome-wide","DTF","CV00","5","4",0.34875
"M3","genome-wide","DTF","CV00","5","4",0.3644
"M2","haplotype-tagged","DTF","CV00","5","4",0.1901
"M3","haplotype-tagged","DTF","CV00","5","4",0.16085
"M2","genome-wide","DTM","CV00","5","4",0.23055
"M3","genome-wide","DTM","CV00","5","4",0.26545
"M2","haplotype-tagged","DTM","CV00","5","4",0.10375
"M3","haplotype-tagged","DTM","CV00","5","4",0.2389
"M2","genome-wide","HSW","CV00","5","4",0.5985
"M3","genome-wide","HSW","CV00","5","4",0.61505
"M2","haplotype-tagged","HSW","CV00","5","4",0.55575
"M3","haplotype-tagged","HSW","CV00","5","4",0.61685
"M2","genome-wide","PH","CV00","5","4",0.11355
"M3","genome-wide","PH","CV00","5","4",0.1114
"M2","haplotype-tagged","PH","CV00","5","4",0.1361
"M3","haplotype-tagged","PH","CV00","5","4",0.1439
"M2","genome-wide","PPP","CV00","5","4",0.13195
"M3","genome-wide","PPP","CV00","5","4",0.08875
"M2","haplotype-tagged","PPP","CV00","5","4",0.12745
"M3","haplotype-tagged","PPP","CV00","5","4",-0.00455
"M2","genome-wide","YPPlnt","CV00","5","4",0.00265
"M3","genome-wide","YPPlnt","CV00","5","4",-0.03625
"M2","haplotype-tagged","YPPlnt","CV00","5","4",0.2057
"M3","haplotype-tagged","YPPlnt","CV00","5","4",-0.13285
"M2","genome-wide","DTF","CV1","5","4",0.491811111111111
"M3","genome-wide","DTF","CV1","5","4",0.514111111111111
"M2","haplotype-tagged","DTF","CV1","5","4",0.301744444444444
"M3","haplotype-tagged","DTF","CV1","5","4",0.190522222222222
"M2","genome-wide","DTM","CV1","5","4",0.465311111111111
"M3","genome-wide","DTM","CV1","5","4",0.420922222222222
"M2","haplotype-tagged","DTM","CV1","5","4",0.288666666666667
"M3","haplotype-tagged","DTM","CV1","5","4",0.245366666666667
"M2","genome-wide","HSW","CV1","5","4",0.551911111111111
"M3","genome-wide","HSW","CV1","5","4",0.555333333333333
"M2","haplotype-tagged","HSW","CV1","5","4",0.370011111111111
"M3","haplotype-tagged","HSW","CV1","5","4",0.330844444444444
"M2","genome-wide","PH","CV1","5","4",0.481122222222222
"M3","genome-wide","PH","CV1","5","4",0.479177777777778
"M2","haplotype-tagged","PH","CV1","5","4",0.483533333333333
"M3","haplotype-tagged","PH","CV1","5","4",0.492088888888889
"M2","genome-wide","PPP","CV1","5","4",0.139211111111111
"M3","genome-wide","PPP","CV1","5","4",0.131666666666667
"M2","haplotype-tagged","PPP","CV1","5","4",0.109366666666667
"M3","haplotype-tagged","PPP","CV1","5","4",0.0682666666666667
"M2","genome-wide","YPPlnt","CV1","5","4",0.175711111111111
"M3","genome-wide","YPPlnt","CV1","5","4",0.1555
"M2","haplotype-tagged","YPPlnt","CV1","5","4",0.0698444444444444
"M3","haplotype-tagged","YPPlnt","CV1","5","4",0.0813
"M2","genome-wide","DTF","CV2","5","4",0.482511111111111
"M3","genome-wide","DTF","CV2","5","4",0.491577777777778
"M2","haplotype-tagged","DTF","CV2","5","4",0.476055555555556
"M3","haplotype-tagged","DTF","CV2","5","4",0.464022222222222
"M2","genome-wide","DTM","CV2","5","4",0.454844444444444
"M3","genome-wide","DTM","CV2","5","4",0.459188888888889
"M2","haplotype-tagged","DTM","CV2","5","4",0.446344444444444
"M3","haplotype-tagged","DTM","CV2","5","4",0.456722222222222
"M2","genome-wide","HSW","CV2","5","4",0.791811111111111
"M3","genome-wide","HSW","CV2","5","4",0.780411111111111
"M2","haplotype-tagged","HSW","CV2","5","4",0.792255555555556
"M3","haplotype-tagged","HSW","CV2","5","4",0.784288888888889
"M2","genome-wide","PH","CV2","5","4",0.538933333333333
"M3","genome-wide","PH","CV2","5","4",0.560922222222222
"M2","haplotype-tagged","PH","CV2","5","4",0.532422222222222
"M3","haplotype-tagged","PH","CV2","5","4",0.538277777777778
"M2","genome-wide","PPP","CV2","5","4",0.227188888888889
"M3","genome-wide","PPP","CV2","5","4",0.2584
"M2","haplotype-tagged","PPP","CV2","5","4",0.216366666666667
"M3","haplotype-tagged","PPP","CV2","5","4",0.260166666666667
"M2","genome-wide","YPPlnt","CV2","5","4",0.1218
"M3","genome-wide","YPPlnt","CV2","5","4",0.116011111111111
"M2","haplotype-tagged","YPPlnt","CV2","5","4",0.105233333333333
"M3","haplotype-tagged","YPPlnt","CV2","5","4",0.0881777777777778
"M2","genome-wide","DTF","CV0","6","4",0.73845
"M3","genome-wide","DTF","CV0","6","4",0.73515
"M2","haplotype-tagged","DTF","CV0","6","4",0.73385
"M3","haplotype-tagged","DTF","CV0","6","4",0.7365
"M2","genome-wide","DTM","CV0","6","4",0.57345
"M3","genome-wide","DTM","CV0","6","4",0.56495
"M2","haplotype-tagged","DTM","CV0","6","4",0.5651
"M3","haplotype-tagged","DTM","CV0","6","4",0.56465
"M2","genome-wide","HSW","CV0","6","4",0.8403
"M3","genome-wide","HSW","CV0","6","4",0.8398
"M2","haplotype-tagged","HSW","CV0","6","4",0.8359
"M3","haplotype-tagged","HSW","CV0","6","4",0.83495
"M2","genome-wide","PH","CV0","6","4",0.74785
"M3","genome-wide","PH","CV0","6","4",0.74295
"M2","haplotype-tagged","PH","CV0","6","4",0.7378
"M3","haplotype-tagged","PH","CV0","6","4",0.73375
"M2","genome-wide","PPP","CV0","6","4",0.32585
"M3","genome-wide","PPP","CV0","6","4",0.28905
"M2","haplotype-tagged","PPP","CV0","6","4",0.2853
"M3","haplotype-tagged","PPP","CV0","6","4",0.256
"M2","genome-wide","YPPlnt","CV0","6","4",0.14145
"M3","genome-wide","YPPlnt","CV0","6","4",0.1474
"M2","haplotype-tagged","YPPlnt","CV0","6","4",0.14715
"M3","haplotype-tagged","YPPlnt","CV0","6","4",0.1394
"M2","genome-wide","DTF","CV00","6","4",0.2738
"M3","genome-wide","DTF","CV00","6","4",0.2491
"M2","haplotype-tagged","DTF","CV00","6","4",0.1704
"M3","haplotype-tagged","DTF","CV00","6","4",0.28815
"M2","genome-wide","DTM","CV00","6","4",0.1257
"M3","genome-wide","DTM","CV00","6","4",0.09835
"M2","haplotype-tagged","DTM","CV00","6","4",0.1389
"M3","haplotype-tagged","DTM","CV00","6","4",0.0835
"M2","genome-wide","HSW","CV00","6","4",0.54015
"M3","genome-wide","HSW","CV00","6","4",0.55195
"M2","haplotype-tagged","HSW","CV00","6","4",0.458
"M3","haplotype-tagged","HSW","CV00","6","4",0.4497
"M2","genome-wide","PH","CV00","6","4",0.49265
"M3","genome-wide","PH","CV00","6","4",0.47745
"M2","haplotype-tagged","PH","CV00","6","4",0.53445
"M3","haplotype-tagged","PH","CV00","6","4",0.47445
"M2","genome-wide","PPP","CV00","6","4",0.2257
"M3","genome-wide","PPP","CV00","6","4",0.19975
"M2","haplotype-tagged","PPP","CV00","6","4",0.31005
"M3","haplotype-tagged","PPP","CV00","6","4",0.2026
"M2","genome-wide","YPPlnt","CV00","6","4",0.0534
"M3","genome-wide","YPPlnt","CV00","6","4",0.1279
"M2","haplotype-tagged","YPPlnt","CV00","6","4",-0.04105
"M3","haplotype-tagged","YPPlnt","CV00","6","4",0.0276
"M2","genome-wide","DTF","CV1","6","4",0.4473
"M3","genome-wide","DTF","CV1","6","4",0.471244444444444
"M2","haplotype-tagged","DTF","CV1","6","4",0.251566666666667
"M3","haplotype-tagged","DTF","CV1","6","4",0.3431
"M2","genome-wide","DTM","CV1","6","4",0.407311111111111
"M3","genome-wide","DTM","CV1","6","4",0.394933333333333
"M2","haplotype-tagged","DTM","CV1","6","4",0.2693
"M3","haplotype-tagged","DTM","CV1","6","4",0.297588888888889
"M2","genome-wide","HSW","CV1","6","4",0.4815
"M3","genome-wide","HSW","CV1","6","4",0.470888888888889
"M2","haplotype-tagged","HSW","CV1","6","4",0.517355555555556
"M3","haplotype-tagged","HSW","CV1","6","4",0.502722222222222
"M2","genome-wide","PH","CV1","6","4",0.527877777777778
"M3","genome-wide","PH","CV1","6","4",0.551711111111111
"M2","haplotype-tagged","PH","CV1","6","4",0.542766666666667
"M3","haplotype-tagged","PH","CV1","6","4",0.532666666666667
"M2","genome-wide","PPP","CV1","6","4",0.256211111111111
"M3","genome-wide","PPP","CV1","6","4",0.160811111111111
"M2","haplotype-tagged","PPP","CV1","6","4",0.198844444444444
"M3","haplotype-tagged","PPP","CV1","6","4",0.0892888888888889
"M2","genome-wide","YPPlnt","CV1","6","4",0.175366666666667
"M3","genome-wide","YPPlnt","CV1","6","4",0.1545
"M2","haplotype-tagged","YPPlnt","CV1","6","4",0.0938222222222222
"M3","haplotype-tagged","YPPlnt","CV1","6","4",0.153655555555556
"M2","genome-wide","DTF","CV2","6","4",0.597077777777778
"M3","genome-wide","DTF","CV2","6","4",0.590644444444444
"M2","haplotype-tagged","DTF","CV2","6","4",0.595455555555556
"M3","haplotype-tagged","DTF","CV2","6","4",0.589155555555556
"M2","genome-wide","DTM","CV2","6","4",0.4651
"M3","genome-wide","DTM","CV2","6","4",0.4475
"M2","haplotype-tagged","DTM","CV2","6","4",0.454833333333333
"M3","haplotype-tagged","DTM","CV2","6","4",0.455866666666667
"M2","genome-wide","HSW","CV2","6","4",0.781933333333333
"M3","genome-wide","HSW","CV2","6","4",0.785466666666667
"M2","haplotype-tagged","HSW","CV2","6","4",0.778422222222222
"M3","haplotype-tagged","HSW","CV2","6","4",0.780022222222222
"M2","genome-wide","PH","CV2","6","4",0.619455555555556
"M3","genome-wide","PH","CV2","6","4",0.612377777777778
"M2","haplotype-tagged","PH","CV2","6","4",0.609088888888889
"M3","haplotype-tagged","PH","CV2","6","4",0.601477777777778
"M2","genome-wide","PPP","CV2","6","4",0.174788888888889
"M3","genome-wide","PPP","CV2","6","4",0.168211111111111
"M2","haplotype-tagged","PPP","CV2","6","4",0.158933333333333
"M3","haplotype-tagged","PPP","CV2","6","4",0.162455555555556
"M2","genome-wide","YPPlnt","CV2","6","4",0.0462
"M3","genome-wide","YPPlnt","CV2","6","4",0.0687777777777778
"M2","haplotype-tagged","YPPlnt","CV2","6","4",0.0407222222222222
"M3","haplotype-tagged","YPPlnt","CV2","6","4",0.0553555555555556
"M2","genome-wide","DTF","CV0","7","4",0.6341
"M3","genome-wide","DTF","CV0","7","4",0.6299
"M2","haplotype-tagged","DTF","CV0","7","4",0.62555
"M3","haplotype-tagged","DTF","CV0","7","4",0.6181
"M2","genome-wide","DTM","CV0","7","4",0.4579
"M3","genome-wide","DTM","CV0","7","4",0.46315
"M2","haplotype-tagged","DTM","CV0","7","4",0.4599
"M3","haplotype-tagged","DTM","CV0","7","4",0.46255
"M2","genome-wide","HSW","CV0","7","4",0.7911
"M3","genome-wide","HSW","CV0","7","4",0.7901
"M2","haplotype-tagged","HSW","CV0","7","4",0.78855
"M3","haplotype-tagged","HSW","CV0","7","4",0.78715
"M2","genome-wide","PH","CV0","7","4",0.28025
"M3","genome-wide","PH","CV0","7","4",0.28315
"M2","haplotype-tagged","PH","CV0","7","4",0.28495
"M3","haplotype-tagged","PH","CV0","7","4",0.2873
"M2","genome-wide","PPP","CV0","7","4",0.1653
"M3","genome-wide","PPP","CV0","7","4",0.14775
"M2","haplotype-tagged","PPP","CV0","7","4",0.15015
"M3","haplotype-tagged","PPP","CV0","7","4",0.1237
"M2","genome-wide","YPPlnt","CV0","7","4",0.10545
"M3","genome-wide","YPPlnt","CV0","7","4",0.0755
"M2","haplotype-tagged","YPPlnt","CV0","7","4",0.0816
"M3","haplotype-tagged","YPPlnt","CV0","7","4",0.0796
"M2","genome-wide","DTF","CV00","7","4",0.34175
"M3","genome-wide","DTF","CV00","7","4",0.3949
"M2","haplotype-tagged","DTF","CV00","7","4",0.28415
"M3","haplotype-tagged","DTF","CV00","7","4",0.13585
"M2","genome-wide","DTM","CV00","7","4",0.3251
"M3","genome-wide","DTM","CV00","7","4",0.32925
"M2","haplotype-tagged","DTM","CV00","7","4",0.2455
"M3","haplotype-tagged","DTM","CV00","7","4",0.2005
"M2","genome-wide","HSW","CV00","7","4",0.61885
"M3","genome-wide","HSW","CV00","7","4",0.60785
"M2","haplotype-tagged","HSW","CV00","7","4",0.49465
"M3","haplotype-tagged","HSW","CV00","7","4",0.5204
"M2","genome-wide","PH","CV00","7","4",0.21055
"M3","genome-wide","PH","CV00","7","4",0.2114
"M2","haplotype-tagged","PH","CV00","7","4",0.21255
"M3","haplotype-tagged","PH","CV00","7","4",0.1835
"M2","genome-wide","PPP","CV00","7","4",0.1421
"M3","genome-wide","PPP","CV00","7","4",0.161
"M2","haplotype-tagged","PPP","CV00","7","4",0.1883
"M3","haplotype-tagged","PPP","CV00","7","4",0.18165
"M2","genome-wide","YPPlnt","CV00","7","4",0.2723
"M3","genome-wide","YPPlnt","CV00","7","4",0.2204
"M2","haplotype-tagged","YPPlnt","CV00","7","4",0.1369
"M3","haplotype-tagged","YPPlnt","CV00","7","4",0.16185
"M2","genome-wide","DTF","CV1","7","4",0.352677777777778
"M3","genome-wide","DTF","CV1","7","4",0.351277777777778
"M2","haplotype-tagged","DTF","CV1","7","4",0.2146
"M3","haplotype-tagged","DTF","CV1","7","4",0.2913
"M2","genome-wide","DTM","CV1","7","4",0.421933333333333
"M3","genome-wide","DTM","CV1","7","4",0.3368
"M2","haplotype-tagged","DTM","CV1","7","4",0.307288888888889
"M3","haplotype-tagged","DTM","CV1","7","4",0.246988888888889
"M2","genome-wide","HSW","CV1","7","4",0.581666666666667
"M3","genome-wide","HSW","CV1","7","4",0.5787
"M2","haplotype-tagged","HSW","CV1","7","4",0.431211111111111
"M3","haplotype-tagged","HSW","CV1","7","4",0.421011111111111
"M2","genome-wide","PH","CV1","7","4",0.494677777777778
"M3","genome-wide","PH","CV1","7","4",0.5067
"M2","haplotype-tagged","PH","CV1","7","4",0.504333333333333
"M3","haplotype-tagged","PH","CV1","7","4",0.502788888888889
"M2","genome-wide","PPP","CV1","7","4",0.164677777777778
"M3","genome-wide","PPP","CV1","7","4",0.168555555555556
"M2","haplotype-tagged","PPP","CV1","7","4",0.104377777777778
"M3","haplotype-tagged","PPP","CV1","7","4",0.182688888888889
"M2","genome-wide","YPPlnt","CV1","7","4",0.0507
"M3","genome-wide","YPPlnt","CV1","7","4",0.0398222222222222
"M2","haplotype-tagged","YPPlnt","CV1","7","4",0.0925777777777778
"M3","haplotype-tagged","YPPlnt","CV1","7","4",0.0622222222222222
"M2","genome-wide","DTF","CV2","7","4",0.557933333333333
"M3","genome-wide","DTF","CV2","7","4",0.5775
"M2","haplotype-tagged","DTF","CV2","7","4",0.558555555555556
"M3","haplotype-tagged","DTF","CV2","7","4",0.573188888888889
"M2","genome-wide","DTM","CV2","7","4",0.482377777777778
"M3","genome-wide","DTM","CV2","7","4",0.5078
"M2","haplotype-tagged","DTM","CV2","7","4",0.489722222222222
"M3","haplotype-tagged","DTM","CV2","7","4",0.514977777777778
"M2","genome-wide","HSW","CV2","7","4",0.661111111111111
"M3","genome-wide","HSW","CV2","7","4",0.647344444444445
"M2","haplotype-tagged","HSW","CV2","7","4",0.658366666666667
"M3","haplotype-tagged","HSW","CV2","7","4",0.657633333333333
"M2","genome-wide","PH","CV2","7","4",0.469544444444444
"M3","genome-wide","PH","CV2","7","4",0.488888888888889
"M2","haplotype-tagged","PH","CV2","7","4",0.470766666666667
"M3","haplotype-tagged","PH","CV2","7","4",0.4805
"M2","genome-wide","PPP","CV2","7","4",0.231577777777778
"M3","genome-wide","PPP","CV2","7","4",0.238466666666667
"M2","haplotype-tagged","PPP","CV2","7","4",0.195966666666667
"M3","haplotype-tagged","PPP","CV2","7","4",0.205533333333333
"M2","genome-wide","YPPlnt","CV2","7","4",0.125133333333333
"M3","genome-wide","YPPlnt","CV2","7","4",0.157322222222222
"M2","haplotype-tagged","YPPlnt","CV2","7","4",0.110133333333333
"M3","haplotype-tagged","YPPlnt","CV2","7","4",0.116655555555556
"M2","genome-wide","DTF","CV0","8","4",0.5189
"M3","genome-wide","DTF","CV0","8","4",0.5243
"M2","haplotype-tagged","DTF","CV0","8","4",0.51595
"M3","haplotype-tagged","DTF","CV0","8","4",0.51725
"M2","genome-wide","DTM","CV0","8","4",0.34005
"M3","genome-wide","DTM","CV0","8","4",0.34095
"M2","haplotype-tagged","DTM","CV0","8","4",0.33675
"M3","haplotype-tagged","DTM","CV0","8","4",0.33585
"M2","genome-wide","HSW","CV0","8","4",0.67505
"M3","genome-wide","HSW","CV0","8","4",0.6749
"M2","haplotype-tagged","HSW","CV0","8","4",0.67795
"M3","haplotype-tagged","HSW","CV0","8","4",0.6776
"M2","genome-wide","PH","CV0","8","4",0.5975
"M3","genome-wide","PH","CV0","8","4",0.59745
"M2","haplotype-tagged","PH","CV0","8","4",0.59925
"M3","haplotype-tagged","PH","CV0","8","4",0.5977
"M2","genome-wide","PPP","CV0","8","4",0.1411
"M3","genome-wide","PPP","CV0","8","4",0.11915
"M2","haplotype-tagged","PPP","CV0","8","4",0.11085
"M3","haplotype-tagged","PPP","CV0","8","4",0.09825
"M2","genome-wide","YPPlnt","CV0","8","4",0.1854
"M3","genome-wide","YPPlnt","CV0","8","4",0.1896
"M2","haplotype-tagged","YPPlnt","CV0","8","4",0.1722
"M3","haplotype-tagged","YPPlnt","CV0","8","4",0.15965
"M2","genome-wide","DTF","CV00","8","4",0.36325
"M3","genome-wide","DTF","CV00","8","4",0.36665
"M2","haplotype-tagged","DTF","CV00","8","4",0.17825
"M3","haplotype-tagged","DTF","CV00","8","4",0.38225
"M2","genome-wide","DTM","CV00","8","4",0.3926
"M3","genome-wide","DTM","CV00","8","4",0.3389
"M2","haplotype-tagged","DTM","CV00","8","4",0.36745
"M3","haplotype-tagged","DTM","CV00","8","4",0.17855
"M2","genome-wide","HSW","CV00","8","4",0.5537
"M3","genome-wide","HSW","CV00","8","4",0.56265
"M2","haplotype-tagged","HSW","CV00","8","4",0.5031
"M3","haplotype-tagged","HSW","CV00","8","4",0.51065
"M2","genome-wide","PH","CV00","8","4",0.40915
"M3","genome-wide","PH","CV00","8","4",0.38905
"M2","haplotype-tagged","PH","CV00","8","4",0.45615
"M3","haplotype-tagged","PH","CV00","8","4",0.4308
"M2","genome-wide","PPP","CV00","8","4",0.21715
"M3","genome-wide","PPP","CV00","8","4",0.20425
"M2","haplotype-tagged","PPP","CV00","8","4",0.1056
"M3","haplotype-tagged","PPP","CV00","8","4",0.03145
"M2","genome-wide","YPPlnt","CV00","8","4",0.0859
"M3","genome-wide","YPPlnt","CV00","8","4",0.04405
"M2","haplotype-tagged","YPPlnt","CV00","8","4",-0.02205
"M3","haplotype-tagged","YPPlnt","CV00","8","4",0.142
"M2","genome-wide","DTF","CV1","8","4",0.488277777777778
"M3","genome-wide","DTF","CV1","8","4",0.466866666666667
"M2","haplotype-tagged","DTF","CV1","8","4",0.388133333333333
"M3","haplotype-tagged","DTF","CV1","8","4",0.2895
"M2","genome-wide","DTM","CV1","8","4",0.354411111111111
"M3","genome-wide","DTM","CV1","8","4",0.358377777777778
"M2","haplotype-tagged","DTM","CV1","8","4",0.218377777777778
"M3","haplotype-tagged","DTM","CV1","8","4",0.216811111111111
"M2","genome-wide","HSW","CV1","8","4",0.6095
"M3","genome-wide","HSW","CV1","8","4",0.616122222222222
"M2","haplotype-tagged","HSW","CV1","8","4",0.534844444444444
"M3","haplotype-tagged","HSW","CV1","8","4",0.548433333333333
"M2","genome-wide","PH","CV1","8","4",0.456344444444444
"M3","genome-wide","PH","CV1","8","4",0.433822222222222
"M2","haplotype-tagged","PH","CV1","8","4",0.463533333333333
"M3","haplotype-tagged","PH","CV1","8","4",0.369488888888889
"M2","genome-wide","PPP","CV1","8","4",0.2434
"M3","genome-wide","PPP","CV1","8","4",0.157811111111111
"M2","haplotype-tagged","PPP","CV1","8","4",0.2191
"M3","haplotype-tagged","PPP","CV1","8","4",0.122488888888889
"M2","genome-wide","YPPlnt","CV1","8","4",0.0869666666666667
"M3","genome-wide","YPPlnt","CV1","8","4",0.0885111111111111
"M2","haplotype-tagged","YPPlnt","CV1","8","4",0.104066666666667
"M3","haplotype-tagged","YPPlnt","CV1","8","4",0.122544444444444
"M2","genome-wide","DTF","CV2","8","4",0.631366666666667
"M3","genome-wide","DTF","CV2","8","4",0.596977777777778
"M2","haplotype-tagged","DTF","CV2","8","4",0.622366666666667
"M3","haplotype-tagged","DTF","CV2","8","4",0.617544444444444
"M2","genome-wide","DTM","CV2","8","4",0.497577777777778
"M3","genome-wide","DTM","CV2","8","4",0.453044444444444
"M2","haplotype-tagged","DTM","CV2","8","4",0.497255555555556
"M3","haplotype-tagged","DTM","CV2","8","4",0.482022222222222
"M2","genome-wide","HSW","CV2","8","4",0.754577777777778
"M3","genome-wide","HSW","CV2","8","4",0.759566666666667
"M2","haplotype-tagged","HSW","CV2","8","4",0.751744444444444
"M3","haplotype-tagged","HSW","CV2","8","4",0.753955555555556
"M2","genome-wide","PH","CV2","8","4",0.525122222222222
"M3","genome-wide","PH","CV2","8","4",0.546477777777778
"M2","haplotype-tagged","PH","CV2","8","4",0.529088888888889
"M3","haplotype-tagged","PH","CV2","8","4",0.533622222222222
"M2","genome-wide","PPP","CV2","8","4",0.1849
"M3","genome-wide","PPP","CV2","8","4",0.202
"M2","haplotype-tagged","PPP","CV2","8","4",0.1345
"M3","haplotype-tagged","PPP","CV2","8","4",0.151155555555556
"M2","genome-wide","YPPlnt","CV2","8","4",0.147544444444444
"M3","genome-wide","YPPlnt","CV2","8","4",0.205544444444444
"M2","haplotype-tagged","YPPlnt","CV2","8","4",0.101166666666667
"M3","haplotype-tagged","YPPlnt","CV2","8","4",0.120055555555556
"M2","genome-wide","DTF","CV0","9","4",0.4338
"M3","genome-wide","DTF","CV0","9","4",0.4352
"M2","haplotype-tagged","DTF","CV0","9","4",0.4355
"M3","haplotype-tagged","DTF","CV0","9","4",0.4346
"M2","genome-wide","DTM","CV0","9","4",0.37655
"M3","genome-wide","DTM","CV0","9","4",0.37555
"M2","haplotype-tagged","DTM","CV0","9","4",0.3783
"M3","haplotype-tagged","DTM","CV0","9","4",0.37135
"M2","genome-wide","HSW","CV0","9","4",0.59145
"M3","genome-wide","HSW","CV0","9","4",0.5923
"M2","haplotype-tagged","HSW","CV0","9","4",0.5927
"M3","haplotype-tagged","HSW","CV0","9","4",0.5929
"M2","genome-wide","PH","CV0","9","4",0.6456
"M3","genome-wide","PH","CV0","9","4",0.6448
"M2","haplotype-tagged","PH","CV0","9","4",0.6448
"M3","haplotype-tagged","PH","CV0","9","4",0.64235
"M2","genome-wide","PPP","CV0","9","4",0.14635
"M3","genome-wide","PPP","CV0","9","4",0.1286
"M2","haplotype-tagged","PPP","CV0","9","4",0.12065
"M3","haplotype-tagged","PPP","CV0","9","4",0.10545
"M2","genome-wide","YPPlnt","CV0","9","4",0.17855
"M3","genome-wide","YPPlnt","CV0","9","4",0.174
"M2","haplotype-tagged","YPPlnt","CV0","9","4",0.17245
"M3","haplotype-tagged","YPPlnt","CV0","9","4",0.16735
"M2","genome-wide","DTF","CV00","9","4",0.46225
"M3","genome-wide","DTF","CV00","9","4",0.4619
"M2","haplotype-tagged","DTF","CV00","9","4",0.4798
"M3","haplotype-tagged","DTF","CV00","9","4",0.3394
"M2","genome-wide","DTM","CV00","9","4",0.30175
"M3","genome-wide","DTM","CV00","9","4",0.2962
"M2","haplotype-tagged","DTM","CV00","9","4",0.3173
"M3","haplotype-tagged","DTM","CV00","9","4",0.2749
"M2","genome-wide","HSW","CV00","9","4",0.5896
"M3","genome-wide","HSW","CV00","9","4",0.5757
"M2","haplotype-tagged","HSW","CV00","9","4",0.4438
"M3","haplotype-tagged","HSW","CV00","9","4",0.43825
"M2","genome-wide","PH","CV00","9","4",0.2585
"M3","genome-wide","PH","CV00","9","4",0.27765
"M2","haplotype-tagged","PH","CV00","9","4",0.3721
"M3","haplotype-tagged","PH","CV00","9","4",0.3676
"M2","genome-wide","PPP","CV00","9","4",0.03245
"M3","genome-wide","PPP","CV00","9","4",0.01855
"M2","haplotype-tagged","PPP","CV00","9","4",0.04625
"M3","haplotype-tagged","PPP","CV00","9","4",0.08615
"M2","genome-wide","YPPlnt","CV00","9","4",0.1645
"M3","genome-wide","YPPlnt","CV00","9","4",0.11335
"M2","haplotype-tagged","YPPlnt","CV00","9","4",0.25065
"M3","haplotype-tagged","YPPlnt","CV00","9","4",0.000550000000000002
"M2","genome-wide","DTF","CV1","9","4",0.5023
"M3","genome-wide","DTF","CV1","9","4",0.469288888888889
"M2","haplotype-tagged","DTF","CV1","9","4",0.2276
"M3","haplotype-tagged","DTF","CV1","9","4",0.219266666666667
"M2","genome-wide","DTM","CV1","9","4",0.461088888888889
"M3","genome-wide","DTM","CV1","9","4",0.411888888888889
"M2","haplotype-tagged","DTM","CV1","9","4",0.334522222222222
"M3","haplotype-tagged","DTM","CV1","9","4",0.214966666666667
"M2","genome-wide","HSW","CV1","9","4",0.629088888888889
"M3","genome-wide","HSW","CV1","9","4",0.616333333333333
"M2","haplotype-tagged","HSW","CV1","9","4",0.523355555555556
"M3","haplotype-tagged","HSW","CV1","9","4",0.519822222222222
"M2","genome-wide","PH","CV1","9","4",0.417466666666667
"M3","genome-wide","PH","CV1","9","4",0.433611111111111
"M2","haplotype-tagged","PH","CV1","9","4",0.3697
"M3","haplotype-tagged","PH","CV1","9","4",0.4201
"M2","genome-wide","PPP","CV1","9","4",0.116433333333333
"M3","genome-wide","PPP","CV1","9","4",0.1191
"M2","haplotype-tagged","PPP","CV1","9","4",0.0943333333333333
"M3","haplotype-tagged","PPP","CV1","9","4",0.0634777777777778
"M2","genome-wide","YPPlnt","CV1","9","4",0.110455555555556
"M3","genome-wide","YPPlnt","CV1","9","4",0.108822222222222
"M2","haplotype-tagged","YPPlnt","CV1","9","4",0.0341222222222222
"M3","haplotype-tagged","YPPlnt","CV1","9","4",0.0291333333333333
"M2","genome-wide","DTF","CV2","9","4",0.621555555555556
"M3","genome-wide","DTF","CV2","9","4",0.626555555555556
"M2","haplotype-tagged","DTF","CV2","9","4",0.6194
"M3","haplotype-tagged","DTF","CV2","9","4",0.629244444444444
"M2","genome-wide","DTM","CV2","9","4",0.449066666666667
"M3","genome-wide","DTM","CV2","9","4",0.445
"M2","haplotype-tagged","DTM","CV2","9","4",0.433966666666667
"M3","haplotype-tagged","DTM","CV2","9","4",0.446011111111111
"M2","genome-wide","HSW","CV2","9","4",0.738566666666667
"M3","genome-wide","HSW","CV2","9","4",0.735888888888889
"M2","haplotype-tagged","HSW","CV2","9","4",0.735044444444444
"M3","haplotype-tagged","HSW","CV2","9","4",0.740377777777778
"M2","genome-wide","PH","CV2","9","4",0.569511111111111
"M3","genome-wide","PH","CV2","9","4",0.577155555555556
"M2","haplotype-tagged","PH","CV2","9","4",0.564188888888889
"M3","haplotype-tagged","PH","CV2","9","4",0.570866666666667
"M2","genome-wide","PPP","CV2","9","4",0.199422222222222
"M3","genome-wide","PPP","CV2","9","4",0.215
"M2","haplotype-tagged","PPP","CV2","9","4",0.163333333333333
"M3","haplotype-tagged","PPP","CV2","9","4",0.174155555555556
"M2","genome-wide","YPPlnt","CV2","9","4",0.159455555555556
"M3","genome-wide","YPPlnt","CV2","9","4",0.127555555555556
"M2","haplotype-tagged","YPPlnt","CV2","9","4",0.145955555555556
"M3","haplotype-tagged","YPPlnt","CV2","9","4",0.140233333333333
"M2","genome-wide","DTF","CV0","10","4",0.64305
"M3","genome-wide","DTF","CV0","10","4",0.643
"M2","haplotype-tagged","DTF","CV0","10","4",0.6468
"M3","haplotype-tagged","DTF","CV0","10","4",0.64505
"M2","genome-wide","DTM","CV0","10","4",0.53145
"M3","genome-wide","DTM","CV0","10","4",0.53285
"M2","haplotype-tagged","DTM","CV0","10","4",0.533
"M3","haplotype-tagged","DTM","CV0","10","4",0.53545
"M2","genome-wide","HSW","CV0","10","4",0.7783
"M3","genome-wide","HSW","CV0","10","4",0.77945
"M2","haplotype-tagged","HSW","CV0","10","4",0.77575
"M3","haplotype-tagged","HSW","CV0","10","4",0.7756
"M2","genome-wide","PH","CV0","10","4",0.67065
"M3","genome-wide","PH","CV0","10","4",0.666
"M2","haplotype-tagged","PH","CV0","10","4",0.6577
"M3","haplotype-tagged","PH","CV0","10","4",0.6557
"M2","genome-wide","PPP","CV0","10","4",0.122
"M3","genome-wide","PPP","CV0","10","4",0.1087
"M2","haplotype-tagged","PPP","CV0","10","4",0.10285
"M3","haplotype-tagged","PPP","CV0","10","4",0.1051
"M2","genome-wide","YPPlnt","CV0","10","4",0.20255
"M3","genome-wide","YPPlnt","CV0","10","4",0.19515
"M2","haplotype-tagged","YPPlnt","CV0","10","4",0.1935
"M3","haplotype-tagged","YPPlnt","CV0","10","4",0.18355
"M2","genome-wide","DTF","CV00","10","4",0.4393
"M3","genome-wide","DTF","CV00","10","4",0.44015
"M2","haplotype-tagged","DTF","CV00","10","4",0.31325
"M3","haplotype-tagged","DTF","CV00","10","4",0.4
"M2","genome-wide","DTM","CV00","10","4",0.44905
"M3","genome-wide","DTM","CV00","10","4",0.4679
"M2","haplotype-tagged","DTM","CV00","10","4",0.38435
"M3","haplotype-tagged","DTM","CV00","10","4",0.3897
"M2","genome-wide","HSW","CV00","10","4",0.5454
"M3","genome-wide","HSW","CV00","10","4",0.5637
"M2","haplotype-tagged","HSW","CV00","10","4",0.5818
"M3","haplotype-tagged","HSW","CV00","10","4",0.54115
"M2","genome-wide","PH","CV00","10","4",0.34865
"M3","genome-wide","PH","CV00","10","4",0.3337
"M2","haplotype-tagged","PH","CV00","10","4",0.4564
"M3","haplotype-tagged","PH","CV00","10","4",0.48855
"M2","genome-wide","PPP","CV00","10","4",0.12525
"M3","genome-wide","PPP","CV00","10","4",0.1196
"M2","haplotype-tagged","PPP","CV00","10","4",0.1097
"M3","haplotype-tagged","PPP","CV00","10","4",-0.02585
"M2","genome-wide","YPPlnt","CV00","10","4",0.1581
"M3","genome-wide","YPPlnt","CV00","10","4",0.2669
"M2","haplotype-tagged","YPPlnt","CV00","10","4",0.17525
"M3","haplotype-tagged","YPPlnt","CV00","10","4",-0.11165
"M2","genome-wide","DTF","CV1","10","4",0.479677777777778
"M3","genome-wide","DTF","CV1","10","4",0.446177777777778
"M2","haplotype-tagged","DTF","CV1","10","4",0.332177777777778
"M3","haplotype-tagged","DTF","CV1","10","4",0.289733333333333
"M2","genome-wide","DTM","CV1","10","4",0.321133333333333
"M3","genome-wide","DTM","CV1","10","4",0.298155555555556
"M2","haplotype-tagged","DTM","CV1","10","4",0.377522222222222
"M3","haplotype-tagged","DTM","CV1","10","4",0.241377777777778
"M2","genome-wide","HSW","CV1","10","4",0.530722222222222
"M3","genome-wide","HSW","CV1","10","4",0.527866666666667
"M2","haplotype-tagged","HSW","CV1","10","4",0.457755555555556
"M3","haplotype-tagged","HSW","CV1","10","4",0.485277777777778
"M2","genome-wide","PH","CV1","10","4",0.483622222222222
"M3","genome-wide","PH","CV1","10","4",0.483966666666667
"M2","haplotype-tagged","PH","CV1","10","4",0.4088
"M3","haplotype-tagged","PH","CV1","10","4",0.4386
"M2","genome-wide","PPP","CV1","10","4",0.123011111111111
"M3","genome-wide","PPP","CV1","10","4",0.0852777777777778
"M2","haplotype-tagged","PPP","CV1","10","4",0.0998666666666667
"M3","haplotype-tagged","PPP","CV1","10","4",0.0748777777777778
"M2","genome-wide","YPPlnt","CV1","10","4",0.0123888888888889
"M3","genome-wide","YPPlnt","CV1","10","4",0.0179
"M2","haplotype-tagged","YPPlnt","CV1","10","4",0.0541
"M3","haplotype-tagged","YPPlnt","CV1","10","4",0.0364333333333333
"M2","genome-wide","DTF","CV2","10","4",0.566644444444444
"M3","genome-wide","DTF","CV2","10","4",0.576011111111111
"M2","haplotype-tagged","DTF","CV2","10","4",0.560411111111111
"M3","haplotype-tagged","DTF","CV2","10","4",0.560922222222222
"M2","genome-wide","DTM","CV2","10","4",0.482833333333333
"M3","genome-wide","DTM","CV2","10","4",0.477222222222222
"M2","haplotype-tagged","DTM","CV2","10","4",0.470011111111111
"M3","haplotype-tagged","DTM","CV2","10","4",0.474833333333333
"M2","genome-wide","HSW","CV2","10","4",0.701622222222222
"M3","genome-wide","HSW","CV2","10","4",0.704977777777778
"M2","haplotype-tagged","HSW","CV2","10","4",0.707977777777778
"M3","haplotype-tagged","HSW","CV2","10","4",0.709744444444444
"M2","genome-wide","PH","CV2","10","4",0.5864
"M3","genome-wide","PH","CV2","10","4",0.577044444444444
"M2","haplotype-tagged","PH","CV2","10","4",0.592222222222222
"M3","haplotype-tagged","PH","CV2","10","4",0.596166666666667
"M2","genome-wide","PPP","CV2","10","4",0.241022222222222
"M3","genome-wide","PPP","CV2","10","4",0.242877777777778
"M2","haplotype-tagged","PPP","CV2","10","4",0.186622222222222
"M3","haplotype-tagged","PPP","CV2","10","4",0.178211111111111
"M2","genome-wide","YPPlnt","CV2","10","4",0.0963222222222222
"M3","genome-wide","YPPlnt","CV2","10","4",0.0491888888888889
"M2","haplotype-tagged","YPPlnt","CV2","10","4",0.0530111111111111
"M3","haplotype-tagged","YPPlnt","CV2","10","4",0.0466333333333333
"M2","genome-wide","DTF","CV0","1","5",0.3675
"M3","genome-wide","DTF","CV0","1","5",0.3705
"M2","haplotype-tagged","DTF","CV0","1","5",0.3757
"M3","haplotype-tagged","DTF","CV0","1","5",0.375
"M2","genome-wide","DTM","CV0","1","5",0.4052
"M3","genome-wide","DTM","CV0","1","5",0.4004
"M2","haplotype-tagged","DTM","CV0","1","5",0.3971
"M3","haplotype-tagged","DTM","CV0","1","5",0.3892
"M2","genome-wide","HSW","CV0","1","5",0.5987
"M3","genome-wide","HSW","CV0","1","5",0.6016
"M2","haplotype-tagged","HSW","CV0","1","5",0.5997
"M3","haplotype-tagged","HSW","CV0","1","5",0.6006
"M2","genome-wide","PH","CV0","1","5",0.5815
"M3","genome-wide","PH","CV0","1","5",0.5823
"M2","haplotype-tagged","PH","CV0","1","5",0.5781
"M3","haplotype-tagged","PH","CV0","1","5",0.5778
"M2","genome-wide","PPP","CV0","1","5",0.079
"M3","genome-wide","PPP","CV0","1","5",0.0994
"M2","haplotype-tagged","PPP","CV0","1","5",0.0876
"M3","haplotype-tagged","PPP","CV0","1","5",0.0996
"M2","genome-wide","YPPlnt","CV0","1","5",0.12
"M3","genome-wide","YPPlnt","CV0","1","5",0.1275
"M2","haplotype-tagged","YPPlnt","CV0","1","5",0.1374
"M3","haplotype-tagged","YPPlnt","CV0","1","5",0.1195
"M2","genome-wide","DTF","CV00","1","5",0.5424
"M3","genome-wide","DTF","CV00","1","5",0.5311
"M2","haplotype-tagged","DTF","CV00","1","5",0.1214
"M3","haplotype-tagged","DTF","CV00","1","5",0.2231
"M2","genome-wide","DTM","CV00","1","5",0.512
"M3","genome-wide","DTM","CV00","1","5",0.4795
"M2","haplotype-tagged","DTM","CV00","1","5",0.4683
"M3","haplotype-tagged","DTM","CV00","1","5",0.0827
"M2","genome-wide","HSW","CV00","1","5",0.7153
"M3","genome-wide","HSW","CV00","1","5",0.7074
"M2","haplotype-tagged","HSW","CV00","1","5",0.7573
"M3","haplotype-tagged","HSW","CV00","1","5",0.74
"M2","genome-wide","PH","CV00","1","5",0.7801
"M3","genome-wide","PH","CV00","1","5",0.7911
"M2","haplotype-tagged","PH","CV00","1","5",0.6992
"M3","haplotype-tagged","PH","CV00","1","5",0.7041
"M2","genome-wide","PPP","CV00","1","5",0.3882
"M3","genome-wide","PPP","CV00","1","5",0.3443
"M2","haplotype-tagged","PPP","CV00","1","5",0.3341
"M3","haplotype-tagged","PPP","CV00","1","5",0.2981
"M2","genome-wide","YPPlnt","CV00","1","5",-0.013
"M3","genome-wide","YPPlnt","CV00","1","5",-0.0421
"M2","haplotype-tagged","YPPlnt","CV00","1","5",0.1434
"M3","haplotype-tagged","YPPlnt","CV00","1","5",-0.0348
"M2","genome-wide","DTF","CV1","1","5",0.437922222222222
"M3","genome-wide","DTF","CV1","1","5",0.402455555555556
"M2","haplotype-tagged","DTF","CV1","1","5",0.358144444444444
"M3","haplotype-tagged","DTF","CV1","1","5",0.118777777777778
"M2","genome-wide","DTM","CV1","1","5",0.306211111111111
"M3","genome-wide","DTM","CV1","1","5",0.246433333333333
"M2","haplotype-tagged","DTM","CV1","1","5",0.111577777777778
"M3","haplotype-tagged","DTM","CV1","1","5",0.0618555555555556
"M2","genome-wide","HSW","CV1","1","5",0.629966666666667
"M3","genome-wide","HSW","CV1","1","5",0.624877777777778
"M2","haplotype-tagged","HSW","CV1","1","5",0.505444444444444
"M3","haplotype-tagged","HSW","CV1","1","5",0.503022222222222
"M2","genome-wide","PH","CV1","1","5",0.456188888888889
"M3","genome-wide","PH","CV1","1","5",0.486622222222222
"M2","haplotype-tagged","PH","CV1","1","5",0.407244444444444
"M3","haplotype-tagged","PH","CV1","1","5",0.399922222222222
"M2","genome-wide","PPP","CV1","1","5",0.250333333333333
"M3","genome-wide","PPP","CV1","1","5",0.234044444444444
"M2","haplotype-tagged","PPP","CV1","1","5",0.182588888888889
"M3","haplotype-tagged","PPP","CV1","1","5",0.108122222222222
"M2","genome-wide","YPPlnt","CV1","1","5",0.103577777777778
"M3","genome-wide","YPPlnt","CV1","1","5",0.119688888888889
"M2","haplotype-tagged","YPPlnt","CV1","1","5",0.0468444444444444
"M3","haplotype-tagged","YPPlnt","CV1","1","5",0.0768777777777778
"M2","genome-wide","DTF","CV2","1","5",0.605944444444444
"M3","genome-wide","DTF","CV2","1","5",0.627888888888889
"M2","haplotype-tagged","DTF","CV2","1","5",0.600422222222222
"M3","haplotype-tagged","DTF","CV2","1","5",0.613066666666667
"M2","genome-wide","DTM","CV2","1","5",0.466122222222222
"M3","genome-wide","DTM","CV2","1","5",0.457411111111111
"M2","haplotype-tagged","DTM","CV2","1","5",0.462388888888889
"M3","haplotype-tagged","DTM","CV2","1","5",0.450977777777778
"M2","genome-wide","HSW","CV2","1","5",0.719566666666667
"M3","genome-wide","HSW","CV2","1","5",0.719633333333333
"M2","haplotype-tagged","HSW","CV2","1","5",0.721066666666667
"M3","haplotype-tagged","HSW","CV2","1","5",0.718988888888889
"M2","genome-wide","PH","CV2","1","5",0.571755555555556
"M3","genome-wide","PH","CV2","1","5",0.5711
"M2","haplotype-tagged","PH","CV2","1","5",0.567877777777778
"M3","haplotype-tagged","PH","CV2","1","5",0.563011111111111
"M2","genome-wide","PPP","CV2","1","5",0.115011111111111
"M3","genome-wide","PPP","CV2","1","5",0.147222222222222
"M2","haplotype-tagged","PPP","CV2","1","5",0.0739444444444445
"M3","haplotype-tagged","PPP","CV2","1","5",0.117922222222222
"M2","genome-wide","YPPlnt","CV2","1","5",0.162711111111111
"M3","genome-wide","YPPlnt","CV2","1","5",0.197977777777778
"M2","haplotype-tagged","YPPlnt","CV2","1","5",0.151344444444444
"M3","haplotype-tagged","YPPlnt","CV2","1","5",0.149266666666667
"M2","genome-wide","DTF","CV0","2","5",0.654
"M3","genome-wide","DTF","CV0","2","5",0.6457
"M2","haplotype-tagged","DTF","CV0","2","5",0.6422
"M3","haplotype-tagged","DTF","CV0","2","5",0.6396
"M2","genome-wide","DTM","CV0","2","5",0.5351
"M3","genome-wide","DTM","CV0","2","5",0.5345
"M2","haplotype-tagged","DTM","CV0","2","5",0.5306
"M3","haplotype-tagged","DTM","CV0","2","5",0.5265
"M2","genome-wide","HSW","CV0","2","5",0.8651
"M3","genome-wide","HSW","CV0","2","5",0.8647
"M2","haplotype-tagged","HSW","CV0","2","5",0.8619
"M3","haplotype-tagged","HSW","CV0","2","5",0.8628
"M2","genome-wide","PH","CV0","2","5",0.1021
"M3","genome-wide","PH","CV0","2","5",0.1008
"M2","haplotype-tagged","PH","CV0","2","5",0.1037
"M3","haplotype-tagged","PH","CV0","2","5",0.1038
"M2","genome-wide","PPP","CV0","2","5",0.0215
"M3","genome-wide","PPP","CV0","2","5",0.0179
"M2","haplotype-tagged","PPP","CV0","2","5",0.0166
"M3","haplotype-tagged","PPP","CV0","2","5",0.0036
"M2","genome-wide","YPPlnt","CV0","2","5",0.2202
"M3","genome-wide","YPPlnt","CV0","2","5",0.1979
"M2","haplotype-tagged","YPPlnt","CV0","2","5",0.1891
"M3","haplotype-tagged","YPPlnt","CV0","2","5",0.1866
"M2","genome-wide","DTF","CV00","2","5",0.2798
"M3","genome-wide","DTF","CV00","2","5",0.3188
"M2","haplotype-tagged","DTF","CV00","2","5",0.3846
"M3","haplotype-tagged","DTF","CV00","2","5",0.1825
"M2","genome-wide","DTM","CV00","2","5",0.2402
"M3","genome-wide","DTM","CV00","2","5",0.1969
"M2","haplotype-tagged","DTM","CV00","2","5",0.2296
"M3","haplotype-tagged","DTM","CV00","2","5",0.0808
"M2","genome-wide","HSW","CV00","2","5",0.691
"M3","genome-wide","HSW","CV00","2","5",0.6927
"M2","haplotype-tagged","HSW","CV00","2","5",0.6394
"M3","haplotype-tagged","HSW","CV00","2","5",0.6813
"M2","genome-wide","PH","CV00","2","5",0.5404
"M3","genome-wide","PH","CV00","2","5",0.5734
"M2","haplotype-tagged","PH","CV00","2","5",0.5319
"M3","haplotype-tagged","PH","CV00","2","5",0.5088
"M2","genome-wide","PPP","CV00","2","5",0.1498
"M3","genome-wide","PPP","CV00","2","5",0.097
"M2","haplotype-tagged","PPP","CV00","2","5",0.0583
"M3","haplotype-tagged","PPP","CV00","2","5",0.0948
"M2","genome-wide","YPPlnt","CV00","2","5",0.1969
"M3","genome-wide","YPPlnt","CV00","2","5",0.2291
"M2","haplotype-tagged","YPPlnt","CV00","2","5",0.167
"M3","haplotype-tagged","YPPlnt","CV00","2","5",-0.0189
"M2","genome-wide","DTF","CV1","2","5",0.329233333333333
"M3","genome-wide","DTF","CV1","2","5",0.363655555555556
"M2","haplotype-tagged","DTF","CV1","2","5",0.0898555555555556
"M3","haplotype-tagged","DTF","CV1","2","5",0.163666666666667
"M2","genome-wide","DTM","CV1","2","5",0.356855555555556
"M3","genome-wide","DTM","CV1","2","5",0.338433333333333
"M2","haplotype-tagged","DTM","CV1","2","5",0.216244444444444
"M3","haplotype-tagged","DTM","CV1","2","5",0.177611111111111
"M2","genome-wide","HSW","CV1","2","5",0.541533333333333
"M3","genome-wide","HSW","CV1","2","5",0.549066666666667
"M2","haplotype-tagged","HSW","CV1","2","5",0.513744444444444
"M3","haplotype-tagged","HSW","CV1","2","5",0.478333333333333
"M2","genome-wide","PH","CV1","2","5",0.345822222222222
"M3","genome-wide","PH","CV1","2","5",0.367666666666667
"M2","haplotype-tagged","PH","CV1","2","5",0.369822222222222
"M3","haplotype-tagged","PH","CV1","2","5",0.359288888888889
"M2","genome-wide","PPP","CV1","2","5",0.190666666666667
"M3","genome-wide","PPP","CV1","2","5",0.144088888888889
"M2","haplotype-tagged","PPP","CV1","2","5",0.137555555555556
"M3","haplotype-tagged","PPP","CV1","2","5",0.124755555555556
"M2","genome-wide","YPPlnt","CV1","2","5",0.0557444444444444
"M3","genome-wide","YPPlnt","CV1","2","5",0.0196444444444444
"M2","haplotype-tagged","YPPlnt","CV1","2","5",0.0048
"M3","haplotype-tagged","YPPlnt","CV1","2","5",0.0121888888888889
"M2","genome-wide","DTF","CV2","2","5",0.583111111111111
"M3","genome-wide","DTF","CV2","2","5",0.549811111111111
"M2","haplotype-tagged","DTF","CV2","2","5",0.575188888888889
"M3","haplotype-tagged","DTF","CV2","2","5",0.575966666666667
"M2","genome-wide","DTM","CV2","2","5",0.469666666666667
"M3","genome-wide","DTM","CV2","2","5",0.490266666666667
"M2","haplotype-tagged","DTM","CV2","2","5",0.466444444444444
"M3","haplotype-tagged","DTM","CV2","2","5",0.477488888888889
"M2","genome-wide","HSW","CV2","2","5",0.745177777777778
"M3","genome-wide","HSW","CV2","2","5",0.748355555555556
"M2","haplotype-tagged","HSW","CV2","2","5",0.738988888888889
"M3","haplotype-tagged","HSW","CV2","2","5",0.740666666666667
"M2","genome-wide","PH","CV2","2","5",0.647011111111111
"M3","genome-wide","PH","CV2","2","5",0.6453
"M2","haplotype-tagged","PH","CV2","2","5",0.646466666666667
"M3","haplotype-tagged","PH","CV2","2","5",0.648133333333333
"M2","genome-wide","PPP","CV2","2","5",0.191455555555556
"M3","genome-wide","PPP","CV2","2","5",0.1939
"M2","haplotype-tagged","PPP","CV2","2","5",0.168911111111111
"M3","haplotype-tagged","PPP","CV2","2","5",0.198711111111111
"M2","genome-wide","YPPlnt","CV2","2","5",0.128044444444444
"M3","genome-wide","YPPlnt","CV2","2","5",0.133344444444444
"M2","haplotype-tagged","YPPlnt","CV2","2","5",0.094
"M3","haplotype-tagged","YPPlnt","CV2","2","5",0.102566666666667
"M2","genome-wide","DTF","CV0","3","5",0.6082
"M3","genome-wide","DTF","CV0","3","5",0.6025
"M2","haplotype-tagged","DTF","CV0","3","5",0.6084
"M3","haplotype-tagged","DTF","CV0","3","5",0.6112
"M2","genome-wide","DTM","CV0","3","5",0.3851
"M3","genome-wide","DTM","CV0","3","5",0.3933
"M2","haplotype-tagged","DTM","CV0","3","5",0.3941
"M3","haplotype-tagged","DTM","CV0","3","5",0.3929
"M2","genome-wide","HSW","CV0","3","5",0.7839
"M3","genome-wide","HSW","CV0","3","5",0.7819
"M2","haplotype-tagged","HSW","CV0","3","5",0.7858
"M3","haplotype-tagged","HSW","CV0","3","5",0.7857
"M2","genome-wide","PH","CV0","3","5",0.6665
"M3","genome-wide","PH","CV0","3","5",0.6683
"M2","haplotype-tagged","PH","CV0","3","5",0.664
"M3","haplotype-tagged","PH","CV0","3","5",0.6664
"M2","genome-wide","PPP","CV0","3","5",0.1713
"M3","genome-wide","PPP","CV0","3","5",0.1471
"M2","haplotype-tagged","PPP","CV0","3","5",0.1442
"M3","haplotype-tagged","PPP","CV0","3","5",0.118
"M2","genome-wide","YPPlnt","CV0","3","5",0.1924
"M3","genome-wide","YPPlnt","CV0","3","5",0.1934
"M2","haplotype-tagged","YPPlnt","CV0","3","5",0.1873
"M3","haplotype-tagged","YPPlnt","CV0","3","5",0.172
"M2","genome-wide","DTF","CV00","3","5",0.5096
"M3","genome-wide","DTF","CV00","3","5",0.5177
"M2","haplotype-tagged","DTF","CV00","3","5",0.3698
"M3","haplotype-tagged","DTF","CV00","3","5",0.3539
"M2","genome-wide","DTM","CV00","3","5",0.2182
"M3","genome-wide","DTM","CV00","3","5",0.21
"M2","haplotype-tagged","DTM","CV00","3","5",0.1951
"M3","haplotype-tagged","DTM","CV00","3","5",0.161
"M2","genome-wide","HSW","CV00","3","5",0.4849
"M3","genome-wide","HSW","CV00","3","5",0.4868
"M2","haplotype-tagged","HSW","CV00","3","5",0.357
"M3","haplotype-tagged","HSW","CV00","3","5",0.3901
"M2","genome-wide","PH","CV00","3","5",0.4883
"M3","genome-wide","PH","CV00","3","5",0.4698
"M2","haplotype-tagged","PH","CV00","3","5",0.5072
"M3","haplotype-tagged","PH","CV00","3","5",0.4215
"M2","genome-wide","PPP","CV00","3","5",0.1127
"M3","genome-wide","PPP","CV00","3","5",0.0988
"M2","haplotype-tagged","PPP","CV00","3","5",-0.0196
"M3","haplotype-tagged","PPP","CV00","3","5",-0.0394
"M2","genome-wide","YPPlnt","CV00","3","5",0.2316
"M3","genome-wide","YPPlnt","CV00","3","5",0.1848
"M2","haplotype-tagged","YPPlnt","CV00","3","5",0.2742
"M3","haplotype-tagged","YPPlnt","CV00","3","5",0.0961
"M2","genome-wide","DTF","CV1","3","5",0.337733333333333
"M3","genome-wide","DTF","CV1","3","5",0.360744444444444
"M2","haplotype-tagged","DTF","CV1","3","5",0.2424
"M3","haplotype-tagged","DTF","CV1","3","5",0.292744444444444
"M2","genome-wide","DTM","CV1","3","5",0.302477777777778
"M3","genome-wide","DTM","CV1","3","5",0.262266666666667
"M2","haplotype-tagged","DTM","CV1","3","5",0.263811111111111
"M3","haplotype-tagged","DTM","CV1","3","5",0.224244444444444
"M2","genome-wide","HSW","CV1","3","5",0.466633333333333
"M3","genome-wide","HSW","CV1","3","5",0.450211111111111
"M2","haplotype-tagged","HSW","CV1","3","5",0.353033333333333
"M3","haplotype-tagged","HSW","CV1","3","5",0.379411111111111
"M2","genome-wide","PH","CV1","3","5",0.1804
"M3","genome-wide","PH","CV1","3","5",0.166244444444444
"M2","haplotype-tagged","PH","CV1","3","5",0.283166666666667
"M3","haplotype-tagged","PH","CV1","3","5",0.276311111111111
"M2","genome-wide","PPP","CV1","3","5",0.185744444444444
"M3","genome-wide","PPP","CV1","3","5",0.166
"M2","haplotype-tagged","PPP","CV1","3","5",0.156255555555556
"M3","haplotype-tagged","PPP","CV1","3","5",0.115055555555556
"M2","genome-wide","YPPlnt","CV1","3","5",0.1265
"M3","genome-wide","YPPlnt","CV1","3","5",0.0558333333333333
"M2","haplotype-tagged","YPPlnt","CV1","3","5",0.168466666666667
"M3","haplotype-tagged","YPPlnt","CV1","3","5",0.0892333333333333
"M2","genome-wide","DTF","CV2","3","5",0.6094
"M3","genome-wide","DTF","CV2","3","5",0.588744444444444
"M2","haplotype-tagged","DTF","CV2","3","5",0.599244444444444
"M3","haplotype-tagged","DTF","CV2","3","5",0.602533333333333
"M2","genome-wide","DTM","CV2","3","5",0.485177777777778
"M3","genome-wide","DTM","CV2","3","5",0.484066666666667
"M2","haplotype-tagged","DTM","CV2","3","5",0.474977777777778
"M3","haplotype-tagged","DTM","CV2","3","5",0.475533333333333
"M2","genome-wide","HSW","CV2","3","5",0.747155555555556
"M3","genome-wide","HSW","CV2","3","5",0.7344
"M2","haplotype-tagged","HSW","CV2","3","5",0.7441
"M3","haplotype-tagged","HSW","CV2","3","5",0.742055555555556
"M2","genome-wide","PH","CV2","3","5",0.582311111111111
"M3","genome-wide","PH","CV2","3","5",0.601411111111111
"M2","haplotype-tagged","PH","CV2","3","5",0.570744444444444
"M3","haplotype-tagged","PH","CV2","3","5",0.581366666666667
"M2","genome-wide","PPP","CV2","3","5",0.219133333333333
"M3","genome-wide","PPP","CV2","3","5",0.218966666666667
"M2","haplotype-tagged","PPP","CV2","3","5",0.177511111111111
"M3","haplotype-tagged","PPP","CV2","3","5",0.215066666666667
"M2","genome-wide","YPPlnt","CV2","3","5",0.108355555555556
"M3","genome-wide","YPPlnt","CV2","3","5",0.0763111111111111
"M2","haplotype-tagged","YPPlnt","CV2","3","5",0.0565444444444444
"M3","haplotype-tagged","YPPlnt","CV2","3","5",0.0306555555555556
"M2","genome-wide","DTF","CV0","4","5",0.7878
"M3","genome-wide","DTF","CV0","4","5",0.7816
"M2","haplotype-tagged","DTF","CV0","4","5",0.7809
"M3","haplotype-tagged","DTF","CV0","4","5",0.778
"M2","genome-wide","DTM","CV0","4","5",0.7058
"M3","genome-wide","DTM","CV0","4","5",0.7039
"M2","haplotype-tagged","DTM","CV0","4","5",0.6939
"M3","haplotype-tagged","DTM","CV0","4","5",0.6766
"M2","genome-wide","HSW","CV0","4","5",0.7933
"M3","genome-wide","HSW","CV0","4","5",0.7909
"M2","haplotype-tagged","HSW","CV0","4","5",0.7851
"M3","haplotype-tagged","HSW","CV0","4","5",0.7836
"M2","genome-wide","PH","CV0","4","5",0.7638
"M3","genome-wide","PH","CV0","4","5",0.7614
"M2","haplotype-tagged","PH","CV0","4","5",0.7524
"M3","haplotype-tagged","PH","CV0","4","5",0.7485
"M2","genome-wide","PPP","CV0","4","5",0.3667
"M3","genome-wide","PPP","CV0","4","5",0.3343
"M2","haplotype-tagged","PPP","CV0","4","5",0.3155
"M3","haplotype-tagged","PPP","CV0","4","5",0.2792
"M2","genome-wide","YPPlnt","CV0","4","5",0.0253
"M3","genome-wide","YPPlnt","CV0","4","5",0.0141
"M2","haplotype-tagged","YPPlnt","CV0","4","5",0.0113
"M3","haplotype-tagged","YPPlnt","CV0","4","5",0.0022
"M2","genome-wide","DTF","CV00","4","5",0.5262
"M3","genome-wide","DTF","CV00","4","5",0.5255
"M2","haplotype-tagged","DTF","CV00","4","5",0.4618
"M3","haplotype-tagged","DTF","CV00","4","5",0.4527
"M2","genome-wide","DTM","CV00","4","5",0.2816
"M3","genome-wide","DTM","CV00","4","5",0.2931
"M2","haplotype-tagged","DTM","CV00","4","5",0.1763
"M3","haplotype-tagged","DTM","CV00","4","5",0.1476
"M2","genome-wide","HSW","CV00","4","5",0.7148
"M3","genome-wide","HSW","CV00","4","5",0.718
"M2","haplotype-tagged","HSW","CV00","4","5",0.6709
"M3","haplotype-tagged","HSW","CV00","4","5",0.6307
"M2","genome-wide","PH","CV00","4","5",0.15
"M3","genome-wide","PH","CV00","4","5",0.1696
"M2","haplotype-tagged","PH","CV00","4","5",0.1998
"M3","haplotype-tagged","PH","CV00","4","5",0.3019
"M2","genome-wide","PPP","CV00","4","5",0.0943
"M3","genome-wide","PPP","CV00","4","5",0.082
"M2","haplotype-tagged","PPP","CV00","4","5",0.1425
"M3","haplotype-tagged","PPP","CV00","4","5",0.0209
"M2","genome-wide","YPPlnt","CV00","4","5",0.2176
"M3","genome-wide","YPPlnt","CV00","4","5",0.1175
"M2","haplotype-tagged","YPPlnt","CV00","4","5",0.0854
"M3","haplotype-tagged","YPPlnt","CV00","4","5",0.2659
"M2","genome-wide","DTF","CV1","4","5",0.561611111111111
"M3","genome-wide","DTF","CV1","4","5",0.536555555555556
"M2","haplotype-tagged","DTF","CV1","4","5",0.341377777777778
"M3","haplotype-tagged","DTF","CV1","4","5",0.222611111111111
"M2","genome-wide","DTM","CV1","4","5",0.474211111111111
"M3","genome-wide","DTM","CV1","4","5",0.486366666666667
"M2","haplotype-tagged","DTM","CV1","4","5",0.277355555555556
"M3","haplotype-tagged","DTM","CV1","4","5",0.238611111111111
"M2","genome-wide","HSW","CV1","4","5",0.6872
"M3","genome-wide","HSW","CV1","4","5",0.668744444444444
"M2","haplotype-tagged","HSW","CV1","4","5",0.688055555555556
"M3","haplotype-tagged","HSW","CV1","4","5",0.662944444444444
"M2","genome-wide","PH","CV1","4","5",0.531877777777778
"M3","genome-wide","PH","CV1","4","5",0.5411
"M2","haplotype-tagged","PH","CV1","4","5",0.549077777777778
"M3","haplotype-tagged","PH","CV1","4","5",0.581011111111111
"M2","genome-wide","PPP","CV1","4","5",0.268822222222222
"M3","genome-wide","PPP","CV1","4","5",0.235911111111111
"M2","haplotype-tagged","PPP","CV1","4","5",0.253922222222222
"M3","haplotype-tagged","PPP","CV1","4","5",0.167422222222222
"M2","genome-wide","YPPlnt","CV1","4","5",0.146088888888889
"M3","genome-wide","YPPlnt","CV1","4","5",0.112111111111111
"M2","haplotype-tagged","YPPlnt","CV1","4","5",0.105066666666667
"M3","haplotype-tagged","YPPlnt","CV1","4","5",-0.0111777777777778
"M2","genome-wide","DTF","CV2","4","5",0.632055555555556
"M3","genome-wide","DTF","CV2","4","5",0.610744444444444
"M2","haplotype-tagged","DTF","CV2","4","5",0.6248
"M3","haplotype-tagged","DTF","CV2","4","5",0.619555555555556
"M2","genome-wide","DTM","CV2","4","5",0.474488888888889
"M3","genome-wide","DTM","CV2","4","5",0.466488888888889
"M2","haplotype-tagged","DTM","CV2","4","5",0.471655555555556
"M3","haplotype-tagged","DTM","CV2","4","5",0.4642
"M2","genome-wide","HSW","CV2","4","5",0.7725
"M3","genome-wide","HSW","CV2","4","5",0.769533333333333
"M2","haplotype-tagged","HSW","CV2","4","5",0.764788888888889
"M3","haplotype-tagged","HSW","CV2","4","5",0.764366666666667
"M2","genome-wide","PH","CV2","4","5",0.547033333333333
"M3","genome-wide","PH","CV2","4","5",0.561733333333333
"M2","haplotype-tagged","PH","CV2","4","5",0.533844444444444
"M3","haplotype-tagged","PH","CV2","4","5",0.534655555555556
"M2","genome-wide","PPP","CV2","4","5",0.245522222222222
"M3","genome-wide","PPP","CV2","4","5",0.249777777777778
"M2","haplotype-tagged","PPP","CV2","4","5",0.1958
"M3","haplotype-tagged","PPP","CV2","4","5",0.188433333333333
"M2","genome-wide","YPPlnt","CV2","4","5",0.178988888888889
"M3","genome-wide","YPPlnt","CV2","4","5",0.174166666666667
"M2","haplotype-tagged","YPPlnt","CV2","4","5",0.160733333333333
"M3","haplotype-tagged","YPPlnt","CV2","4","5",0.1252
"M2","genome-wide","DTF","CV0","5","5",0.6081
"M3","genome-wide","DTF","CV0","5","5",0.6106
"M2","haplotype-tagged","DTF","CV0","5","5",0.6082
"M3","haplotype-tagged","DTF","CV0","5","5",0.6082
"M2","genome-wide","DTM","CV0","5","5",0.3881
"M3","genome-wide","DTM","CV0","5","5",0.3869
"M2","haplotype-tagged","DTM","CV0","5","5",0.3958
"M3","haplotype-tagged","DTM","CV0","5","5",0.3959
"M2","genome-wide","HSW","CV0","5","5",0.7837
"M3","genome-wide","HSW","CV0","5","5",0.7833
"M2","haplotype-tagged","HSW","CV0","5","5",0.7861
"M3","haplotype-tagged","HSW","CV0","5","5",0.7838
"M2","genome-wide","PH","CV0","5","5",0.667
"M3","genome-wide","PH","CV0","5","5",0.6674
"M2","haplotype-tagged","PH","CV0","5","5",0.6648
"M3","haplotype-tagged","PH","CV0","5","5",0.6668
"M2","genome-wide","PPP","CV0","5","5",0.1704
"M3","genome-wide","PPP","CV0","5","5",0.1452
"M2","haplotype-tagged","PPP","CV0","5","5",0.1407
"M3","haplotype-tagged","PPP","CV0","5","5",0.1103
"M2","genome-wide","YPPlnt","CV0","5","5",0.197
"M3","genome-wide","YPPlnt","CV0","5","5",0.1818
"M2","haplotype-tagged","YPPlnt","CV0","5","5",0.1871
"M3","haplotype-tagged","YPPlnt","CV0","5","5",0.179
"M2","genome-wide","DTF","CV00","5","5",0.679
"M3","genome-wide","DTF","CV00","5","5",0.6884
"M2","haplotype-tagged","DTF","CV00","5","5",0.5561
"M3","haplotype-tagged","DTF","CV00","5","5",0.4544
"M2","genome-wide","DTM","CV00","5","5",0.6529
"M3","genome-wide","DTM","CV00","5","5",0.6564
"M2","haplotype-tagged","DTM","CV00","5","5",0.466
"M3","haplotype-tagged","DTM","CV00","5","5",0.4407
"M2","genome-wide","HSW","CV00","5","5",0.8089
"M3","genome-wide","HSW","CV00","5","5",0.8038
"M2","haplotype-tagged","HSW","CV00","5","5",0.6856
"M3","haplotype-tagged","HSW","CV00","5","5",0.6716
"M2","genome-wide","PH","CV00","5","5",0.7035
"M3","genome-wide","PH","CV00","5","5",0.706
"M2","haplotype-tagged","PH","CV00","5","5",0.7029
"M3","haplotype-tagged","PH","CV00","5","5",0.7154
"M2","genome-wide","PPP","CV00","5","5",0.3556
"M3","genome-wide","PPP","CV00","5","5",0.3296
"M2","haplotype-tagged","PPP","CV00","5","5",0.3227
"M3","haplotype-tagged","PPP","CV00","5","5",0.2027
"M2","genome-wide","YPPlnt","CV00","5","5",-0.0522
"M3","genome-wide","YPPlnt","CV00","5","5",0.0199
"M2","haplotype-tagged","YPPlnt","CV00","5","5",0.1479
"M3","haplotype-tagged","YPPlnt","CV00","5","5",0.1958
"M2","genome-wide","DTF","CV1","5","5",0.399
"M3","genome-wide","DTF","CV1","5","5",0.383611111111111
"M2","haplotype-tagged","DTF","CV1","5","5",0.258377777777778
"M3","haplotype-tagged","DTF","CV1","5","5",0.1799
"M2","genome-wide","DTM","CV1","5","5",0.314022222222222
"M3","genome-wide","DTM","CV1","5","5",0.278777777777778
"M2","haplotype-tagged","DTM","CV1","5","5",0.275533333333333
"M3","haplotype-tagged","DTM","CV1","5","5",0.209277777777778
"M2","genome-wide","HSW","CV1","5","5",0.595955555555556
"M3","genome-wide","HSW","CV1","5","5",0.587233333333333
"M2","haplotype-tagged","HSW","CV1","5","5",0.556922222222222
"M3","haplotype-tagged","HSW","CV1","5","5",0.541088888888889
"M2","genome-wide","PH","CV1","5","5",0.403977777777778
"M3","genome-wide","PH","CV1","5","5",0.442855555555556
"M2","haplotype-tagged","PH","CV1","5","5",0.425966666666667
"M3","haplotype-tagged","PH","CV1","5","5",0.380988888888889
"M2","genome-wide","PPP","CV1","5","5",0.247255555555556
"M3","genome-wide","PPP","CV1","5","5",0.189644444444444
"M2","haplotype-tagged","PPP","CV1","5","5",0.242844444444444
"M3","haplotype-tagged","PPP","CV1","5","5",0.105322222222222
"M2","genome-wide","YPPlnt","CV1","5","5",0.133577777777778
"M3","genome-wide","YPPlnt","CV1","5","5",0.106922222222222
"M2","haplotype-tagged","YPPlnt","CV1","5","5",0.179166666666667
"M3","haplotype-tagged","YPPlnt","CV1","5","5",0.0640222222222222
"M2","genome-wide","DTF","CV2","5","5",0.553055555555556
"M3","genome-wide","DTF","CV2","5","5",0.5585
"M2","haplotype-tagged","DTF","CV2","5","5",0.546666666666667
"M3","haplotype-tagged","DTF","CV2","5","5",0.555466666666667
"M2","genome-wide","DTM","CV2","5","5",0.455877777777778
"M3","genome-wide","DTM","CV2","5","5",0.425833333333333
"M2","haplotype-tagged","DTM","CV2","5","5",0.4474
"M3","haplotype-tagged","DTM","CV2","5","5",0.445833333333333
"M2","genome-wide","HSW","CV2","5","5",0.728911111111111
"M3","genome-wide","HSW","CV2","5","5",0.729466666666667
"M2","haplotype-tagged","HSW","CV2","5","5",0.723244444444444
"M3","haplotype-tagged","HSW","CV2","5","5",0.724011111111111
"M2","genome-wide","PH","CV2","5","5",0.595655555555556
"M3","genome-wide","PH","CV2","5","5",0.582277777777778
"M2","haplotype-tagged","PH","CV2","5","5",0.589133333333333
"M3","haplotype-tagged","PH","CV2","5","5",0.589322222222222
"M2","genome-wide","PPP","CV2","5","5",0.181633333333333
"M3","genome-wide","PPP","CV2","5","5",0.170911111111111
"M2","haplotype-tagged","PPP","CV2","5","5",0.1413
"M3","haplotype-tagged","PPP","CV2","5","5",0.167366666666667
"M2","genome-wide","YPPlnt","CV2","5","5",0.1774
"M3","genome-wide","YPPlnt","CV2","5","5",0.173122222222222
"M2","haplotype-tagged","YPPlnt","CV2","5","5",0.157688888888889
"M3","haplotype-tagged","YPPlnt","CV2","5","5",0.150388888888889
"M2","genome-wide","DTF","CV0","6","5",0.3676
"M3","genome-wide","DTF","CV0","6","5",0.3702
"M2","haplotype-tagged","DTF","CV0","6","5",0.3762
"M3","haplotype-tagged","DTF","CV0","6","5",0.3767
"M2","genome-wide","DTM","CV0","6","5",0.4059
"M3","genome-wide","DTM","CV0","6","5",0.4006
"M2","haplotype-tagged","DTM","CV0","6","5",0.3956
"M3","haplotype-tagged","DTM","CV0","6","5",0.4014
"M2","genome-wide","HSW","CV0","6","5",0.5993
"M3","genome-wide","HSW","CV0","6","5",0.6009
"M2","haplotype-tagged","HSW","CV0","6","5",0.6
"M3","haplotype-tagged","HSW","CV0","6","5",0.5987
"M2","genome-wide","PH","CV0","6","5",0.5801
"M3","genome-wide","PH","CV0","6","5",0.5761
"M2","haplotype-tagged","PH","CV0","6","5",0.5812
"M3","haplotype-tagged","PH","CV0","6","5",0.5757
"M2","genome-wide","PPP","CV0","6","5",0.0829
"M3","genome-wide","PPP","CV0","6","5",0.0904
"M2","haplotype-tagged","PPP","CV0","6","5",0.0875
"M3","haplotype-tagged","PPP","CV0","6","5",0.1057
"M2","genome-wide","YPPlnt","CV0","6","5",0.1157
"M3","genome-wide","YPPlnt","CV0","6","5",0.1269
"M2","haplotype-tagged","YPPlnt","CV0","6","5",0.1413
"M3","haplotype-tagged","YPPlnt","CV0","6","5",0.1463
"M2","genome-wide","DTF","CV00","6","5",0.5195
"M3","genome-wide","DTF","CV00","6","5",0.5361
"M2","haplotype-tagged","DTF","CV00","6","5",0.4531
"M3","haplotype-tagged","DTF","CV00","6","5",0.3112
"M2","genome-wide","DTM","CV00","6","5",0.1573
"M3","genome-wide","DTM","CV00","6","5",0.1758
"M2","haplotype-tagged","DTM","CV00","6","5",0.0757
"M3","haplotype-tagged","DTM","CV00","6","5",-0.167
"M2","genome-wide","HSW","CV00","6","5",0.3817
"M3","genome-wide","HSW","CV00","6","5",0.3883
"M2","haplotype-tagged","HSW","CV00","6","5",0.3443
"M3","haplotype-tagged","HSW","CV00","6","5",0.4599
"M2","genome-wide","PH","CV00","6","5",0.6241
"M3","genome-wide","PH","CV00","6","5",0.5707
"M2","haplotype-tagged","PH","CV00","6","5",0.6787
"M3","haplotype-tagged","PH","CV00","6","5",0.5437
"M2","genome-wide","PPP","CV00","6","5",0.188
"M3","genome-wide","PPP","CV00","6","5",0.1941
"M2","haplotype-tagged","PPP","CV00","6","5",0.1639
"M3","haplotype-tagged","PPP","CV00","6","5",0.2288
"M2","genome-wide","YPPlnt","CV00","6","5",0.0548
"M3","genome-wide","YPPlnt","CV00","6","5",0.1167
"M2","haplotype-tagged","YPPlnt","CV00","6","5",0.3157
"M3","haplotype-tagged","YPPlnt","CV00","6","5",0.236
"M2","genome-wide","DTF","CV1","6","5",0.418922222222222
"M3","genome-wide","DTF","CV1","6","5",0.402033333333333
"M2","haplotype-tagged","DTF","CV1","6","5",0.205266666666667
"M3","haplotype-tagged","DTF","CV1","6","5",0.190233333333333
"M2","genome-wide","DTM","CV1","6","5",0.301288888888889
"M3","genome-wide","DTM","CV1","6","5",0.296455555555556
"M2","haplotype-tagged","DTM","CV1","6","5",0.200811111111111
"M3","haplotype-tagged","DTM","CV1","6","5",0.218411111111111
"M2","genome-wide","HSW","CV1","6","5",0.652144444444444
"M3","genome-wide","HSW","CV1","6","5",0.625766666666667
"M2","haplotype-tagged","HSW","CV1","6","5",0.512044444444444
"M3","haplotype-tagged","HSW","CV1","6","5",0.497388888888889
"M2","genome-wide","PH","CV1","6","5",0.405977777777778
"M3","genome-wide","PH","CV1","6","5",0.426488888888889
"M2","haplotype-tagged","PH","CV1","6","5",0.412744444444444
"M3","haplotype-tagged","PH","CV1","6","5",0.406511111111111
"M2","genome-wide","PPP","CV1","6","5",0.1103
"M3","genome-wide","PPP","CV1","6","5",0.0479333333333333
"M2","haplotype-tagged","PPP","CV1","6","5",0.101933333333333
"M3","haplotype-tagged","PPP","CV1","6","5",0.0479666666666667
"M2","genome-wide","YPPlnt","CV1","6","5",0.151466666666667
"M3","genome-wide","YPPlnt","CV1","6","5",0.147833333333333
"M2","haplotype-tagged","YPPlnt","CV1","6","5",0.0261777777777778
"M3","haplotype-tagged","YPPlnt","CV1","6","5",0.0347888888888889
"M2","genome-wide","DTF","CV2","6","5",0.610955555555556
"M3","genome-wide","DTF","CV2","6","5",0.629855555555556
"M2","haplotype-tagged","DTF","CV2","6","5",0.598755555555556
"M3","haplotype-tagged","DTF","CV2","6","5",0.607033333333333
"M2","genome-wide","DTM","CV2","6","5",0.581488888888889
"M3","genome-wide","DTM","CV2","6","5",0.516122222222222
"M2","haplotype-tagged","DTM","CV2","6","5",0.564
"M3","haplotype-tagged","DTM","CV2","6","5",0.550811111111111
"M2","genome-wide","HSW","CV2","6","5",0.794933333333333
"M3","genome-wide","HSW","CV2","6","5",0.787422222222222
"M2","haplotype-tagged","HSW","CV2","6","5",0.7903
"M3","haplotype-tagged","HSW","CV2","6","5",0.790622222222222
"M2","genome-wide","PH","CV2","6","5",0.624422222222222
"M3","genome-wide","PH","CV2","6","5",0.641311111111111
"M2","haplotype-tagged","PH","CV2","6","5",0.619266666666667
"M3","haplotype-tagged","PH","CV2","6","5",0.628011111111111
"M2","genome-wide","PPP","CV2","6","5",0.162633333333333
"M3","genome-wide","PPP","CV2","6","5",0.181144444444444
"M2","haplotype-tagged","PPP","CV2","6","5",0.1057
"M3","haplotype-tagged","PPP","CV2","6","5",0.142777777777778
"M2","genome-wide","YPPlnt","CV2","6","5",0.0978444444444444
"M3","genome-wide","YPPlnt","CV2","6","5",0.0925444444444445
"M2","haplotype-tagged","YPPlnt","CV2","6","5",0.0315333333333333
"M3","haplotype-tagged","YPPlnt","CV2","6","5",0.0155333333333333
"M2","genome-wide","DTF","CV0","7","5",0.5197
"M3","genome-wide","DTF","CV0","7","5",0.5219
"M2","haplotype-tagged","DTF","CV0","7","5",0.5105
"M3","haplotype-tagged","DTF","CV0","7","5",0.515
"M2","genome-wide","DTM","CV0","7","5",0.3015
"M3","genome-wide","DTM","CV0","7","5",0.2918
"M2","haplotype-tagged","DTM","CV0","7","5",0.2848
"M3","haplotype-tagged","DTM","CV0","7","5",0.2931
"M2","genome-wide","HSW","CV0","7","5",0.7106
"M3","genome-wide","HSW","CV0","7","5",0.7115
"M2","haplotype-tagged","HSW","CV0","7","5",0.7121
"M3","haplotype-tagged","HSW","CV0","7","5",0.7132
"M2","genome-wide","PH","CV0","7","5",0.4881
"M3","genome-wide","PH","CV0","7","5",0.4896
"M2","haplotype-tagged","PH","CV0","7","5",0.4864
"M3","haplotype-tagged","PH","CV0","7","5",0.4873
"M2","genome-wide","PPP","CV0","7","5",0.046
"M3","genome-wide","PPP","CV0","7","5",0.0375
"M2","haplotype-tagged","PPP","CV0","7","5",0.0463
"M3","haplotype-tagged","PPP","CV0","7","5",0.0453
"M2","genome-wide","YPPlnt","CV0","7","5",0.113
"M3","genome-wide","YPPlnt","CV0","7","5",0.101
"M2","haplotype-tagged","YPPlnt","CV0","7","5",0.1056
"M3","haplotype-tagged","YPPlnt","CV0","7","5",0.1034
"M2","genome-wide","DTF","CV00","7","5",0.6245
"M3","genome-wide","DTF","CV00","7","5",0.5831
"M2","haplotype-tagged","DTF","CV00","7","5",0.5639
"M3","haplotype-tagged","DTF","CV00","7","5",0.4621
"M2","genome-wide","DTM","CV00","7","5",0.5954
"M3","genome-wide","DTM","CV00","7","5",0.5935
"M2","haplotype-tagged","DTM","CV00","7","5",0.5319
"M3","haplotype-tagged","DTM","CV00","7","5",0.4818
"M2","genome-wide","HSW","CV00","7","5",0.8119
"M3","genome-wide","HSW","CV00","7","5",0.8153
"M2","haplotype-tagged","HSW","CV00","7","5",0.7882
"M3","haplotype-tagged","HSW","CV00","7","5",0.8142
"M2","genome-wide","PH","CV00","7","5",0.7701
"M3","genome-wide","PH","CV00","7","5",0.7741
"M2","haplotype-tagged","PH","CV00","7","5",0.6583
"M3","haplotype-tagged","PH","CV00","7","5",0.7371
"M2","genome-wide","PPP","CV00","7","5",0.5066
"M3","genome-wide","PPP","CV00","7","5",0.4906
"M2","haplotype-tagged","PPP","CV00","7","5",0.4121
"M3","haplotype-tagged","PPP","CV00","7","5",0.3526
"M2","genome-wide","YPPlnt","CV00","7","5",0.0041
"M3","genome-wide","YPPlnt","CV00","7","5",0.0563
"M2","haplotype-tagged","YPPlnt","CV00","7","5",0.1246
"M3","haplotype-tagged","YPPlnt","CV00","7","5",0.0066
"M2","genome-wide","DTF","CV1","7","5",0.469655555555556
"M3","genome-wide","DTF","CV1","7","5",0.485488888888889
"M2","haplotype-tagged","DTF","CV1","7","5",0.3446
"M3","haplotype-tagged","DTF","CV1","7","5",0.347388888888889
"M2","genome-wide","DTM","CV1","7","5",0.469077777777778
"M3","genome-wide","DTM","CV1","7","5",0.476477777777778
"M2","haplotype-tagged","DTM","CV1","7","5",0.366411111111111
"M3","haplotype-tagged","DTM","CV1","7","5",0.239066666666667
"M2","genome-wide","HSW","CV1","7","5",0.506622222222222
"M3","genome-wide","HSW","CV1","7","5",0.486744444444444
"M2","haplotype-tagged","HSW","CV1","7","5",0.545833333333333
"M3","haplotype-tagged","HSW","CV1","7","5",0.528844444444444
"M2","genome-wide","PH","CV1","7","5",0.467833333333333
"M3","genome-wide","PH","CV1","7","5",0.418655555555556
"M2","haplotype-tagged","PH","CV1","7","5",0.476211111111111
"M3","haplotype-tagged","PH","CV1","7","5",0.402722222222222
"M2","genome-wide","PPP","CV1","7","5",0.248633333333333
"M3","genome-wide","PPP","CV1","7","5",0.244044444444444
"M2","haplotype-tagged","PPP","CV1","7","5",0.165277777777778
"M3","haplotype-tagged","PPP","CV1","7","5",0.122233333333333
"M2","genome-wide","YPPlnt","CV1","7","5",0.213777777777778
"M3","genome-wide","YPPlnt","CV1","7","5",0.241711111111111
"M2","haplotype-tagged","YPPlnt","CV1","7","5",0.0756555555555556
"M3","haplotype-tagged","YPPlnt","CV1","7","5",0.0633333333333333
"M2","genome-wide","DTF","CV2","7","5",0.632588888888889
"M3","genome-wide","DTF","CV2","7","5",0.617222222222222
"M2","haplotype-tagged","DTF","CV2","7","5",0.612522222222222
"M3","haplotype-tagged","DTF","CV2","7","5",0.622733333333333
"M2","genome-wide","DTM","CV2","7","5",0.532622222222222
"M3","genome-wide","DTM","CV2","7","5",0.534033333333333
"M2","haplotype-tagged","DTM","CV2","7","5",0.515411111111111
"M3","haplotype-tagged","DTM","CV2","7","5",0.525844444444444
"M2","genome-wide","HSW","CV2","7","5",0.772633333333333
"M3","genome-wide","HSW","CV2","7","5",0.769411111111111
"M2","haplotype-tagged","HSW","CV2","7","5",0.763788888888889
"M3","haplotype-tagged","HSW","CV2","7","5",0.759522222222222
"M2","genome-wide","PH","CV2","7","5",0.574277777777778
"M3","genome-wide","PH","CV2","7","5",0.557944444444444
"M2","haplotype-tagged","PH","CV2","7","5",0.570022222222222
"M3","haplotype-tagged","PH","CV2","7","5",0.556366666666667
"M2","genome-wide","PPP","CV2","7","5",0.1665
"M3","genome-wide","PPP","CV2","7","5",0.200388888888889
"M2","haplotype-tagged","PPP","CV2","7","5",0.148177777777778
"M3","haplotype-tagged","PPP","CV2","7","5",0.1601
"M2","genome-wide","YPPlnt","CV2","7","5",0.125333333333333
"M3","genome-wide","YPPlnt","CV2","7","5",0.128944444444444
"M2","haplotype-tagged","YPPlnt","CV2","7","5",0.115755555555556
"M3","haplotype-tagged","YPPlnt","CV2","7","5",0.0739666666666667
"M2","genome-wide","DTF","CV0","8","5",0.6534
"M3","genome-wide","DTF","CV0","8","5",0.6575
"M2","haplotype-tagged","DTF","CV0","8","5",0.6415
"M3","haplotype-tagged","DTF","CV0","8","5",0.6398
"M2","genome-wide","DTM","CV0","8","5",0.5332
"M3","genome-wide","DTM","CV0","8","5",0.5317
"M2","haplotype-tagged","DTM","CV0","8","5",0.5302
"M3","haplotype-tagged","DTM","CV0","8","5",0.5346
"M2","genome-wide","HSW","CV0","8","5",0.8646
"M3","genome-wide","HSW","CV0","8","5",0.8654
"M2","haplotype-tagged","HSW","CV0","8","5",0.8623
"M3","haplotype-tagged","HSW","CV0","8","5",0.8616
"M2","genome-wide","PH","CV0","8","5",0.1023
"M3","genome-wide","PH","CV0","8","5",0.1017
"M2","haplotype-tagged","PH","CV0","8","5",0.1025
"M3","haplotype-tagged","PH","CV0","8","5",0.1039
"M2","genome-wide","PPP","CV0","8","5",0.017
"M3","genome-wide","PPP","CV0","8","5",0.0115
"M2","haplotype-tagged","PPP","CV0","8","5",0.0125
"M3","haplotype-tagged","PPP","CV0","8","5",0.007
"M2","genome-wide","YPPlnt","CV0","8","5",0.216
"M3","genome-wide","YPPlnt","CV0","8","5",0.185
"M2","haplotype-tagged","YPPlnt","CV0","8","5",0.1934
"M3","haplotype-tagged","YPPlnt","CV0","8","5",0.1887
"M2","genome-wide","DTF","CV00","8","5",0.3678
"M3","genome-wide","DTF","CV00","8","5",0.3922
"M2","haplotype-tagged","DTF","CV00","8","5",0.3227
"M3","haplotype-tagged","DTF","CV00","8","5",0.3079
"M2","genome-wide","DTM","CV00","8","5",0.1161
"M3","genome-wide","DTM","CV00","8","5",0.0962
"M2","haplotype-tagged","DTM","CV00","8","5",0.1642
"M3","haplotype-tagged","DTM","CV00","8","5",0.1401
"M2","genome-wide","HSW","CV00","8","5",0.68
"M3","genome-wide","HSW","CV00","8","5",0.6818
"M2","haplotype-tagged","HSW","CV00","8","5",0.5588
"M3","haplotype-tagged","HSW","CV00","8","5",0.5662
"M2","genome-wide","PH","CV00","8","5",0.4995
"M3","genome-wide","PH","CV00","8","5",0.5092
"M2","haplotype-tagged","PH","CV00","8","5",0.5106
"M3","haplotype-tagged","PH","CV00","8","5",0.4716
"M2","genome-wide","PPP","CV00","8","5",0.3106
"M3","genome-wide","PPP","CV00","8","5",0.3335
"M2","haplotype-tagged","PPP","CV00","8","5",0.3568
"M3","haplotype-tagged","PPP","CV00","8","5",-0.0485
"M2","genome-wide","YPPlnt","CV00","8","5",-0.0837
"M3","genome-wide","YPPlnt","CV00","8","5",-0.1365
"M2","haplotype-tagged","YPPlnt","CV00","8","5",-0.1201
"M3","haplotype-tagged","YPPlnt","CV00","8","5",-0.1995
"M2","genome-wide","DTF","CV1","8","5",0.499144444444444
"M3","genome-wide","DTF","CV1","8","5",0.463977777777778
"M2","haplotype-tagged","DTF","CV1","8","5",0.366633333333333
"M3","haplotype-tagged","DTF","CV1","8","5",0.241711111111111
"M2","genome-wide","DTM","CV1","8","5",0.497711111111111
"M3","genome-wide","DTM","CV1","8","5",0.436644444444444
"M2","haplotype-tagged","DTM","CV1","8","5",0.261044444444444
"M3","haplotype-tagged","DTM","CV1","8","5",0.167877777777778
"M2","genome-wide","HSW","CV1","8","5",0.420555555555556
"M3","genome-wide","HSW","CV1","8","5",0.4301
"M2","haplotype-tagged","HSW","CV1","8","5",0.213966666666667
"M3","haplotype-tagged","HSW","CV1","8","5",0.215555555555556
"M2","genome-wide","PH","CV1","8","5",0.434833333333333
"M3","genome-wide","PH","CV1","8","5",0.454222222222222
"M2","haplotype-tagged","PH","CV1","8","5",0.390355555555556
"M3","haplotype-tagged","PH","CV1","8","5",0.331166666666667
"M2","genome-wide","PPP","CV1","8","5",0.1254
"M3","genome-wide","PPP","CV1","8","5",0.121133333333333
"M2","haplotype-tagged","PPP","CV1","8","5",-0.0317555555555556
"M3","haplotype-tagged","PPP","CV1","8","5",-0.00647777777777778
"M2","genome-wide","YPPlnt","CV1","8","5",0.195477777777778
"M3","genome-wide","YPPlnt","CV1","8","5",0.207855555555556
"M2","haplotype-tagged","YPPlnt","CV1","8","5",0.241966666666667
"M3","haplotype-tagged","YPPlnt","CV1","8","5",0.150222222222222
"M2","genome-wide","DTF","CV2","8","5",0.6201
"M3","genome-wide","DTF","CV2","8","5",0.608077777777778
"M2","haplotype-tagged","DTF","CV2","8","5",0.610422222222222
"M3","haplotype-tagged","DTF","CV2","8","5",0.622533333333333
"M2","genome-wide","DTM","CV2","8","5",0.465888888888889
"M3","genome-wide","DTM","CV2","8","5",0.472844444444444
"M2","haplotype-tagged","DTM","CV2","8","5",0.438222222222222
"M3","haplotype-tagged","DTM","CV2","8","5",0.4534
"M2","genome-wide","HSW","CV2","8","5",0.6653
"M3","genome-wide","HSW","CV2","8","5",0.661533333333333
"M2","haplotype-tagged","HSW","CV2","8","5",0.6623
"M3","haplotype-tagged","HSW","CV2","8","5",0.6641
"M2","genome-wide","PH","CV2","8","5",0.535966666666667
"M3","genome-wide","PH","CV2","8","5",0.519555555555556
"M2","haplotype-tagged","PH","CV2","8","5",0.519044444444444
"M3","haplotype-tagged","PH","CV2","8","5",0.526444444444444
"M2","genome-wide","PPP","CV2","8","5",0.225044444444444
"M3","genome-wide","PPP","CV2","8","5",0.214666666666667
"M2","haplotype-tagged","PPP","CV2","8","5",0.186766666666667
"M3","haplotype-tagged","PPP","CV2","8","5",0.175388888888889
"M2","genome-wide","YPPlnt","CV2","8","5",0.187755555555556
"M3","genome-wide","YPPlnt","CV2","8","5",0.130566666666667
"M2","haplotype-tagged","YPPlnt","CV2","8","5",0.162933333333333
"M3","haplotype-tagged","YPPlnt","CV2","8","5",0.139755555555556
"M2","genome-wide","DTF","CV0","9","5",0.521
"M3","genome-wide","DTF","CV0","9","5",0.5064
"M2","haplotype-tagged","DTF","CV0","9","5",0.5135
"M3","haplotype-tagged","DTF","CV0","9","5",0.506
"M2","genome-wide","DTM","CV0","9","5",0.2992
"M3","genome-wide","DTM","CV0","9","5",0.3007
"M2","haplotype-tagged","DTM","CV0","9","5",0.2893
"M3","haplotype-tagged","DTM","CV0","9","5",0.2774
"M2","genome-wide","HSW","CV0","9","5",0.7122
"M3","genome-wide","HSW","CV0","9","5",0.7126
"M2","haplotype-tagged","HSW","CV0","9","5",0.7127
"M3","haplotype-tagged","HSW","CV0","9","5",0.712
"M2","genome-wide","PH","CV0","9","5",0.4896
"M3","genome-wide","PH","CV0","9","5",0.4875
"M2","haplotype-tagged","PH","CV0","9","5",0.4874
"M3","haplotype-tagged","PH","CV0","9","5",0.4866
"M2","genome-wide","PPP","CV0","9","5",0.0505
"M3","genome-wide","PPP","CV0","9","5",0.0491
"M2","haplotype-tagged","PPP","CV0","9","5",0.0451
"M3","haplotype-tagged","PPP","CV0","9","5",0.0137
"M2","genome-wide","YPPlnt","CV0","9","5",0.1178
"M3","genome-wide","YPPlnt","CV0","9","5",0.1182
"M2","haplotype-tagged","YPPlnt","CV0","9","5",0.0992
"M3","haplotype-tagged","YPPlnt","CV0","9","5",0.0962
"M2","genome-wide","DTF","CV00","9","5",0.3589
"M3","genome-wide","DTF","CV00","9","5",0.3579
"M2","haplotype-tagged","DTF","CV00","9","5",0.248
"M3","haplotype-tagged","DTF","CV00","9","5",0.2522
"M2","genome-wide","DTM","CV00","9","5",0.2051
"M3","genome-wide","DTM","CV00","9","5",0.2138
"M2","haplotype-tagged","DTM","CV00","9","5",0.0386
"M3","haplotype-tagged","DTM","CV00","9","5",0.0436
"M2","genome-wide","HSW","CV00","9","5",0.6777
"M3","genome-wide","HSW","CV00","9","5",0.6675
"M2","haplotype-tagged","HSW","CV00","9","5",0.4716
"M3","haplotype-tagged","HSW","CV00","9","5",0.4906
"M2","genome-wide","PH","CV00","9","5",0.5182
"M3","genome-wide","PH","CV00","9","5",0.5398
"M2","haplotype-tagged","PH","CV00","9","5",0.4721
"M3","haplotype-tagged","PH","CV00","9","5",0.4504
"M2","genome-wide","PPP","CV00","9","5",0.2226
"M3","genome-wide","PPP","CV00","9","5",0.204
"M2","haplotype-tagged","PPP","CV00","9","5",0.1759
"M3","haplotype-tagged","PPP","CV00","9","5",0.1171
"M2","genome-wide","YPPlnt","CV00","9","5",0.1905
"M3","genome-wide","YPPlnt","CV00","9","5",0.1684
"M2","haplotype-tagged","YPPlnt","CV00","9","5",-0.16
"M3","haplotype-tagged","YPPlnt","CV00","9","5",-0.0923
"M2","genome-wide","DTF","CV1","9","5",0.3925
"M3","genome-wide","DTF","CV1","9","5",0.368944444444444
"M2","haplotype-tagged","DTF","CV1","9","5",0.224655555555556
"M3","haplotype-tagged","DTF","CV1","9","5",0.283322222222222
"M2","genome-wide","DTM","CV1","9","5",0.360755555555556
"M3","genome-wide","DTM","CV1","9","5",0.340133333333333
"M2","haplotype-tagged","DTM","CV1","9","5",0.182522222222222
"M3","haplotype-tagged","DTM","CV1","9","5",0.181055555555556
"M2","genome-wide","HSW","CV1","9","5",0.549455555555556
"M3","genome-wide","HSW","CV1","9","5",0.535577777777778
"M2","haplotype-tagged","HSW","CV1","9","5",0.397255555555556
"M3","haplotype-tagged","HSW","CV1","9","5",0.415877777777778
"M2","genome-wide","PH","CV1","9","5",0.295811111111111
"M3","genome-wide","PH","CV1","9","5",0.327511111111111
"M2","haplotype-tagged","PH","CV1","9","5",0.314966666666667
"M3","haplotype-tagged","PH","CV1","9","5",0.3429
"M2","genome-wide","PPP","CV1","9","5",0.3375
"M3","genome-wide","PPP","CV1","9","5",0.325677777777778
"M2","haplotype-tagged","PPP","CV1","9","5",0.306511111111111
"M3","haplotype-tagged","PPP","CV1","9","5",0.166277777777778
"M2","genome-wide","YPPlnt","CV1","9","5",0.123
"M3","genome-wide","YPPlnt","CV1","9","5",0.114955555555556
"M2","haplotype-tagged","YPPlnt","CV1","9","5",0.213222222222222
"M3","haplotype-tagged","YPPlnt","CV1","9","5",0.194988888888889
"M2","genome-wide","DTF","CV2","9","5",0.608366666666667
"M3","genome-wide","DTF","CV2","9","5",0.613022222222222
"M2","haplotype-tagged","DTF","CV2","9","5",0.610222222222222
"M3","haplotype-tagged","DTF","CV2","9","5",0.607755555555556
"M2","genome-wide","DTM","CV2","9","5",0.506966666666667
"M3","genome-wide","DTM","CV2","9","5",0.507811111111111
"M2","haplotype-tagged","DTM","CV2","9","5",0.500855555555556
"M3","haplotype-tagged","DTM","CV2","9","5",0.516544444444444
"M2","genome-wide","HSW","CV2","9","5",0.704566666666667
"M3","genome-wide","HSW","CV2","9","5",0.700266666666667
"M2","haplotype-tagged","HSW","CV2","9","5",0.7004
"M3","haplotype-tagged","HSW","CV2","9","5",0.700722222222222
"M2","genome-wide","PH","CV2","9","5",0.502788888888889
"M3","genome-wide","PH","CV2","9","5",0.508188888888889
"M2","haplotype-tagged","PH","CV2","9","5",0.493955555555556
"M3","haplotype-tagged","PH","CV2","9","5",0.485111111111111
"M2","genome-wide","PPP","CV2","9","5",0.185222222222222
"M3","genome-wide","PPP","CV2","9","5",0.148544444444444
"M2","haplotype-tagged","PPP","CV2","9","5",0.136811111111111
"M3","haplotype-tagged","PPP","CV2","9","5",0.136011111111111
"M2","genome-wide","YPPlnt","CV2","9","5",0.143877777777778
"M3","genome-wide","YPPlnt","CV2","9","5",0.126388888888889
"M2","haplotype-tagged","YPPlnt","CV2","9","5",0.128388888888889
"M3","haplotype-tagged","YPPlnt","CV2","9","5",0.139755555555556
"M2","genome-wide","DTF","CV0","10","5",0.7882
"M3","genome-wide","DTF","CV0","10","5",0.7856
"M2","haplotype-tagged","DTF","CV0","10","5",0.781
"M3","haplotype-tagged","DTF","CV0","10","5",0.7792
"M2","genome-wide","DTM","CV0","10","5",0.7044
"M3","genome-wide","DTM","CV0","10","5",0.6975
"M2","haplotype-tagged","DTM","CV0","10","5",0.6882
"M3","haplotype-tagged","DTM","CV0","10","5",0.6827
"M2","genome-wide","HSW","CV0","10","5",0.793
"M3","genome-wide","HSW","CV0","10","5",0.7918
"M2","haplotype-tagged","HSW","CV0","10","5",0.7868
"M3","haplotype-tagged","HSW","CV0","10","5",0.7844
"M2","genome-wide","PH","CV0","10","5",0.7631
"M3","genome-wide","PH","CV0","10","5",0.7567
"M2","haplotype-tagged","PH","CV0","10","5",0.7523
"M3","haplotype-tagged","PH","CV0","10","5",0.746
"M2","genome-wide","PPP","CV0","10","5",0.3662
"M3","genome-wide","PPP","CV0","10","5",0.3229
"M2","haplotype-tagged","PPP","CV0","10","5",0.3153
"M3","haplotype-tagged","PPP","CV0","10","5",0.2893
"M2","genome-wide","YPPlnt","CV0","10","5",0.0167
"M3","genome-wide","YPPlnt","CV0","10","5",0.0235
"M2","haplotype-tagged","YPPlnt","CV0","10","5",0.0049
"M3","haplotype-tagged","YPPlnt","CV0","10","5",0.0057
"M2","genome-wide","DTF","CV00","10","5",0.4548
"M3","genome-wide","DTF","CV00","10","5",0.456
"M2","haplotype-tagged","DTF","CV00","10","5",0.3436
"M3","haplotype-tagged","DTF","CV00","10","5",0.2495
"M2","genome-wide","DTM","CV00","10","5",0.5116
"M3","genome-wide","DTM","CV00","10","5",0.5086
"M2","haplotype-tagged","DTM","CV00","10","5",0.347
"M3","haplotype-tagged","DTM","CV00","10","5",0.1747
"M2","genome-wide","HSW","CV00","10","5",0.784
"M3","genome-wide","HSW","CV00","10","5",0.7841
"M2","haplotype-tagged","HSW","CV00","10","5",0.7247
"M3","haplotype-tagged","HSW","CV00","10","5",0.7309
"M2","genome-wide","PH","CV00","10","5",0.1195
"M3","genome-wide","PH","CV00","10","5",0.125
"M2","haplotype-tagged","PH","CV00","10","5",0.0438
"M3","haplotype-tagged","PH","CV00","10","5",0.1077
"M2","genome-wide","PPP","CV00","10","5",-0.1689
"M3","genome-wide","PPP","CV00","10","5",-0.1878
"M2","haplotype-tagged","PPP","CV00","10","5",-0.1583
"M3","haplotype-tagged","PPP","CV00","10","5",-0.2722
"M2","genome-wide","YPPlnt","CV00","10","5",0.2526
"M3","genome-wide","YPPlnt","CV00","10","5",0.4087
"M2","haplotype-tagged","YPPlnt","CV00","10","5",-0.2765
"M3","haplotype-tagged","YPPlnt","CV00","10","5",-0.1014
"M2","genome-wide","DTF","CV1","10","5",0.369855555555556
"M3","genome-wide","DTF","CV1","10","5",0.431044444444444
"M2","haplotype-tagged","DTF","CV1","10","5",0.2843
"M3","haplotype-tagged","DTF","CV1","10","5",0.284566666666667
"M2","genome-wide","DTM","CV1","10","5",0.319311111111111
"M3","genome-wide","DTM","CV1","10","5",0.342366666666667
"M2","haplotype-tagged","DTM","CV1","10","5",0.290588888888889
"M3","haplotype-tagged","DTM","CV1","10","5",0.360322222222222
"M2","genome-wide","HSW","CV1","10","5",0.737255555555556
"M3","genome-wide","HSW","CV1","10","5",0.728211111111111
"M2","haplotype-tagged","HSW","CV1","10","5",0.7103
"M3","haplotype-tagged","HSW","CV1","10","5",0.674333333333333
"M2","genome-wide","PH","CV1","10","5",0.500711111111111
"M3","genome-wide","PH","CV1","10","5",0.4869
"M2","haplotype-tagged","PH","CV1","10","5",0.508888888888889
"M3","haplotype-tagged","PH","CV1","10","5",0.435388888888889
"M2","genome-wide","PPP","CV1","10","5",0.199655555555556
"M3","genome-wide","PPP","CV1","10","5",0.160144444444444
"M2","haplotype-tagged","PPP","CV1","10","5",0.177988888888889
"M3","haplotype-tagged","PPP","CV1","10","5",0.194177777777778
"M2","genome-wide","YPPlnt","CV1","10","5",0.183277777777778
"M3","genome-wide","YPPlnt","CV1","10","5",0.164733333333333
"M2","haplotype-tagged","YPPlnt","CV1","10","5",0.2172
"M3","haplotype-tagged","YPPlnt","CV1","10","5",0.0835222222222222
"M2","genome-wide","DTF","CV2","10","5",0.585055555555556
"M3","genome-wide","DTF","CV2","10","5",0.542311111111111
"M2","haplotype-tagged","DTF","CV2","10","5",0.571044444444444
"M3","haplotype-tagged","DTF","CV2","10","5",0.558844444444444
"M2","genome-wide","DTM","CV2","10","5",0.467655555555556
"M3","genome-wide","DTM","CV2","10","5",0.434633333333333
"M2","haplotype-tagged","DTM","CV2","10","5",0.463277777777778
"M3","haplotype-tagged","DTM","CV2","10","5",0.458666666666667
"M2","genome-wide","HSW","CV2","10","5",0.7369
"M3","genome-wide","HSW","CV2","10","5",0.737888888888889
"M2","haplotype-tagged","HSW","CV2","10","5",0.731477777777778
"M3","haplotype-tagged","HSW","CV2","10","5",0.736322222222222
"M2","genome-wide","PH","CV2","10","5",0.565822222222222
"M3","genome-wide","PH","CV2","10","5",0.575044444444444
"M2","haplotype-tagged","PH","CV2","10","5",0.565455555555556
"M3","haplotype-tagged","PH","CV2","10","5",0.572666666666667
"M2","genome-wide","PPP","CV2","10","5",0.226155555555556
"M3","genome-wide","PPP","CV2","10","5",0.253888888888889
"M2","haplotype-tagged","PPP","CV2","10","5",0.1843
"M3","haplotype-tagged","PPP","CV2","10","5",0.195844444444444
"M2","genome-wide","YPPlnt","CV2","10","5",0.234511111111111
"M3","genome-wide","YPPlnt","CV2","10","5",0.157533333333333
"M2","haplotype-tagged","YPPlnt","CV2","10","5",0.221344444444444
"M3","haplotype-tagged","YPPlnt","CV2","10","5",0.221477777777778
"M1","genome-wide","DTF","CV0","1","1",0.51665
"M1","genome-wide","DTM","CV0","1","1",0.3372
"M1","genome-wide","HSW","CV0","1","1",0.6789
"M1","genome-wide","PH","CV0","1","1",0.59585
"M1","genome-wide","PPP","CV0","1","1",0.101
"M1","genome-wide","YPPlnt","CV0","1","1",0.15995
"M1","genome-wide","DTF","CV00","1","1",-0.00465
"M1","genome-wide","DTM","CV00","1","1",-0.0913
"M1","genome-wide","HSW","CV00","1","1",0.0402
"M1","genome-wide","PH","CV00","1","1",-0.0258
"M1","genome-wide","PPP","CV00","1","1",-0.1349
"M1","genome-wide","YPPlnt","CV00","1","1",0.0078
"M1","genome-wide","DTF","CV1","1","1",0.0377333333333333
"M1","genome-wide","DTM","CV1","1","1",-0.0448777777777778
"M1","genome-wide","HSW","CV1","1","1",0.0522
"M1","genome-wide","PH","CV1","1","1",0.0339444444444444
"M1","genome-wide","PPP","CV1","1","1",0.0267777777777778
"M1","genome-wide","YPPlnt","CV1","1","1",-0.0886888888888889
"M1","genome-wide","DTF","CV2","1","1",0.615122222222222
"M1","genome-wide","DTM","CV2","1","1",0.433322222222222
"M1","genome-wide","HSW","CV2","1","1",0.801711111111111
"M1","genome-wide","PH","CV2","1","1",0.609955555555556
"M1","genome-wide","PPP","CV2","1","1",0.140055555555556
"M1","genome-wide","YPPlnt","CV2","1","1",0.0842222222222222
"M1","genome-wide","DTF","CV0","2","1",0.68035
"M1","genome-wide","DTM","CV0","2","1",0.4938
"M1","genome-wide","HSW","CV0","2","1",0.80025
"M1","genome-wide","PH","CV0","2","1",0.6392
"M1","genome-wide","PPP","CV0","2","1",0.2031
"M1","genome-wide","YPPlnt","CV0","2","1",0.1595
"M1","genome-wide","DTF","CV00","2","1",0.03855
"M1","genome-wide","DTM","CV00","2","1",-0.05745
"M1","genome-wide","HSW","CV00","2","1",-0.0117
"M1","genome-wide","PH","CV00","2","1",-0.02325
"M1","genome-wide","PPP","CV00","2","1",0.09185
"M1","genome-wide","YPPlnt","CV00","2","1",0.179
"M1","genome-wide","DTF","CV1","2","1",-0.113377777777778
"M1","genome-wide","DTM","CV1","2","1",0.190833333333333
"M1","genome-wide","HSW","CV1","2","1",0.0703666666666667
"M1","genome-wide","PH","CV1","2","1",0.0370666666666667
"M1","genome-wide","PPP","CV1","2","1",-0.0602111111111111
"M1","genome-wide","YPPlnt","CV1","2","1",-0.0234333333333333
"M1","genome-wide","DTF","CV2","2","1",0.585622222222222
"M1","genome-wide","DTM","CV2","2","1",0.493188888888889
"M1","genome-wide","HSW","CV2","2","1",0.754933333333333
"M1","genome-wide","PH","CV2","2","1",0.5926
"M1","genome-wide","PPP","CV2","2","1",0.2137
"M1","genome-wide","YPPlnt","CV2","2","1",0.114555555555556
"M1","genome-wide","DTF","CV0","3","1",0.64155
"M1","genome-wide","DTM","CV0","3","1",0.52915
"M1","genome-wide","HSW","CV0","3","1",0.7244
"M1","genome-wide","PH","CV0","3","1",0.6993
"M1","genome-wide","PPP","CV0","3","1",0.25505
"M1","genome-wide","YPPlnt","CV0","3","1",0.10485
"M1","genome-wide","DTF","CV00","3","1",0.13255
"M1","genome-wide","DTM","CV00","3","1",-0.02705
"M1","genome-wide","HSW","CV00","3","1",-0.06335
"M1","genome-wide","PH","CV00","3","1",-0.05005
"M1","genome-wide","PPP","CV00","3","1",-0.0862
"M1","genome-wide","YPPlnt","CV00","3","1",-0.06735
"M1","genome-wide","DTF","CV1","3","1",0.00626666666666666
"M1","genome-wide","DTM","CV1","3","1",0.165988888888889
"M1","genome-wide","HSW","CV1","3","1",-0.0771777777777778
"M1","genome-wide","PH","CV1","3","1",0.0957333333333333
"M1","genome-wide","PPP","CV1","3","1",0.0134888888888889
"M1","genome-wide","YPPlnt","CV1","3","1",-0.0384888888888889
"M1","genome-wide","DTF","CV2","3","1",0.584811111111111
"M1","genome-wide","DTM","CV2","3","1",0.505266666666667
"M1","genome-wide","HSW","CV2","3","1",0.718177777777778
"M1","genome-wide","PH","CV2","3","1",0.4846
"M1","genome-wide","PPP","CV2","3","1",0.0393555555555556
"M1","genome-wide","YPPlnt","CV2","3","1",0.0976666666666667
"M1","genome-wide","DTF","CV0","4","1",0.60025
"M1","genome-wide","DTM","CV0","4","1",0.49785
"M1","genome-wide","HSW","CV0","4","1",0.7087
"M1","genome-wide","PH","CV0","4","1",0.6836
"M1","genome-wide","PPP","CV0","4","1",0.1235
"M1","genome-wide","YPPlnt","CV0","4","1",0.20735
"M1","genome-wide","DTF","CV00","4","1",-0.2581
"M1","genome-wide","DTM","CV00","4","1",-0.12645
"M1","genome-wide","HSW","CV00","4","1",-0.1745
"M1","genome-wide","PH","CV00","4","1",-0.09875
"M1","genome-wide","PPP","CV00","4","1",0.19415
"M1","genome-wide","YPPlnt","CV00","4","1",0.38975
"M1","genome-wide","DTF","CV1","4","1",-0.105944444444444
"M1","genome-wide","DTM","CV1","4","1",-0.0965111111111111
"M1","genome-wide","HSW","CV1","4","1",0.144111111111111
"M1","genome-wide","PH","CV1","4","1",-0.0305333333333333
"M1","genome-wide","PPP","CV1","4","1",-0.0961111111111111
"M1","genome-wide","YPPlnt","CV1","4","1",-0.0899444444444445
"M1","genome-wide","DTF","CV2","4","1",0.541811111111111
"M1","genome-wide","DTM","CV2","4","1",0.504344444444444
"M1","genome-wide","HSW","CV2","4","1",0.7545
"M1","genome-wide","PH","CV2","4","1",0.6305
"M1","genome-wide","PPP","CV2","4","1",0.129288888888889
"M1","genome-wide","YPPlnt","CV2","4","1",0.118388888888889
"M1","genome-wide","DTF","CV0","5","1",0.63115
"M1","genome-wide","DTM","CV0","5","1",0.47515
"M1","genome-wide","HSW","CV0","5","1",0.7435
"M1","genome-wide","PH","CV0","5","1",0.59625
"M1","genome-wide","PPP","CV0","5","1",0.17885
"M1","genome-wide","YPPlnt","CV0","5","1",0.1058
"M1","genome-wide","DTF","CV00","5","1",-0.08365
"M1","genome-wide","DTM","CV00","5","1",0.07125
"M1","genome-wide","HSW","CV00","5","1",-0.0463
"M1","genome-wide","PH","CV00","5","1",0.07245
"M1","genome-wide","PPP","CV00","5","1",0.06305
"M1","genome-wide","YPPlnt","CV00","5","1",0.0816
"M1","genome-wide","DTF","CV1","5","1",-0.0391444444444444
"M1","genome-wide","DTM","CV1","5","1",-0.0472444444444444
"M1","genome-wide","HSW","CV1","5","1",-0.400211111111111
"M1","genome-wide","PH","CV1","5","1",-0.0757333333333333
"M1","genome-wide","PPP","CV1","5","1",-0.0248666666666667
"M1","genome-wide","YPPlnt","CV1","5","1",-0.0105666666666667
"M1","genome-wide","DTF","CV2","5","1",0.666744444444444
"M1","genome-wide","DTM","CV2","5","1",0.505055555555556
"M1","genome-wide","HSW","CV2","5","1",0.714266666666667
"M1","genome-wide","PH","CV2","5","1",0.527477777777778
"M1","genome-wide","PPP","CV2","5","1",0.159733333333333
"M1","genome-wide","YPPlnt","CV2","5","1",0.105866666666667
"M1","genome-wide","DTF","CV0","6","1",0.5515
"M1","genome-wide","DTM","CV0","6","1",0.377
"M1","genome-wide","HSW","CV0","6","1",0.6727
"M1","genome-wide","PH","CV0","6","1",0.6046
"M1","genome-wide","PPP","CV0","6","1",0.2475
"M1","genome-wide","YPPlnt","CV0","6","1",0.0678
"M1","genome-wide","DTF","CV00","6","1",0.00575
"M1","genome-wide","DTM","CV00","6","1",-0.0273
"M1","genome-wide","HSW","CV00","6","1",0.06365
"M1","genome-wide","PH","CV00","6","1",-0.139
"M1","genome-wide","PPP","CV00","6","1",-0.2233
"M1","genome-wide","YPPlnt","CV00","6","1",0.1048
"M1","genome-wide","DTF","CV1","6","1",0.205844444444444
"M1","genome-wide","DTM","CV1","6","1",0.0786666666666667
"M1","genome-wide","HSW","CV1","6","1",0.00194444444444445
"M1","genome-wide","PH","CV1","6","1",-0.2062
"M1","genome-wide","PPP","CV1","6","1",0.128311111111111
"M1","genome-wide","YPPlnt","CV1","6","1",0.0475222222222222
"M1","genome-wide","DTF","CV2","6","1",0.642977777777778
"M1","genome-wide","DTM","CV2","6","1",0.453022222222222
"M1","genome-wide","HSW","CV2","6","1",0.728411111111111
"M1","genome-wide","PH","CV2","6","1",0.506422222222222
"M1","genome-wide","PPP","CV2","6","1",0.146266666666667
"M1","genome-wide","YPPlnt","CV2","6","1",0.224377777777778
"M1","genome-wide","DTF","CV0","7","1",0.72745
"M1","genome-wide","DTM","CV0","7","1",0.6197
"M1","genome-wide","HSW","CV0","7","1",0.75555
"M1","genome-wide","PH","CV0","7","1",0.70125
"M1","genome-wide","PPP","CV0","7","1",0.21025
"M1","genome-wide","YPPlnt","CV0","7","1",0.11885
"M1","genome-wide","DTF","CV00","7","1",-0.1018
"M1","genome-wide","DTM","CV00","7","1",0.0447
"M1","genome-wide","HSW","CV00","7","1",-0.0943
"M1","genome-wide","PH","CV00","7","1",0.0014
"M1","genome-wide","PPP","CV00","7","1",0.0069
"M1","genome-wide","YPPlnt","CV00","7","1",-0.07675
"M1","genome-wide","DTF","CV1","7","1",0.0257
"M1","genome-wide","DTM","CV1","7","1",-0.139922222222222
"M1","genome-wide","HSW","CV1","7","1",0.209211111111111
"M1","genome-wide","PH","CV1","7","1",0.2398
"M1","genome-wide","PPP","CV1","7","1",0.0436222222222222
"M1","genome-wide","YPPlnt","CV1","7","1",-0.0577888888888889
"M1","genome-wide","DTF","CV2","7","1",0.616644444444444
"M1","genome-wide","DTM","CV2","7","1",0.450533333333333
"M1","genome-wide","HSW","CV2","7","1",0.7567
"M1","genome-wide","PH","CV2","7","1",0.600877777777778
"M1","genome-wide","PPP","CV2","7","1",0.189166666666667
"M1","genome-wide","YPPlnt","CV2","7","1",0.111933333333333
"M1","genome-wide","DTF","CV0","8","1",0.49505
"M1","genome-wide","DTM","CV0","8","1",0.38955
"M1","genome-wide","HSW","CV0","8","1",0.699
"M1","genome-wide","PH","CV0","8","1",0.61145
"M1","genome-wide","PPP","CV0","8","1",0.11935
"M1","genome-wide","YPPlnt","CV0","8","1",0.1383
"M1","genome-wide","DTF","CV00","8","1",0.06295
"M1","genome-wide","DTM","CV00","8","1",-0.1208
"M1","genome-wide","HSW","CV00","8","1",0.13245
"M1","genome-wide","PH","CV00","8","1",0.2016
"M1","genome-wide","PPP","CV00","8","1",0.1058
"M1","genome-wide","YPPlnt","CV00","8","1",-0.1681
"M1","genome-wide","DTF","CV1","8","1",0.135711111111111
"M1","genome-wide","DTM","CV1","8","1",-0.00907777777777778
"M1","genome-wide","HSW","CV1","8","1",0.102833333333333
"M1","genome-wide","PH","CV1","8","1",-0.0120666666666667
"M1","genome-wide","PPP","CV1","8","1",0.0136666666666667
"M1","genome-wide","YPPlnt","CV1","8","1",0.00282222222222222
"M1","genome-wide","DTF","CV2","8","1",0.602966666666667
"M1","genome-wide","DTM","CV2","8","1",0.4471
"M1","genome-wide","HSW","CV2","8","1",0.756422222222222
"M1","genome-wide","PH","CV2","8","1",0.5767
"M1","genome-wide","PPP","CV2","8","1",0.126122222222222
"M1","genome-wide","YPPlnt","CV2","8","1",0.0398555555555555
"M1","genome-wide","DTF","CV0","9","1",0.7781
"M1","genome-wide","DTM","CV0","9","1",0.65985
"M1","genome-wide","HSW","CV0","9","1",0.80725
"M1","genome-wide","PH","CV0","9","1",0.74035
"M1","genome-wide","PPP","CV0","9","1",0.1755
"M1","genome-wide","YPPlnt","CV0","9","1",0.14395
"M1","genome-wide","DTF","CV00","9","1",0.2144
"M1","genome-wide","DTM","CV00","9","1",0.1284
"M1","genome-wide","HSW","CV00","9","1",-0.24915
"M1","genome-wide","PH","CV00","9","1",0.0812
"M1","genome-wide","PPP","CV00","9","1",-0.17775
"M1","genome-wide","YPPlnt","CV00","9","1",0.0577
"M1","genome-wide","DTF","CV1","9","1",-0.0669666666666667
"M1","genome-wide","DTM","CV1","9","1",0.0638666666666667
"M1","genome-wide","HSW","CV1","9","1",-0.0161666666666667
"M1","genome-wide","PH","CV1","9","1",-0.0914444444444445
"M1","genome-wide","PPP","CV1","9","1",-0.0363666666666667
"M1","genome-wide","YPPlnt","CV1","9","1",-0.104866666666667
"M1","genome-wide","DTF","CV2","9","1",0.589444444444444
"M1","genome-wide","DTM","CV2","9","1",0.496433333333333
"M1","genome-wide","HSW","CV2","9","1",0.769288888888889
"M1","genome-wide","PH","CV2","9","1",0.5569
"M1","genome-wide","PPP","CV2","9","1",0.168744444444444
"M1","genome-wide","YPPlnt","CV2","9","1",0.0220777777777778
"M1","genome-wide","DTF","CV0","10","1",0.6835
"M1","genome-wide","DTM","CV0","10","1",0.523
"M1","genome-wide","HSW","CV0","10","1",0.7597
"M1","genome-wide","PH","CV0","10","1",0.743
"M1","genome-wide","PPP","CV0","10","1",0.2706
"M1","genome-wide","YPPlnt","CV0","10","1",0.14665
"M1","genome-wide","DTF","CV00","10","1",-0.0436
"M1","genome-wide","DTM","CV00","10","1",0.01205
"M1","genome-wide","HSW","CV00","10","1",0.1094
"M1","genome-wide","PH","CV00","10","1",0.06125
"M1","genome-wide","PPP","CV00","10","1",-0.22685
"M1","genome-wide","YPPlnt","CV00","10","1",-0.16745
"M1","genome-wide","DTF","CV1","10","1",-0.3196
"M1","genome-wide","DTM","CV1","10","1",-0.0143333333333333
"M1","genome-wide","HSW","CV1","10","1",-0.200433333333333
"M1","genome-wide","PH","CV1","10","1",0.0382777777777778
"M1","genome-wide","PPP","CV1","10","1",0.0791111111111111
"M1","genome-wide","YPPlnt","CV1","10","1",0.0547666666666667
"M1","genome-wide","DTF","CV2","10","1",0.6026
"M1","genome-wide","DTM","CV2","10","1",0.462011111111111
"M1","genome-wide","HSW","CV2","10","1",0.718877777777778
"M1","genome-wide","PH","CV2","10","1",0.575777777777778
"M1","genome-wide","PPP","CV2","10","1",0.140333333333333
"M1","genome-wide","YPPlnt","CV2","10","1",0.106711111111111
"M1","genome-wide","DTF","CV0","1","2",0.6242
"M1","genome-wide","DTM","CV0","1","2",0.46265
"M1","genome-wide","HSW","CV0","1","2",0.78645
"M1","genome-wide","PH","CV0","1","2",0.28895
"M1","genome-wide","PPP","CV0","1","2",0.13155
"M1","genome-wide","YPPlnt","CV0","1","2",0.08025
"M1","genome-wide","DTF","CV00","1","2",0.0594
"M1","genome-wide","DTM","CV00","1","2",-0.114
"M1","genome-wide","HSW","CV00","1","2",-0.19765
"M1","genome-wide","PH","CV00","1","2",-0.1225
"M1","genome-wide","PPP","CV00","1","2",0.14605
"M1","genome-wide","YPPlnt","CV00","1","2",0.29745
"M1","genome-wide","DTF","CV1","1","2",-0.141444444444444
"M1","genome-wide","DTM","CV1","1","2",0.00727777777777778
"M1","genome-wide","HSW","CV1","1","2",0.0403777777777778
"M1","genome-wide","PH","CV1","1","2",-0.0663777777777778
"M1","genome-wide","PPP","CV1","1","2",-0.101477777777778
"M1","genome-wide","YPPlnt","CV1","1","2",0.00513333333333334
"M1","genome-wide","DTF","CV2","1","2",0.601644444444444
"M1","genome-wide","DTM","CV2","1","2",0.446788888888889
"M1","genome-wide","HSW","CV2","1","2",0.665433333333333
"M1","genome-wide","PH","CV2","1","2",0.563155555555556
"M1","genome-wide","PPP","CV2","1","2",0.103777777777778
"M1","genome-wide","YPPlnt","CV2","1","2",0.0650888888888889
"M1","genome-wide","DTF","CV0","2","2",0.64655
"M1","genome-wide","DTM","CV0","2","2",0.53255
"M1","genome-wide","HSW","CV0","2","2",0.77525
"M1","genome-wide","PH","CV0","2","2",0.65435
"M1","genome-wide","PPP","CV0","2","2",0.10785
"M1","genome-wide","YPPlnt","CV0","2","2",0.17365
"M1","genome-wide","DTF","CV00","2","2",-0.0403
"M1","genome-wide","DTM","CV00","2","2",0.01135
"M1","genome-wide","HSW","CV00","2","2",-0.0509
"M1","genome-wide","PH","CV00","2","2",-0.1012
"M1","genome-wide","PPP","CV00","2","2",0.3139
"M1","genome-wide","YPPlnt","CV00","2","2",-0.01245
"M1","genome-wide","DTF","CV1","2","2",-0.102088888888889
"M1","genome-wide","DTM","CV1","2","2",0.0733111111111111
"M1","genome-wide","HSW","CV1","2","2",0.0355888888888889
"M1","genome-wide","PH","CV1","2","2",0.1155
"M1","genome-wide","PPP","CV1","2","2",-0.0484555555555556
"M1","genome-wide","YPPlnt","CV1","2","2",-0.0442555555555556
"M1","genome-wide","DTF","CV2","2","2",0.634244444444444
"M1","genome-wide","DTM","CV2","2","2",0.4313
"M1","genome-wide","HSW","CV2","2","2",0.784555555555556
"M1","genome-wide","PH","CV2","2","2",0.469744444444444
"M1","genome-wide","PPP","CV2","2","2",0.095
"M1","genome-wide","YPPlnt","CV2","2","2",0.153322222222222
"M1","genome-wide","DTF","CV0","3","2",0.6402
"M1","genome-wide","DTM","CV0","3","2",0.5305
"M1","genome-wide","HSW","CV0","3","2",0.75095
"M1","genome-wide","PH","CV0","3","2",0.59045
"M1","genome-wide","PPP","CV0","3","2",0.21035
"M1","genome-wide","YPPlnt","CV0","3","2",0.1059
"M1","genome-wide","DTF","CV00","3","2",0.0402
"M1","genome-wide","DTM","CV00","3","2",0.15975
"M1","genome-wide","HSW","CV00","3","2",-0.36165
"M1","genome-wide","PH","CV00","3","2",0.0632
"M1","genome-wide","PPP","CV00","3","2",-0.1803
"M1","genome-wide","YPPlnt","CV00","3","2",-0.08185
"M1","genome-wide","DTF","CV1","3","2",0.0247111111111111
"M1","genome-wide","DTM","CV1","3","2",0.136333333333333
"M1","genome-wide","HSW","CV1","3","2",0.233133333333333
"M1","genome-wide","PH","CV1","3","2",0.0200666666666667
"M1","genome-wide","PPP","CV1","3","2",0.000488888888888882
"M1","genome-wide","YPPlnt","CV1","3","2",-0.0207111111111111
"M1","genome-wide","DTF","CV2","3","2",0.591855555555556
"M1","genome-wide","DTM","CV2","3","2",0.528488888888889
"M1","genome-wide","HSW","CV2","3","2",0.761077777777778
"M1","genome-wide","PH","CV2","3","2",0.615088888888889
"M1","genome-wide","PPP","CV2","3","2",0.194822222222222
"M1","genome-wide","YPPlnt","CV2","3","2",0.130377777777778
"M1","genome-wide","DTF","CV0","4","2",0.49455
"M1","genome-wide","DTM","CV0","4","2",0.389
"M1","genome-wide","HSW","CV0","4","2",0.6984
"M1","genome-wide","PH","CV0","4","2",0.61165
"M1","genome-wide","PPP","CV0","4","2",0.1204
"M1","genome-wide","YPPlnt","CV0","4","2",0.14085
"M1","genome-wide","DTF","CV00","4","2",-0.04435
"M1","genome-wide","DTM","CV00","4","2",0.09015
"M1","genome-wide","HSW","CV00","4","2",-0.06615
"M1","genome-wide","PH","CV00","4","2",-0.1398
"M1","genome-wide","PPP","CV00","4","2",-0.08875
"M1","genome-wide","YPPlnt","CV00","4","2",-0.08705
"M1","genome-wide","DTF","CV1","4","2",0.0594888888888889
"M1","genome-wide","DTM","CV1","4","2",-0.00781111111111111
"M1","genome-wide","HSW","CV1","4","2",-0.0196333333333333
"M1","genome-wide","PH","CV1","4","2",-0.123188888888889
"M1","genome-wide","PPP","CV1","4","2",0.00326666666666667
"M1","genome-wide","YPPlnt","CV1","4","2",-0.0110888888888889
"M1","genome-wide","DTF","CV2","4","2",0.630977777777778
"M1","genome-wide","DTM","CV2","4","2",0.5181
"M1","genome-wide","HSW","CV2","4","2",0.784122222222222
"M1","genome-wide","PH","CV2","4","2",0.520011111111111
"M1","genome-wide","PPP","CV2","4","2",0.195022222222222
"M1","genome-wide","YPPlnt","CV2","4","2",0.0543333333333333
"M1","genome-wide","DTF","CV0","5","2",0.64185
"M1","genome-wide","DTM","CV0","5","2",0.5858
"M1","genome-wide","HSW","CV0","5","2",0.7886
"M1","genome-wide","PH","CV0","5","2",0.3985
"M1","genome-wide","PPP","CV0","5","2",0.0648
"M1","genome-wide","YPPlnt","CV0","5","2",0.20125
"M1","genome-wide","DTF","CV00","5","2",-0.1248
"M1","genome-wide","DTM","CV00","5","2",-0.0451
"M1","genome-wide","HSW","CV00","5","2",-0.34315
"M1","genome-wide","PH","CV00","5","2",0.2581
"M1","genome-wide","PPP","CV00","5","2",0.22845
"M1","genome-wide","YPPlnt","CV00","5","2",0.03075
"M1","genome-wide","DTF","CV1","5","2",0.171777777777778
"M1","genome-wide","DTM","CV1","5","2",-0.0428222222222222
"M1","genome-wide","HSW","CV1","5","2",-0.310855555555556
"M1","genome-wide","PH","CV1","5","2",-0.0841333333333333
"M1","genome-wide","PPP","CV1","5","2",-0.0275666666666667
"M1","genome-wide","YPPlnt","CV1","5","2",0.00214444444444444
"M1","genome-wide","DTF","CV2","5","2",0.656211111111111
"M1","genome-wide","DTM","CV2","5","2",0.471733333333333
"M1","genome-wide","HSW","CV2","5","2",0.7202
"M1","genome-wide","PH","CV2","5","2",0.630366666666667
"M1","genome-wide","PPP","CV2","5","2",0.185611111111111
"M1","genome-wide","YPPlnt","CV2","5","2",0.0570888888888889
"M1","genome-wide","DTF","CV0","6","2",0.6926
"M1","genome-wide","DTM","CV0","6","2",0.5766
"M1","genome-wide","HSW","CV0","6","2",0.7896
"M1","genome-wide","PH","CV0","6","2",0.43795
"M1","genome-wide","PPP","CV0","6","2",0.1452
"M1","genome-wide","YPPlnt","CV0","6","2",0.07155
"M1","genome-wide","DTF","CV00","6","2",-0.2423
"M1","genome-wide","DTM","CV00","6","2",-0.0105
"M1","genome-wide","HSW","CV00","6","2",0.0684
"M1","genome-wide","PH","CV00","6","2",-0.00625
"M1","genome-wide","PPP","CV00","6","2",0.085
"M1","genome-wide","YPPlnt","CV00","6","2",-0.2163
"M1","genome-wide","DTF","CV1","6","2",-0.0428444444444444
"M1","genome-wide","DTM","CV1","6","2",0.225177777777778
"M1","genome-wide","HSW","CV1","6","2",-0.0770666666666667
"M1","genome-wide","PH","CV1","6","2",0.00406666666666666
"M1","genome-wide","PPP","CV1","6","2",0.0424555555555556
"M1","genome-wide","YPPlnt","CV1","6","2",-0.0556
"M1","genome-wide","DTF","CV2","6","2",0.574833333333333
"M1","genome-wide","DTM","CV2","6","2",0.4771
"M1","genome-wide","HSW","CV2","6","2",0.723755555555555
"M1","genome-wide","PH","CV2","6","2",0.498366666666667
"M1","genome-wide","PPP","CV2","6","2",0.229488888888889
"M1","genome-wide","YPPlnt","CV2","6","2",0.299077777777778
"M1","genome-wide","DTF","CV0","7","2",0.68315
"M1","genome-wide","DTM","CV0","7","2",0.52305
"M1","genome-wide","HSW","CV0","7","2",0.7607
"M1","genome-wide","PH","CV0","7","2",0.7415
"M1","genome-wide","PPP","CV0","7","2",0.2727
"M1","genome-wide","YPPlnt","CV0","7","2",0.15155
"M1","genome-wide","DTF","CV00","7","2",0.00435000000000001
"M1","genome-wide","DTM","CV00","7","2",0.09605
"M1","genome-wide","HSW","CV00","7","2",0.12515
"M1","genome-wide","PH","CV00","7","2",0.08625
"M1","genome-wide","PPP","CV00","7","2",0.2416
"M1","genome-wide","YPPlnt","CV00","7","2",-0.053
"M1","genome-wide","DTF","CV1","7","2",-0.121844444444444
"M1","genome-wide","DTM","CV1","7","2",0.0659222222222222
"M1","genome-wide","HSW","CV1","7","2",-0.0116666666666667
"M1","genome-wide","PH","CV1","7","2",-0.191844444444444
"M1","genome-wide","PPP","CV1","7","2",0.0550333333333333
"M1","genome-wide","YPPlnt","CV1","7","2",-0.0223888888888889
"M1","genome-wide","DTF","CV2","7","2",0.623622222222222
"M1","genome-wide","DTM","CV2","7","2",0.541355555555556
"M1","genome-wide","HSW","CV2","7","2",0.755844444444444
"M1","genome-wide","PH","CV2","7","2",0.589266666666667
"M1","genome-wide","PPP","CV2","7","2",0.0889777777777778
"M1","genome-wide","YPPlnt","CV2","7","2",0.075
"M1","genome-wide","DTF","CV0","8","2",0.70805
"M1","genome-wide","DTM","CV0","8","2",0.5736
"M1","genome-wide","HSW","CV0","8","2",0.7902
"M1","genome-wide","PH","CV0","8","2",0.6193
"M1","genome-wide","PPP","CV0","8","2",0.23245
"M1","genome-wide","YPPlnt","CV0","8","2",0.0389
"M1","genome-wide","DTF","CV00","8","2",0.0802
"M1","genome-wide","DTM","CV00","8","2",-0.19915
"M1","genome-wide","HSW","CV00","8","2",0.04195
"M1","genome-wide","PH","CV00","8","2",-0.0227
"M1","genome-wide","PPP","CV00","8","2",-0.12755
"M1","genome-wide","YPPlnt","CV00","8","2",0.07305
"M1","genome-wide","DTF","CV1","8","2",-0.123011111111111
"M1","genome-wide","DTM","CV1","8","2",0.0821666666666667
"M1","genome-wide","HSW","CV1","8","2",0.278066666666667
"M1","genome-wide","PH","CV1","8","2",0.0294222222222222
"M1","genome-wide","PPP","CV1","8","2",0.0307444444444444
"M1","genome-wide","YPPlnt","CV1","8","2",0.042
"M1","genome-wide","DTF","CV2","8","2",0.5612
"M1","genome-wide","DTM","CV2","8","2",0.5245
"M1","genome-wide","HSW","CV2","8","2",0.7875
"M1","genome-wide","PH","CV2","8","2",0.6257
"M1","genome-wide","PPP","CV2","8","2",0.191233333333333
"M1","genome-wide","YPPlnt","CV2","8","2",0.102377777777778
"M1","genome-wide","DTF","CV0","9","2",0.6818
"M1","genome-wide","DTM","CV0","9","2",0.5243
"M1","genome-wide","HSW","CV0","9","2",0.78275
"M1","genome-wide","PH","CV0","9","2",0.6843
"M1","genome-wide","PPP","CV0","9","2",0.1426
"M1","genome-wide","YPPlnt","CV0","9","2",0.1
"M1","genome-wide","DTF","CV00","9","2",-0.0195
"M1","genome-wide","DTM","CV00","9","2",0.1176
"M1","genome-wide","HSW","CV00","9","2",0.13425
"M1","genome-wide","PH","CV00","9","2",-0.22535
"M1","genome-wide","PPP","CV00","9","2",-0.1766
"M1","genome-wide","YPPlnt","CV00","9","2",-0.0905
"M1","genome-wide","DTF","CV1","9","2",-0.0910555555555556
"M1","genome-wide","DTM","CV1","9","2",0.0407777777777778
"M1","genome-wide","HSW","CV1","9","2",0.170244444444444
"M1","genome-wide","PH","CV1","9","2",0.00395555555555556
"M1","genome-wide","PPP","CV1","9","2",-0.0613777777777778
"M1","genome-wide","YPPlnt","CV1","9","2",0.0365777777777778
"M1","genome-wide","DTF","CV2","9","2",0.596133333333333
"M1","genome-wide","DTM","CV2","9","2",0.461011111111111
"M1","genome-wide","HSW","CV2","9","2",0.738755555555555
"M1","genome-wide","PH","CV2","9","2",0.604933333333333
"M1","genome-wide","PPP","CV2","9","2",0.147588888888889
"M1","genome-wide","YPPlnt","CV2","9","2",0.145022222222222
"M1","genome-wide","DTF","CV0","10","2",0.6238
"M1","genome-wide","DTM","CV0","10","2",0.4622
"M1","genome-wide","HSW","CV0","10","2",0.7865
"M1","genome-wide","PH","CV0","10","2",0.28845
"M1","genome-wide","PPP","CV0","10","2",0.1316
"M1","genome-wide","YPPlnt","CV0","10","2",0.07965
"M1","genome-wide","DTF","CV00","10","2",0.08665
"M1","genome-wide","DTM","CV00","10","2",0.06675
"M1","genome-wide","HSW","CV00","10","2",-0.12525
"M1","genome-wide","PH","CV00","10","2",0.2102
"M1","genome-wide","PPP","CV00","10","2",0.0251
"M1","genome-wide","YPPlnt","CV00","10","2",0.1861
"M1","genome-wide","DTF","CV1","10","2",0.00715555555555555
"M1","genome-wide","DTM","CV1","10","2",-0.0408666666666667
"M1","genome-wide","HSW","CV1","10","2",-0.108055555555556
"M1","genome-wide","PH","CV1","10","2",-0.00343333333333334
"M1","genome-wide","PPP","CV1","10","2",-0.136011111111111
"M1","genome-wide","YPPlnt","CV1","10","2",-0.0157777777777778
"M1","genome-wide","DTF","CV2","10","2",0.644122222222222
"M1","genome-wide","DTM","CV2","10","2",0.514255555555556
"M1","genome-wide","HSW","CV2","10","2",0.766755555555556
"M1","genome-wide","PH","CV2","10","2",0.589622222222222
"M1","genome-wide","PPP","CV2","10","2",0.130711111111111
"M1","genome-wide","YPPlnt","CV2","10","2",0.0971666666666667
"M1","genome-wide","DTF","CV0","1","3",0.64695
"M1","genome-wide","DTM","CV0","1","3",0.53375
"M1","genome-wide","HSW","CV0","1","3",0.7753
"M1","genome-wide","PH","CV0","1","3",0.6524
"M1","genome-wide","PPP","CV0","1","3",0.1027
"M1","genome-wide","YPPlnt","CV0","1","3",0.17965
"M1","genome-wide","DTF","CV00","1","3",0.1555
"M1","genome-wide","DTM","CV00","1","3",0.04035
"M1","genome-wide","HSW","CV00","1","3",-0.35835
"M1","genome-wide","PH","CV00","1","3",0.0281
"M1","genome-wide","PPP","CV00","1","3",0.0559
"M1","genome-wide","YPPlnt","CV00","1","3",0.0382
"M1","genome-wide","DTF","CV1","1","3",0.0218888888888889
"M1","genome-wide","DTM","CV1","1","3",0.105588888888889
"M1","genome-wide","HSW","CV1","1","3",-0.0172
"M1","genome-wide","PH","CV1","1","3",-0.104211111111111
"M1","genome-wide","PPP","CV1","1","3",0.0729666666666667
"M1","genome-wide","YPPlnt","CV1","1","3",-0.140844444444444
"M1","genome-wide","DTF","CV2","1","3",0.585288888888889
"M1","genome-wide","DTM","CV2","1","3",0.511466666666667
"M1","genome-wide","HSW","CV2","1","3",0.706488888888889
"M1","genome-wide","PH","CV2","1","3",0.509877777777778
"M1","genome-wide","PPP","CV2","1","3",0.118377777777778
"M1","genome-wide","YPPlnt","CV2","1","3",0.197011111111111
"M1","genome-wide","DTF","CV0","2","3",0.5516
"M1","genome-wide","DTM","CV0","2","3",0.38005
"M1","genome-wide","HSW","CV0","2","3",0.6727
"M1","genome-wide","PH","CV0","2","3",0.60235
"M1","genome-wide","PPP","CV0","2","3",0.25195
"M1","genome-wide","YPPlnt","CV0","2","3",0.06495
"M1","genome-wide","DTF","CV00","2","3",-0.00835
"M1","genome-wide","DTM","CV00","2","3",0.08695
"M1","genome-wide","HSW","CV00","2","3",0.20115
"M1","genome-wide","PH","CV00","2","3",0.0159
"M1","genome-wide","PPP","CV00","2","3",-0.01325
"M1","genome-wide","YPPlnt","CV00","2","3",0.1187
"M1","genome-wide","DTF","CV1","2","3",-0.1354
"M1","genome-wide","DTM","CV1","2","3",0.0164222222222222
"M1","genome-wide","HSW","CV1","2","3",-0.130544444444444
"M1","genome-wide","PH","CV1","2","3",-0.0898111111111111
"M1","genome-wide","PPP","CV1","2","3",0.103677777777778
"M1","genome-wide","YPPlnt","CV1","2","3",-0.0305222222222222
"M1","genome-wide","DTF","CV2","2","3",0.6562
"M1","genome-wide","DTM","CV2","2","3",0.524
"M1","genome-wide","HSW","CV2","2","3",0.7441
"M1","genome-wide","PH","CV2","2","3",0.563
"M1","genome-wide","PPP","CV2","2","3",0.0988888888888889
"M1","genome-wide","YPPlnt","CV2","2","3",0.174444444444444
"M1","genome-wide","DTF","CV0","3","3",0.6798
"M1","genome-wide","DTM","CV0","3","3",0.49285
"M1","genome-wide","HSW","CV0","3","3",0.79995
"M1","genome-wide","PH","CV0","3","3",0.63755
"M1","genome-wide","PPP","CV0","3","3",0.2045
"M1","genome-wide","YPPlnt","CV0","3","3",0.1551
"M1","genome-wide","DTF","CV00","3","3",0.0854
"M1","genome-wide","DTM","CV00","3","3",0.05505
"M1","genome-wide","HSW","CV00","3","3",0.1001
"M1","genome-wide","PH","CV00","3","3",0.11275
"M1","genome-wide","PPP","CV00","3","3",0.1666
"M1","genome-wide","YPPlnt","CV00","3","3",0.305
"M1","genome-wide","DTF","CV1","3","3",0.0647
"M1","genome-wide","DTM","CV1","3","3",0.0476
"M1","genome-wide","HSW","CV1","3","3",0.172533333333333
"M1","genome-wide","PH","CV1","3","3",-0.124611111111111
"M1","genome-wide","PPP","CV1","3","3",0.0673444444444445
"M1","genome-wide","YPPlnt","CV1","3","3",-0.0792
"M1","genome-wide","DTF","CV2","3","3",0.590566666666667
"M1","genome-wide","DTM","CV2","3","3",0.458622222222222
"M1","genome-wide","HSW","CV2","3","3",0.774055555555556
"M1","genome-wide","PH","CV2","3","3",0.575922222222222
"M1","genome-wide","PPP","CV2","3","3",0.203455555555556
"M1","genome-wide","YPPlnt","CV2","3","3",0.0544666666666667
"M1","genome-wide","DTF","CV0","4","3",0.6794
"M1","genome-wide","DTM","CV0","4","3",0.4957
"M1","genome-wide","HSW","CV0","4","3",0.7994
"M1","genome-wide","PH","CV0","4","3",0.6395
"M1","genome-wide","PPP","CV0","4","3",0.20705
"M1","genome-wide","YPPlnt","CV0","4","3",0.1624
"M1","genome-wide","DTF","CV00","4","3",0.01785
"M1","genome-wide","DTM","CV00","4","3",0.14445
"M1","genome-wide","HSW","CV00","4","3",0.01135
"M1","genome-wide","PH","CV00","4","3",0.0535
"M1","genome-wide","PPP","CV00","4","3",0.01855
"M1","genome-wide","YPPlnt","CV00","4","3",-0.00225
"M1","genome-wide","DTF","CV1","4","3",0.197633333333333
"M1","genome-wide","DTM","CV1","4","3",-0.177333333333333
"M1","genome-wide","HSW","CV1","4","3",0.101533333333333
"M1","genome-wide","PH","CV1","4","3",0.0454
"M1","genome-wide","PPP","CV1","4","3",-0.109022222222222
"M1","genome-wide","YPPlnt","CV1","4","3",0.0167666666666667
"M1","genome-wide","DTF","CV2","4","3",0.559055555555556
"M1","genome-wide","DTM","CV2","4","3",0.512577777777778
"M1","genome-wide","HSW","CV2","4","3",0.708588888888889
"M1","genome-wide","PH","CV2","4","3",0.5551
"M1","genome-wide","PPP","CV2","4","3",0.0459333333333333
"M1","genome-wide","YPPlnt","CV2","4","3",0.146633333333333
"M1","genome-wide","DTF","CV0","5","3",0.55155
"M1","genome-wide","DTM","CV0","5","3",0.3782
"M1","genome-wide","HSW","CV0","5","3",0.6712
"M1","genome-wide","PH","CV0","5","3",0.60215
"M1","genome-wide","PPP","CV0","5","3",0.25415
"M1","genome-wide","YPPlnt","CV0","5","3",0.06615
"M1","genome-wide","DTF","CV00","5","3",0.07305
"M1","genome-wide","DTM","CV00","5","3",-0.11505
"M1","genome-wide","HSW","CV00","5","3",0.21425
"M1","genome-wide","PH","CV00","5","3",-0.076
"M1","genome-wide","PPP","CV00","5","3",-0.0703
"M1","genome-wide","YPPlnt","CV00","5","3",0.041
"M1","genome-wide","DTF","CV1","5","3",0.0282555555555556
"M1","genome-wide","DTM","CV1","5","3",-0.0171777777777778
"M1","genome-wide","HSW","CV1","5","3",0.0921888888888889
"M1","genome-wide","PH","CV1","5","3",-0.125844444444444
"M1","genome-wide","PPP","CV1","5","3",-0.0280555555555556
"M1","genome-wide","YPPlnt","CV1","5","3",0.00643333333333333
"M1","genome-wide","DTF","CV2","5","3",0.648622222222222
"M1","genome-wide","DTM","CV2","5","3",0.47
"M1","genome-wide","HSW","CV2","5","3",0.732977777777778
"M1","genome-wide","PH","CV2","5","3",0.566744444444444
"M1","genome-wide","PPP","CV2","5","3",0.104477777777778
"M1","genome-wide","YPPlnt","CV2","5","3",0.146277777777778
"M1","genome-wide","DTF","CV0","6","3",0.6036
"M1","genome-wide","DTM","CV0","6","3",0.47125
"M1","genome-wide","HSW","CV0","6","3",0.74
"M1","genome-wide","PH","CV0","6","3",0.5712
"M1","genome-wide","PPP","CV0","6","3",0.05635
"M1","genome-wide","YPPlnt","CV0","6","3",0.165
"M1","genome-wide","DTF","CV00","6","3",-0.0201
"M1","genome-wide","DTM","CV00","6","3",-0.27365
"M1","genome-wide","HSW","CV00","6","3",-0.30485
"M1","genome-wide","PH","CV00","6","3",-0.14905
"M1","genome-wide","PPP","CV00","6","3",0.05785
"M1","genome-wide","YPPlnt","CV00","6","3",-0.13995
"M1","genome-wide","DTF","CV1","6","3",-0.0422666666666667
"M1","genome-wide","DTM","CV1","6","3",0.0126777777777778
"M1","genome-wide","HSW","CV1","6","3",0.0550777777777778
"M1","genome-wide","PH","CV1","6","3",-0.103777777777778
"M1","genome-wide","PPP","CV1","6","3",0.0608777777777778
"M1","genome-wide","YPPlnt","CV1","6","3",-0.00762222222222222
"M1","genome-wide","DTF","CV2","6","3",0.599177777777778
"M1","genome-wide","DTM","CV2","6","3",0.447955555555556
"M1","genome-wide","HSW","CV2","6","3",0.747188888888889
"M1","genome-wide","PH","CV2","6","3",0.634633333333333
"M1","genome-wide","PPP","CV2","6","3",0.0618555555555556
"M1","genome-wide","YPPlnt","CV2","6","3",0.113355555555556
"M1","genome-wide","DTF","CV0","7","3",0.4952
"M1","genome-wide","DTM","CV0","7","3",0.3868
"M1","genome-wide","HSW","CV0","7","3",0.69885
"M1","genome-wide","PH","CV0","7","3",0.612
"M1","genome-wide","PPP","CV0","7","3",0.12395
"M1","genome-wide","YPPlnt","CV0","7","3",0.14225
"M1","genome-wide","DTF","CV00","7","3",-0.2465
"M1","genome-wide","DTM","CV00","7","3",0.03295
"M1","genome-wide","HSW","CV00","7","3",0.2675
"M1","genome-wide","PH","CV00","7","3",-0.16295
"M1","genome-wide","PPP","CV00","7","3",-0.0568
"M1","genome-wide","YPPlnt","CV00","7","3",0.10825
"M1","genome-wide","DTF","CV1","7","3",0.0607888888888889
"M1","genome-wide","DTM","CV1","7","3",-0.0416666666666667
"M1","genome-wide","HSW","CV1","7","3",-0.0833888888888889
"M1","genome-wide","PH","CV1","7","3",0.0127222222222222
"M1","genome-wide","PPP","CV1","7","3",0.0142111111111111
"M1","genome-wide","YPPlnt","CV1","7","3",-0.0642777777777778
"M1","genome-wide","DTF","CV2","7","3",0.523277777777778
"M1","genome-wide","DTM","CV2","7","3",0.343722222222222
"M1","genome-wide","HSW","CV2","7","3",0.740922222222222
"M1","genome-wide","PH","CV2","7","3",0.548066666666667
"M1","genome-wide","PPP","CV2","7","3",0.108977777777778
"M1","genome-wide","YPPlnt","CV2","7","3",0.112088888888889
"M1","genome-wide","DTF","CV0","8","3",0.72705
"M1","genome-wide","DTM","CV0","8","3",0.62215
"M1","genome-wide","HSW","CV0","8","3",0.75595
"M1","genome-wide","PH","CV0","8","3",0.70165
"M1","genome-wide","PPP","CV0","8","3",0.2075
"M1","genome-wide","YPPlnt","CV0","8","3",0.11405
"M1","genome-wide","DTF","CV00","8","3",0.0024
"M1","genome-wide","DTM","CV00","8","3",-0.0396
"M1","genome-wide","HSW","CV00","8","3",0.1024
"M1","genome-wide","PH","CV00","8","3",0.07725
"M1","genome-wide","PPP","CV00","8","3",0.0296
"M1","genome-wide","YPPlnt","CV00","8","3",-0.13365
"M1","genome-wide","DTF","CV1","8","3",0.103922222222222
"M1","genome-wide","DTM","CV1","8","3",-0.0977666666666667
"M1","genome-wide","HSW","CV1","8","3",0.00812222222222223
"M1","genome-wide","PH","CV1","8","3",-0.173733333333333
"M1","genome-wide","PPP","CV1","8","3",0.0921222222222222
"M1","genome-wide","YPPlnt","CV1","8","3",0.0429666666666667
"M1","genome-wide","DTF","CV2","8","3",0.570411111111111
"M1","genome-wide","DTM","CV2","8","3",0.449211111111111
"M1","genome-wide","HSW","CV2","8","3",0.732755555555555
"M1","genome-wide","PH","CV2","8","3",0.557922222222222
"M1","genome-wide","PPP","CV2","8","3",0.134844444444444
"M1","genome-wide","YPPlnt","CV2","8","3",0.0840777777777778
"M1","genome-wide","DTF","CV0","9","3",0.6228
"M1","genome-wide","DTM","CV0","9","3",0.46175
"M1","genome-wide","HSW","CV0","9","3",0.7863
"M1","genome-wide","PH","CV0","9","3",0.2867
"M1","genome-wide","PPP","CV0","9","3",0.1307
"M1","genome-wide","YPPlnt","CV0","9","3",0.0807
"M1","genome-wide","DTF","CV00","9","3",0.1317
"M1","genome-wide","DTM","CV00","9","3",0.3171
"M1","genome-wide","HSW","CV00","9","3",-0.08235
"M1","genome-wide","PH","CV00","9","3",-0.15355
"M1","genome-wide","PPP","CV00","9","3",-0.06165
"M1","genome-wide","YPPlnt","CV00","9","3",-0.1421
"M1","genome-wide","DTF","CV1","9","3",-0.0317555555555556
"M1","genome-wide","DTM","CV1","9","3",-0.00242222222222222
"M1","genome-wide","HSW","CV1","9","3",0.131533333333333
"M1","genome-wide","PH","CV1","9","3",-0.0416444444444444
"M1","genome-wide","PPP","CV1","9","3",0.0524666666666667
"M1","genome-wide","YPPlnt","CV1","9","3",0.168255555555556
"M1","genome-wide","DTF","CV2","9","3",0.607122222222222
"M1","genome-wide","DTM","CV2","9","3",0.4789
"M1","genome-wide","HSW","CV2","9","3",0.754511111111111
"M1","genome-wide","PH","CV2","9","3",0.532266666666667
"M1","genome-wide","PPP","CV2","9","3",0.152011111111111
"M1","genome-wide","YPPlnt","CV2","9","3",0.0726111111111111
"M1","genome-wide","DTF","CV0","10","3",0.43405
"M1","genome-wide","DTM","CV0","10","3",0.33825
"M1","genome-wide","HSW","CV0","10","3",0.613
"M1","genome-wide","PH","CV0","10","3",0.53775
"M1","genome-wide","PPP","CV0","10","3",0.0768
"M1","genome-wide","YPPlnt","CV0","10","3",0.0783
"M1","genome-wide","DTF","CV00","10","3",0.1238
"M1","genome-wide","DTM","CV00","10","3",-0.0101
"M1","genome-wide","HSW","CV00","10","3",0.02315
"M1","genome-wide","PH","CV00","10","3",0.2581
"M1","genome-wide","PPP","CV00","10","3",0.16685
"M1","genome-wide","YPPlnt","CV00","10","3",0.1905
"M1","genome-wide","DTF","CV1","10","3",-0.0191444444444445
"M1","genome-wide","DTM","CV1","10","3",0.210588888888889
"M1","genome-wide","HSW","CV1","10","3",0.0981222222222222
"M1","genome-wide","PH","CV1","10","3",0.203166666666667
"M1","genome-wide","PPP","CV1","10","3",0.0188444444444445
"M1","genome-wide","YPPlnt","CV1","10","3",0.0402333333333333
"M1","genome-wide","DTF","CV2","10","3",0.544377777777778
"M1","genome-wide","DTM","CV2","10","3",0.471577777777778
"M1","genome-wide","HSW","CV2","10","3",0.7859
"M1","genome-wide","PH","CV2","10","3",0.547044444444444
"M1","genome-wide","PPP","CV2","10","3",0.194844444444444
"M1","genome-wide","YPPlnt","CV2","10","3",0.125244444444444
"M1","genome-wide","DTF","CV0","1","4",0.7641
"M1","genome-wide","DTM","CV0","1","4",0.66105
"M1","genome-wide","HSW","CV0","1","4",0.79915
"M1","genome-wide","PH","CV0","1","4",0.75155
"M1","genome-wide","PPP","CV0","1","4",0.27205
"M1","genome-wide","YPPlnt","CV0","1","4",0.04725
"M1","genome-wide","DTF","CV00","1","4",-0.2031
"M1","genome-wide","DTM","CV00","1","4",-0.17085
"M1","genome-wide","HSW","CV00","1","4",-0.09095
"M1","genome-wide","PH","CV00","1","4",-0.1053
"M1","genome-wide","PPP","CV00","1","4",-0.26
"M1","genome-wide","YPPlnt","CV00","1","4",-0.04465
"M1","genome-wide","DTF","CV1","1","4",-0.150188888888889
"M1","genome-wide","DTM","CV1","1","4",0.0441222222222222
"M1","genome-wide","HSW","CV1","1","4",0.133522222222222
"M1","genome-wide","PH","CV1","1","4",0.0703111111111111
"M1","genome-wide","PPP","CV1","1","4",0.0399555555555556
"M1","genome-wide","YPPlnt","CV1","1","4",0.0186111111111111
"M1","genome-wide","DTF","CV2","1","4",0.616866666666667
"M1","genome-wide","DTM","CV2","1","4",0.4974
"M1","genome-wide","HSW","CV2","1","4",0.775477777777778
"M1","genome-wide","PH","CV2","1","4",0.547722222222222
"M1","genome-wide","PPP","CV2","1","4",0.194155555555556
"M1","genome-wide","YPPlnt","CV2","1","4",0.100666666666667
"M1","genome-wide","DTF","CV0","2","4",0.5942
"M1","genome-wide","DTM","CV0","2","4",0.53975
"M1","genome-wide","HSW","CV0","2","4",0.71225
"M1","genome-wide","PH","CV0","2","4",0.64525
"M1","genome-wide","PPP","CV0","2","4",0.2102
"M1","genome-wide","YPPlnt","CV0","2","4",0.0693
"M1","genome-wide","DTF","CV00","2","4",-0.1615
"M1","genome-wide","DTM","CV00","2","4",-0.0014
"M1","genome-wide","HSW","CV00","2","4",-0.0841
"M1","genome-wide","PH","CV00","2","4",-0.1221
"M1","genome-wide","PPP","CV00","2","4",-0.2097
"M1","genome-wide","YPPlnt","CV00","2","4",-0.1378
"M1","genome-wide","DTF","CV1","2","4",0.135977777777778
"M1","genome-wide","DTM","CV1","2","4",-0.0407222222222222
"M1","genome-wide","HSW","CV1","2","4",0.0791111111111111
"M1","genome-wide","PH","CV1","2","4",-0.170255555555556
"M1","genome-wide","PPP","CV1","2","4",0.0587555555555556
"M1","genome-wide","YPPlnt","CV1","2","4",-0.0697555555555556
"M1","genome-wide","DTF","CV2","2","4",0.560766666666667
"M1","genome-wide","DTM","CV2","2","4",0.512277777777778
"M1","genome-wide","HSW","CV2","2","4",0.727766666666667
"M1","genome-wide","PH","CV2","2","4",0.520333333333333
"M1","genome-wide","PPP","CV2","2","4",0.0309777777777778
"M1","genome-wide","YPPlnt","CV2","2","4",0.0430777777777778
"M1","genome-wide","DTF","CV0","3","4",0.5117
"M1","genome-wide","DTM","CV0","3","4",0.45815
"M1","genome-wide","HSW","CV0","3","4",0.7445
"M1","genome-wide","PH","CV0","3","4",0.3517
"M1","genome-wide","PPP","CV0","3","4",0.05855
"M1","genome-wide","YPPlnt","CV0","3","4",0.176
"M1","genome-wide","DTF","CV00","3","4",0.20025
"M1","genome-wide","DTM","CV00","3","4",0.05805
"M1","genome-wide","HSW","CV00","3","4",0.13815
"M1","genome-wide","PH","CV00","3","4",0.12915
"M1","genome-wide","PPP","CV00","3","4",-0.1424
"M1","genome-wide","YPPlnt","CV00","3","4",0.0044
"M1","genome-wide","DTF","CV1","3","4",0.0284777777777778
"M1","genome-wide","DTM","CV1","3","4",0.0147666666666667
"M1","genome-wide","HSW","CV1","3","4",0.0714888888888889
"M1","genome-wide","PH","CV1","3","4",-0.0546111111111111
"M1","genome-wide","PPP","CV1","3","4",0.0238444444444444
"M1","genome-wide","YPPlnt","CV1","3","4",0.0405222222222222
"M1","genome-wide","DTF","CV2","3","4",0.615088888888889
"M1","genome-wide","DTM","CV2","3","4",0.436166666666667
"M1","genome-wide","HSW","CV2","3","4",0.740855555555556
"M1","genome-wide","PH","CV2","3","4",0.546322222222222
"M1","genome-wide","PPP","CV2","3","4",0.149566666666667
"M1","genome-wide","YPPlnt","CV2","3","4",0.200444444444444
"M1","genome-wide","DTF","CV0","4","4",0.62435
"M1","genome-wide","DTM","CV0","4","4",0.4627
"M1","genome-wide","HSW","CV0","4","4",0.7855
"M1","genome-wide","PH","CV0","4","4",0.2871
"M1","genome-wide","PPP","CV0","4","4",0.13305
"M1","genome-wide","YPPlnt","CV0","4","4",0.0803
"M1","genome-wide","DTF","CV00","4","4",0.0856
"M1","genome-wide","DTM","CV00","4","4",0.1678
"M1","genome-wide","HSW","CV00","4","4",-0.19785
"M1","genome-wide","PH","CV00","4","4",0.0186
"M1","genome-wide","PPP","CV00","4","4",-0.0172
"M1","genome-wide","YPPlnt","CV00","4","4",0.13725
"M1","genome-wide","DTF","CV1","4","4",0.175933333333333
"M1","genome-wide","DTM","CV1","4","4",-0.0909555555555556
"M1","genome-wide","HSW","CV1","4","4",-0.164388888888889
"M1","genome-wide","PH","CV1","4","4",0.0121222222222222
"M1","genome-wide","PPP","CV1","4","4",0.0678444444444444
"M1","genome-wide","YPPlnt","CV1","4","4",-0.0656
"M1","genome-wide","DTF","CV2","4","4",0.623933333333333
"M1","genome-wide","DTM","CV2","4","4",0.453155555555556
"M1","genome-wide","HSW","CV2","4","4",0.746033333333333
"M1","genome-wide","PH","CV2","4","4",0.452377777777778
"M1","genome-wide","PPP","CV2","4","4",0.125055555555556
"M1","genome-wide","YPPlnt","CV2","4","4",0.0623222222222222
"M1","genome-wide","DTF","CV0","5","4",0.6085
"M1","genome-wide","DTM","CV0","5","4",0.5543
"M1","genome-wide","HSW","CV0","5","4",0.74815
"M1","genome-wide","PH","CV0","5","4",0.67315
"M1","genome-wide","PPP","CV0","5","4",0.2175
"M1","genome-wide","YPPlnt","CV0","5","4",0.1386
"M1","genome-wide","DTF","CV00","5","4",0.0378
"M1","genome-wide","DTM","CV00","5","4",-0.144
"M1","genome-wide","HSW","CV00","5","4",-0.2464
"M1","genome-wide","PH","CV00","5","4",0.02425
"M1","genome-wide","PPP","CV00","5","4",0.20045
"M1","genome-wide","YPPlnt","CV00","5","4",0.2128
"M1","genome-wide","DTF","CV1","5","4",-0.0420888888888889
"M1","genome-wide","DTM","CV1","5","4",0.0674111111111111
"M1","genome-wide","HSW","CV1","5","4",0.139222222222222
"M1","genome-wide","PH","CV1","5","4",-0.2858
"M1","genome-wide","PPP","CV1","5","4",0.101977777777778
"M1","genome-wide","YPPlnt","CV1","5","4",0.0674777777777778
"M1","genome-wide","DTF","CV2","5","4",0.477688888888889
"M1","genome-wide","DTM","CV2","5","4",0.445011111111111
"M1","genome-wide","HSW","CV2","5","4",0.791433333333333
"M1","genome-wide","PH","CV2","5","4",0.523788888888889
"M1","genome-wide","PPP","CV2","5","4",0.201055555555556
"M1","genome-wide","YPPlnt","CV2","5","4",0.100511111111111
"M1","genome-wide","DTF","CV0","6","4",0.73455
"M1","genome-wide","DTM","CV0","6","4",0.56275
"M1","genome-wide","HSW","CV0","6","4",0.83185
"M1","genome-wide","PH","CV0","6","4",0.7287
"M1","genome-wide","PPP","CV0","6","4",0.2726
"M1","genome-wide","YPPlnt","CV0","6","4",0.1334
"M1","genome-wide","DTF","CV00","6","4",-0.1183
"M1","genome-wide","DTM","CV00","6","4",0.0175
"M1","genome-wide","HSW","CV00","6","4",-0.2247
"M1","genome-wide","PH","CV00","6","4",0.01325
"M1","genome-wide","PPP","CV00","6","4",0.0153
"M1","genome-wide","YPPlnt","CV00","6","4",-0.0214
"M1","genome-wide","DTF","CV1","6","4",0.0524444444444444
"M1","genome-wide","DTM","CV1","6","4",0.0924555555555556
"M1","genome-wide","HSW","CV1","6","4",0.0677555555555556
"M1","genome-wide","PH","CV1","6","4",-0.0748222222222222
"M1","genome-wide","PPP","CV1","6","4",0.0512888888888889
"M1","genome-wide","YPPlnt","CV1","6","4",0.0186888888888889
"M1","genome-wide","DTF","CV2","6","4",0.594733333333333
"M1","genome-wide","DTM","CV2","6","4",0.456266666666667
"M1","genome-wide","HSW","CV2","6","4",0.773766666666667
"M1","genome-wide","PH","CV2","6","4",0.596222222222222
"M1","genome-wide","PPP","CV2","6","4",0.155544444444444
"M1","genome-wide","YPPlnt","CV2","6","4",0.0321777777777778
"M1","genome-wide","DTF","CV0","7","4",0.623
"M1","genome-wide","DTM","CV0","7","4",0.46435
"M1","genome-wide","HSW","CV0","7","4",0.7861
"M1","genome-wide","PH","CV0","7","4",0.2902
"M1","genome-wide","PPP","CV0","7","4",0.13995
"M1","genome-wide","YPPlnt","CV0","7","4",0.078
"M1","genome-wide","DTF","CV00","7","4",-0.0849
"M1","genome-wide","DTM","CV00","7","4",-0.02945
"M1","genome-wide","HSW","CV00","7","4",0.2154
"M1","genome-wide","PH","CV00","7","4",-0.1643
"M1","genome-wide","PPP","CV00","7","4",0.07565
"M1","genome-wide","YPPlnt","CV00","7","4",-0.22385
"M1","genome-wide","DTF","CV1","7","4",0.147477777777778
"M1","genome-wide","DTM","CV1","7","4",-0.0300555555555556
"M1","genome-wide","HSW","CV1","7","4",-0.00814444444444443
"M1","genome-wide","PH","CV1","7","4",0.0864555555555556
"M1","genome-wide","PPP","CV1","7","4",0.0613555555555556
"M1","genome-wide","YPPlnt","CV1","7","4",-0.0082
"M1","genome-wide","DTF","CV2","7","4",0.555844444444444
"M1","genome-wide","DTM","CV2","7","4",0.489644444444444
"M1","genome-wide","HSW","CV2","7","4",0.656911111111111
"M1","genome-wide","PH","CV2","7","4",0.462644444444444
"M1","genome-wide","PPP","CV2","7","4",0.1814
"M1","genome-wide","YPPlnt","CV2","7","4",0.105744444444444
"M1","genome-wide","DTF","CV0","8","4",0.5176
"M1","genome-wide","DTM","CV0","8","4",0.33735
"M1","genome-wide","HSW","CV0","8","4",0.6786
"M1","genome-wide","PH","CV0","8","4",0.59535
"M1","genome-wide","PPP","CV0","8","4",0.10395
"M1","genome-wide","YPPlnt","CV0","8","4",0.15905
"M1","genome-wide","DTF","CV00","8","4",-0.13585
"M1","genome-wide","DTM","CV00","8","4",-0.08345
"M1","genome-wide","HSW","CV00","8","4",-0.14105
"M1","genome-wide","PH","CV00","8","4",-0.08185
"M1","genome-wide","PPP","CV00","8","4",0.14075
"M1","genome-wide","YPPlnt","CV00","8","4",-0.0108
"M1","genome-wide","DTF","CV1","8","4",0.108633333333333
"M1","genome-wide","DTM","CV1","8","4",0.115666666666667
"M1","genome-wide","HSW","CV1","8","4",-0.0353888888888889
"M1","genome-wide","PH","CV1","8","4",-0.0502777777777778
"M1","genome-wide","PPP","CV1","8","4",0.115733333333333
"M1","genome-wide","YPPlnt","CV1","8","4",-0.043
"M1","genome-wide","DTF","CV2","8","4",0.619622222222222
"M1","genome-wide","DTM","CV2","8","4",0.493466666666667
"M1","genome-wide","HSW","CV2","8","4",0.752011111111111
"M1","genome-wide","PH","CV2","8","4",0.5273
"M1","genome-wide","PPP","CV2","8","4",0.118388888888889
"M1","genome-wide","YPPlnt","CV2","8","4",0.0991888888888889
"M1","genome-wide","DTF","CV0","9","4",0.4353
"M1","genome-wide","DTM","CV0","9","4",0.3743
"M1","genome-wide","HSW","CV0","9","4",0.5933
"M1","genome-wide","PH","CV0","9","4",0.6395
"M1","genome-wide","PPP","CV0","9","4",0.12015
"M1","genome-wide","YPPlnt","CV0","9","4",0.16395
"M1","genome-wide","DTF","CV00","9","4",-0.000800000000000023
"M1","genome-wide","DTM","CV00","9","4",-0.27605
"M1","genome-wide","HSW","CV00","9","4",-0.1363
"M1","genome-wide","PH","CV00","9","4",-0.3086
"M1","genome-wide","PPP","CV00","9","4",0.01675
"M1","genome-wide","YPPlnt","CV00","9","4",-0.18225
"M1","genome-wide","DTF","CV1","9","4",0.1449
"M1","genome-wide","DTM","CV1","9","4",-0.0378666666666667
"M1","genome-wide","HSW","CV1","9","4",0.243666666666667
"M1","genome-wide","PH","CV1","9","4",-0.104911111111111
"M1","genome-wide","PPP","CV1","9","4",0.0132111111111111
"M1","genome-wide","YPPlnt","CV1","9","4",-0.0356333333333333
"M1","genome-wide","DTF","CV2","9","4",0.616333333333333
"M1","genome-wide","DTM","CV2","9","4",0.428522222222222
"M1","genome-wide","HSW","CV2","9","4",0.735144444444444
"M1","genome-wide","PH","CV2","9","4",0.561211111111111
"M1","genome-wide","PPP","CV2","9","4",0.151055555555556
"M1","genome-wide","YPPlnt","CV2","9","4",0.131177777777778
"M1","genome-wide","DTF","CV0","10","4",0.64675
"M1","genome-wide","DTM","CV0","10","4",0.53315
"M1","genome-wide","HSW","CV0","10","4",0.77585
"M1","genome-wide","PH","CV0","10","4",0.65475
"M1","genome-wide","PPP","CV0","10","4",0.10235
"M1","genome-wide","YPPlnt","CV0","10","4",0.17595
"M1","genome-wide","DTF","CV00","10","4",0.05345
"M1","genome-wide","DTM","CV00","10","4",-0.18595
"M1","genome-wide","HSW","CV00","10","4",-0.037
"M1","genome-wide","PH","CV00","10","4",0.0598
"M1","genome-wide","PPP","CV00","10","4",-0.0627
"M1","genome-wide","YPPlnt","CV00","10","4",-0.11075
"M1","genome-wide","DTF","CV1","10","4",0.175822222222222
"M1","genome-wide","DTM","CV1","10","4",-0.0963777777777778
"M1","genome-wide","HSW","CV1","10","4",0.0909444444444444
"M1","genome-wide","PH","CV1","10","4",-0.166644444444444
"M1","genome-wide","PPP","CV1","10","4",0.0298222222222222
"M1","genome-wide","YPPlnt","CV1","10","4",0.0141333333333333
"M1","genome-wide","DTF","CV2","10","4",0.5601
"M1","genome-wide","DTM","CV2","10","4",0.4683
"M1","genome-wide","HSW","CV2","10","4",0.706511111111111
"M1","genome-wide","PH","CV2","10","4",0.587366666666667
"M1","genome-wide","PPP","CV2","10","4",0.1553
"M1","genome-wide","YPPlnt","CV2","10","4",0.0516666666666667
"M1","genome-wide","DTF","CV0","1","5",0.3761
"M1","genome-wide","DTM","CV0","1","5",0.3941
"M1","genome-wide","HSW","CV0","1","5",0.6023
"M1","genome-wide","PH","CV0","1","5",0.5726
"M1","genome-wide","PPP","CV0","1","5",0.0922
"M1","genome-wide","YPPlnt","CV0","1","5",0.1375
"M1","genome-wide","DTF","CV00","1","5",-0.2235
"M1","genome-wide","DTM","CV00","1","5",0.0028
"M1","genome-wide","HSW","CV00","1","5",0.1495
"M1","genome-wide","PH","CV00","1","5",0.0956
"M1","genome-wide","PPP","CV00","1","5",-0.16
"M1","genome-wide","YPPlnt","CV00","1","5",0.0379
"M1","genome-wide","DTF","CV1","1","5",-0.231244444444444
"M1","genome-wide","DTM","CV1","1","5",0.174055555555556
"M1","genome-wide","HSW","CV1","1","5",0.1427
"M1","genome-wide","PH","CV1","1","5",0.0527111111111111
"M1","genome-wide","PPP","CV1","1","5",0.0105444444444444
"M1","genome-wide","YPPlnt","CV1","1","5",-0.115311111111111
"M1","genome-wide","DTF","CV2","1","5",0.600488888888889
"M1","genome-wide","DTM","CV2","1","5",0.4638
"M1","genome-wide","HSW","CV2","1","5",0.720866666666667
"M1","genome-wide","PH","CV2","1","5",0.564022222222222
"M1","genome-wide","PPP","CV2","1","5",0.0599666666666667
"M1","genome-wide","YPPlnt","CV2","1","5",0.152677777777778
"M1","genome-wide","DTF","CV0","2","5",0.6405
"M1","genome-wide","DTM","CV0","2","5",0.5316
"M1","genome-wide","HSW","CV0","2","5",0.8593
"M1","genome-wide","PH","CV0","2","5",0.1047
"M1","genome-wide","PPP","CV0","2","5",-2e-04
"M1","genome-wide","YPPlnt","CV0","2","5",0.1739
"M1","genome-wide","DTF","CV00","2","5",-0.1598
"M1","genome-wide","DTM","CV00","2","5",-0.0193
"M1","genome-wide","HSW","CV00","2","5",-0.0613
"M1","genome-wide","PH","CV00","2","5",0.2165
"M1","genome-wide","PPP","CV00","2","5",-0.3994
"M1","genome-wide","YPPlnt","CV00","2","5",-0.1257
"M1","genome-wide","DTF","CV1","2","5",-0.1326
"M1","genome-wide","DTM","CV1","2","5",-0.0356777777777778
"M1","genome-wide","HSW","CV1","2","5",0.0700333333333333
"M1","genome-wide","PH","CV1","2","5",-0.0861333333333333
"M1","genome-wide","PPP","CV1","2","5",-0.0217666666666667
"M1","genome-wide","YPPlnt","CV1","2","5",-0.0548555555555556
"M1","genome-wide","DTF","CV2","2","5",0.576422222222222
"M1","genome-wide","DTM","CV2","2","5",0.468222222222222
"M1","genome-wide","HSW","CV2","2","5",0.733688888888889
"M1","genome-wide","PH","CV2","2","5",0.6403
"M1","genome-wide","PPP","CV2","2","5",0.155722222222222
"M1","genome-wide","YPPlnt","CV2","2","5",0.0826222222222222
"M1","genome-wide","DTF","CV0","3","5",0.6098
"M1","genome-wide","DTM","CV0","3","5",0.4001
"M1","genome-wide","HSW","CV0","3","5",0.7856
"M1","genome-wide","PH","CV0","3","5",0.6618
"M1","genome-wide","PPP","CV0","3","5",0.1337
"M1","genome-wide","YPPlnt","CV0","3","5",0.1813
"M1","genome-wide","DTF","CV00","3","5",-0.2046
"M1","genome-wide","DTM","CV00","3","5",0.0199
"M1","genome-wide","HSW","CV00","3","5",-0.1627
"M1","genome-wide","PH","CV00","3","5",-0.1498
"M1","genome-wide","PPP","CV00","3","5",-0.0323
"M1","genome-wide","YPPlnt","CV00","3","5",-0.219
"M1","genome-wide","DTF","CV1","3","5",-0.0107111111111111
"M1","genome-wide","DTM","CV1","3","5",0.0745
"M1","genome-wide","HSW","CV1","3","5",0.0580666666666667
"M1","genome-wide","PH","CV1","3","5",0.2014
"M1","genome-wide","PPP","CV1","3","5",0.000922222222222227
"M1","genome-wide","YPPlnt","CV1","3","5",0.0327
"M1","genome-wide","DTF","CV2","3","5",0.596022222222222
"M1","genome-wide","DTM","CV2","3","5",0.468933333333333
"M1","genome-wide","HSW","CV2","3","5",0.7442
"M1","genome-wide","PH","CV2","3","5",0.563022222222222
"M1","genome-wide","PPP","CV2","3","5",0.156644444444444
"M1","genome-wide","YPPlnt","CV2","3","5",0.0471666666666667
"M1","genome-wide","DTF","CV0","4","5",0.7777
"M1","genome-wide","DTM","CV0","4","5",0.6821
"M1","genome-wide","HSW","CV0","4","5",0.7814
"M1","genome-wide","PH","CV0","4","5",0.7441
"M1","genome-wide","PPP","CV0","4","5",0.284
"M1","genome-wide","YPPlnt","CV0","4","5",0.0019
"M1","genome-wide","DTF","CV00","4","5",-0.1566
"M1","genome-wide","DTM","CV00","4","5",0.1451
"M1","genome-wide","HSW","CV00","4","5",-0.0722
"M1","genome-wide","PH","CV00","4","5",-0.1904
"M1","genome-wide","PPP","CV00","4","5",-0.0293
"M1","genome-wide","YPPlnt","CV00","4","5",-0.2383
"M1","genome-wide","DTF","CV1","4","5",0.163444444444444
"M1","genome-wide","DTM","CV1","4","5",0.0567666666666667
"M1","genome-wide","HSW","CV1","4","5",0.0924777777777778
"M1","genome-wide","PH","CV1","4","5",-0.0135666666666667
"M1","genome-wide","PPP","CV1","4","5",-0.0876222222222222
"M1","genome-wide","YPPlnt","CV1","4","5",0.0867666666666667
"M1","genome-wide","DTF","CV2","4","5",0.623133333333333
"M1","genome-wide","DTM","CV2","4","5",0.466288888888889
"M1","genome-wide","HSW","CV2","4","5",0.760511111111111
"M1","genome-wide","PH","CV2","4","5",0.522922222222222
"M1","genome-wide","PPP","CV2","4","5",0.178066666666667
"M1","genome-wide","YPPlnt","CV2","4","5",0.160611111111111
"M1","genome-wide","DTF","CV0","5","5",0.6098
"M1","genome-wide","DTM","CV0","5","5",0.3977
"M1","genome-wide","HSW","CV0","5","5",0.7848
"M1","genome-wide","PH","CV0","5","5",0.6622
"M1","genome-wide","PPP","CV0","5","5",0.1312
"M1","genome-wide","YPPlnt","CV0","5","5",0.1825
"M1","genome-wide","DTF","CV00","5","5",-0.1044
"M1","genome-wide","DTM","CV00","5","5",-0.1283
"M1","genome-wide","HSW","CV00","5","5",-0.0717
"M1","genome-wide","PH","CV00","5","5",-0.1389
"M1","genome-wide","PPP","CV00","5","5",0.2063
"M1","genome-wide","YPPlnt","CV00","5","5",0.2681
"M1","genome-wide","DTF","CV1","5","5",-0.122188888888889
"M1","genome-wide","DTM","CV1","5","5",-0.115566666666667
"M1","genome-wide","HSW","CV1","5","5",0.0166555555555556
"M1","genome-wide","PH","CV1","5","5",-0.124744444444444
"M1","genome-wide","PPP","CV1","5","5",-0.0922111111111111
"M1","genome-wide","YPPlnt","CV1","5","5",-0.100011111111111
"M1","genome-wide","DTF","CV2","5","5",0.549955555555556
"M1","genome-wide","DTM","CV2","5","5",0.446977777777778
"M1","genome-wide","HSW","CV2","5","5",0.7191
"M1","genome-wide","PH","CV2","5","5",0.576477777777778
"M1","genome-wide","PPP","CV2","5","5",0.124244444444444
"M1","genome-wide","YPPlnt","CV2","5","5",0.154822222222222
"M1","genome-wide","DTF","CV0","6","5",0.3743
"M1","genome-wide","DTM","CV0","6","5",0.3929
"M1","genome-wide","HSW","CV0","6","5",0.6027
"M1","genome-wide","PH","CV0","6","5",0.5706
"M1","genome-wide","PPP","CV0","6","5",0.0982
"M1","genome-wide","YPPlnt","CV0","6","5",0.1377
"M1","genome-wide","DTF","CV00","6","5",0.1895
"M1","genome-wide","DTM","CV00","6","5",0.0972
"M1","genome-wide","HSW","CV00","6","5",-0.0807
"M1","genome-wide","PH","CV00","6","5",-0.1101
"M1","genome-wide","PPP","CV00","6","5",-0.0078
"M1","genome-wide","YPPlnt","CV00","6","5",0.3037
"M1","genome-wide","DTF","CV1","6","5",-0.159255555555556
"M1","genome-wide","DTM","CV1","6","5",0.0861777777777778
"M1","genome-wide","HSW","CV1","6","5",-0.0380555555555556
"M1","genome-wide","PH","CV1","6","5",-0.0569111111111111
"M1","genome-wide","PPP","CV1","6","5",-0.0848666666666667
"M1","genome-wide","YPPlnt","CV1","6","5",0.126511111111111
"M1","genome-wide","DTF","CV2","6","5",0.592822222222222
"M1","genome-wide","DTM","CV2","6","5",0.555277777777778
"M1","genome-wide","HSW","CV2","6","5",0.785422222222222
"M1","genome-wide","PH","CV2","6","5",0.614066666666667
"M1","genome-wide","PPP","CV2","6","5",0.0791777777777778
"M1","genome-wide","YPPlnt","CV2","6","5",0.0309666666666667
"M1","genome-wide","DTF","CV0","7","5",0.5093
"M1","genome-wide","DTM","CV0","7","5",0.285
"M1","genome-wide","HSW","CV0","7","5",0.7118
"M1","genome-wide","PH","CV0","7","5",0.4873
"M1","genome-wide","PPP","CV0","7","5",0.0405
"M1","genome-wide","YPPlnt","CV0","7","5",0.0949
"M1","genome-wide","DTF","CV00","7","5",0.0863
"M1","genome-wide","DTM","CV00","7","5",0.0467
"M1","genome-wide","HSW","CV00","7","5",-0.211
"M1","genome-wide","PH","CV00","7","5",0.1854
"M1","genome-wide","PPP","CV00","7","5",0.0179
"M1","genome-wide","YPPlnt","CV00","7","5",0.0023
"M1","genome-wide","DTF","CV1","7","5",-0.152755555555556
"M1","genome-wide","DTM","CV1","7","5",0.0458444444444444
"M1","genome-wide","HSW","CV1","7","5",0.0259111111111111
"M1","genome-wide","PH","CV1","7","5",0.0302
"M1","genome-wide","PPP","CV1","7","5",-0.0195555555555556
"M1","genome-wide","YPPlnt","CV1","7","5",0.0279222222222222
"M1","genome-wide","DTF","CV2","7","5",0.611288888888889
"M1","genome-wide","DTM","CV2","7","5",0.5088
"M1","genome-wide","HSW","CV2","7","5",0.760422222222222
"M1","genome-wide","PH","CV2","7","5",0.566377777777778
"M1","genome-wide","PPP","CV2","7","5",0.133022222222222
"M1","genome-wide","YPPlnt","CV2","7","5",0.113622222222222
"M1","genome-wide","DTF","CV0","8","5",0.6428
"M1","genome-wide","DTM","CV0","8","5",0.5335
"M1","genome-wide","HSW","CV0","8","5",0.8592
"M1","genome-wide","PH","CV0","8","5",0.1066
"M1","genome-wide","PPP","CV0","8","5",0.01
"M1","genome-wide","YPPlnt","CV0","8","5",0.1875
"M1","genome-wide","DTF","CV00","8","5",0.0368
"M1","genome-wide","DTM","CV00","8","5",-0.092
"M1","genome-wide","HSW","CV00","8","5",-0.2633
"M1","genome-wide","PH","CV00","8","5",-0.2584
"M1","genome-wide","PPP","CV00","8","5",0.0166
"M1","genome-wide","YPPlnt","CV00","8","5",-0.1504
"M1","genome-wide","DTF","CV1","8","5",-0.0650888888888889
"M1","genome-wide","DTM","CV1","8","5",-0.0154555555555556
"M1","genome-wide","HSW","CV1","8","5",0.110477777777778
"M1","genome-wide","PH","CV1","8","5",-0.0689666666666667
"M1","genome-wide","PPP","CV1","8","5",0.0690333333333333
"M1","genome-wide","YPPlnt","CV1","8","5",0.00758888888888889
"M1","genome-wide","DTF","CV2","8","5",0.6091
"M1","genome-wide","DTM","CV2","8","5",0.435411111111111
"M1","genome-wide","HSW","CV2","8","5",0.660911111111111
"M1","genome-wide","PH","CV2","8","5",0.511133333333333
"M1","genome-wide","PPP","CV2","8","5",0.1616
"M1","genome-wide","YPPlnt","CV2","8","5",0.150144444444444
"M1","genome-wide","DTF","CV0","9","5",0.5115
"M1","genome-wide","DTM","CV0","9","5",0.287
"M1","genome-wide","HSW","CV0","9","5",0.7132
"M1","genome-wide","PH","CV0","9","5",0.487
"M1","genome-wide","PPP","CV0","9","5",0.0367
"M1","genome-wide","YPPlnt","CV0","9","5",0.1024
"M1","genome-wide","DTF","CV00","9","5",-0.2125
"M1","genome-wide","DTM","CV00","9","5",-0.2144
"M1","genome-wide","HSW","CV00","9","5",0.0168
"M1","genome-wide","PH","CV00","9","5",0.0369
"M1","genome-wide","PPP","CV00","9","5",-0.1333
"M1","genome-wide","YPPlnt","CV00","9","5",0.0229
"M1","genome-wide","DTF","CV1","9","5",0.150755555555556
"M1","genome-wide","DTM","CV1","9","5",-0.120744444444444
"M1","genome-wide","HSW","CV1","9","5",0.189233333333333
"M1","genome-wide","PH","CV1","9","5",-0.0139222222222222
"M1","genome-wide","PPP","CV1","9","5",0.0577666666666667
"M1","genome-wide","YPPlnt","CV1","9","5",-0.00812222222222221
"M1","genome-wide","DTF","CV2","9","5",0.607777777777778
"M1","genome-wide","DTM","CV2","9","5",0.503577777777778
"M1","genome-wide","HSW","CV2","9","5",0.697188888888889
"M1","genome-wide","PH","CV2","9","5",0.4843
"M1","genome-wide","PPP","CV2","9","5",0.123255555555556
"M1","genome-wide","YPPlnt","CV2","9","5",0.1283
"M1","genome-wide","DTF","CV0","10","5",0.777
"M1","genome-wide","DTM","CV0","10","5",0.6833
"M1","genome-wide","HSW","CV0","10","5",0.7797
"M1","genome-wide","PH","CV0","10","5",0.744
"M1","genome-wide","PPP","CV0","10","5",0.2872
"M1","genome-wide","YPPlnt","CV0","10","5",0.0084
"M1","genome-wide","DTF","CV00","10","5",0.2606
"M1","genome-wide","DTM","CV00","10","5",-0.4078
"M1","genome-wide","HSW","CV00","10","5",-0.1426
"M1","genome-wide","PH","CV00","10","5",-0.2643
"M1","genome-wide","PPP","CV00","10","5",0.4232
"M1","genome-wide","YPPlnt","CV00","10","5",-0.0588
"M1","genome-wide","DTF","CV1","10","5",-0.0660333333333333
"M1","genome-wide","DTM","CV1","10","5",-0.0149444444444444
"M1","genome-wide","HSW","CV1","10","5",-0.0985555555555555
"M1","genome-wide","PH","CV1","10","5",0.148133333333333
"M1","genome-wide","PPP","CV1","10","5",0.0060888888888889
"M1","genome-wide","YPPlnt","CV1","10","5",-0.0450555555555556
"M1","genome-wide","DTF","CV2","10","5",0.567255555555556
"M1","genome-wide","DTM","CV2","10","5",0.4671
"M1","genome-wide","HSW","CV2","10","5",0.730733333333333
"M1","genome-wide","PH","CV2","10","5",0.565277777777778
"M1","genome-wide","PPP","CV2","10","5",0.165522222222222
"M1","genome-wide","YPPlnt","CV2","10","5",0.212644444444444
"M1","haplotype-tagged","DTF","CV0","1","1",0.51665
"M1","haplotype-tagged","DTM","CV0","1","1",0.3372
"M1","haplotype-tagged","HSW","CV0","1","1",0.6789
"M1","haplotype-tagged","PH","CV0","1","1",0.59585
"M1","haplotype-tagged","PPP","CV0","1","1",0.101
"M1","haplotype-tagged","YPPlnt","CV0","1","1",0.15995
"M1","haplotype-tagged","DTF","CV00","1","1",-0.00465
"M1","haplotype-tagged","DTM","CV00","1","1",-0.0913
"M1","haplotype-tagged","HSW","CV00","1","1",0.0402
"M1","haplotype-tagged","PH","CV00","1","1",-0.0258
"M1","haplotype-tagged","PPP","CV00","1","1",-0.1349
"M1","haplotype-tagged","YPPlnt","CV00","1","1",0.0078
"M1","haplotype-tagged","DTF","CV1","1","1",0.0377333333333333
"M1","haplotype-tagged","DTM","CV1","1","1",-0.0448777777777778
"M1","haplotype-tagged","HSW","CV1","1","1",0.0522
"M1","haplotype-tagged","PH","CV1","1","1",0.0339444444444444
"M1","haplotype-tagged","PPP","CV1","1","1",0.0267777777777778
"M1","haplotype-tagged","YPPlnt","CV1","1","1",-0.0886888888888889
"M1","haplotype-tagged","DTF","CV2","1","1",0.615122222222222
"M1","haplotype-tagged","DTM","CV2","1","1",0.433322222222222
"M1","haplotype-tagged","HSW","CV2","1","1",0.801711111111111
"M1","haplotype-tagged","PH","CV2","1","1",0.609955555555556
"M1","haplotype-tagged","PPP","CV2","1","1",0.140055555555556
"M1","haplotype-tagged","YPPlnt","CV2","1","1",0.0842222222222222
"M1","haplotype-tagged","DTF","CV0","2","1",0.68035
"M1","haplotype-tagged","DTM","CV0","2","1",0.4938
"M1","haplotype-tagged","HSW","CV0","2","1",0.80025
"M1","haplotype-tagged","PH","CV0","2","1",0.6392
"M1","haplotype-tagged","PPP","CV0","2","1",0.2031
"M1","haplotype-tagged","YPPlnt","CV0","2","1",0.1595
"M1","haplotype-tagged","DTF","CV00","2","1",0.03855
"M1","haplotype-tagged","DTM","CV00","2","1",-0.05745
"M1","haplotype-tagged","HSW","CV00","2","1",-0.0117
"M1","haplotype-tagged","PH","CV00","2","1",-0.02325
"M1","haplotype-tagged","PPP","CV00","2","1",0.09185
"M1","haplotype-tagged","YPPlnt","CV00","2","1",0.179
"M1","haplotype-tagged","DTF","CV1","2","1",-0.113377777777778
"M1","haplotype-tagged","DTM","CV1","2","1",0.190833333333333
"M1","haplotype-tagged","HSW","CV1","2","1",0.0703666666666667
"M1","haplotype-tagged","PH","CV1","2","1",0.0370666666666667
"M1","haplotype-tagged","PPP","CV1","2","1",-0.0602111111111111
"M1","haplotype-tagged","YPPlnt","CV1","2","1",-0.0234333333333333
"M1","haplotype-tagged","DTF","CV2","2","1",0.585622222222222
"M1","haplotype-tagged","DTM","CV2","2","1",0.493188888888889
"M1","haplotype-tagged","HSW","CV2","2","1",0.754933333333333
"M1","haplotype-tagged","PH","CV2","2","1",0.5926
"M1","haplotype-tagged","PPP","CV2","2","1",0.2137
"M1","haplotype-tagged","YPPlnt","CV2","2","1",0.114555555555556
"M1","haplotype-tagged","DTF","CV0","3","1",0.64155
"M1","haplotype-tagged","DTM","CV0","3","1",0.52915
"M1","haplotype-tagged","HSW","CV0","3","1",0.7244
"M1","haplotype-tagged","PH","CV0","3","1",0.6993
"M1","haplotype-tagged","PPP","CV0","3","1",0.25505
"M1","haplotype-tagged","YPPlnt","CV0","3","1",0.10485
"M1","haplotype-tagged","DTF","CV00","3","1",0.13255
"M1","haplotype-tagged","DTM","CV00","3","1",-0.02705
"M1","haplotype-tagged","HSW","CV00","3","1",-0.06335
"M1","haplotype-tagged","PH","CV00","3","1",-0.05005
"M1","haplotype-tagged","PPP","CV00","3","1",-0.0862
"M1","haplotype-tagged","YPPlnt","CV00","3","1",-0.06735
"M1","haplotype-tagged","DTF","CV1","3","1",0.00626666666666666
"M1","haplotype-tagged","DTM","CV1","3","1",0.165988888888889
"M1","haplotype-tagged","HSW","CV1","3","1",-0.0771777777777778
"M1","haplotype-tagged","PH","CV1","3","1",0.0957333333333333
"M1","haplotype-tagged","PPP","CV1","3","1",0.0134888888888889
"M1","haplotype-tagged","YPPlnt","CV1","3","1",-0.0384888888888889
"M1","haplotype-tagged","DTF","CV2","3","1",0.584811111111111
"M1","haplotype-tagged","DTM","CV2","3","1",0.505266666666667
"M1","haplotype-tagged","HSW","CV2","3","1",0.718177777777778
"M1","haplotype-tagged","PH","CV2","3","1",0.4846
"M1","haplotype-tagged","PPP","CV2","3","1",0.0393555555555556
"M1","haplotype-tagged","YPPlnt","CV2","3","1",0.0976666666666667
"M1","haplotype-tagged","DTF","CV0","4","1",0.60025
"M1","haplotype-tagged","DTM","CV0","4","1",0.49785
"M1","haplotype-tagged","HSW","CV0","4","1",0.7087
"M1","haplotype-tagged","PH","CV0","4","1",0.6836
"M1","haplotype-tagged","PPP","CV0","4","1",0.1235
"M1","haplotype-tagged","YPPlnt","CV0","4","1",0.20735
"M1","haplotype-tagged","DTF","CV00","4","1",-0.2581
"M1","haplotype-tagged","DTM","CV00","4","1",-0.12645
"M1","haplotype-tagged","HSW","CV00","4","1",-0.1745
"M1","haplotype-tagged","PH","CV00","4","1",-0.09875
"M1","haplotype-tagged","PPP","CV00","4","1",0.19415
"M1","haplotype-tagged","YPPlnt","CV00","4","1",0.38975
"M1","haplotype-tagged","DTF","CV1","4","1",-0.105944444444444
"M1","haplotype-tagged","DTM","CV1","4","1",-0.0965111111111111
"M1","haplotype-tagged","HSW","CV1","4","1",0.144111111111111
"M1","haplotype-tagged","PH","CV1","4","1",-0.0305333333333333
"M1","haplotype-tagged","PPP","CV1","4","1",-0.0961111111111111
"M1","haplotype-tagged","YPPlnt","CV1","4","1",-0.0899444444444445
"M1","haplotype-tagged","DTF","CV2","4","1",0.541811111111111
"M1","haplotype-tagged","DTM","CV2","4","1",0.504344444444444
"M1","haplotype-tagged","HSW","CV2","4","1",0.7545
"M1","haplotype-tagged","PH","CV2","4","1",0.6305
"M1","haplotype-tagged","PPP","CV2","4","1",0.129288888888889
"M1","haplotype-tagged","YPPlnt","CV2","4","1",0.118388888888889
"M1","haplotype-tagged","DTF","CV0","5","1",0.63115
"M1","haplotype-tagged","DTM","CV0","5","1",0.47515
"M1","haplotype-tagged","HSW","CV0","5","1",0.7435
"M1","haplotype-tagged","PH","CV0","5","1",0.59625
"M1","haplotype-tagged","PPP","CV0","5","1",0.17885
"M1","haplotype-tagged","YPPlnt","CV0","5","1",0.1058
"M1","haplotype-tagged","DTF","CV00","5","1",-0.08365
"M1","haplotype-tagged","DTM","CV00","5","1",0.07125
"M1","haplotype-tagged","HSW","CV00","5","1",-0.0463
"M1","haplotype-tagged","PH","CV00","5","1",0.07245
"M1","haplotype-tagged","PPP","CV00","5","1",0.06305
"M1","haplotype-tagged","YPPlnt","CV00","5","1",0.0816
"M1","haplotype-tagged","DTF","CV1","5","1",-0.0391444444444444
"M1","haplotype-tagged","DTM","CV1","5","1",-0.0472444444444444
"M1","haplotype-tagged","HSW","CV1","5","1",-0.400211111111111
"M1","haplotype-tagged","PH","CV1","5","1",-0.0757333333333333
"M1","haplotype-tagged","PPP","CV1","5","1",-0.0248666666666667
"M1","haplotype-tagged","YPPlnt","CV1","5","1",-0.0105666666666667
"M1","haplotype-tagged","DTF","CV2","5","1",0.666744444444444
"M1","haplotype-tagged","DTM","CV2","5","1",0.505055555555556
"M1","haplotype-tagged","HSW","CV2","5","1",0.714266666666667
"M1","haplotype-tagged","PH","CV2","5","1",0.527477777777778
"M1","haplotype-tagged","PPP","CV2","5","1",0.159733333333333
"M1","haplotype-tagged","YPPlnt","CV2","5","1",0.105866666666667
"M1","haplotype-tagged","DTF","CV0","6","1",0.5515
"M1","haplotype-tagged","DTM","CV0","6","1",0.377
"M1","haplotype-tagged","HSW","CV0","6","1",0.6727
"M1","haplotype-tagged","PH","CV0","6","1",0.6046
"M1","haplotype-tagged","PPP","CV0","6","1",0.2475
"M1","haplotype-tagged","YPPlnt","CV0","6","1",0.0678
"M1","haplotype-tagged","DTF","CV00","6","1",0.00575
"M1","haplotype-tagged","DTM","CV00","6","1",-0.0273
"M1","haplotype-tagged","HSW","CV00","6","1",0.06365
"M1","haplotype-tagged","PH","CV00","6","1",-0.139
"M1","haplotype-tagged","PPP","CV00","6","1",-0.2233
"M1","haplotype-tagged","YPPlnt","CV00","6","1",0.1048
"M1","haplotype-tagged","DTF","CV1","6","1",0.205844444444444
"M1","haplotype-tagged","DTM","CV1","6","1",0.0786666666666667
"M1","haplotype-tagged","HSW","CV1","6","1",0.00194444444444445
"M1","haplotype-tagged","PH","CV1","6","1",-0.2062
"M1","haplotype-tagged","PPP","CV1","6","1",0.128311111111111
"M1","haplotype-tagged","YPPlnt","CV1","6","1",0.0475222222222222
"M1","haplotype-tagged","DTF","CV2","6","1",0.642977777777778
"M1","haplotype-tagged","DTM","CV2","6","1",0.453022222222222
"M1","haplotype-tagged","HSW","CV2","6","1",0.728411111111111
"M1","haplotype-tagged","PH","CV2","6","1",0.506422222222222
"M1","haplotype-tagged","PPP","CV2","6","1",0.146266666666667
"M1","haplotype-tagged","YPPlnt","CV2","6","1",0.224377777777778
"M1","haplotype-tagged","DTF","CV0","7","1",0.72745
"M1","haplotype-tagged","DTM","CV0","7","1",0.6197
"M1","haplotype-tagged","HSW","CV0","7","1",0.75555
"M1","haplotype-tagged","PH","CV0","7","1",0.70125
"M1","haplotype-tagged","PPP","CV0","7","1",0.21025
"M1","haplotype-tagged","YPPlnt","CV0","7","1",0.11885
"M1","haplotype-tagged","DTF","CV00","7","1",-0.1018
"M1","haplotype-tagged","DTM","CV00","7","1",0.0447
"M1","haplotype-tagged","HSW","CV00","7","1",-0.0943
"M1","haplotype-tagged","PH","CV00","7","1",0.0014
"M1","haplotype-tagged","PPP","CV00","7","1",0.0069
"M1","haplotype-tagged","YPPlnt","CV00","7","1",-0.07675
"M1","haplotype-tagged","DTF","CV1","7","1",0.0257
"M1","haplotype-tagged","DTM","CV1","7","1",-0.139922222222222
"M1","haplotype-tagged","HSW","CV1","7","1",0.209211111111111
"M1","haplotype-tagged","PH","CV1","7","1",0.2398
"M1","haplotype-tagged","PPP","CV1","7","1",0.0436222222222222
"M1","haplotype-tagged","YPPlnt","CV1","7","1",-0.0577888888888889
"M1","haplotype-tagged","DTF","CV2","7","1",0.616644444444444
"M1","haplotype-tagged","DTM","CV2","7","1",0.450533333333333
"M1","haplotype-tagged","HSW","CV2","7","1",0.7567
"M1","haplotype-tagged","PH","CV2","7","1",0.600877777777778
"M1","haplotype-tagged","PPP","CV2","7","1",0.189166666666667
"M1","haplotype-tagged","YPPlnt","CV2","7","1",0.111933333333333
"M1","haplotype-tagged","DTF","CV0","8","1",0.49505
"M1","haplotype-tagged","DTM","CV0","8","1",0.38955
"M1","haplotype-tagged","HSW","CV0","8","1",0.699
"M1","haplotype-tagged","PH","CV0","8","1",0.61145
"M1","haplotype-tagged","PPP","CV0","8","1",0.11935
"M1","haplotype-tagged","YPPlnt","CV0","8","1",0.1383
"M1","haplotype-tagged","DTF","CV00","8","1",0.06295
"M1","haplotype-tagged","DTM","CV00","8","1",-0.1208
"M1","haplotype-tagged","HSW","CV00","8","1",0.13245
"M1","haplotype-tagged","PH","CV00","8","1",0.2016
"M1","haplotype-tagged","PPP","CV00","8","1",0.1058
"M1","haplotype-tagged","YPPlnt","CV00","8","1",-0.1681
"M1","haplotype-tagged","DTF","CV1","8","1",0.135711111111111
"M1","haplotype-tagged","DTM","CV1","8","1",-0.00907777777777778
"M1","haplotype-tagged","HSW","CV1","8","1",0.102833333333333
"M1","haplotype-tagged","PH","CV1","8","1",-0.0120666666666667
"M1","haplotype-tagged","PPP","CV1","8","1",0.0136666666666667
"M1","haplotype-tagged","YPPlnt","CV1","8","1",0.00282222222222222
"M1","haplotype-tagged","DTF","CV2","8","1",0.602966666666667
"M1","haplotype-tagged","DTM","CV2","8","1",0.4471
"M1","haplotype-tagged","HSW","CV2","8","1",0.756422222222222
"M1","haplotype-tagged","PH","CV2","8","1",0.5767
"M1","haplotype-tagged","PPP","CV2","8","1",0.126122222222222
"M1","haplotype-tagged","YPPlnt","CV2","8","1",0.0398555555555555
"M1","haplotype-tagged","DTF","CV0","9","1",0.7781
"M1","haplotype-tagged","DTM","CV0","9","1",0.65985
"M1","haplotype-tagged","HSW","CV0","9","1",0.80725
"M1","haplotype-tagged","PH","CV0","9","1",0.74035
"M1","haplotype-tagged","PPP","CV0","9","1",0.1755
"M1","haplotype-tagged","YPPlnt","CV0","9","1",0.14395
"M1","haplotype-tagged","DTF","CV00","9","1",0.2144
"M1","haplotype-tagged","DTM","CV00","9","1",0.1284
"M1","haplotype-tagged","HSW","CV00","9","1",-0.24915
"M1","haplotype-tagged","PH","CV00","9","1",0.0812
"M1","haplotype-tagged","PPP","CV00","9","1",-0.17775
"M1","haplotype-tagged","YPPlnt","CV00","9","1",0.0577
"M1","haplotype-tagged","DTF","CV1","9","1",-0.0669666666666667
"M1","haplotype-tagged","DTM","CV1","9","1",0.0638666666666667
"M1","haplotype-tagged","HSW","CV1","9","1",-0.0161666666666667
"M1","haplotype-tagged","PH","CV1","9","1",-0.0914444444444445
"M1","haplotype-tagged","PPP","CV1","9","1",-0.0363666666666667
"M1","haplotype-tagged","YPPlnt","CV1","9","1",-0.104866666666667
"M1","haplotype-tagged","DTF","CV2","9","1",0.589444444444444
"M1","haplotype-tagged","DTM","CV2","9","1",0.496433333333333
"M1","haplotype-tagged","HSW","CV2","9","1",0.769288888888889
"M1","haplotype-tagged","PH","CV2","9","1",0.5569
"M1","haplotype-tagged","PPP","CV2","9","1",0.168744444444444
"M1","haplotype-tagged","YPPlnt","CV2","9","1",0.0220777777777778
"M1","haplotype-tagged","DTF","CV0","10","1",0.6835
"M1","haplotype-tagged","DTM","CV0","10","1",0.523
"M1","haplotype-tagged","HSW","CV0","10","1",0.7597
"M1","haplotype-tagged","PH","CV0","10","1",0.743
"M1","haplotype-tagged","PPP","CV0","10","1",0.2706
"M1","haplotype-tagged","YPPlnt","CV0","10","1",0.14665
"M1","haplotype-tagged","DTF","CV00","10","1",-0.0436
"M1","haplotype-tagged","DTM","CV00","10","1",0.01205
"M1","haplotype-tagged","HSW","CV00","10","1",0.1094
"M1","haplotype-tagged","PH","CV00","10","1",0.06125
"M1","haplotype-tagged","PPP","CV00","10","1",-0.22685
"M1","haplotype-tagged","YPPlnt","CV00","10","1",-0.16745
"M1","haplotype-tagged","DTF","CV1","10","1",-0.3196
"M1","haplotype-tagged","DTM","CV1","10","1",-0.0143333333333333
"M1","haplotype-tagged","HSW","CV1","10","1",-0.200433333333333
"M1","haplotype-tagged","PH","CV1","10","1",0.0382777777777778
"M1","haplotype-tagged","PPP","CV1","10","1",0.0791111111111111
"M1","haplotype-tagged","YPPlnt","CV1","10","1",0.0547666666666667
"M1","haplotype-tagged","DTF","CV2","10","1",0.6026
"M1","haplotype-tagged","DTM","CV2","10","1",0.462011111111111
"M1","haplotype-tagged","HSW","CV2","10","1",0.718877777777778
"M1","haplotype-tagged","PH","CV2","10","1",0.575777777777778
"M1","haplotype-tagged","PPP","CV2","10","1",0.140333333333333
"M1","haplotype-tagged","YPPlnt","CV2","10","1",0.106711111111111
"M1","haplotype-tagged","DTF","CV0","1","2",0.6242
"M1","haplotype-tagged","DTM","CV0","1","2",0.46265
"M1","haplotype-tagged","HSW","CV0","1","2",0.78645
"M1","haplotype-tagged","PH","CV0","1","2",0.28895
"M1","haplotype-tagged","PPP","CV0","1","2",0.13155
"M1","haplotype-tagged","YPPlnt","CV0","1","2",0.08025
"M1","haplotype-tagged","DTF","CV00","1","2",0.0594
"M1","haplotype-tagged","DTM","CV00","1","2",-0.114
"M1","haplotype-tagged","HSW","CV00","1","2",-0.19765
"M1","haplotype-tagged","PH","CV00","1","2",-0.1225
"M1","haplotype-tagged","PPP","CV00","1","2",0.14605
"M1","haplotype-tagged","YPPlnt","CV00","1","2",0.29745
"M1","haplotype-tagged","DTF","CV1","1","2",-0.141444444444444
"M1","haplotype-tagged","DTM","CV1","1","2",0.00727777777777778
"M1","haplotype-tagged","HSW","CV1","1","2",0.0403777777777778
"M1","haplotype-tagged","PH","CV1","1","2",-0.0663777777777778
"M1","haplotype-tagged","PPP","CV1","1","2",-0.101477777777778
"M1","haplotype-tagged","YPPlnt","CV1","1","2",0.00513333333333334
"M1","haplotype-tagged","DTF","CV2","1","2",0.601644444444444
"M1","haplotype-tagged","DTM","CV2","1","2",0.446788888888889
"M1","haplotype-tagged","HSW","CV2","1","2",0.665433333333333
"M1","haplotype-tagged","PH","CV2","1","2",0.563155555555556
"M1","haplotype-tagged","PPP","CV2","1","2",0.103777777777778
"M1","haplotype-tagged","YPPlnt","CV2","1","2",0.0650888888888889
"M1","haplotype-tagged","DTF","CV0","2","2",0.64655
"M1","haplotype-tagged","DTM","CV0","2","2",0.53255
"M1","haplotype-tagged","HSW","CV0","2","2",0.77525
"M1","haplotype-tagged","PH","CV0","2","2",0.65435
"M1","haplotype-tagged","PPP","CV0","2","2",0.10785
"M1","haplotype-tagged","YPPlnt","CV0","2","2",0.17365
"M1","haplotype-tagged","DTF","CV00","2","2",-0.0403
"M1","haplotype-tagged","DTM","CV00","2","2",0.01135
"M1","haplotype-tagged","HSW","CV00","2","2",-0.0509
"M1","haplotype-tagged","PH","CV00","2","2",-0.1012
"M1","haplotype-tagged","PPP","CV00","2","2",0.3139
"M1","haplotype-tagged","YPPlnt","CV00","2","2",-0.01245
"M1","haplotype-tagged","DTF","CV1","2","2",-0.102088888888889
"M1","haplotype-tagged","DTM","CV1","2","2",0.0733111111111111
"M1","haplotype-tagged","HSW","CV1","2","2",0.0355888888888889
"M1","haplotype-tagged","PH","CV1","2","2",0.1155
"M1","haplotype-tagged","PPP","CV1","2","2",-0.0484555555555556
"M1","haplotype-tagged","YPPlnt","CV1","2","2",-0.0442555555555556
"M1","haplotype-tagged","DTF","CV2","2","2",0.634244444444444
"M1","haplotype-tagged","DTM","CV2","2","2",0.4313
"M1","haplotype-tagged","HSW","CV2","2","2",0.784555555555556
"M1","haplotype-tagged","PH","CV2","2","2",0.469744444444444
"M1","haplotype-tagged","PPP","CV2","2","2",0.095
"M1","haplotype-tagged","YPPlnt","CV2","2","2",0.153322222222222
"M1","haplotype-tagged","DTF","CV0","3","2",0.6402
"M1","haplotype-tagged","DTM","CV0","3","2",0.5305
"M1","haplotype-tagged","HSW","CV0","3","2",0.75095
"M1","haplotype-tagged","PH","CV0","3","2",0.59045
"M1","haplotype-tagged","PPP","CV0","3","2",0.21035
"M1","haplotype-tagged","YPPlnt","CV0","3","2",0.1059
"M1","haplotype-tagged","DTF","CV00","3","2",0.0402
"M1","haplotype-tagged","DTM","CV00","3","2",0.15975
"M1","haplotype-tagged","HSW","CV00","3","2",-0.36165
"M1","haplotype-tagged","PH","CV00","3","2",0.0632
"M1","haplotype-tagged","PPP","CV00","3","2",-0.1803
"M1","haplotype-tagged","YPPlnt","CV00","3","2",-0.08185
"M1","haplotype-tagged","DTF","CV1","3","2",0.0247111111111111
"M1","haplotype-tagged","DTM","CV1","3","2",0.136333333333333
"M1","haplotype-tagged","HSW","CV1","3","2",0.233133333333333
"M1","haplotype-tagged","PH","CV1","3","2",0.0200666666666667
"M1","haplotype-tagged","PPP","CV1","3","2",0.000488888888888882
"M1","haplotype-tagged","YPPlnt","CV1","3","2",-0.0207111111111111
"M1","haplotype-tagged","DTF","CV2","3","2",0.591855555555556
"M1","haplotype-tagged","DTM","CV2","3","2",0.528488888888889
"M1","haplotype-tagged","HSW","CV2","3","2",0.761077777777778
"M1","haplotype-tagged","PH","CV2","3","2",0.615088888888889
"M1","haplotype-tagged","PPP","CV2","3","2",0.194822222222222
"M1","haplotype-tagged","YPPlnt","CV2","3","2",0.130377777777778
"M1","haplotype-tagged","DTF","CV0","4","2",0.49455
"M1","haplotype-tagged","DTM","CV0","4","2",0.389
"M1","haplotype-tagged","HSW","CV0","4","2",0.6984
"M1","haplotype-tagged","PH","CV0","4","2",0.61165
"M1","haplotype-tagged","PPP","CV0","4","2",0.1204
"M1","haplotype-tagged","YPPlnt","CV0","4","2",0.14085
"M1","haplotype-tagged","DTF","CV00","4","2",-0.04435
"M1","haplotype-tagged","DTM","CV00","4","2",0.09015
"M1","haplotype-tagged","HSW","CV00","4","2",-0.06615
"M1","haplotype-tagged","PH","CV00","4","2",-0.1398
"M1","haplotype-tagged","PPP","CV00","4","2",-0.08875
"M1","haplotype-tagged","YPPlnt","CV00","4","2",-0.08705
"M1","haplotype-tagged","DTF","CV1","4","2",0.0594888888888889
"M1","haplotype-tagged","DTM","CV1","4","2",-0.00781111111111111
"M1","haplotype-tagged","HSW","CV1","4","2",-0.0196333333333333
"M1","haplotype-tagged","PH","CV1","4","2",-0.123188888888889
"M1","haplotype-tagged","PPP","CV1","4","2",0.00326666666666667
"M1","haplotype-tagged","YPPlnt","CV1","4","2",-0.0110888888888889
"M1","haplotype-tagged","DTF","CV2","4","2",0.630977777777778
"M1","haplotype-tagged","DTM","CV2","4","2",0.5181
"M1","haplotype-tagged","HSW","CV2","4","2",0.784122222222222
"M1","haplotype-tagged","PH","CV2","4","2",0.520011111111111
"M1","haplotype-tagged","PPP","CV2","4","2",0.195022222222222
"M1","haplotype-tagged","YPPlnt","CV2","4","2",0.0543333333333333
"M1","haplotype-tagged","DTF","CV0","5","2",0.64185
"M1","haplotype-tagged","DTM","CV0","5","2",0.5858
"M1","haplotype-tagged","HSW","CV0","5","2",0.7886
"M1","haplotype-tagged","PH","CV0","5","2",0.3985
"M1","haplotype-tagged","PPP","CV0","5","2",0.0648
"M1","haplotype-tagged","YPPlnt","CV0","5","2",0.20125
"M1","haplotype-tagged","DTF","CV00","5","2",-0.1248
"M1","haplotype-tagged","DTM","CV00","5","2",-0.0451
"M1","haplotype-tagged","HSW","CV00","5","2",-0.34315
"M1","haplotype-tagged","PH","CV00","5","2",0.2581
"M1","haplotype-tagged","PPP","CV00","5","2",0.22845
"M1","haplotype-tagged","YPPlnt","CV00","5","2",0.03075
"M1","haplotype-tagged","DTF","CV1","5","2",0.171777777777778
"M1","haplotype-tagged","DTM","CV1","5","2",-0.0428222222222222
"M1","haplotype-tagged","HSW","CV1","5","2",-0.310855555555556
"M1","haplotype-tagged","PH","CV1","5","2",-0.0841333333333333
"M1","haplotype-tagged","PPP","CV1","5","2",-0.0275666666666667
"M1","haplotype-tagged","YPPlnt","CV1","5","2",0.00214444444444444
"M1","haplotype-tagged","DTF","CV2","5","2",0.656211111111111
"M1","haplotype-tagged","DTM","CV2","5","2",0.471733333333333
"M1","haplotype-tagged","HSW","CV2","5","2",0.7202
"M1","haplotype-tagged","PH","CV2","5","2",0.630366666666667
"M1","haplotype-tagged","PPP","CV2","5","2",0.185611111111111
"M1","haplotype-tagged","YPPlnt","CV2","5","2",0.0570888888888889
"M1","haplotype-tagged","DTF","CV0","6","2",0.6926
"M1","haplotype-tagged","DTM","CV0","6","2",0.5766
"M1","haplotype-tagged","HSW","CV0","6","2",0.7896
"M1","haplotype-tagged","PH","CV0","6","2",0.43795
"M1","haplotype-tagged","PPP","CV0","6","2",0.1452
"M1","haplotype-tagged","YPPlnt","CV0","6","2",0.07155
"M1","haplotype-tagged","DTF","CV00","6","2",-0.2423
"M1","haplotype-tagged","DTM","CV00","6","2",-0.0105
"M1","haplotype-tagged","HSW","CV00","6","2",0.0684
"M1","haplotype-tagged","PH","CV00","6","2",-0.00625
"M1","haplotype-tagged","PPP","CV00","6","2",0.085
"M1","haplotype-tagged","YPPlnt","CV00","6","2",-0.2163
"M1","haplotype-tagged","DTF","CV1","6","2",-0.0428444444444444
"M1","haplotype-tagged","DTM","CV1","6","2",0.225177777777778
"M1","haplotype-tagged","HSW","CV1","6","2",-0.0770666666666667
"M1","haplotype-tagged","PH","CV1","6","2",0.00406666666666666
"M1","haplotype-tagged","PPP","CV1","6","2",0.0424555555555556
"M1","haplotype-tagged","YPPlnt","CV1","6","2",-0.0556
"M1","haplotype-tagged","DTF","CV2","6","2",0.574833333333333
"M1","haplotype-tagged","DTM","CV2","6","2",0.4771
"M1","haplotype-tagged","HSW","CV2","6","2",0.723755555555555
"M1","haplotype-tagged","PH","CV2","6","2",0.498366666666667
"M1","haplotype-tagged","PPP","CV2","6","2",0.229488888888889
"M1","haplotype-tagged","YPPlnt","CV2","6","2",0.299077777777778
"M1","haplotype-tagged","DTF","CV0","7","2",0.68315
"M1","haplotype-tagged","DTM","CV0","7","2",0.52305
"M1","haplotype-tagged","HSW","CV0","7","2",0.7607
"M1","haplotype-tagged","PH","CV0","7","2",0.7415
"M1","haplotype-tagged","PPP","CV0","7","2",0.2727
"M1","haplotype-tagged","YPPlnt","CV0","7","2",0.15155
"M1","haplotype-tagged","DTF","CV00","7","2",0.00435000000000001
"M1","haplotype-tagged","DTM","CV00","7","2",0.09605
"M1","haplotype-tagged","HSW","CV00","7","2",0.12515
"M1","haplotype-tagged","PH","CV00","7","2",0.08625
"M1","haplotype-tagged","PPP","CV00","7","2",0.2416
"M1","haplotype-tagged","YPPlnt","CV00","7","2",-0.053
"M1","haplotype-tagged","DTF","CV1","7","2",-0.121844444444444
"M1","haplotype-tagged","DTM","CV1","7","2",0.0659222222222222
"M1","haplotype-tagged","HSW","CV1","7","2",-0.0116666666666667
"M1","haplotype-tagged","PH","CV1","7","2",-0.191844444444444
"M1","haplotype-tagged","PPP","CV1","7","2",0.0550333333333333
"M1","haplotype-tagged","YPPlnt","CV1","7","2",-0.0223888888888889
"M1","haplotype-tagged","DTF","CV2","7","2",0.623622222222222
"M1","haplotype-tagged","DTM","CV2","7","2",0.541355555555556
"M1","haplotype-tagged","HSW","CV2","7","2",0.755844444444444
"M1","haplotype-tagged","PH","CV2","7","2",0.589266666666667
"M1","haplotype-tagged","PPP","CV2","7","2",0.0889777777777778
"M1","haplotype-tagged","YPPlnt","CV2","7","2",0.075
"M1","haplotype-tagged","DTF","CV0","8","2",0.70805
"M1","haplotype-tagged","DTM","CV0","8","2",0.5736
"M1","haplotype-tagged","HSW","CV0","8","2",0.7902
"M1","haplotype-tagged","PH","CV0","8","2",0.6193
"M1","haplotype-tagged","PPP","CV0","8","2",0.23245
"M1","haplotype-tagged","YPPlnt","CV0","8","2",0.0389
"M1","haplotype-tagged","DTF","CV00","8","2",0.0802
"M1","haplotype-tagged","DTM","CV00","8","2",-0.19915
"M1","haplotype-tagged","HSW","CV00","8","2",0.04195
"M1","haplotype-tagged","PH","CV00","8","2",-0.0227
"M1","haplotype-tagged","PPP","CV00","8","2",-0.12755
"M1","haplotype-tagged","YPPlnt","CV00","8","2",0.07305
"M1","haplotype-tagged","DTF","CV1","8","2",-0.123011111111111
"M1","haplotype-tagged","DTM","CV1","8","2",0.0821666666666667
"M1","haplotype-tagged","HSW","CV1","8","2",0.278066666666667
"M1","haplotype-tagged","PH","CV1","8","2",0.0294222222222222
"M1","haplotype-tagged","PPP","CV1","8","2",0.0307444444444444
"M1","haplotype-tagged","YPPlnt","CV1","8","2",0.042
"M1","haplotype-tagged","DTF","CV2","8","2",0.5612
"M1","haplotype-tagged","DTM","CV2","8","2",0.5245
"M1","haplotype-tagged","HSW","CV2","8","2",0.7875
"M1","haplotype-tagged","PH","CV2","8","2",0.6257
"M1","haplotype-tagged","PPP","CV2","8","2",0.191233333333333
"M1","haplotype-tagged","YPPlnt","CV2","8","2",0.102377777777778
"M1","haplotype-tagged","DTF","CV0","9","2",0.6818
"M1","haplotype-tagged","DTM","CV0","9","2",0.5243
"M1","haplotype-tagged","HSW","CV0","9","2",0.78275
"M1","haplotype-tagged","PH","CV0","9","2",0.6843
"M1","haplotype-tagged","PPP","CV0","9","2",0.1426
"M1","haplotype-tagged","YPPlnt","CV0","9","2",0.1
"M1","haplotype-tagged","DTF","CV00","9","2",-0.0195
"M1","haplotype-tagged","DTM","CV00","9","2",0.1176
"M1","haplotype-tagged","HSW","CV00","9","2",0.13425
"M1","haplotype-tagged","PH","CV00","9","2",-0.22535
"M1","haplotype-tagged","PPP","CV00","9","2",-0.1766
"M1","haplotype-tagged","YPPlnt","CV00","9","2",-0.0905
"M1","haplotype-tagged","DTF","CV1","9","2",-0.0910555555555556
"M1","haplotype-tagged","DTM","CV1","9","2",0.0407777777777778
"M1","haplotype-tagged","HSW","CV1","9","2",0.170244444444444
"M1","haplotype-tagged","PH","CV1","9","2",0.00395555555555556
"M1","haplotype-tagged","PPP","CV1","9","2",-0.0613777777777778
"M1","haplotype-tagged","YPPlnt","CV1","9","2",0.0365777777777778
"M1","haplotype-tagged","DTF","CV2","9","2",0.596133333333333
"M1","haplotype-tagged","DTM","CV2","9","2",0.461011111111111
"M1","haplotype-tagged","HSW","CV2","9","2",0.738755555555555
"M1","haplotype-tagged","PH","CV2","9","2",0.604933333333333
"M1","haplotype-tagged","PPP","CV2","9","2",0.147588888888889
"M1","haplotype-tagged","YPPlnt","CV2","9","2",0.145022222222222
"M1","haplotype-tagged","DTF","CV0","10","2",0.6238
"M1","haplotype-tagged","DTM","CV0","10","2",0.4622
"M1","haplotype-tagged","HSW","CV0","10","2",0.7865
"M1","haplotype-tagged","PH","CV0","10","2",0.28845
"M1","haplotype-tagged","PPP","CV0","10","2",0.1316
"M1","haplotype-tagged","YPPlnt","CV0","10","2",0.07965
"M1","haplotype-tagged","DTF","CV00","10","2",0.08665
"M1","haplotype-tagged","DTM","CV00","10","2",0.06675
"M1","haplotype-tagged","HSW","CV00","10","2",-0.12525
"M1","haplotype-tagged","PH","CV00","10","2",0.2102
"M1","haplotype-tagged","PPP","CV00","10","2",0.0251
"M1","haplotype-tagged","YPPlnt","CV00","10","2",0.1861
"M1","haplotype-tagged","DTF","CV1","10","2",0.00715555555555555
"M1","haplotype-tagged","DTM","CV1","10","2",-0.0408666666666667
"M1","haplotype-tagged","HSW","CV1","10","2",-0.108055555555556
"M1","haplotype-tagged","PH","CV1","10","2",-0.00343333333333334
"M1","haplotype-tagged","PPP","CV1","10","2",-0.136011111111111
"M1","haplotype-tagged","YPPlnt","CV1","10","2",-0.0157777777777778
"M1","haplotype-tagged","DTF","CV2","10","2",0.644122222222222
"M1","haplotype-tagged","DTM","CV2","10","2",0.514255555555556
"M1","haplotype-tagged","HSW","CV2","10","2",0.766755555555556
"M1","haplotype-tagged","PH","CV2","10","2",0.589622222222222
"M1","haplotype-tagged","PPP","CV2","10","2",0.130711111111111
"M1","haplotype-tagged","YPPlnt","CV2","10","2",0.0971666666666667
"M1","haplotype-tagged","DTF","CV0","1","3",0.64695
"M1","haplotype-tagged","DTM","CV0","1","3",0.53375
"M1","haplotype-tagged","HSW","CV0","1","3",0.7753
"M1","haplotype-tagged","PH","CV0","1","3",0.6524
"M1","haplotype-tagged","PPP","CV0","1","3",0.1027
"M1","haplotype-tagged","YPPlnt","CV0","1","3",0.17965
"M1","haplotype-tagged","DTF","CV00","1","3",0.1555
"M1","haplotype-tagged","DTM","CV00","1","3",0.04035
"M1","haplotype-tagged","HSW","CV00","1","3",-0.35835
"M1","haplotype-tagged","PH","CV00","1","3",0.0281
"M1","haplotype-tagged","PPP","CV00","1","3",0.0559
"M1","haplotype-tagged","YPPlnt","CV00","1","3",0.0382
"M1","haplotype-tagged","DTF","CV1","1","3",0.0218888888888889
"M1","haplotype-tagged","DTM","CV1","1","3",0.105588888888889
"M1","haplotype-tagged","HSW","CV1","1","3",-0.0172
"M1","haplotype-tagged","PH","CV1","1","3",-0.104211111111111
"M1","haplotype-tagged","PPP","CV1","1","3",0.0729666666666667
"M1","haplotype-tagged","YPPlnt","CV1","1","3",-0.140844444444444
"M1","haplotype-tagged","DTF","CV2","1","3",0.585288888888889
"M1","haplotype-tagged","DTM","CV2","1","3",0.511466666666667
"M1","haplotype-tagged","HSW","CV2","1","3",0.706488888888889
"M1","haplotype-tagged","PH","CV2","1","3",0.509877777777778
"M1","haplotype-tagged","PPP","CV2","1","3",0.118377777777778
"M1","haplotype-tagged","YPPlnt","CV2","1","3",0.197011111111111
"M1","haplotype-tagged","DTF","CV0","2","3",0.5516
"M1","haplotype-tagged","DTM","CV0","2","3",0.38005
"M1","haplotype-tagged","HSW","CV0","2","3",0.6727
"M1","haplotype-tagged","PH","CV0","2","3",0.60235
"M1","haplotype-tagged","PPP","CV0","2","3",0.25195
"M1","haplotype-tagged","YPPlnt","CV0","2","3",0.06495
"M1","haplotype-tagged","DTF","CV00","2","3",-0.00835
"M1","haplotype-tagged","DTM","CV00","2","3",0.08695
"M1","haplotype-tagged","HSW","CV00","2","3",0.20115
"M1","haplotype-tagged","PH","CV00","2","3",0.0159
"M1","haplotype-tagged","PPP","CV00","2","3",-0.01325
"M1","haplotype-tagged","YPPlnt","CV00","2","3",0.1187
"M1","haplotype-tagged","DTF","CV1","2","3",-0.1354
"M1","haplotype-tagged","DTM","CV1","2","3",0.0164222222222222
"M1","haplotype-tagged","HSW","CV1","2","3",-0.130544444444444
"M1","haplotype-tagged","PH","CV1","2","3",-0.0898111111111111
"M1","haplotype-tagged","PPP","CV1","2","3",0.103677777777778
"M1","haplotype-tagged","YPPlnt","CV1","2","3",-0.0305222222222222
"M1","haplotype-tagged","DTF","CV2","2","3",0.6562
"M1","haplotype-tagged","DTM","CV2","2","3",0.524
"M1","haplotype-tagged","HSW","CV2","2","3",0.7441
"M1","haplotype-tagged","PH","CV2","2","3",0.563
"M1","haplotype-tagged","PPP","CV2","2","3",0.0988888888888889
"M1","haplotype-tagged","YPPlnt","CV2","2","3",0.174444444444444
"M1","haplotype-tagged","DTF","CV0","3","3",0.6798
"M1","haplotype-tagged","DTM","CV0","3","3",0.49285
"M1","haplotype-tagged","HSW","CV0","3","3",0.79995
"M1","haplotype-tagged","PH","CV0","3","3",0.63755
"M1","haplotype-tagged","PPP","CV0","3","3",0.2045
"M1","haplotype-tagged","YPPlnt","CV0","3","3",0.1551
"M1","haplotype-tagged","DTF","CV00","3","3",0.0854
"M1","haplotype-tagged","DTM","CV00","3","3",0.05505
"M1","haplotype-tagged","HSW","CV00","3","3",0.1001
"M1","haplotype-tagged","PH","CV00","3","3",0.11275
"M1","haplotype-tagged","PPP","CV00","3","3",0.1666
"M1","haplotype-tagged","YPPlnt","CV00","3","3",0.305
"M1","haplotype-tagged","DTF","CV1","3","3",0.0647
"M1","haplotype-tagged","DTM","CV1","3","3",0.0476
"M1","haplotype-tagged","HSW","CV1","3","3",0.172533333333333
"M1","haplotype-tagged","PH","CV1","3","3",-0.124611111111111
"M1","haplotype-tagged","PPP","CV1","3","3",0.0673444444444445
"M1","haplotype-tagged","YPPlnt","CV1","3","3",-0.0792
"M1","haplotype-tagged","DTF","CV2","3","3",0.590566666666667
"M1","haplotype-tagged","DTM","CV2","3","3",0.458622222222222
"M1","haplotype-tagged","HSW","CV2","3","3",0.774055555555556
"M1","haplotype-tagged","PH","CV2","3","3",0.575922222222222
"M1","haplotype-tagged","PPP","CV2","3","3",0.203455555555556
"M1","haplotype-tagged","YPPlnt","CV2","3","3",0.0544666666666667
"M1","haplotype-tagged","DTF","CV0","4","3",0.6794
"M1","haplotype-tagged","DTM","CV0","4","3",0.4957
"M1","haplotype-tagged","HSW","CV0","4","3",0.7994
"M1","haplotype-tagged","PH","CV0","4","3",0.6395
"M1","haplotype-tagged","PPP","CV0","4","3",0.20705
"M1","haplotype-tagged","YPPlnt","CV0","4","3",0.1624
"M1","haplotype-tagged","DTF","CV00","4","3",0.01785
"M1","haplotype-tagged","DTM","CV00","4","3",0.14445
"M1","haplotype-tagged","HSW","CV00","4","3",0.01135
"M1","haplotype-tagged","PH","CV00","4","3",0.0535
"M1","haplotype-tagged","PPP","CV00","4","3",0.01855
"M1","haplotype-tagged","YPPlnt","CV00","4","3",-0.00225
"M1","haplotype-tagged","DTF","CV1","4","3",0.197633333333333
"M1","haplotype-tagged","DTM","CV1","4","3",-0.177333333333333
"M1","haplotype-tagged","HSW","CV1","4","3",0.101533333333333
"M1","haplotype-tagged","PH","CV1","4","3",0.0454
"M1","haplotype-tagged","PPP","CV1","4","3",-0.109022222222222
"M1","haplotype-tagged","YPPlnt","CV1","4","3",0.0167666666666667
"M1","haplotype-tagged","DTF","CV2","4","3",0.559055555555556
"M1","haplotype-tagged","DTM","CV2","4","3",0.512577777777778
"M1","haplotype-tagged","HSW","CV2","4","3",0.708588888888889
"M1","haplotype-tagged","PH","CV2","4","3",0.5551
"M1","haplotype-tagged","PPP","CV2","4","3",0.0459333333333333
"M1","haplotype-tagged","YPPlnt","CV2","4","3",0.146633333333333
"M1","haplotype-tagged","DTF","CV0","5","3",0.55155
"M1","haplotype-tagged","DTM","CV0","5","3",0.3782
"M1","haplotype-tagged","HSW","CV0","5","3",0.6712
"M1","haplotype-tagged","PH","CV0","5","3",0.60215
"M1","haplotype-tagged","PPP","CV0","5","3",0.25415
"M1","haplotype-tagged","YPPlnt","CV0","5","3",0.06615
"M1","haplotype-tagged","DTF","CV00","5","3",0.07305
"M1","haplotype-tagged","DTM","CV00","5","3",-0.11505
"M1","haplotype-tagged","HSW","CV00","5","3",0.21425
"M1","haplotype-tagged","PH","CV00","5","3",-0.076
"M1","haplotype-tagged","PPP","CV00","5","3",-0.0703
"M1","haplotype-tagged","YPPlnt","CV00","5","3",0.041
"M1","haplotype-tagged","DTF","CV1","5","3",0.0282555555555556
"M1","haplotype-tagged","DTM","CV1","5","3",-0.0171777777777778
"M1","haplotype-tagged","HSW","CV1","5","3",0.0921888888888889
"M1","haplotype-tagged","PH","CV1","5","3",-0.125844444444444
"M1","haplotype-tagged","PPP","CV1","5","3",-0.0280555555555556
"M1","haplotype-tagged","YPPlnt","CV1","5","3",0.00643333333333333
"M1","haplotype-tagged","DTF","CV2","5","3",0.648622222222222
"M1","haplotype-tagged","DTM","CV2","5","3",0.47
"M1","haplotype-tagged","HSW","CV2","5","3",0.732977777777778
"M1","haplotype-tagged","PH","CV2","5","3",0.566744444444444
"M1","haplotype-tagged","PPP","CV2","5","3",0.104477777777778
"M1","haplotype-tagged","YPPlnt","CV2","5","3",0.146277777777778
"M1","haplotype-tagged","DTF","CV0","6","3",0.6036
"M1","haplotype-tagged","DTM","CV0","6","3",0.47125
"M1","haplotype-tagged","HSW","CV0","6","3",0.74
"M1","haplotype-tagged","PH","CV0","6","3",0.5712
"M1","haplotype-tagged","PPP","CV0","6","3",0.05635
"M1","haplotype-tagged","YPPlnt","CV0","6","3",0.165
"M1","haplotype-tagged","DTF","CV00","6","3",-0.0201
"M1","haplotype-tagged","DTM","CV00","6","3",-0.27365
"M1","haplotype-tagged","HSW","CV00","6","3",-0.30485
"M1","haplotype-tagged","PH","CV00","6","3",-0.14905
"M1","haplotype-tagged","PPP","CV00","6","3",0.05785
"M1","haplotype-tagged","YPPlnt","CV00","6","3",-0.13995
"M1","haplotype-tagged","DTF","CV1","6","3",-0.0422666666666667
"M1","haplotype-tagged","DTM","CV1","6","3",0.0126777777777778
"M1","haplotype-tagged","HSW","CV1","6","3",0.0550777777777778
"M1","haplotype-tagged","PH","CV1","6","3",-0.103777777777778
"M1","haplotype-tagged","PPP","CV1","6","3",0.0608777777777778
"M1","haplotype-tagged","YPPlnt","CV1","6","3",-0.00762222222222222
"M1","haplotype-tagged","DTF","CV2","6","3",0.599177777777778
"M1","haplotype-tagged","DTM","CV2","6","3",0.447955555555556
"M1","haplotype-tagged","HSW","CV2","6","3",0.747188888888889
"M1","haplotype-tagged","PH","CV2","6","3",0.634633333333333
"M1","haplotype-tagged","PPP","CV2","6","3",0.0618555555555556
"M1","haplotype-tagged","YPPlnt","CV2","6","3",0.113355555555556
"M1","haplotype-tagged","DTF","CV0","7","3",0.4952
"M1","haplotype-tagged","DTM","CV0","7","3",0.3868
"M1","haplotype-tagged","HSW","CV0","7","3",0.69885
"M1","haplotype-tagged","PH","CV0","7","3",0.612
"M1","haplotype-tagged","PPP","CV0","7","3",0.12395
"M1","haplotype-tagged","YPPlnt","CV0","7","3",0.14225
"M1","haplotype-tagged","DTF","CV00","7","3",-0.2465
"M1","haplotype-tagged","DTM","CV00","7","3",0.03295
"M1","haplotype-tagged","HSW","CV00","7","3",0.2675
"M1","haplotype-tagged","PH","CV00","7","3",-0.16295
"M1","haplotype-tagged","PPP","CV00","7","3",-0.0568
"M1","haplotype-tagged","YPPlnt","CV00","7","3",0.10825
"M1","haplotype-tagged","DTF","CV1","7","3",0.0607888888888889
"M1","haplotype-tagged","DTM","CV1","7","3",-0.0416666666666667
"M1","haplotype-tagged","HSW","CV1","7","3",-0.0833888888888889
"M1","haplotype-tagged","PH","CV1","7","3",0.0127222222222222
"M1","haplotype-tagged","PPP","CV1","7","3",0.0142111111111111
"M1","haplotype-tagged","YPPlnt","CV1","7","3",-0.0642777777777778
"M1","haplotype-tagged","DTF","CV2","7","3",0.523277777777778
"M1","haplotype-tagged","DTM","CV2","7","3",0.343722222222222
"M1","haplotype-tagged","HSW","CV2","7","3",0.740922222222222
"M1","haplotype-tagged","PH","CV2","7","3",0.548066666666667
"M1","haplotype-tagged","PPP","CV2","7","3",0.108977777777778
"M1","haplotype-tagged","YPPlnt","CV2","7","3",0.112088888888889
"M1","haplotype-tagged","DTF","CV0","8","3",0.72705
"M1","haplotype-tagged","DTM","CV0","8","3",0.62215
"M1","haplotype-tagged","HSW","CV0","8","3",0.75595
"M1","haplotype-tagged","PH","CV0","8","3",0.70165
"M1","haplotype-tagged","PPP","CV0","8","3",0.2075
"M1","haplotype-tagged","YPPlnt","CV0","8","3",0.11405
"M1","haplotype-tagged","DTF","CV00","8","3",0.0024
"M1","haplotype-tagged","DTM","CV00","8","3",-0.0396
"M1","haplotype-tagged","HSW","CV00","8","3",0.1024
"M1","haplotype-tagged","PH","CV00","8","3",0.07725
"M1","haplotype-tagged","PPP","CV00","8","3",0.0296
"M1","haplotype-tagged","YPPlnt","CV00","8","3",-0.13365
"M1","haplotype-tagged","DTF","CV1","8","3",0.103922222222222
"M1","haplotype-tagged","DTM","CV1","8","3",-0.0977666666666667
"M1","haplotype-tagged","HSW","CV1","8","3",0.00812222222222223
"M1","haplotype-tagged","PH","CV1","8","3",-0.173733333333333
"M1","haplotype-tagged","PPP","CV1","8","3",0.0921222222222222
"M1","haplotype-tagged","YPPlnt","CV1","8","3",0.0429666666666667
"M1","haplotype-tagged","DTF","CV2","8","3",0.570411111111111
"M1","haplotype-tagged","DTM","CV2","8","3",0.449211111111111
"M1","haplotype-tagged","HSW","CV2","8","3",0.732755555555555
"M1","haplotype-tagged","PH","CV2","8","3",0.557922222222222
"M1","haplotype-tagged","PPP","CV2","8","3",0.134844444444444
"M1","haplotype-tagged","YPPlnt","CV2","8","3",0.0840777777777778
"M1","haplotype-tagged","DTF","CV0","9","3",0.6228
"M1","haplotype-tagged","DTM","CV0","9","3",0.46175
"M1","haplotype-tagged","HSW","CV0","9","3",0.7863
"M1","haplotype-tagged","PH","CV0","9","3",0.2867
"M1","haplotype-tagged","PPP","CV0","9","3",0.1307
"M1","haplotype-tagged","YPPlnt","CV0","9","3",0.0807
"M1","haplotype-tagged","DTF","CV00","9","3",0.1317
"M1","haplotype-tagged","DTM","CV00","9","3",0.3171
"M1","haplotype-tagged","HSW","CV00","9","3",-0.08235
"M1","haplotype-tagged","PH","CV00","9","3",-0.15355
"M1","haplotype-tagged","PPP","CV00","9","3",-0.06165
"M1","haplotype-tagged","YPPlnt","CV00","9","3",-0.1421
"M1","haplotype-tagged","DTF","CV1","9","3",-0.0317555555555556
"M1","haplotype-tagged","DTM","CV1","9","3",-0.00242222222222222
"M1","haplotype-tagged","HSW","CV1","9","3",0.131533333333333
"M1","haplotype-tagged","PH","CV1","9","3",-0.0416444444444444
"M1","haplotype-tagged","PPP","CV1","9","3",0.0524666666666667
"M1","haplotype-tagged","YPPlnt","CV1","9","3",0.168255555555556
"M1","haplotype-tagged","DTF","CV2","9","3",0.607122222222222
"M1","haplotype-tagged","DTM","CV2","9","3",0.4789
"M1","haplotype-tagged","HSW","CV2","9","3",0.754511111111111
"M1","haplotype-tagged","PH","CV2","9","3",0.532266666666667
"M1","haplotype-tagged","PPP","CV2","9","3",0.152011111111111
"M1","haplotype-tagged","YPPlnt","CV2","9","3",0.0726111111111111
"M1","haplotype-tagged","DTF","CV0","10","3",0.43405
"M1","haplotype-tagged","DTM","CV0","10","3",0.33825
"M1","haplotype-tagged","HSW","CV0","10","3",0.613
"M1","haplotype-tagged","PH","CV0","10","3",0.53775
"M1","haplotype-tagged","PPP","CV0","10","3",0.0768
"M1","haplotype-tagged","YPPlnt","CV0","10","3",0.0783
"M1","haplotype-tagged","DTF","CV00","10","3",0.1238
"M1","haplotype-tagged","DTM","CV00","10","3",-0.0101
"M1","haplotype-tagged","HSW","CV00","10","3",0.02315
"M1","haplotype-tagged","PH","CV00","10","3",0.2581
"M1","haplotype-tagged","PPP","CV00","10","3",0.16685
"M1","haplotype-tagged","YPPlnt","CV00","10","3",0.1905
"M1","haplotype-tagged","DTF","CV1","10","3",-0.0191444444444445
"M1","haplotype-tagged","DTM","CV1","10","3",0.210588888888889
"M1","haplotype-tagged","HSW","CV1","10","3",0.0981222222222222
"M1","haplotype-tagged","PH","CV1","10","3",0.203166666666667
"M1","haplotype-tagged","PPP","CV1","10","3",0.0188444444444445
"M1","haplotype-tagged","YPPlnt","CV1","10","3",0.0402333333333333
"M1","haplotype-tagged","DTF","CV2","10","3",0.544377777777778
"M1","haplotype-tagged","DTM","CV2","10","3",0.471577777777778
"M1","haplotype-tagged","HSW","CV2","10","3",0.7859
"M1","haplotype-tagged","PH","CV2","10","3",0.547044444444444
"M1","haplotype-tagged","PPP","CV2","10","3",0.194844444444444
"M1","haplotype-tagged","YPPlnt","CV2","10","3",0.125244444444444
"M1","haplotype-tagged","DTF","CV0","1","4",0.7641
"M1","haplotype-tagged","DTM","CV0","1","4",0.66105
"M1","haplotype-tagged","HSW","CV0","1","4",0.79915
"M1","haplotype-tagged","PH","CV0","1","4",0.75155
"M1","haplotype-tagged","PPP","CV0","1","4",0.27205
"M1","haplotype-tagged","YPPlnt","CV0","1","4",0.04725
"M1","haplotype-tagged","DTF","CV00","1","4",-0.2031
"M1","haplotype-tagged","DTM","CV00","1","4",-0.17085
"M1","haplotype-tagged","HSW","CV00","1","4",-0.09095
"M1","haplotype-tagged","PH","CV00","1","4",-0.1053
"M1","haplotype-tagged","PPP","CV00","1","4",-0.26
"M1","haplotype-tagged","YPPlnt","CV00","1","4",-0.04465
"M1","haplotype-tagged","DTF","CV1","1","4",-0.150188888888889
"M1","haplotype-tagged","DTM","CV1","1","4",0.0441222222222222
"M1","haplotype-tagged","HSW","CV1","1","4",0.133522222222222
"M1","haplotype-tagged","PH","CV1","1","4",0.0703111111111111
"M1","haplotype-tagged","PPP","CV1","1","4",0.0399555555555556
"M1","haplotype-tagged","YPPlnt","CV1","1","4",0.0186111111111111
"M1","haplotype-tagged","DTF","CV2","1","4",0.616866666666667
"M1","haplotype-tagged","DTM","CV2","1","4",0.4974
"M1","haplotype-tagged","HSW","CV2","1","4",0.775477777777778
"M1","haplotype-tagged","PH","CV2","1","4",0.547722222222222
"M1","haplotype-tagged","PPP","CV2","1","4",0.194155555555556
"M1","haplotype-tagged","YPPlnt","CV2","1","4",0.100666666666667
"M1","haplotype-tagged","DTF","CV0","2","4",0.5942
"M1","haplotype-tagged","DTM","CV0","2","4",0.53975
"M1","haplotype-tagged","HSW","CV0","2","4",0.71225
"M1","haplotype-tagged","PH","CV0","2","4",0.64525
"M1","haplotype-tagged","PPP","CV0","2","4",0.2102
"M1","haplotype-tagged","YPPlnt","CV0","2","4",0.0693
"M1","haplotype-tagged","DTF","CV00","2","4",-0.1615
"M1","haplotype-tagged","DTM","CV00","2","4",-0.0014
"M1","haplotype-tagged","HSW","CV00","2","4",-0.0841
"M1","haplotype-tagged","PH","CV00","2","4",-0.1221
"M1","haplotype-tagged","PPP","CV00","2","4",-0.2097
"M1","haplotype-tagged","YPPlnt","CV00","2","4",-0.1378
"M1","haplotype-tagged","DTF","CV1","2","4",0.135977777777778
"M1","haplotype-tagged","DTM","CV1","2","4",-0.0407222222222222
"M1","haplotype-tagged","HSW","CV1","2","4",0.0791111111111111
"M1","haplotype-tagged","PH","CV1","2","4",-0.170255555555556
"M1","haplotype-tagged","PPP","CV1","2","4",0.0587555555555556
"M1","haplotype-tagged","YPPlnt","CV1","2","4",-0.0697555555555556
"M1","haplotype-tagged","DTF","CV2","2","4",0.560766666666667
"M1","haplotype-tagged","DTM","CV2","2","4",0.512277777777778
"M1","haplotype-tagged","HSW","CV2","2","4",0.727766666666667
"M1","haplotype-tagged","PH","CV2","2","4",0.520333333333333
"M1","haplotype-tagged","PPP","CV2","2","4",0.0309777777777778
"M1","haplotype-tagged","YPPlnt","CV2","2","4",0.0430777777777778
"M1","haplotype-tagged","DTF","CV0","3","4",0.5117
"M1","haplotype-tagged","DTM","CV0","3","4",0.45815
"M1","haplotype-tagged","HSW","CV0","3","4",0.7445
"M1","haplotype-tagged","PH","CV0","3","4",0.3517
"M1","haplotype-tagged","PPP","CV0","3","4",0.05855
"M1","haplotype-tagged","YPPlnt","CV0","3","4",0.176
"M1","haplotype-tagged","DTF","CV00","3","4",0.20025
"M1","haplotype-tagged","DTM","CV00","3","4",0.05805
"M1","haplotype-tagged","HSW","CV00","3","4",0.13815
"M1","haplotype-tagged","PH","CV00","3","4",0.12915
"M1","haplotype-tagged","PPP","CV00","3","4",-0.1424
"M1","haplotype-tagged","YPPlnt","CV00","3","4",0.0044
"M1","haplotype-tagged","DTF","CV1","3","4",0.0284777777777778
"M1","haplotype-tagged","DTM","CV1","3","4",0.0147666666666667
"M1","haplotype-tagged","HSW","CV1","3","4",0.0714888888888889
"M1","haplotype-tagged","PH","CV1","3","4",-0.0546111111111111
"M1","haplotype-tagged","PPP","CV1","3","4",0.0238444444444444
"M1","haplotype-tagged","YPPlnt","CV1","3","4",0.0405222222222222
"M1","haplotype-tagged","DTF","CV2","3","4",0.615088888888889
"M1","haplotype-tagged","DTM","CV2","3","4",0.436166666666667
"M1","haplotype-tagged","HSW","CV2","3","4",0.740855555555556
"M1","haplotype-tagged","PH","CV2","3","4",0.546322222222222
"M1","haplotype-tagged","PPP","CV2","3","4",0.149566666666667
"M1","haplotype-tagged","YPPlnt","CV2","3","4",0.200444444444444
"M1","haplotype-tagged","DTF","CV0","4","4",0.62435
"M1","haplotype-tagged","DTM","CV0","4","4",0.4627
"M1","haplotype-tagged","HSW","CV0","4","4",0.7855
"M1","haplotype-tagged","PH","CV0","4","4",0.2871
"M1","haplotype-tagged","PPP","CV0","4","4",0.13305
"M1","haplotype-tagged","YPPlnt","CV0","4","4",0.0803
"M1","haplotype-tagged","DTF","CV00","4","4",0.0856
"M1","haplotype-tagged","DTM","CV00","4","4",0.1678
"M1","haplotype-tagged","HSW","CV00","4","4",-0.19785
"M1","haplotype-tagged","PH","CV00","4","4",0.0186
"M1","haplotype-tagged","PPP","CV00","4","4",-0.0172
"M1","haplotype-tagged","YPPlnt","CV00","4","4",0.13725
"M1","haplotype-tagged","DTF","CV1","4","4",0.175933333333333
"M1","haplotype-tagged","DTM","CV1","4","4",-0.0909555555555556
"M1","haplotype-tagged","HSW","CV1","4","4",-0.164388888888889
"M1","haplotype-tagged","PH","CV1","4","4",0.0121222222222222
"M1","haplotype-tagged","PPP","CV1","4","4",0.0678444444444444
"M1","haplotype-tagged","YPPlnt","CV1","4","4",-0.0656
"M1","haplotype-tagged","DTF","CV2","4","4",0.623933333333333
"M1","haplotype-tagged","DTM","CV2","4","4",0.453155555555556
"M1","haplotype-tagged","HSW","CV2","4","4",0.746033333333333
"M1","haplotype-tagged","PH","CV2","4","4",0.452377777777778
"M1","haplotype-tagged","PPP","CV2","4","4",0.125055555555556
"M1","haplotype-tagged","YPPlnt","CV2","4","4",0.0623222222222222
"M1","haplotype-tagged","DTF","CV0","5","4",0.6085
"M1","haplotype-tagged","DTM","CV0","5","4",0.5543
"M1","haplotype-tagged","HSW","CV0","5","4",0.74815
"M1","haplotype-tagged","PH","CV0","5","4",0.67315
"M1","haplotype-tagged","PPP","CV0","5","4",0.2175
"M1","haplotype-tagged","YPPlnt","CV0","5","4",0.1386
"M1","haplotype-tagged","DTF","CV00","5","4",0.0378
"M1","haplotype-tagged","DTM","CV00","5","4",-0.144
"M1","haplotype-tagged","HSW","CV00","5","4",-0.2464
"M1","haplotype-tagged","PH","CV00","5","4",0.02425
"M1","haplotype-tagged","PPP","CV00","5","4",0.20045
"M1","haplotype-tagged","YPPlnt","CV00","5","4",0.2128
"M1","haplotype-tagged","DTF","CV1","5","4",-0.0420888888888889
"M1","haplotype-tagged","DTM","CV1","5","4",0.0674111111111111
"M1","haplotype-tagged","HSW","CV1","5","4",0.139222222222222
"M1","haplotype-tagged","PH","CV1","5","4",-0.2858
"M1","haplotype-tagged","PPP","CV1","5","4",0.101977777777778
"M1","haplotype-tagged","YPPlnt","CV1","5","4",0.0674777777777778
"M1","haplotype-tagged","DTF","CV2","5","4",0.477688888888889
"M1","haplotype-tagged","DTM","CV2","5","4",0.445011111111111
"M1","haplotype-tagged","HSW","CV2","5","4",0.791433333333333
"M1","haplotype-tagged","PH","CV2","5","4",0.523788888888889
"M1","haplotype-tagged","PPP","CV2","5","4",0.201055555555556
"M1","haplotype-tagged","YPPlnt","CV2","5","4",0.100511111111111
"M1","haplotype-tagged","DTF","CV0","6","4",0.73455
"M1","haplotype-tagged","DTM","CV0","6","4",0.56275
"M1","haplotype-tagged","HSW","CV0","6","4",0.83185
"M1","haplotype-tagged","PH","CV0","6","4",0.7287
"M1","haplotype-tagged","PPP","CV0","6","4",0.2726
"M1","haplotype-tagged","YPPlnt","CV0","6","4",0.1334
"M1","haplotype-tagged","DTF","CV00","6","4",-0.1183
"M1","haplotype-tagged","DTM","CV00","6","4",0.0175
"M1","haplotype-tagged","HSW","CV00","6","4",-0.2247
"M1","haplotype-tagged","PH","CV00","6","4",0.01325
"M1","haplotype-tagged","PPP","CV00","6","4",0.0153
"M1","haplotype-tagged","YPPlnt","CV00","6","4",-0.0214
"M1","haplotype-tagged","DTF","CV1","6","4",0.0524444444444444
"M1","haplotype-tagged","DTM","CV1","6","4",0.0924555555555556
"M1","haplotype-tagged","HSW","CV1","6","4",0.0677555555555556
"M1","haplotype-tagged","PH","CV1","6","4",-0.0748222222222222
"M1","haplotype-tagged","PPP","CV1","6","4",0.0512888888888889
"M1","haplotype-tagged","YPPlnt","CV1","6","4",0.0186888888888889
"M1","haplotype-tagged","DTF","CV2","6","4",0.594733333333333
"M1","haplotype-tagged","DTM","CV2","6","4",0.456266666666667
"M1","haplotype-tagged","HSW","CV2","6","4",0.773766666666667
"M1","haplotype-tagged","PH","CV2","6","4",0.596222222222222
"M1","haplotype-tagged","PPP","CV2","6","4",0.155544444444444
"M1","haplotype-tagged","YPPlnt","CV2","6","4",0.0321777777777778
"M1","haplotype-tagged","DTF","CV0","7","4",0.623
"M1","haplotype-tagged","DTM","CV0","7","4",0.46435
"M1","haplotype-tagged","HSW","CV0","7","4",0.7861
"M1","haplotype-tagged","PH","CV0","7","4",0.2902
"M1","haplotype-tagged","PPP","CV0","7","4",0.13995
"M1","haplotype-tagged","YPPlnt","CV0","7","4",0.078
"M1","haplotype-tagged","DTF","CV00","7","4",-0.0849
"M1","haplotype-tagged","DTM","CV00","7","4",-0.02945
"M1","haplotype-tagged","HSW","CV00","7","4",0.2154
"M1","haplotype-tagged","PH","CV00","7","4",-0.1643
"M1","haplotype-tagged","PPP","CV00","7","4",0.07565
"M1","haplotype-tagged","YPPlnt","CV00","7","4",-0.22385
"M1","haplotype-tagged","DTF","CV1","7","4",0.147477777777778
"M1","haplotype-tagged","DTM","CV1","7","4",-0.0300555555555556
"M1","haplotype-tagged","HSW","CV1","7","4",-0.00814444444444443
"M1","haplotype-tagged","PH","CV1","7","4",0.0864555555555556
"M1","haplotype-tagged","PPP","CV1","7","4",0.0613555555555556
"M1","haplotype-tagged","YPPlnt","CV1","7","4",-0.0082
"M1","haplotype-tagged","DTF","CV2","7","4",0.555844444444444
"M1","haplotype-tagged","DTM","CV2","7","4",0.489644444444444
"M1","haplotype-tagged","HSW","CV2","7","4",0.656911111111111
"M1","haplotype-tagged","PH","CV2","7","4",0.462644444444444
"M1","haplotype-tagged","PPP","CV2","7","4",0.1814
"M1","haplotype-tagged","YPPlnt","CV2","7","4",0.105744444444444
"M1","haplotype-tagged","DTF","CV0","8","4",0.5176
"M1","haplotype-tagged","DTM","CV0","8","4",0.33735
"M1","haplotype-tagged","HSW","CV0","8","4",0.6786
"M1","haplotype-tagged","PH","CV0","8","4",0.59535
"M1","haplotype-tagged","PPP","CV0","8","4",0.10395
"M1","haplotype-tagged","YPPlnt","CV0","8","4",0.15905
"M1","haplotype-tagged","DTF","CV00","8","4",-0.13585
"M1","haplotype-tagged","DTM","CV00","8","4",-0.08345
"M1","haplotype-tagged","HSW","CV00","8","4",-0.14105
"M1","haplotype-tagged","PH","CV00","8","4",-0.08185
"M1","haplotype-tagged","PPP","CV00","8","4",0.14075
"M1","haplotype-tagged","YPPlnt","CV00","8","4",-0.0108
"M1","haplotype-tagged","DTF","CV1","8","4",0.108633333333333
"M1","haplotype-tagged","DTM","CV1","8","4",0.115666666666667
"M1","haplotype-tagged","HSW","CV1","8","4",-0.0353888888888889
"M1","haplotype-tagged","PH","CV1","8","4",-0.0502777777777778
"M1","haplotype-tagged","PPP","CV1","8","4",0.115733333333333
"M1","haplotype-tagged","YPPlnt","CV1","8","4",-0.043
"M1","haplotype-tagged","DTF","CV2","8","4",0.619622222222222
"M1","haplotype-tagged","DTM","CV2","8","4",0.493466666666667
"M1","haplotype-tagged","HSW","CV2","8","4",0.752011111111111
"M1","haplotype-tagged","PH","CV2","8","4",0.5273
"M1","haplotype-tagged","PPP","CV2","8","4",0.118388888888889
"M1","haplotype-tagged","YPPlnt","CV2","8","4",0.0991888888888889
"M1","haplotype-tagged","DTF","CV0","9","4",0.4353
"M1","haplotype-tagged","DTM","CV0","9","4",0.3743
"M1","haplotype-tagged","HSW","CV0","9","4",0.5933
"M1","haplotype-tagged","PH","CV0","9","4",0.6395
"M1","haplotype-tagged","PPP","CV0","9","4",0.12015
"M1","haplotype-tagged","YPPlnt","CV0","9","4",0.16395
"M1","haplotype-tagged","DTF","CV00","9","4",-0.000800000000000023
"M1","haplotype-tagged","DTM","CV00","9","4",-0.27605
"M1","haplotype-tagged","HSW","CV00","9","4",-0.1363
"M1","haplotype-tagged","PH","CV00","9","4",-0.3086
"M1","haplotype-tagged","PPP","CV00","9","4",0.01675
"M1","haplotype-tagged","YPPlnt","CV00","9","4",-0.18225
"M1","haplotype-tagged","DTF","CV1","9","4",0.1449
"M1","haplotype-tagged","DTM","CV1","9","4",-0.0378666666666667
"M1","haplotype-tagged","HSW","CV1","9","4",0.243666666666667
"M1","haplotype-tagged","PH","CV1","9","4",-0.104911111111111
"M1","haplotype-tagged","PPP","CV1","9","4",0.0132111111111111
"M1","haplotype-tagged","YPPlnt","CV1","9","4",-0.0356333333333333
"M1","haplotype-tagged","DTF","CV2","9","4",0.616333333333333
"M1","haplotype-tagged","DTM","CV2","9","4",0.428522222222222
"M1","haplotype-tagged","HSW","CV2","9","4",0.735144444444444
"M1","haplotype-tagged","PH","CV2","9","4",0.561211111111111
"M1","haplotype-tagged","PPP","CV2","9","4",0.151055555555556
"M1","haplotype-tagged","YPPlnt","CV2","9","4",0.131177777777778
"M1","haplotype-tagged","DTF","CV0","10","4",0.64675
"M1","haplotype-tagged","DTM","CV0","10","4",0.53315
"M1","haplotype-tagged","HSW","CV0","10","4",0.77585
"M1","haplotype-tagged","PH","CV0","10","4",0.65475
"M1","haplotype-tagged","PPP","CV0","10","4",0.10235
"M1","haplotype-tagged","YPPlnt","CV0","10","4",0.17595
"M1","haplotype-tagged","DTF","CV00","10","4",0.05345
"M1","haplotype-tagged","DTM","CV00","10","4",-0.18595
"M1","haplotype-tagged","HSW","CV00","10","4",-0.037
"M1","haplotype-tagged","PH","CV00","10","4",0.0598
"M1","haplotype-tagged","PPP","CV00","10","4",-0.0627
"M1","haplotype-tagged","YPPlnt","CV00","10","4",-0.11075
"M1","haplotype-tagged","DTF","CV1","10","4",0.175822222222222
"M1","haplotype-tagged","DTM","CV1","10","4",-0.0963777777777778
"M1","haplotype-tagged","HSW","CV1","10","4",0.0909444444444444
"M1","haplotype-tagged","PH","CV1","10","4",-0.166644444444444
"M1","haplotype-tagged","PPP","CV1","10","4",0.0298222222222222
"M1","haplotype-tagged","YPPlnt","CV1","10","4",0.0141333333333333
"M1","haplotype-tagged","DTF","CV2","10","4",0.5601
"M1","haplotype-tagged","DTM","CV2","10","4",0.4683
"M1","haplotype-tagged","HSW","CV2","10","4",0.706511111111111
"M1","haplotype-tagged","PH","CV2","10","4",0.587366666666667
"M1","haplotype-tagged","PPP","CV2","10","4",0.1553
"M1","haplotype-tagged","YPPlnt","CV2","10","4",0.0516666666666667
"M1","haplotype-tagged","DTF","CV0","1","5",0.3761
"M1","haplotype-tagged","DTM","CV0","1","5",0.3941
"M1","haplotype-tagged","HSW","CV0","1","5",0.6023
"M1","haplotype-tagged","PH","CV0","1","5",0.5726
"M1","haplotype-tagged","PPP","CV0","1","5",0.0922
"M1","haplotype-tagged","YPPlnt","CV0","1","5",0.1375
"M1","haplotype-tagged","DTF","CV00","1","5",-0.2235
"M1","haplotype-tagged","DTM","CV00","1","5",0.0028
"M1","haplotype-tagged","HSW","CV00","1","5",0.1495
"M1","haplotype-tagged","PH","CV00","1","5",0.0956
"M1","haplotype-tagged","PPP","CV00","1","5",-0.16
"M1","haplotype-tagged","YPPlnt","CV00","1","5",0.0379
"M1","haplotype-tagged","DTF","CV1","1","5",-0.231244444444444
"M1","haplotype-tagged","DTM","CV1","1","5",0.174055555555556
"M1","haplotype-tagged","HSW","CV1","1","5",0.1427
"M1","haplotype-tagged","PH","CV1","1","5",0.0527111111111111
"M1","haplotype-tagged","PPP","CV1","1","5",0.0105444444444444
"M1","haplotype-tagged","YPPlnt","CV1","1","5",-0.115311111111111
"M1","haplotype-tagged","DTF","CV2","1","5",0.600488888888889
"M1","haplotype-tagged","DTM","CV2","1","5",0.4638
"M1","haplotype-tagged","HSW","CV2","1","5",0.720866666666667
"M1","haplotype-tagged","PH","CV2","1","5",0.564022222222222
"M1","haplotype-tagged","PPP","CV2","1","5",0.0599666666666667
"M1","haplotype-tagged","YPPlnt","CV2","1","5",0.152677777777778
"M1","haplotype-tagged","DTF","CV0","2","5",0.6405
"M1","haplotype-tagged","DTM","CV0","2","5",0.5316
"M1","haplotype-tagged","HSW","CV0","2","5",0.8593
"M1","haplotype-tagged","PH","CV0","2","5",0.1047
"M1","haplotype-tagged","PPP","CV0","2","5",-2e-04
"M1","haplotype-tagged","YPPlnt","CV0","2","5",0.1739
"M1","haplotype-tagged","DTF","CV00","2","5",-0.1598
"M1","haplotype-tagged","DTM","CV00","2","5",-0.0193
"M1","haplotype-tagged","HSW","CV00","2","5",-0.0613
"M1","haplotype-tagged","PH","CV00","2","5",0.2165
"M1","haplotype-tagged","PPP","CV00","2","5",-0.3994
"M1","haplotype-tagged","YPPlnt","CV00","2","5",-0.1257
"M1","haplotype-tagged","DTF","CV1","2","5",-0.1326
"M1","haplotype-tagged","DTM","CV1","2","5",-0.0356777777777778
"M1","haplotype-tagged","HSW","CV1","2","5",0.0700333333333333
"M1","haplotype-tagged","PH","CV1","2","5",-0.0861333333333333
"M1","haplotype-tagged","PPP","CV1","2","5",-0.0217666666666667
"M1","haplotype-tagged","YPPlnt","CV1","2","5",-0.0548555555555556
"M1","haplotype-tagged","DTF","CV2","2","5",0.576422222222222
"M1","haplotype-tagged","DTM","CV2","2","5",0.468222222222222
"M1","haplotype-tagged","HSW","CV2","2","5",0.733688888888889
"M1","haplotype-tagged","PH","CV2","2","5",0.6403
"M1","haplotype-tagged","PPP","CV2","2","5",0.155722222222222
"M1","haplotype-tagged","YPPlnt","CV2","2","5",0.0826222222222222
"M1","haplotype-tagged","DTF","CV0","3","5",0.6098
"M1","haplotype-tagged","DTM","CV0","3","5",0.4001
"M1","haplotype-tagged","HSW","CV0","3","5",0.7856
"M1","haplotype-tagged","PH","CV0","3","5",0.6618
"M1","haplotype-tagged","PPP","CV0","3","5",0.1337
"M1","haplotype-tagged","YPPlnt","CV0","3","5",0.1813
"M1","haplotype-tagged","DTF","CV00","3","5",-0.2046
"M1","haplotype-tagged","DTM","CV00","3","5",0.0199
"M1","haplotype-tagged","HSW","CV00","3","5",-0.1627
"M1","haplotype-tagged","PH","CV00","3","5",-0.1498
"M1","haplotype-tagged","PPP","CV00","3","5",-0.0323
"M1","haplotype-tagged","YPPlnt","CV00","3","5",-0.219
"M1","haplotype-tagged","DTF","CV1","3","5",-0.0107111111111111
"M1","haplotype-tagged","DTM","CV1","3","5",0.0745
"M1","haplotype-tagged","HSW","CV1","3","5",0.0580666666666667
"M1","haplotype-tagged","PH","CV1","3","5",0.2014
"M1","haplotype-tagged","PPP","CV1","3","5",0.000922222222222227
"M1","haplotype-tagged","YPPlnt","CV1","3","5",0.0327
"M1","haplotype-tagged","DTF","CV2","3","5",0.596022222222222
"M1","haplotype-tagged","DTM","CV2","3","5",0.468933333333333
"M1","haplotype-tagged","HSW","CV2","3","5",0.7442
"M1","haplotype-tagged","PH","CV2","3","5",0.563022222222222
"M1","haplotype-tagged","PPP","CV2","3","5",0.156644444444444
"M1","haplotype-tagged","YPPlnt","CV2","3","5",0.0471666666666667
"M1","haplotype-tagged","DTF","CV0","4","5",0.7777
"M1","haplotype-tagged","DTM","CV0","4","5",0.6821
"M1","haplotype-tagged","HSW","CV0","4","5",0.7814
"M1","haplotype-tagged","PH","CV0","4","5",0.7441
"M1","haplotype-tagged","PPP","CV0","4","5",0.284
"M1","haplotype-tagged","YPPlnt","CV0","4","5",0.0019
"M1","haplotype-tagged","DTF","CV00","4","5",-0.1566
"M1","haplotype-tagged","DTM","CV00","4","5",0.1451
"M1","haplotype-tagged","HSW","CV00","4","5",-0.0722
"M1","haplotype-tagged","PH","CV00","4","5",-0.1904
"M1","haplotype-tagged","PPP","CV00","4","5",-0.0293
"M1","haplotype-tagged","YPPlnt","CV00","4","5",-0.2383
"M1","haplotype-tagged","DTF","CV1","4","5",0.163444444444444
"M1","haplotype-tagged","DTM","CV1","4","5",0.0567666666666667
"M1","haplotype-tagged","HSW","CV1","4","5",0.0924777777777778
"M1","haplotype-tagged","PH","CV1","4","5",-0.0135666666666667
"M1","haplotype-tagged","PPP","CV1","4","5",-0.0876222222222222
"M1","haplotype-tagged","YPPlnt","CV1","4","5",0.0867666666666667
"M1","haplotype-tagged","DTF","CV2","4","5",0.623133333333333
"M1","haplotype-tagged","DTM","CV2","4","5",0.466288888888889
"M1","haplotype-tagged","HSW","CV2","4","5",0.760511111111111
"M1","haplotype-tagged","PH","CV2","4","5",0.522922222222222
"M1","haplotype-tagged","PPP","CV2","4","5",0.178066666666667
"M1","haplotype-tagged","YPPlnt","CV2","4","5",0.160611111111111
"M1","haplotype-tagged","DTF","CV0","5","5",0.6098
"M1","haplotype-tagged","DTM","CV0","5","5",0.3977
"M1","haplotype-tagged","HSW","CV0","5","5",0.7848
"M1","haplotype-tagged","PH","CV0","5","5",0.6622
"M1","haplotype-tagged","PPP","CV0","5","5",0.1312
"M1","haplotype-tagged","YPPlnt","CV0","5","5",0.1825
"M1","haplotype-tagged","DTF","CV00","5","5",-0.1044
"M1","haplotype-tagged","DTM","CV00","5","5",-0.1283
"M1","haplotype-tagged","HSW","CV00","5","5",-0.0717
"M1","haplotype-tagged","PH","CV00","5","5",-0.1389
"M1","haplotype-tagged","PPP","CV00","5","5",0.2063
"M1","haplotype-tagged","YPPlnt","CV00","5","5",0.2681
"M1","haplotype-tagged","DTF","CV1","5","5",-0.122188888888889
"M1","haplotype-tagged","DTM","CV1","5","5",-0.115566666666667
"M1","haplotype-tagged","HSW","CV1","5","5",0.0166555555555556
"M1","haplotype-tagged","PH","CV1","5","5",-0.124744444444444
"M1","haplotype-tagged","PPP","CV1","5","5",-0.0922111111111111
"M1","haplotype-tagged","YPPlnt","CV1","5","5",-0.100011111111111
"M1","haplotype-tagged","DTF","CV2","5","5",0.549955555555556
"M1","haplotype-tagged","DTM","CV2","5","5",0.446977777777778
"M1","haplotype-tagged","HSW","CV2","5","5",0.7191
"M1","haplotype-tagged","PH","CV2","5","5",0.576477777777778
"M1","haplotype-tagged","PPP","CV2","5","5",0.124244444444444
"M1","haplotype-tagged","YPPlnt","CV2","5","5",0.154822222222222
"M1","haplotype-tagged","DTF","CV0","6","5",0.3743
"M1","haplotype-tagged","DTM","CV0","6","5",0.3929
"M1","haplotype-tagged","HSW","CV0","6","5",0.6027
"M1","haplotype-tagged","PH","CV0","6","5",0.5706
"M1","haplotype-tagged","PPP","CV0","6","5",0.0982
"M1","haplotype-tagged","YPPlnt","CV0","6","5",0.1377
"M1","haplotype-tagged","DTF","CV00","6","5",0.1895
"M1","haplotype-tagged","DTM","CV00","6","5",0.0972
"M1","haplotype-tagged","HSW","CV00","6","5",-0.0807
"M1","haplotype-tagged","PH","CV00","6","5",-0.1101
"M1","haplotype-tagged","PPP","CV00","6","5",-0.0078
"M1","haplotype-tagged","YPPlnt","CV00","6","5",0.3037
"M1","haplotype-tagged","DTF","CV1","6","5",-0.159255555555556
"M1","haplotype-tagged","DTM","CV1","6","5",0.0861777777777778
"M1","haplotype-tagged","HSW","CV1","6","5",-0.0380555555555556
"M1","haplotype-tagged","PH","CV1","6","5",-0.0569111111111111
"M1","haplotype-tagged","PPP","CV1","6","5",-0.0848666666666667
"M1","haplotype-tagged","YPPlnt","CV1","6","5",0.126511111111111
"M1","haplotype-tagged","DTF","CV2","6","5",0.592822222222222
"M1","haplotype-tagged","DTM","CV2","6","5",0.555277777777778
"M1","haplotype-tagged","HSW","CV2","6","5",0.785422222222222
"M1","haplotype-tagged","PH","CV2","6","5",0.614066666666667
"M1","haplotype-tagged","PPP","CV2","6","5",0.0791777777777778
"M1","haplotype-tagged","YPPlnt","CV2","6","5",0.0309666666666667
"M1","haplotype-tagged","DTF","CV0","7","5",0.5093
"M1","haplotype-tagged","DTM","CV0","7","5",0.285
"M1","haplotype-tagged","HSW","CV0","7","5",0.7118
"M1","haplotype-tagged","PH","CV0","7","5",0.4873
"M1","haplotype-tagged","PPP","CV0","7","5",0.0405
"M1","haplotype-tagged","YPPlnt","CV0","7","5",0.0949
"M1","haplotype-tagged","DTF","CV00","7","5",0.0863
"M1","haplotype-tagged","DTM","CV00","7","5",0.0467
"M1","haplotype-tagged","HSW","CV00","7","5",-0.211
"M1","haplotype-tagged","PH","CV00","7","5",0.1854
"M1","haplotype-tagged","PPP","CV00","7","5",0.0179
"M1","haplotype-tagged","YPPlnt","CV00","7","5",0.0023
"M1","haplotype-tagged","DTF","CV1","7","5",-0.152755555555556
"M1","haplotype-tagged","DTM","CV1","7","5",0.0458444444444444
"M1","haplotype-tagged","HSW","CV1","7","5",0.0259111111111111
"M1","haplotype-tagged","PH","CV1","7","5",0.0302
"M1","haplotype-tagged","PPP","CV1","7","5",-0.0195555555555556
"M1","haplotype-tagged","YPPlnt","CV1","7","5",0.0279222222222222
"M1","haplotype-tagged","DTF","CV2","7","5",0.611288888888889
"M1","haplotype-tagged","DTM","CV2","7","5",0.5088
"M1","haplotype-tagged","HSW","CV2","7","5",0.760422222222222
"M1","haplotype-tagged","PH","CV2","7","5",0.566377777777778
"M1","haplotype-tagged","PPP","CV2","7","5",0.133022222222222
"M1","haplotype-tagged","YPPlnt","CV2","7","5",0.113622222222222
"M1","haplotype-tagged","DTF","CV0","8","5",0.6428
"M1","haplotype-tagged","DTM","CV0","8","5",0.5335
"M1","haplotype-tagged","HSW","CV0","8","5",0.8592
"M1","haplotype-tagged","PH","CV0","8","5",0.1066
"M1","haplotype-tagged","PPP","CV0","8","5",0.01
"M1","haplotype-tagged","YPPlnt","CV0","8","5",0.1875
"M1","haplotype-tagged","DTF","CV00","8","5",0.0368
"M1","haplotype-tagged","DTM","CV00","8","5",-0.092
"M1","haplotype-tagged","HSW","CV00","8","5",-0.2633
"M1","haplotype-tagged","PH","CV00","8","5",-0.2584
"M1","haplotype-tagged","PPP","CV00","8","5",0.0166
"M1","haplotype-tagged","YPPlnt","CV00","8","5",-0.1504
"M1","haplotype-tagged","DTF","CV1","8","5",-0.0650888888888889
"M1","haplotype-tagged","DTM","CV1","8","5",-0.0154555555555556
"M1","haplotype-tagged","HSW","CV1","8","5",0.110477777777778
"M1","haplotype-tagged","PH","CV1","8","5",-0.0689666666666667
"M1","haplotype-tagged","PPP","CV1","8","5",0.0690333333333333
"M1","haplotype-tagged","YPPlnt","CV1","8","5",0.00758888888888889
"M1","haplotype-tagged","DTF","CV2","8","5",0.6091
"M1","haplotype-tagged","DTM","CV2","8","5",0.435411111111111
"M1","haplotype-tagged","HSW","CV2","8","5",0.660911111111111
"M1","haplotype-tagged","PH","CV2","8","5",0.511133333333333
"M1","haplotype-tagged","PPP","CV2","8","5",0.1616
"M1","haplotype-tagged","YPPlnt","CV2","8","5",0.150144444444444
"M1","haplotype-tagged","DTF","CV0","9","5",0.5115
"M1","haplotype-tagged","DTM","CV0","9","5",0.287
"M1","haplotype-tagged","HSW","CV0","9","5",0.7132
"M1","haplotype-tagged","PH","CV0","9","5",0.487
"M1","haplotype-tagged","PPP","CV0","9","5",0.0367
"M1","haplotype-tagged","YPPlnt","CV0","9","5",0.1024
"M1","haplotype-tagged","DTF","CV00","9","5",-0.2125
"M1","haplotype-tagged","DTM","CV00","9","5",-0.2144
"M1","haplotype-tagged","HSW","CV00","9","5",0.0168
"M1","haplotype-tagged","PH","CV00","9","5",0.0369
"M1","haplotype-tagged","PPP","CV00","9","5",-0.1333
"M1","haplotype-tagged","YPPlnt","CV00","9","5",0.0229
"M1","haplotype-tagged","DTF","CV1","9","5",0.150755555555556
"M1","haplotype-tagged","DTM","CV1","9","5",-0.120744444444444
"M1","haplotype-tagged","HSW","CV1","9","5",0.189233333333333
"M1","haplotype-tagged","PH","CV1","9","5",-0.0139222222222222
"M1","haplotype-tagged","PPP","CV1","9","5",0.0577666666666667
"M1","haplotype-tagged","YPPlnt","CV1","9","5",-0.00812222222222221
"M1","haplotype-tagged","DTF","CV2","9","5",0.607777777777778
"M1","haplotype-tagged","DTM","CV2","9","5",0.503577777777778
"M1","haplotype-tagged","HSW","CV2","9","5",0.697188888888889
"M1","haplotype-tagged","PH","CV2","9","5",0.4843
"M1","haplotype-tagged","PPP","CV2","9","5",0.123255555555556
"M1","haplotype-tagged","YPPlnt","CV2","9","5",0.1283
"M1","haplotype-tagged","DTF","CV0","10","5",0.777
"M1","haplotype-tagged","DTM","CV0","10","5",0.6833
"M1","haplotype-tagged","HSW","CV0","10","5",0.7797
"M1","haplotype-tagged","PH","CV0","10","5",0.744
"M1","haplotype-tagged","PPP","CV0","10","5",0.2872
"M1","haplotype-tagged","YPPlnt","CV0","10","5",0.0084
"M1","haplotype-tagged","DTF","CV00","10","5",0.2606
"M1","haplotype-tagged","DTM","CV00","10","5",-0.4078
"M1","haplotype-tagged","HSW","CV00","10","5",-0.1426
"M1","haplotype-tagged","PH","CV00","10","5",-0.2643
"M1","haplotype-tagged","PPP","CV00","10","5",0.4232
"M1","haplotype-tagged","YPPlnt","CV00","10","5",-0.0588
"M1","haplotype-tagged","DTF","CV1","10","5",-0.0660333333333333
"M1","haplotype-tagged","DTM","CV1","10","5",-0.0149444444444444
"M1","haplotype-tagged","HSW","CV1","10","5",-0.0985555555555555
"M1","haplotype-tagged","PH","CV1","10","5",0.148133333333333
"M1","haplotype-tagged","PPP","CV1","10","5",0.0060888888888889
"M1","haplotype-tagged","YPPlnt","CV1","10","5",-0.0450555555555556
"M1","haplotype-tagged","DTF","CV2","10","5",0.567255555555556
"M1","haplotype-tagged","DTM","CV2","10","5",0.4671
"M1","haplotype-tagged","HSW","CV2","10","5",0.730733333333333
"M1","haplotype-tagged","PH","CV2","10","5",0.565277777777778
"M1","haplotype-tagged","PPP","CV2","10","5",0.165522222222222
"M1","haplotype-tagged","YPPlnt","CV2","10","5",0.212644444444444
"M4","genome-wide","DTF","CV1","1","1",0.418153306841826
"M4","haplotype-tagged","DTF","CV1","1","1",0.327826337489172
"M4","genome-wide","DTF","CV1","1","2",0.472736827907399
"M4","haplotype-tagged","DTF","CV1","1","2",0.190195906522581
"M4","genome-wide","DTF","CV1","1","3",0.414789229829304
"M4","haplotype-tagged","DTF","CV1","1","3",0.13298762695232
"M4","genome-wide","DTF","CV1","1","4",0.362463290108324
"M4","haplotype-tagged","DTF","CV1","1","4",0.215414981200217
"M4","genome-wide","DTF","CV1","1","5",0.457776565753053
"M4","haplotype-tagged","DTF","CV1","1","5",0.404349016554274
"M4","genome-wide","DTF","CV2","1","1",0.605886267155186
"M4","haplotype-tagged","DTF","CV2","1","1",0.620525525119562
"M4","genome-wide","DTF","CV2","1","2",0.600262613010116
"M4","haplotype-tagged","DTF","CV2","1","2",0.598910770562517
"M4","genome-wide","DTF","CV2","1","3",0.601909741661389
"M4","haplotype-tagged","DTF","CV2","1","3",0.601686674253327
"M4","genome-wide","DTF","CV2","1","4",0.594837734756324
"M4","haplotype-tagged","DTF","CV2","1","4",0.597329803609445
"M4","genome-wide","DTF","CV2","1","5",0.631947562286483
"M4","haplotype-tagged","DTF","CV2","1","5",0.602263719271938
"M4","genome-wide","DTF","CV0","1","1",0.541060537139333
"M4","haplotype-tagged","DTF","CV0","1","1",0.517975769954578
"M4","genome-wide","DTF","CV0","1","2",0.616405115340457
"M4","haplotype-tagged","DTF","CV0","1","2",0.613708499506378
"M4","genome-wide","DTF","CV0","1","3",0.653851075220509
"M4","haplotype-tagged","DTF","CV0","1","3",0.635445270940143
"M4","genome-wide","DTF","CV0","1","4",0.771298304481914
"M4","haplotype-tagged","DTF","CV0","1","4",0.753944343707674
"M4","genome-wide","DTF","CV0","1","5",0.367235188583229
"M4","haplotype-tagged","DTF","CV0","1","5",0.372127515636411
"M4","genome-wide","DTF","CV00","1","1",0.270655077022084
"M4","haplotype-tagged","DTF","CV00","1","1",0.167952400593631
"M4","genome-wide","DTF","CV00","1","2",-0.06878911397984
"M4","haplotype-tagged","DTF","CV00","1","2",-0.0437215002022078
"M4","genome-wide","DTF","CV00","1","3",0.496175625339773
"M4","haplotype-tagged","DTF","CV00","1","3",0.287873624210422
"M4","genome-wide","DTF","CV00","1","4",0.587342976868018
"M4","haplotype-tagged","DTF","CV00","1","4",0.508434604548815
"M4","genome-wide","DTF","CV00","1","5",0.361165700011565
"M4","haplotype-tagged","DTF","CV00","1","5",0.274088790129717
"M4","genome-wide","DTM","CV1","1","1",0.30720376504025
"M4","haplotype-tagged","DTM","CV1","1","1",0.118471694370129
"M4","genome-wide","DTM","CV1","1","2",0.416348751965391
"M4","haplotype-tagged","DTM","CV1","1","2",0.156470023699316
"M4","genome-wide","DTM","CV1","1","3",0.348661240536078
"M4","haplotype-tagged","DTM","CV1","1","3",0.00702989966556608
"M4","genome-wide","DTM","CV1","1","4",0.192788601554918
"M4","haplotype-tagged","DTM","CV1","1","4",-0.0140664826966047
"M4","genome-wide","DTM","CV1","1","5",0.294673060857719
"M4","haplotype-tagged","DTM","CV1","1","5",0.29255562853298
"M4","genome-wide","DTM","CV2","1","1",0.45567130380139
"M4","haplotype-tagged","DTM","CV2","1","1",0.468261964725128
"M4","genome-wide","DTM","CV2","1","2",0.484146192207081
"M4","haplotype-tagged","DTM","CV2","1","2",0.456675316216247
"M4","genome-wide","DTM","CV2","1","3",0.536424330807433
"M4","haplotype-tagged","DTM","CV2","1","3",0.5100953126022
"M4","genome-wide","DTM","CV2","1","4",0.47021916577183
"M4","haplotype-tagged","DTM","CV2","1","4",0.482549845455356
"M4","genome-wide","DTM","CV2","1","5",0.471677155700589
"M4","haplotype-tagged","DTM","CV2","1","5",0.425689625748548
"M4","genome-wide","DTM","CV0","1","1",0.360493595106455
"M4","haplotype-tagged","DTM","CV0","1","1",0.332506097031433
"M4","genome-wide","DTM","CV0","1","2",0.471864013832401
"M4","haplotype-tagged","DTM","CV0","1","2",0.444623447540076
"M4","genome-wide","DTM","CV0","1","3",0.522653278279994
"M4","haplotype-tagged","DTM","CV0","1","3",0.499892350992603
"M4","genome-wide","DTM","CV0","1","4",0.672705269350207
"M4","haplotype-tagged","DTM","CV0","1","4",0.638154013079401
"M4","genome-wide","DTM","CV0","1","5",0.36777285902495
"M4","haplotype-tagged","DTM","CV0","1","5",0.375885259432436
"M4","genome-wide","DTM","CV00","1","1",0.212006807770389
"M4","haplotype-tagged","DTM","CV00","1","1",0.130102895609881
"M4","genome-wide","DTM","CV00","1","2",0.0687116373013791
"M4","haplotype-tagged","DTM","CV00","1","2",0.000156343278146759
"M4","genome-wide","DTM","CV00","1","3",0.318080640356454
"M4","haplotype-tagged","DTM","CV00","1","3",0.142895727276008
"M4","genome-wide","DTM","CV00","1","4",0.482537121326388
"M4","haplotype-tagged","DTM","CV00","1","4",0.117209399196296
"M4","genome-wide","DTM","CV00","1","5",0.475764762225085
"M4","haplotype-tagged","DTM","CV00","1","5",0.1934588586266
"M4","genome-wide","HSW","CV1","1","1",0.579924542347596
"M4","haplotype-tagged","HSW","CV1","1","1",0.481733950300812
"M4","genome-wide","HSW","CV1","1","2",0.671502276255424
"M4","haplotype-tagged","HSW","CV1","1","2",0.589674338536251
"M4","genome-wide","HSW","CV1","1","3",0.629708367186762
"M4","haplotype-tagged","HSW","CV1","1","3",0.391519806255094
"M4","genome-wide","HSW","CV1","1","4",0.348510224513612
"M4","haplotype-tagged","HSW","CV1","1","4",0.261127453522343
"M4","genome-wide","HSW","CV1","1","5",0.672328880610015
"M4","haplotype-tagged","HSW","CV1","1","5",0.307514805244315
"M4","genome-wide","HSW","CV2","1","1",0.777551276283606
"M4","haplotype-tagged","HSW","CV2","1","1",0.78797126439343
"M4","genome-wide","HSW","CV2","1","2",0.670577096746509
"M4","haplotype-tagged","HSW","CV2","1","2",0.671052037042588
"M4","genome-wide","HSW","CV2","1","3",0.709873633484094
"M4","haplotype-tagged","HSW","CV2","1","3",0.717239329903948
"M4","genome-wide","HSW","CV2","1","4",0.772923127428517
"M4","haplotype-tagged","HSW","CV2","1","4",0.777301691990254
"M4","genome-wide","HSW","CV2","1","5",0.719841327268704
"M4","haplotype-tagged","HSW","CV2","1","5",0.719697093786652
"M4","genome-wide","HSW","CV0","1","1",0.679793118163063
"M4","haplotype-tagged","HSW","CV0","1","1",0.676904590469775
"M4","genome-wide","HSW","CV0","1","2",0.784855723592958
"M4","haplotype-tagged","HSW","CV0","1","2",0.780344230411453
"M4","genome-wide","HSW","CV0","1","3",0.775924338693164
"M4","haplotype-tagged","HSW","CV0","1","3",0.773856497399106
"M4","genome-wide","HSW","CV0","1","4",0.80554499677338
"M4","haplotype-tagged","HSW","CV0","1","4",0.800885595177373
"M4","genome-wide","HSW","CV0","1","5",0.604683012870095
"M4","haplotype-tagged","HSW","CV0","1","5",0.601564182669139
"M4","genome-wide","HSW","CV00","1","1",0.650753406197005
"M4","haplotype-tagged","HSW","CV00","1","1",0.491270228847618
"M4","genome-wide","HSW","CV00","1","2",0.430500469905214
"M4","haplotype-tagged","HSW","CV00","1","2",0.367416878296954
"M4","genome-wide","HSW","CV00","1","3",0.630325548411563
"M4","haplotype-tagged","HSW","CV00","1","3",0.381729965694586
"M4","genome-wide","HSW","CV00","1","4",0.480333850172462
"M4","haplotype-tagged","HSW","CV00","1","4",0.434799639010031
"M4","genome-wide","HSW","CV00","1","5",0.753775458642046
"M4","haplotype-tagged","HSW","CV00","1","5",0.53644154142946
"M4","genome-wide","PH","CV1","1","1",0.485970713319384
"M4","haplotype-tagged","PH","CV1","1","1",0.495328058564903
"M4","genome-wide","PH","CV1","1","2",0.467167308628152
"M4","haplotype-tagged","PH","CV1","1","2",0.377248214162895
"M4","genome-wide","PH","CV1","1","3",0.29459983723732
"M4","haplotype-tagged","PH","CV1","1","3",0.214518888070681
"M4","genome-wide","PH","CV1","1","4",0.456482122109627
"M4","haplotype-tagged","PH","CV1","1","4",0.370089495207543
"M4","genome-wide","PH","CV1","1","5",0.477684458322868
"M4","haplotype-tagged","PH","CV1","1","5",0.239181358818419
"M4","genome-wide","PH","CV2","1","1",0.633155175766231
"M4","haplotype-tagged","PH","CV2","1","1",0.593552527783485
"M4","genome-wide","PH","CV2","1","2",0.564836483973241
"M4","haplotype-tagged","PH","CV2","1","2",0.551291191936632
"M4","genome-wide","PH","CV2","1","3",0.558575267823432
"M4","haplotype-tagged","PH","CV2","1","3",0.533077801932445
"M4","genome-wide","PH","CV2","1","4",0.558250275831194
"M4","haplotype-tagged","PH","CV2","1","4",0.548673797098161
"M4","genome-wide","PH","CV2","1","5",0.583509504032533
"M4","haplotype-tagged","PH","CV2","1","5",0.555506559844788
"M4","genome-wide","PH","CV0","1","1",0.610210829416603
"M4","haplotype-tagged","PH","CV0","1","1",0.596797192494377
"M4","genome-wide","PH","CV0","1","2",0.292398102196084
"M4","haplotype-tagged","PH","CV0","1","2",0.278298050849847
"M4","genome-wide","PH","CV0","1","3",0.647430240089776
"M4","haplotype-tagged","PH","CV0","1","3",0.630854636167201
"M4","genome-wide","PH","CV0","1","4",0.756264930827871
"M4","haplotype-tagged","PH","CV0","1","4",0.725115311947084
"M4","genome-wide","PH","CV0","1","5",0.578347798659188
"M4","haplotype-tagged","PH","CV0","1","5",0.579953514605709
"M4","genome-wide","PH","CV00","1","1",0.532508933878007
"M4","haplotype-tagged","PH","CV00","1","1",0.431708616057769
"M4","genome-wide","PH","CV00","1","2",0.216929213449951
"M4","haplotype-tagged","PH","CV00","1","2",0.16280623750186
"M4","genome-wide","PH","CV00","1","3",0.0343606967952324
"M4","haplotype-tagged","PH","CV00","1","3",-0.00277621283464058
"M4","genome-wide","PH","CV00","1","4",0.6299739039076
"M4","haplotype-tagged","PH","CV00","1","4",0.637087001440039
"M4","genome-wide","PH","CV00","1","5",0.801900564721211
"M4","haplotype-tagged","PH","CV00","1","5",0.423116310150982
"M4","genome-wide","PPP","CV1","1","1",0.118315924037703
"M4","haplotype-tagged","PPP","CV1","1","1",0.123412088405558
"M4","genome-wide","PPP","CV1","1","2",0.237783497925142
"M4","haplotype-tagged","PPP","CV1","1","2",0.199738850253681
"M4","genome-wide","PPP","CV1","1","3",0.170367486591392
"M4","haplotype-tagged","PPP","CV1","1","3",0.216390667296966
"M4","genome-wide","PPP","CV1","1","4",0.124409943686629
"M4","haplotype-tagged","PPP","CV1","1","4",0.163470325668656
"M4","genome-wide","PPP","CV1","1","5",0.211134093523716
"M4","haplotype-tagged","PPP","CV1","1","5",0.158975213869524
"M4","genome-wide","PPP","CV2","1","1",0.203283640587862
"M4","haplotype-tagged","PPP","CV2","1","1",0.183587435335215
"M4","genome-wide","PPP","CV2","1","2",0.159795835432353
"M4","haplotype-tagged","PPP","CV2","1","2",0.172856190452881
"M4","genome-wide","PPP","CV2","1","3",0.123746480051267
"M4","haplotype-tagged","PPP","CV2","1","3",0.120503967479998
"M4","genome-wide","PPP","CV2","1","4",0.156406247433417
"M4","haplotype-tagged","PPP","CV2","1","4",0.208286528512145
"M4","genome-wide","PPP","CV2","1","5",0.124520252744665
"M4","haplotype-tagged","PPP","CV2","1","5",0.0793275350627551
"M4","genome-wide","PPP","CV0","1","1",0.0777825115829316
"M4","haplotype-tagged","PPP","CV0","1","1",0.0847809252222213
"M4","genome-wide","PPP","CV0","1","2",0.101418642926136
"M4","haplotype-tagged","PPP","CV0","1","2",0.126757788481339
"M4","genome-wide","PPP","CV0","1","3",0.0766511040274995
"M4","haplotype-tagged","PPP","CV0","1","3",0.0887384797559558
"M4","genome-wide","PPP","CV0","1","4",0.214983749195271
"M4","haplotype-tagged","PPP","CV0","1","4",0.21272458584784
"M4","genome-wide","PPP","CV0","1","5",0.0905371274397791
"M4","haplotype-tagged","PPP","CV0","1","5",0.104179358646157
"M4","genome-wide","PPP","CV00","1","1",0.155668578196401
"M4","haplotype-tagged","PPP","CV00","1","1",-0.0265431678521939
"M4","genome-wide","PPP","CV00","1","2",0.0992363396457438
"M4","haplotype-tagged","PPP","CV00","1","2",0.118309102273161
"M4","genome-wide","PPP","CV00","1","3",0.289319309491658
"M4","haplotype-tagged","PPP","CV00","1","3",0.227353600088242
"M4","genome-wide","PPP","CV00","1","4",-0.035601159114445
"M4","haplotype-tagged","PPP","CV00","1","4",0.0406365426782056
"M4","genome-wide","PPP","CV00","1","5",0.0890379388959134
"M4","haplotype-tagged","PPP","CV00","1","5",0.347363694146532
"M4","genome-wide","YPPlnt","CV1","1","1",0.0640894679782459
"M4","haplotype-tagged","YPPlnt","CV1","1","1",0.106725445924965
"M4","genome-wide","YPPlnt","CV1","1","2",0.148809801420611
"M4","haplotype-tagged","YPPlnt","CV1","1","2",-0.000534508730663641
"M4","genome-wide","YPPlnt","CV1","1","3",0.0879774039004473
"M4","haplotype-tagged","YPPlnt","CV1","1","3",0.106087263701584
"M4","genome-wide","YPPlnt","CV1","1","4",0.0968535227290241
"M4","haplotype-tagged","YPPlnt","CV1","1","4",0.0761704890866131
"M4","genome-wide","YPPlnt","CV1","1","5",0.195935648344322
"M4","haplotype-tagged","YPPlnt","CV1","1","5",0.106091426220675
"M4","genome-wide","YPPlnt","CV2","1","1",0.0894501748191523
"M4","haplotype-tagged","YPPlnt","CV2","1","1",0.0906848924887706
"M4","genome-wide","YPPlnt","CV2","1","2",0.0753286288963842
"M4","haplotype-tagged","YPPlnt","CV2","1","2",0.124212908747685
"M4","genome-wide","YPPlnt","CV2","1","3",0.246504187634259
"M4","haplotype-tagged","YPPlnt","CV2","1","3",0.208451549583288
"M4","genome-wide","YPPlnt","CV2","1","4",0.132419191952874
"M4","haplotype-tagged","YPPlnt","CV2","1","4",0.115378612932653
"M4","genome-wide","YPPlnt","CV2","1","5",0.196493412181145
"M4","haplotype-tagged","YPPlnt","CV2","1","5",0.166625131421638
"M4","genome-wide","YPPlnt","CV0","1","1",0.170735467280108
"M4","haplotype-tagged","YPPlnt","CV0","1","1",0.19189059480669
"M4","genome-wide","YPPlnt","CV0","1","2",0.111836980937392
"M4","haplotype-tagged","YPPlnt","CV0","1","2",0.138979136817697
"M4","genome-wide","YPPlnt","CV0","1","3",0.218877708483411
"M4","haplotype-tagged","YPPlnt","CV0","1","3",0.19708888414816
"M4","genome-wide","YPPlnt","CV0","1","4",0.0783144221150202
"M4","haplotype-tagged","YPPlnt","CV0","1","4",0.0893242902841785
"M4","genome-wide","YPPlnt","CV0","1","5",0.124476231037433
"M4","haplotype-tagged","YPPlnt","CV0","1","5",0.123188594293082
"M4","genome-wide","YPPlnt","CV00","1","1",0.054295024333479
"M4","haplotype-tagged","YPPlnt","CV00","1","1",0.0638643751457856
"M4","genome-wide","YPPlnt","CV00","1","2",0.145968461630391
"M4","haplotype-tagged","YPPlnt","CV00","1","2",0.15460523336902
"M4","genome-wide","YPPlnt","CV00","1","3",0.12706370514646
"M4","haplotype-tagged","YPPlnt","CV00","1","3",0.110429289958302
"M4","genome-wide","YPPlnt","CV00","1","4",0.243041225800797
"M4","haplotype-tagged","YPPlnt","CV00","1","4",0.260234481666623
"M4","genome-wide","YPPlnt","CV00","1","5",-0.242396695561796
"M4","haplotype-tagged","YPPlnt","CV00","1","5",-0.0326277690811281
"M4","genome-wide","DTF","CV1","2","1",0.493166996499022
"M4","haplotype-tagged","DTF","CV1","2","1",0.258845936315934
"M4","genome-wide","DTF","CV1","2","2",0.492711848858721
"M4","haplotype-tagged","DTF","CV1","2","2",0.376273418899885
"M4","genome-wide","DTF","CV1","2","3",0.429246580977751
"M4","haplotype-tagged","DTF","CV1","2","3",0.406056736597939
"M4","genome-wide","DTF","CV1","2","4",0.322646182809151
"M4","haplotype-tagged","DTF","CV1","2","4",0.128599911973675
"M4","genome-wide","DTF","CV1","2","5",0.416227091305683
"M4","haplotype-tagged","DTF","CV1","2","5",0.0952938483320047
"M4","genome-wide","DTF","CV2","2","1",0.58999076596535
"M4","haplotype-tagged","DTF","CV2","2","1",0.569726087366746
"M4","genome-wide","DTF","CV2","2","2",0.649903936601149
"M4","haplotype-tagged","DTF","CV2","2","2",0.658217823654544
"M4","genome-wide","DTF","CV2","2","3",0.659431044870733
"M4","haplotype-tagged","DTF","CV2","2","3",0.667058936540612
"M4","genome-wide","DTF","CV2","2","4",0.558974687674071
"M4","haplotype-tagged","DTF","CV2","2","4",0.54913498895249
"M4","genome-wide","DTF","CV2","2","5",0.560238766711053
"M4","haplotype-tagged","DTF","CV2","2","5",0.569150061704778
"M4","genome-wide","DTF","CV0","2","1",0.691288792432674
"M4","haplotype-tagged","DTF","CV0","2","1",0.687086370865243
"M4","genome-wide","DTF","CV0","2","2",0.648054022982314
"M4","haplotype-tagged","DTF","CV0","2","2",0.640653397075886
"M4","genome-wide","DTF","CV0","2","3",0.562776213113301
"M4","haplotype-tagged","DTF","CV0","2","3",0.542070452499742
"M4","genome-wide","DTF","CV0","2","4",0.581065193836948
"M4","haplotype-tagged","DTF","CV0","2","4",0.590777065629943
"M4","genome-wide","DTF","CV0","2","5",0.609850367647716
"M4","haplotype-tagged","DTF","CV0","2","5",0.627816482306079
"M4","genome-wide","DTF","CV00","2","1",0.288649303771563
"M4","haplotype-tagged","DTF","CV00","2","1",0.230609692443383
"M4","genome-wide","DTF","CV00","2","2",0.572348732400549
"M4","haplotype-tagged","DTF","CV00","2","2",0.410255463457806
"M4","genome-wide","DTF","CV00","2","3",0.35651027679899
"M4","haplotype-tagged","DTF","CV00","2","3",0.199997276597826
"M4","genome-wide","DTF","CV00","2","4",0.435498137440391
"M4","haplotype-tagged","DTF","CV00","2","4",0.249985946255667
"M4","genome-wide","DTF","CV00","2","5",0.258295346605589
"M4","haplotype-tagged","DTF","CV00","2","5",0.0180843606678583
"M4","genome-wide","DTM","CV1","2","1",0.299530692709503
"M4","haplotype-tagged","DTM","CV1","2","1",0.14298658271099
"M4","genome-wide","DTM","CV1","2","2",0.379999190257469
"M4","haplotype-tagged","DTM","CV1","2","2",0.190191195033263
"M4","genome-wide","DTM","CV1","2","3",0.349197516707107
"M4","haplotype-tagged","DTM","CV1","2","3",0.214720622911103
"M4","genome-wide","DTM","CV1","2","4",0.144344184360824
"M4","haplotype-tagged","DTM","CV1","2","4",0.143248332837349
"M4","genome-wide","DTM","CV1","2","5",0.307607705466263
"M4","haplotype-tagged","DTM","CV1","2","5",0.138387579927492
"M4","genome-wide","DTM","CV2","2","1",0.501983785609509
"M4","haplotype-tagged","DTM","CV2","2","1",0.491665082638671
"M4","genome-wide","DTM","CV2","2","2",0.437301638529938
"M4","haplotype-tagged","DTM","CV2","2","2",0.44582153990302
"M4","genome-wide","DTM","CV2","2","3",0.515616769805922
"M4","haplotype-tagged","DTM","CV2","2","3",0.526778023549905
"M4","genome-wide","DTM","CV2","2","4",0.482137925453832
"M4","haplotype-tagged","DTM","CV2","2","4",0.463686739040258
"M4","genome-wide","DTM","CV2","2","5",0.505989490091241
"M4","haplotype-tagged","DTM","CV2","2","5",0.47583143080681
"M4","genome-wide","DTM","CV0","2","1",0.494719815430616
"M4","haplotype-tagged","DTM","CV0","2","1",0.46706792649592
"M4","genome-wide","DTM","CV0","2","2",0.517684216545144
"M4","haplotype-tagged","DTM","CV0","2","2",0.499819681235209
"M4","genome-wide","DTM","CV0","2","3",0.387510470304744
"M4","haplotype-tagged","DTM","CV0","2","3",0.374402051810263
"M4","genome-wide","DTM","CV0","2","4",0.541456705637786
"M4","haplotype-tagged","DTM","CV0","2","4",0.528471208781139
"M4","genome-wide","DTM","CV0","2","5",0.544349095787356
"M4","haplotype-tagged","DTM","CV0","2","5",0.513959365719495
"M4","genome-wide","DTM","CV00","2","1",0.442474171154662
"M4","haplotype-tagged","DTM","CV00","2","1",0.123873239122069
"M4","genome-wide","DTM","CV00","2","2",0.172571477553392
"M4","haplotype-tagged","DTM","CV00","2","2",-0.189726966986837
"M4","genome-wide","DTM","CV00","2","3",0.411626370133224
"M4","haplotype-tagged","DTM","CV00","2","3",0.212811737129688
"M4","genome-wide","DTM","CV00","2","4",0.0944515767635297
"M4","haplotype-tagged","DTM","CV00","2","4",0.0699790023477192
"M4","genome-wide","DTM","CV00","2","5",0.281600556891592
"M4","haplotype-tagged","DTM","CV00","2","5",0.530036655048692
"M4","genome-wide","HSW","CV1","2","1",0.696688419754287
"M4","haplotype-tagged","HSW","CV1","2","1",0.548310913075367
"M4","genome-wide","HSW","CV1","2","2",0.524514323882367
"M4","haplotype-tagged","HSW","CV1","2","2",0.198409899598775
"M4","genome-wide","HSW","CV1","2","3",0.562889468758556
"M4","haplotype-tagged","HSW","CV1","2","3",0.432263711374428
"M4","genome-wide","HSW","CV1","2","4",0.450910758476494
"M4","haplotype-tagged","HSW","CV1","2","4",0.483858080513716
"M4","genome-wide","HSW","CV1","2","5",0.552237266822981
"M4","haplotype-tagged","HSW","CV1","2","5",0.424770170283631
"M4","genome-wide","HSW","CV2","2","1",0.758080030044677
"M4","haplotype-tagged","HSW","CV2","2","1",0.754123928504883
"M4","genome-wide","HSW","CV2","2","2",0.798070565044567
"M4","haplotype-tagged","HSW","CV2","2","2",0.786971247692283
"M4","genome-wide","HSW","CV2","2","3",0.744606410673135
"M4","haplotype-tagged","HSW","CV2","2","3",0.749073889106465
"M4","genome-wide","HSW","CV2","2","4",0.702436273714422
"M4","haplotype-tagged","HSW","CV2","2","4",0.720552008772205
"M4","genome-wide","HSW","CV2","2","5",0.747399033397936
"M4","haplotype-tagged","HSW","CV2","2","5",0.735201377286709
"M4","genome-wide","HSW","CV0","2","1",0.800425211263785
"M4","haplotype-tagged","HSW","CV0","2","1",0.804734890081723
"M4","genome-wide","HSW","CV0","2","2",0.775516557149976
"M4","haplotype-tagged","HSW","CV0","2","2",0.774091842447379
"M4","genome-wide","HSW","CV0","2","3",0.670921336774885
"M4","haplotype-tagged","HSW","CV0","2","3",0.66828595047535
"M4","genome-wide","HSW","CV0","2","4",0.710032950950814
"M4","haplotype-tagged","HSW","CV0","2","4",0.712153852298065
"M4","genome-wide","HSW","CV0","2","5",0.862285941533606
"M4","haplotype-tagged","HSW","CV0","2","5",0.855658448978428
"M4","genome-wide","HSW","CV00","2","1",0.428505175799417
"M4","haplotype-tagged","HSW","CV00","2","1",0.484758093928673
"M4","genome-wide","HSW","CV00","2","2",0.625728721921277
"M4","haplotype-tagged","HSW","CV00","2","2",0.500535957162106
"M4","genome-wide","HSW","CV00","2","3",0.47676368211786
"M4","haplotype-tagged","HSW","CV00","2","3",0.436440041419065
"M4","genome-wide","HSW","CV00","2","4",0.559688860853601
"M4","haplotype-tagged","HSW","CV00","2","4",0.417658020254657
"M4","genome-wide","HSW","CV00","2","5",0.696678631930422
"M4","haplotype-tagged","HSW","CV00","2","5",0.451576569050805
"M4","genome-wide","PH","CV1","2","1",0.47662382083226
"M4","haplotype-tagged","PH","CV1","2","1",0.429654392632957
"M4","genome-wide","PH","CV1","2","2",0.496485754658526
"M4","haplotype-tagged","PH","CV1","2","2",0.354569408118697
"M4","genome-wide","PH","CV1","2","3",0.51312908830115
"M4","haplotype-tagged","PH","CV1","2","3",0.457320589076555
"M4","genome-wide","PH","CV1","2","4",0.305594124801278
"M4","haplotype-tagged","PH","CV1","2","4",0.180433921923342
"M4","genome-wide","PH","CV1","2","5",0.394206752920997
"M4","haplotype-tagged","PH","CV1","2","5",0.246382044525997
"M4","genome-wide","PH","CV2","2","1",0.628996973990567
"M4","haplotype-tagged","PH","CV2","2","1",0.61986906589723
"M4","genome-wide","PH","CV2","2","2",0.508439069586541
"M4","haplotype-tagged","PH","CV2","2","2",0.493471074761701
"M4","genome-wide","PH","CV2","2","3",0.574006811174211
"M4","haplotype-tagged","PH","CV2","2","3",0.557473101923871
"M4","genome-wide","PH","CV2","2","4",0.532723653679498
"M4","haplotype-tagged","PH","CV2","2","4",0.502441924090008
"M4","genome-wide","PH","CV2","2","5",0.658713484791998
"M4","haplotype-tagged","PH","CV2","2","5",0.649580932215737
"M4","genome-wide","PH","CV0","2","1",0.648728325424646
"M4","haplotype-tagged","PH","CV0","2","1",0.63498490360845
"M4","genome-wide","PH","CV0","2","2",0.642152889713535
"M4","haplotype-tagged","PH","CV0","2","2",0.631831418527712
"M4","genome-wide","PH","CV0","2","3",0.616421402064855
"M4","haplotype-tagged","PH","CV0","2","3",0.597412362991552
"M4","genome-wide","PH","CV0","2","4",0.649724768861788
"M4","haplotype-tagged","PH","CV0","2","4",0.631104103761845
"M4","genome-wide","PH","CV0","2","5",0.115723449250025
"M4","haplotype-tagged","PH","CV0","2","5",0.112570512013641
"M4","genome-wide","PH","CV00","2","1",0.0643642747487406
"M4","haplotype-tagged","PH","CV00","2","1",-0.0327815502032121
"M4","genome-wide","PH","CV00","2","2",0.35945884954106
"M4","haplotype-tagged","PH","CV00","2","2",0.224680651947113
"M4","genome-wide","PH","CV00","2","3",0.471094255531956
"M4","haplotype-tagged","PH","CV00","2","3",0.264912786135669
"M4","genome-wide","PH","CV00","2","4",0.490145259352516
"M4","haplotype-tagged","PH","CV00","2","4",0.316802254250758
"M4","genome-wide","PH","CV00","2","5",0.61304121523111
"M4","haplotype-tagged","PH","CV00","2","5",0.518898940799823
"M4","genome-wide","PPP","CV1","2","1",0.196300979056165
"M4","haplotype-tagged","PPP","CV1","2","1",0.140048710427105
"M4","genome-wide","PPP","CV1","2","2",0.113287713989479
"M4","haplotype-tagged","PPP","CV1","2","2",0.0891617115089299
"M4","genome-wide","PPP","CV1","2","3",0.242844275791561
"M4","haplotype-tagged","PPP","CV1","2","3",0.155915549973555
"M4","genome-wide","PPP","CV1","2","4",0.12180644066979
"M4","haplotype-tagged","PPP","CV1","2","4",0.207753148533725
"M4","genome-wide","PPP","CV1","2","5",0.128049059186215
"M4","haplotype-tagged","PPP","CV1","2","5",0.191867084244569
"M4","genome-wide","PPP","CV2","2","1",0.188227680758437
"M4","haplotype-tagged","PPP","CV2","2","1",0.218451682798206
"M4","genome-wide","PPP","CV2","2","2",0.108560092158147
"M4","haplotype-tagged","PPP","CV2","2","2",0.159413540602963
"M4","genome-wide","PPP","CV2","2","3",0.16729750333373
"M4","haplotype-tagged","PPP","CV2","2","3",0.131684896947847
"M4","genome-wide","PPP","CV2","2","4",0.0697881497471897
"M4","haplotype-tagged","PPP","CV2","2","4",0.0550004848715824
"M4","genome-wide","PPP","CV2","2","5",0.180469827995578
"M4","haplotype-tagged","PPP","CV2","2","5",0.184296161514013
"M4","genome-wide","PPP","CV0","2","1",0.182952161003919
"M4","haplotype-tagged","PPP","CV0","2","1",0.199456183221452
"M4","genome-wide","PPP","CV0","2","2",0.0743545362505258
"M4","haplotype-tagged","PPP","CV0","2","2",0.0839168574304823
"M4","genome-wide","PPP","CV0","2","3",0.223473705123333
"M4","haplotype-tagged","PPP","CV0","2","3",0.243573222864945
"M4","genome-wide","PPP","CV0","2","4",0.181498871912192
"M4","haplotype-tagged","PPP","CV0","2","4",0.187881387077043
"M4","genome-wide","PPP","CV0","2","5",-0.0139493391712106
"M4","haplotype-tagged","PPP","CV0","2","5",-0.000843566604966666
"M4","genome-wide","PPP","CV00","2","1",0.11531769865806
"M4","haplotype-tagged","PPP","CV00","2","1",0.113333732509533
"M4","genome-wide","PPP","CV00","2","2",-0.0298398838498451
"M4","haplotype-tagged","PPP","CV00","2","2",-0.107127384832798
"M4","genome-wide","PPP","CV00","2","3",0.2090159122562
"M4","haplotype-tagged","PPP","CV00","2","3",0.191366746869589
"M4","genome-wide","PPP","CV00","2","4",0.319545325461493
"M4","haplotype-tagged","PPP","CV00","2","4",0.28971815603992
"M4","genome-wide","PPP","CV00","2","5",0.046263291474757
"M4","haplotype-tagged","PPP","CV00","2","5",-0.0786870955362474
"M4","genome-wide","YPPlnt","CV1","2","1",0.162899013070664
"M4","haplotype-tagged","YPPlnt","CV1","2","1",0.070764420315501
"M4","genome-wide","YPPlnt","CV1","2","2",0.173296549986256
"M4","haplotype-tagged","YPPlnt","CV1","2","2",0.0942426099804087
"M4","genome-wide","YPPlnt","CV1","2","3",0.0348746370876639
"M4","haplotype-tagged","YPPlnt","CV1","2","3",-0.000918102449457555
"M4","genome-wide","YPPlnt","CV1","2","4",0.224278082549897
"M4","haplotype-tagged","YPPlnt","CV1","2","4",0.201913153787837
"M4","genome-wide","YPPlnt","CV1","2","5",0.00677135879167802
"M4","haplotype-tagged","YPPlnt","CV1","2","5",0.0564602387701708
"M4","genome-wide","YPPlnt","CV2","2","1",0.14509240822568
"M4","haplotype-tagged","YPPlnt","CV2","2","1",0.121193125358476
"M4","genome-wide","YPPlnt","CV2","2","2",0.173046800037997
"M4","haplotype-tagged","YPPlnt","CV2","2","2",0.167615083806259
"M4","genome-wide","YPPlnt","CV2","2","3",0.137946596984706
"M4","haplotype-tagged","YPPlnt","CV2","2","3",0.152252768295368
"M4","genome-wide","YPPlnt","CV2","2","4",0.130404015184232
"M4","haplotype-tagged","YPPlnt","CV2","2","4",0.0641677960058097
"M4","genome-wide","YPPlnt","CV2","2","5",0.159479184693178
"M4","haplotype-tagged","YPPlnt","CV2","2","5",0.157418573983422
"M4","genome-wide","YPPlnt","CV0","2","1",0.174591968962138
"M4","haplotype-tagged","YPPlnt","CV0","2","1",0.167931415256241
"M4","genome-wide","YPPlnt","CV0","2","2",0.22143842535542
"M4","haplotype-tagged","YPPlnt","CV0","2","2",0.206337411298528
"M4","genome-wide","YPPlnt","CV0","2","3",0.0981417194519727
"M4","haplotype-tagged","YPPlnt","CV0","2","3",0.108579592735823
"M4","genome-wide","YPPlnt","CV0","2","4",0.0593575071093511
"M4","haplotype-tagged","YPPlnt","CV0","2","4",0.0347188156612598
"M4","genome-wide","YPPlnt","CV0","2","5",0.201756174017197
"M4","haplotype-tagged","YPPlnt","CV0","2","5",0.209220633500519
"M4","genome-wide","YPPlnt","CV00","2","1",-0.0639727133144368
"M4","haplotype-tagged","YPPlnt","CV00","2","1",-0.165267426589111
"M4","genome-wide","YPPlnt","CV00","2","2",-0.0687675225478437
"M4","haplotype-tagged","YPPlnt","CV00","2","2",0.0735012338959427
"M4","genome-wide","YPPlnt","CV00","2","3",0.0893246070087356
"M4","haplotype-tagged","YPPlnt","CV00","2","3",-0.0572917142589459
"M4","genome-wide","YPPlnt","CV00","2","4",0.151925727134978
"M4","haplotype-tagged","YPPlnt","CV00","2","4",0.259038354073796
"M4","genome-wide","YPPlnt","CV00","2","5",0.0898203983876033
"M4","haplotype-tagged","YPPlnt","CV00","2","5",0.128916751412401
"M4","genome-wide","DTF","CV1","3","1",0.519155325515292
"M4","haplotype-tagged","DTF","CV1","3","1",0.258930666167406
"M4","genome-wide","DTF","CV1","3","2",0.434950115824296
"M4","haplotype-tagged","DTF","CV1","3","2",0.276274948211733
"M4","genome-wide","DTF","CV1","3","3",0.361215157904691
"M4","haplotype-tagged","DTF","CV1","3","3",0.213959788713598
"M4","genome-wide","DTF","CV1","3","4",0.512422672725878
"M4","haplotype-tagged","DTF","CV1","3","4",0.339302446922406
"M4","genome-wide","DTF","CV1","3","5",0.398697504862973
"M4","haplotype-tagged","DTF","CV1","3","5",0.249282920722797
"M4","genome-wide","DTF","CV2","3","1",0.576995310185036
"M4","haplotype-tagged","DTF","CV2","3","1",0.5842163134318
"M4","genome-wide","DTF","CV2","3","2",0.617786077213313
"M4","haplotype-tagged","DTF","CV2","3","2",0.593925857069489
"M4","genome-wide","DTF","CV2","3","3",0.60717869570234
"M4","haplotype-tagged","DTF","CV2","3","3",0.597985667873854
"M4","genome-wide","DTF","CV2","3","4",0.602822785010074
"M4","haplotype-tagged","DTF","CV2","3","4",0.603177077132578
"M4","genome-wide","DTF","CV2","3","5",0.583391607582809
"M4","haplotype-tagged","DTF","CV2","3","5",0.612644688494753
"M4","genome-wide","DTF","CV0","3","1",0.637237957042056
"M4","haplotype-tagged","DTF","CV0","3","1",0.640483461484212
"M4","genome-wide","DTF","CV0","3","2",0.632985382171929
"M4","haplotype-tagged","DTF","CV0","3","2",0.628748749059836
"M4","genome-wide","DTF","CV0","3","3",0.694604578075468
"M4","haplotype-tagged","DTF","CV0","3","3",0.689374352901322
"M4","genome-wide","DTF","CV0","3","4",0.487859747791289
"M4","haplotype-tagged","DTF","CV0","3","4",0.517537512319597
"M4","genome-wide","DTF","CV0","3","5",0.631101620066336
"M4","haplotype-tagged","DTF","CV0","3","5",0.605303884373743
"M4","genome-wide","DTF","CV00","3","1",0.348806702779682
"M4","haplotype-tagged","DTF","CV00","3","1",0.121687653246627
"M4","genome-wide","DTF","CV00","3","2",0.3497353135765
"M4","haplotype-tagged","DTF","CV00","3","2",0.170983445567029
"M4","genome-wide","DTF","CV00","3","3",0.591384064107698
"M4","haplotype-tagged","DTF","CV00","3","3",0.362482092488619
"M4","genome-wide","DTF","CV00","3","4",0.656778374125851
"M4","haplotype-tagged","DTF","CV00","3","4",0.319340579529947
"M4","genome-wide","DTF","CV00","3","5",0.490811806976517
"M4","haplotype-tagged","DTF","CV00","3","5",0.215805862866592
"M4","genome-wide","DTM","CV1","3","1",0.289333472039063
"M4","haplotype-tagged","DTM","CV1","3","1",0.240836645103821
"M4","genome-wide","DTM","CV1","3","2",0.370370102759833
"M4","haplotype-tagged","DTM","CV1","3","2",0.327648364655404
"M4","genome-wide","DTM","CV1","3","3",0.234728753705495
"M4","haplotype-tagged","DTM","CV1","3","3",0.0635426679676287
"M4","genome-wide","DTM","CV1","3","4",0.378235043658028
"M4","haplotype-tagged","DTM","CV1","3","4",0.18888274291852
"M4","genome-wide","DTM","CV1","3","5",0.292643217494282
"M4","haplotype-tagged","DTM","CV1","3","5",0.114105226240576
"M4","genome-wide","DTM","CV2","3","1",0.494701025468899
"M4","haplotype-tagged","DTM","CV2","3","1",0.514658267158012
"M4","genome-wide","DTM","CV2","3","2",0.527001522580285
"M4","haplotype-tagged","DTM","CV2","3","2",0.510286675587819
"M4","genome-wide","DTM","CV2","3","3",0.487147904663504
"M4","haplotype-tagged","DTM","CV2","3","3",0.465276091196065
"M4","genome-wide","DTM","CV2","3","4",0.440027243016343
"M4","haplotype-tagged","DTM","CV2","3","4",0.446580025476064
"M4","genome-wide","DTM","CV2","3","5",0.48322732620098
"M4","haplotype-tagged","DTM","CV2","3","5",0.479095114846667
"M4","genome-wide","DTM","CV0","3","1",0.529385102319495
"M4","haplotype-tagged","DTM","CV0","3","1",0.517321671823695
"M4","genome-wide","DTM","CV0","3","2",0.519702973873315
"M4","haplotype-tagged","DTM","CV0","3","2",0.50255250427681
"M4","genome-wide","DTM","CV0","3","3",0.490930706709123
"M4","haplotype-tagged","DTM","CV0","3","3",0.462714922730178
"M4","genome-wide","DTM","CV0","3","4",0.448672697923793
"M4","haplotype-tagged","DTM","CV0","3","4",0.420188457839437
"M4","genome-wide","DTM","CV0","3","5",0.405349772377815
"M4","haplotype-tagged","DTM","CV0","3","5",0.386058182884879
"M4","genome-wide","DTM","CV00","3","1",0.125015726539183
"M4","haplotype-tagged","DTM","CV00","3","1",0.162213364833899
"M4","genome-wide","DTM","CV00","3","2",0.377850448056848
"M4","haplotype-tagged","DTM","CV00","3","2",0.167629878837086
"M4","genome-wide","DTM","CV00","3","3",0.399325614793226
"M4","haplotype-tagged","DTM","CV00","3","3",0.311036911508395
"M4","genome-wide","DTM","CV00","3","4",0.343817575162093
"M4","haplotype-tagged","DTM","CV00","3","4",0.276864473855031
"M4","genome-wide","DTM","CV00","3","5",0.0977552402859567
"M4","haplotype-tagged","DTM","CV00","3","5",-0.0358675143666113
"M4","genome-wide","HSW","CV1","3","1",0.427592263406816
"M4","haplotype-tagged","HSW","CV1","3","1",0.375792166694118
"M4","genome-wide","HSW","CV1","3","2",0.666875427892169
"M4","haplotype-tagged","HSW","CV1","3","2",0.40777374964289
"M4","genome-wide","HSW","CV1","3","3",0.608951096011552
"M4","haplotype-tagged","HSW","CV1","3","3",0.554340056325145
"M4","genome-wide","HSW","CV1","3","4",0.586521677159967
"M4","haplotype-tagged","HSW","CV1","3","4",0.491728153611875
"M4","genome-wide","HSW","CV1","3","5",0.4595939708952
"M4","haplotype-tagged","HSW","CV1","3","5",0.198149071133417
"M4","genome-wide","HSW","CV2","3","1",0.722587884310579
"M4","haplotype-tagged","HSW","CV2","3","1",0.726918246686867
"M4","genome-wide","HSW","CV2","3","2",0.756341774606053
"M4","haplotype-tagged","HSW","CV2","3","2",0.761352371489219
"M4","genome-wide","HSW","CV2","3","3",0.778714644098962
"M4","haplotype-tagged","HSW","CV2","3","3",0.779769450544089
"M4","genome-wide","HSW","CV2","3","4",0.741536128042745
"M4","haplotype-tagged","HSW","CV2","3","4",0.746171389503571
"M4","genome-wide","HSW","CV2","3","5",0.739283987434715
"M4","haplotype-tagged","HSW","CV2","3","5",0.728863177672266
"M4","genome-wide","HSW","CV0","3","1",0.724001745502247
"M4","haplotype-tagged","HSW","CV0","3","1",0.721536189830564
"M4","genome-wide","HSW","CV0","3","2",0.75255393422004
"M4","haplotype-tagged","HSW","CV0","3","2",0.746640898335574
"M4","genome-wide","HSW","CV0","3","3",0.800645206734528
"M4","haplotype-tagged","HSW","CV0","3","3",0.804027843326407
"M4","genome-wide","HSW","CV0","3","4",0.746799758735909
"M4","haplotype-tagged","HSW","CV0","3","4",0.744560676178982
"M4","genome-wide","HSW","CV0","3","5",0.778779520738205
"M4","haplotype-tagged","HSW","CV0","3","5",0.782352794779391
"M4","genome-wide","HSW","CV00","3","1",0.683079479295354
"M4","haplotype-tagged","HSW","CV00","3","1",0.435443489787006
"M4","genome-wide","HSW","CV00","3","2",0.406881286670837
"M4","haplotype-tagged","HSW","CV00","3","2",0.457169619672143
"M4","genome-wide","HSW","CV00","3","3",0.628133554793054
"M4","haplotype-tagged","HSW","CV00","3","3",0.551955814289096
"M4","genome-wide","HSW","CV00","3","4",0.334995221684742
"M4","haplotype-tagged","HSW","CV00","3","4",0.228370251118189
"M4","genome-wide","HSW","CV00","3","5",0.423856087740208
"M4","haplotype-tagged","HSW","CV00","3","5",0.244212934500602
"M4","genome-wide","PH","CV1","3","1",0.49553752167079
"M4","haplotype-tagged","PH","CV1","3","1",0.391187172584502
"M4","genome-wide","PH","CV1","3","2",0.431417497348283
"M4","haplotype-tagged","PH","CV1","3","2",0.430816672157916
"M4","genome-wide","PH","CV1","3","3",0.481505647584526
"M4","haplotype-tagged","PH","CV1","3","3",0.469999774735931
"M4","genome-wide","PH","CV1","3","4",0.538198898868007
"M4","haplotype-tagged","PH","CV1","3","4",0.420273315449615
"M4","genome-wide","PH","CV1","3","5",0.265445306790413
"M4","haplotype-tagged","PH","CV1","3","5",0.170002537434262
"M4","genome-wide","PH","CV2","3","1",0.496759701710349
"M4","haplotype-tagged","PH","CV2","3","1",0.488945214046155
"M4","genome-wide","PH","CV2","3","2",0.65710932802563
"M4","haplotype-tagged","PH","CV2","3","2",0.615953643881375
"M4","genome-wide","PH","CV2","3","3",0.589989021574778
"M4","haplotype-tagged","PH","CV2","3","3",0.574266854829371
"M4","genome-wide","PH","CV2","3","4",0.551043969577211
"M4","haplotype-tagged","PH","CV2","3","4",0.541186034518549
"M4","genome-wide","PH","CV2","3","5",0.60756570233144
"M4","haplotype-tagged","PH","CV2","3","5",0.582058239591045
"M4","genome-wide","PH","CV0","3","1",0.718981412744135
"M4","haplotype-tagged","PH","CV0","3","1",0.703810402599202
"M4","genome-wide","PH","CV0","3","2",0.58658943858425
"M4","haplotype-tagged","PH","CV0","3","2",0.564651356405051
"M4","genome-wide","PH","CV0","3","3",0.644554430974273
"M4","haplotype-tagged","PH","CV0","3","3",0.639308021849261
"M4","genome-wide","PH","CV0","3","4",0.352538391990406
"M4","haplotype-tagged","PH","CV0","3","4",0.358861015777144
"M4","genome-wide","PH","CV0","3","5",0.653988991220381
"M4","haplotype-tagged","PH","CV0","3","5",0.64428598429451
"M4","genome-wide","PH","CV00","3","1",0.521784071348933
"M4","haplotype-tagged","PH","CV00","3","1",0.483893972087002
"M4","genome-wide","PH","CV00","3","2",0.304067034861326
"M4","haplotype-tagged","PH","CV00","3","2",0.28439932049171
"M4","genome-wide","PH","CV00","3","3",0.632469756094734
"M4","haplotype-tagged","PH","CV00","3","3",0.388358648369753
"M4","genome-wide","PH","CV00","3","4",0.211986714126129
"M4","haplotype-tagged","PH","CV00","3","4",0.150133231324164
"M4","genome-wide","PH","CV00","3","5",0.621724776604064
"M4","haplotype-tagged","PH","CV00","3","5",0.388676458130265
"M4","genome-wide","PPP","CV1","3","1",0.162747502099619
"M4","haplotype-tagged","PPP","CV1","3","1",0.163945701425661
"M4","genome-wide","PPP","CV1","3","2",0.161853784345607
"M4","haplotype-tagged","PPP","CV1","3","2",0.15197612657273
"M4","genome-wide","PPP","CV1","3","3",0.227338771048179
"M4","haplotype-tagged","PPP","CV1","3","3",0.145182619247691
"M4","genome-wide","PPP","CV1","3","4",0.172092141195722
"M4","haplotype-tagged","PPP","CV1","3","4",0.199924144598012
"M4","genome-wide","PPP","CV1","3","5",0.178364339349852
"M4","haplotype-tagged","PPP","CV1","3","5",0.123499865147624
"M4","genome-wide","PPP","CV2","3","1",0.100910145247765
"M4","haplotype-tagged","PPP","CV2","3","1",0.0650735377553823
"M4","genome-wide","PPP","CV2","3","2",0.180164037462834
"M4","haplotype-tagged","PPP","CV2","3","2",0.176880856675399
"M4","genome-wide","PPP","CV2","3","3",0.209298399408687
"M4","haplotype-tagged","PPP","CV2","3","3",0.213750427476537
"M4","genome-wide","PPP","CV2","3","4",0.186564362545832
"M4","haplotype-tagged","PPP","CV2","3","4",0.161659859066378
"M4","genome-wide","PPP","CV2","3","5",0.198265132183586
"M4","haplotype-tagged","PPP","CV2","3","5",0.193115081172459
"M4","genome-wide","PPP","CV0","3","1",0.237713633149779
"M4","haplotype-tagged","PPP","CV0","3","1",0.207485795920933
"M4","genome-wide","PPP","CV0","3","2",0.186922576059083
"M4","haplotype-tagged","PPP","CV0","3","2",0.196205808940629
"M4","genome-wide","PPP","CV0","3","3",0.1854597209147
"M4","haplotype-tagged","PPP","CV0","3","3",0.201897402623112
"M4","genome-wide","PPP","CV0","3","4",0.0453717940263858
"M4","haplotype-tagged","PPP","CV0","3","4",0.0484092558086207
"M4","genome-wide","PPP","CV0","3","5",0.0823916803382871
"M4","haplotype-tagged","PPP","CV0","3","5",0.0961393279422537
"M4","genome-wide","PPP","CV00","3","1",0.206085536354239
"M4","haplotype-tagged","PPP","CV00","3","1",0.170532434069362
"M4","genome-wide","PPP","CV00","3","2",0.0787972224345327
"M4","haplotype-tagged","PPP","CV00","3","2",0.120831309237092
"M4","genome-wide","PPP","CV00","3","3",0.285100853414986
"M4","haplotype-tagged","PPP","CV00","3","3",0.0877997971868662
"M4","genome-wide","PPP","CV00","3","4",0.390071965590291
"M4","haplotype-tagged","PPP","CV00","3","4",0.315703271723033
"M4","genome-wide","PPP","CV00","3","5",0.0971336762134239
"M4","haplotype-tagged","PPP","CV00","3","5",-0.0282652440607186
"M4","genome-wide","YPPlnt","CV1","3","1",0.0886517942223231
"M4","haplotype-tagged","YPPlnt","CV1","3","1",-0.0185223059810973
"M4","genome-wide","YPPlnt","CV1","3","2",0.203230347618728
"M4","haplotype-tagged","YPPlnt","CV1","3","2",0.161813943118683
"M4","genome-wide","YPPlnt","CV1","3","3",0.0754637956480819
"M4","haplotype-tagged","YPPlnt","CV1","3","3",0.0226776620874706
"M4","genome-wide","YPPlnt","CV1","3","4",0.105816363074888
"M4","haplotype-tagged","YPPlnt","CV1","3","4",0.112108708570667
"M4","genome-wide","YPPlnt","CV1","3","5",0.0788643557040603
"M4","haplotype-tagged","YPPlnt","CV1","3","5",-0.0116669827617114
"M4","genome-wide","YPPlnt","CV2","3","1",0.0484274630095697
"M4","haplotype-tagged","YPPlnt","CV2","3","1",0.109658312365496
"M4","genome-wide","YPPlnt","CV2","3","2",0.160229517749931
"M4","haplotype-tagged","YPPlnt","CV2","3","2",0.137697968836591
"M4","genome-wide","YPPlnt","CV2","3","3",0.0887477580284662
"M4","haplotype-tagged","YPPlnt","CV2","3","3",0.0717455731101799
"M4","genome-wide","YPPlnt","CV2","3","4",0.222522755065121
"M4","haplotype-tagged","YPPlnt","CV2","3","4",0.245070309091659
"M4","genome-wide","YPPlnt","CV2","3","5",0.0746529189528817
"M4","haplotype-tagged","YPPlnt","CV2","3","5",0.0819654474340441
"M4","genome-wide","YPPlnt","CV0","3","1",0.0994293764860194
"M4","haplotype-tagged","YPPlnt","CV0","3","1",0.106035758103816
"M4","genome-wide","YPPlnt","CV0","3","2",0.143410315948305
"M4","haplotype-tagged","YPPlnt","CV0","3","2",0.138090865462859
"M4","genome-wide","YPPlnt","CV0","3","3",0.170030627200033
"M4","haplotype-tagged","YPPlnt","CV0","3","3",0.167726894692934
"M4","genome-wide","YPPlnt","CV0","3","4",0.200118470322179
"M4","haplotype-tagged","YPPlnt","CV0","3","4",0.165145012365904
"M4","genome-wide","YPPlnt","CV0","3","5",0.252288475382959
"M4","haplotype-tagged","YPPlnt","CV0","3","5",0.226451247005304
"M4","genome-wide","YPPlnt","CV00","3","1",-0.00572695767733988
"M4","haplotype-tagged","YPPlnt","CV00","3","1",0.181053732081802
"M4","genome-wide","YPPlnt","CV00","3","2",-0.0518618724560389
"M4","haplotype-tagged","YPPlnt","CV00","3","2",-0.0653209933298639
"M4","genome-wide","YPPlnt","CV00","3","3",0.213820785814184
"M4","haplotype-tagged","YPPlnt","CV00","3","3",0.263100374519333
"M4","genome-wide","YPPlnt","CV00","3","4",0.117002975526459
"M4","haplotype-tagged","YPPlnt","CV00","3","4",0.141540211629009
"M4","genome-wide","YPPlnt","CV00","3","5",0.313285389069244
"M4","haplotype-tagged","YPPlnt","CV00","3","5",0.247419130376669
"M4","genome-wide","DTF","CV1","4","1",0.386396794095853
"M4","haplotype-tagged","DTF","CV1","4","1",0.338619863133375
"M4","genome-wide","DTF","CV1","4","2",0.324073268505034
"M4","haplotype-tagged","DTF","CV1","4","2",0.259995509043627
"M4","genome-wide","DTF","CV1","4","3",0.504836267778094
"M4","haplotype-tagged","DTF","CV1","4","3",0.324206863191159
"M4","genome-wide","DTF","CV1","4","4",0.4334464901829
"M4","haplotype-tagged","DTF","CV1","4","4",0.408109336730083
"M4","genome-wide","DTF","CV1","4","5",0.493982877091107
"M4","haplotype-tagged","DTF","CV1","4","5",0.406197336676793
"M4","genome-wide","DTF","CV2","4","1",0.558201616074978
"M4","haplotype-tagged","DTF","CV2","4","1",0.543428200299015
"M4","genome-wide","DTF","CV2","4","2",0.639797732966418
"M4","haplotype-tagged","DTF","CV2","4","2",0.623161338954837
"M4","genome-wide","DTF","CV2","4","3",0.567837622608406
"M4","haplotype-tagged","DTF","CV2","4","3",0.565431676832667
"M4","genome-wide","DTF","CV2","4","4",0.613731719686812
"M4","haplotype-tagged","DTF","CV2","4","4",0.62612314725209
"M4","genome-wide","DTF","CV2","4","5",0.616718074561495
"M4","haplotype-tagged","DTF","CV2","4","5",0.605742077223124
"M4","genome-wide","DTF","CV0","4","1",0.607022257614295
"M4","haplotype-tagged","DTF","CV0","4","1",0.595840229050261
"M4","genome-wide","DTF","CV0","4","2",0.505041098694677
"M4","haplotype-tagged","DTF","CV0","4","2",0.495005475298517
"M4","genome-wide","DTF","CV0","4","3",0.696356730550751
"M4","haplotype-tagged","DTF","CV0","4","3",0.688162058210082
"M4","genome-wide","DTF","CV0","4","4",0.62166217120283
"M4","haplotype-tagged","DTF","CV0","4","4",0.615506605155353
"M4","genome-wide","DTF","CV0","4","5",0.772723404880387
"M4","haplotype-tagged","DTF","CV0","4","5",0.771287875010268
"M4","genome-wide","DTF","CV00","4","1",0.468096887321281
"M4","haplotype-tagged","DTF","CV00","4","1",0.285116729028973
"M4","genome-wide","DTF","CV00","4","2",0.539329955336296
"M4","haplotype-tagged","DTF","CV00","4","2",0.508259881485236
"M4","genome-wide","DTF","CV00","4","3",0.208247377561178
"M4","haplotype-tagged","DTF","CV00","4","3",0.0889254773189938
"M4","genome-wide","DTF","CV00","4","4",0.51129208070177
"M4","haplotype-tagged","DTF","CV00","4","4",0.283229687234965
"M4","genome-wide","DTF","CV00","4","5",0.615130269985954
"M4","haplotype-tagged","DTF","CV00","4","5",0.320301909185724
"M4","genome-wide","DTM","CV1","4","1",0.436745022689921
"M4","haplotype-tagged","DTM","CV1","4","1",0.206746644657128
"M4","genome-wide","DTM","CV1","4","2",0.246025492539971
"M4","haplotype-tagged","DTM","CV1","4","2",0.172816102594472
"M4","genome-wide","DTM","CV1","4","3",0.301552700166117
"M4","haplotype-tagged","DTM","CV1","4","3",0.259812589500485
"M4","genome-wide","DTM","CV1","4","4",0.265860471141721
"M4","haplotype-tagged","DTM","CV1","4","4",0.24037622527844
"M4","genome-wide","DTM","CV1","4","5",0.474250700488805
"M4","haplotype-tagged","DTM","CV1","4","5",0.234920605587379
"M4","genome-wide","DTM","CV2","4","1",0.493372207137906
"M4","haplotype-tagged","DTM","CV2","4","1",0.482059029337177
"M4","genome-wide","DTM","CV2","4","2",0.52935393507469
"M4","haplotype-tagged","DTM","CV2","4","2",0.534525025874324
"M4","genome-wide","DTM","CV2","4","3",0.476223883739377
"M4","haplotype-tagged","DTM","CV2","4","3",0.488493819249227
"M4","genome-wide","DTM","CV2","4","4",0.469139285012474
"M4","haplotype-tagged","DTM","CV2","4","4",0.462419236171814
"M4","genome-wide","DTM","CV2","4","5",0.468084200684599
"M4","haplotype-tagged","DTM","CV2","4","5",0.438829997581956
"M4","genome-wide","DTM","CV0","4","1",0.480661843761846
"M4","haplotype-tagged","DTM","CV0","4","1",0.46901986629411
"M4","genome-wide","DTM","CV0","4","2",0.378908176984354
"M4","haplotype-tagged","DTM","CV0","4","2",0.371084093392552
"M4","genome-wide","DTM","CV0","4","3",0.470242742562501
"M4","haplotype-tagged","DTM","CV0","4","3",0.47073109569106
"M4","genome-wide","DTM","CV0","4","4",0.471586783883907
"M4","haplotype-tagged","DTM","CV0","4","4",0.445235583763628
"M4","genome-wide","DTM","CV0","4","5",0.699461732256345
"M4","haplotype-tagged","DTM","CV0","4","5",0.670481680710895
"M4","genome-wide","DTM","CV00","4","1",0.331348760551631
"M4","haplotype-tagged","DTM","CV00","4","1",0.27254618523589
"M4","genome-wide","DTM","CV00","4","2",0.323369368952129
"M4","haplotype-tagged","DTM","CV00","4","2",0.21079610887736
"M4","genome-wide","DTM","CV00","4","3",0.226698724128541
"M4","haplotype-tagged","DTM","CV00","4","3",0.0108310736453679
"M4","genome-wide","DTM","CV00","4","4",0.272421840750915
"M4","haplotype-tagged","DTM","CV00","4","4",0.106654704008005
"M4","genome-wide","DTM","CV00","4","5",0.447801788113259
"M4","haplotype-tagged","DTM","CV00","4","5",0.318113421751273
"M4","genome-wide","HSW","CV1","4","1",0.583009184994707
"M4","haplotype-tagged","HSW","CV1","4","1",0.462176896627136
"M4","genome-wide","HSW","CV1","4","2",0.456090685553424
"M4","haplotype-tagged","HSW","CV1","4","2",0.334869946260744
"M4","genome-wide","HSW","CV1","4","3",0.530345536930547
"M4","haplotype-tagged","HSW","CV1","4","3",0.229729633501089
"M4","genome-wide","HSW","CV1","4","4",0.607537737918659
"M4","haplotype-tagged","HSW","CV1","4","4",0.331766677704756
"M4","genome-wide","HSW","CV1","4","5",0.650646937730692
"M4","haplotype-tagged","HSW","CV1","4","5",0.533129381240888
"M4","genome-wide","HSW","CV2","4","1",0.747454437524263
"M4","haplotype-tagged","HSW","CV2","4","1",0.754833867493165
"M4","genome-wide","HSW","CV2","4","2",0.774228843047423
"M4","haplotype-tagged","HSW","CV2","4","2",0.78668105306397
"M4","genome-wide","HSW","CV2","4","3",0.704239259110921
"M4","haplotype-tagged","HSW","CV2","4","3",0.704091002455138
"M4","genome-wide","HSW","CV2","4","4",0.760169746782455
"M4","haplotype-tagged","HSW","CV2","4","4",0.751179273455778
"M4","genome-wide","HSW","CV2","4","5",0.765528146214163
"M4","haplotype-tagged","HSW","CV2","4","5",0.769339553335207
"M4","genome-wide","HSW","CV0","4","1",0.712270043066255
"M4","haplotype-tagged","HSW","CV0","4","1",0.704073859872039
"M4","genome-wide","HSW","CV0","4","2",0.697063840738762
"M4","haplotype-tagged","HSW","CV0","4","2",0.699629951454315
"M4","genome-wide","HSW","CV0","4","3",0.800472105761226
"M4","haplotype-tagged","HSW","CV0","4","3",0.804682346777994
"M4","genome-wide","HSW","CV0","4","4",0.784262258747179
"M4","haplotype-tagged","HSW","CV0","4","4",0.781704614818831
"M4","genome-wide","HSW","CV0","4","5",0.77758240105055
"M4","haplotype-tagged","HSW","CV0","4","5",0.780062514920523
"M4","genome-wide","HSW","CV00","4","1",0.433222408274929
"M4","haplotype-tagged","HSW","CV00","4","1",0.184251230019016
"M4","genome-wide","HSW","CV00","4","2",0.608789689402884
"M4","haplotype-tagged","HSW","CV00","4","2",0.563226700988171
"M4","genome-wide","HSW","CV00","4","3",0.684858784345986
"M4","haplotype-tagged","HSW","CV00","4","3",0.371366053419964
"M4","genome-wide","HSW","CV00","4","4",0.631674339001882
"M4","haplotype-tagged","HSW","CV00","4","4",0.442163656535043
"M4","genome-wide","HSW","CV00","4","5",0.681169171079783
"M4","haplotype-tagged","HSW","CV00","4","5",0.500582451789866
"M4","genome-wide","PH","CV1","4","1",0.510614110433115
"M4","haplotype-tagged","PH","CV1","4","1",0.483990402650765
"M4","genome-wide","PH","CV1","4","2",0.147111956797418
"M4","haplotype-tagged","PH","CV1","4","2",0.228786839129378
"M4","genome-wide","PH","CV1","4","3",0.45762567364026
"M4","haplotype-tagged","PH","CV1","4","3",0.432192543730301
"M4","genome-wide","PH","CV1","4","4",0.223172902619675
"M4","haplotype-tagged","PH","CV1","4","4",0.097652448853107
"M4","genome-wide","PH","CV1","4","5",0.567669086419381
"M4","haplotype-tagged","PH","CV1","4","5",0.452038905061145
"M4","genome-wide","PH","CV2","4","1",0.632529457971239
"M4","haplotype-tagged","PH","CV2","4","1",0.621558057104993
"M4","genome-wide","PH","CV2","4","2",0.534974421413228
"M4","haplotype-tagged","PH","CV2","4","2",0.528195096394559
"M4","genome-wide","PH","CV2","4","3",0.596573765532422
"M4","haplotype-tagged","PH","CV2","4","3",0.568644812743562
"M4","genome-wide","PH","CV2","4","4",0.473563857867535
"M4","haplotype-tagged","PH","CV2","4","4",0.441909059303495
"M4","genome-wide","PH","CV2","4","5",0.547243562442262
"M4","haplotype-tagged","PH","CV2","4","5",0.542170100277236
"M4","genome-wide","PH","CV0","4","1",0.706886702880706
"M4","haplotype-tagged","PH","CV0","4","1",0.676617514903676
"M4","genome-wide","PH","CV0","4","2",0.611357626488439
"M4","haplotype-tagged","PH","CV0","4","2",0.613837163390737
"M4","genome-wide","PH","CV0","4","3",0.641288822818293
"M4","haplotype-tagged","PH","CV0","4","3",0.640047855817865
"M4","genome-wide","PH","CV0","4","4",0.294693355946207
"M4","haplotype-tagged","PH","CV0","4","4",0.279342802274671
"M4","genome-wide","PH","CV0","4","5",0.751162970721392
"M4","haplotype-tagged","PH","CV0","4","5",0.71637116840784
"M4","genome-wide","PH","CV00","4","1",0.55555851229481
"M4","haplotype-tagged","PH","CV00","4","1",0.416038182475027
"M4","genome-wide","PH","CV00","4","2",0.0805171709338924
"M4","haplotype-tagged","PH","CV00","4","2",-0.0280741927320879
"M4","genome-wide","PH","CV00","4","3",0.47098869477092
"M4","haplotype-tagged","PH","CV00","4","3",0.357442988475775
"M4","genome-wide","PH","CV00","4","4",0.50062595207326
"M4","haplotype-tagged","PH","CV00","4","4",0.276118764280718
"M4","genome-wide","PH","CV00","4","5",0.176346675016422
"M4","haplotype-tagged","PH","CV00","4","5",-0.00381976759743604
"M4","genome-wide","PPP","CV1","4","1",0.242241581096606
"M4","haplotype-tagged","PPP","CV1","4","1",0.240552560763676
"M4","genome-wide","PPP","CV1","4","2",0.223690623559395
"M4","haplotype-tagged","PPP","CV1","4","2",0.174979786647832
"M4","genome-wide","PPP","CV1","4","3",0.112522615444441
"M4","haplotype-tagged","PPP","CV1","4","3",0.0840278926063359
"M4","genome-wide","PPP","CV1","4","4",0.0363369721285966
"M4","haplotype-tagged","PPP","CV1","4","4",0.0852183309888607
"M4","genome-wide","PPP","CV1","4","5",0.279895062643578
"M4","haplotype-tagged","PPP","CV1","4","5",0.211880375105261
"M4","genome-wide","PPP","CV2","4","1",0.147469369119827
"M4","haplotype-tagged","PPP","CV2","4","1",0.175748849527247
"M4","genome-wide","PPP","CV2","4","2",0.216110249222519
"M4","haplotype-tagged","PPP","CV2","4","2",0.217462196038573
"M4","genome-wide","PPP","CV2","4","3",0.0840258474914257
"M4","haplotype-tagged","PPP","CV2","4","3",0.0840609005921619
"M4","genome-wide","PPP","CV2","4","4",0.12766332964699
"M4","haplotype-tagged","PPP","CV2","4","4",0.172916061334636
"M4","genome-wide","PPP","CV2","4","5",0.221060541844772
"M4","haplotype-tagged","PPP","CV2","4","5",0.1969167665416
"M4","genome-wide","PPP","CV0","4","1",0.112689141959326
"M4","haplotype-tagged","PPP","CV0","4","1",0.10288390715266
"M4","genome-wide","PPP","CV0","4","2",0.103635307064021
"M4","haplotype-tagged","PPP","CV0","4","2",0.0997244262061819
"M4","genome-wide","PPP","CV0","4","3",0.192688573181585
"M4","haplotype-tagged","PPP","CV0","4","3",0.186581480742876
"M4","genome-wide","PPP","CV0","4","4",0.106044560282722
"M4","haplotype-tagged","PPP","CV0","4","4",0.120286857607783
"M4","genome-wide","PPP","CV0","4","5",0.257251801319965
"M4","haplotype-tagged","PPP","CV0","4","5",0.235451693058722
"M4","genome-wide","PPP","CV00","4","1",0.0998427776635428
"M4","haplotype-tagged","PPP","CV00","4","1",0.0401844908859705
"M4","genome-wide","PPP","CV00","4","2",0.0756190872663421
"M4","haplotype-tagged","PPP","CV00","4","2",0.175238128092129
"M4","genome-wide","PPP","CV00","4","3",0.2201226709939
"M4","haplotype-tagged","PPP","CV00","4","3",0.271507443785819
"M4","genome-wide","PPP","CV00","4","4",0.367488073667389
"M4","haplotype-tagged","PPP","CV00","4","4",0.181878929730013
"M4","genome-wide","PPP","CV00","4","5",0.219692530279091
"M4","haplotype-tagged","PPP","CV00","4","5",0.0452467157428124
"M4","genome-wide","YPPlnt","CV1","4","1",0.147666280562166
"M4","haplotype-tagged","YPPlnt","CV1","4","1",0.159046946072804
"M4","genome-wide","YPPlnt","CV1","4","2",0.121000598297051
"M4","haplotype-tagged","YPPlnt","CV1","4","2",0.20898773729434
"M4","genome-wide","YPPlnt","CV1","4","3",0.0971187516455032
"M4","haplotype-tagged","YPPlnt","CV1","4","3",0.0520347027709394
"M4","genome-wide","YPPlnt","CV1","4","4",0.163002380465869
"M4","haplotype-tagged","YPPlnt","CV1","4","4",0.1179200166691
"M4","genome-wide","YPPlnt","CV1","4","5",0.130682974924015
"M4","haplotype-tagged","YPPlnt","CV1","4","5",0.123403777197583
"M4","genome-wide","YPPlnt","CV2","4","1",0.135168905708607
"M4","haplotype-tagged","YPPlnt","CV2","4","1",0.0926351698573677
"M4","genome-wide","YPPlnt","CV2","4","2",0.115216746484892
"M4","haplotype-tagged","YPPlnt","CV2","4","2",0.102442641528774
"M4","genome-wide","YPPlnt","CV2","4","3",0.116413631490292
"M4","haplotype-tagged","YPPlnt","CV2","4","3",0.153665136356282
"M4","genome-wide","YPPlnt","CV2","4","4",0.0587738466065016
"M4","haplotype-tagged","YPPlnt","CV2","4","4",0.0514489061346158
"M4","genome-wide","YPPlnt","CV2","4","5",0.186296161270238
"M4","haplotype-tagged","YPPlnt","CV2","4","5",0.181008226429888
"M4","genome-wide","YPPlnt","CV0","4","1",0.250908002104329
"M4","haplotype-tagged","YPPlnt","CV0","4","1",0.223051911190069
"M4","genome-wide","YPPlnt","CV0","4","2",0.156383699388224
"M4","haplotype-tagged","YPPlnt","CV0","4","2",0.151821898963516
"M4","genome-wide","YPPlnt","CV0","4","3",0.168932518284738
"M4","haplotype-tagged","YPPlnt","CV0","4","3",0.168694265166085
"M4","genome-wide","YPPlnt","CV0","4","4",0.0967522747563191
"M4","haplotype-tagged","YPPlnt","CV0","4","4",0.135173443997635
"M4","genome-wide","YPPlnt","CV0","4","5",-0.0281785772475051
"M4","haplotype-tagged","YPPlnt","CV0","4","5",-0.0137059286920141
"M4","genome-wide","YPPlnt","CV00","4","1",0.151278219991462
"M4","haplotype-tagged","YPPlnt","CV00","4","1",0.0942936083589019
"M4","genome-wide","YPPlnt","CV00","4","2",0.0405748851130668
"M4","haplotype-tagged","YPPlnt","CV00","4","2",0.0998180774223409
"M4","genome-wide","YPPlnt","CV00","4","3",0.274635697790402
"M4","haplotype-tagged","YPPlnt","CV00","4","3",0.148341773496142
"M4","genome-wide","YPPlnt","CV00","4","4",0.234305328642328
"M4","haplotype-tagged","YPPlnt","CV00","4","4",0.235572693719617
"M4","genome-wide","YPPlnt","CV00","4","5",0.162120302108534
"M4","haplotype-tagged","YPPlnt","CV00","4","5",0.288359995136457
"M4","genome-wide","DTF","CV1","5","1",0.390185990633573
"M4","haplotype-tagged","DTF","CV1","5","1",0.132540785355858
"M4","genome-wide","DTF","CV1","5","2",0.454992462945976
"M4","haplotype-tagged","DTF","CV1","5","2",0.265313116494142
"M4","genome-wide","DTF","CV1","5","3",0.490600687772687
"M4","haplotype-tagged","DTF","CV1","5","3",0.216379263692482
"M4","genome-wide","DTF","CV1","5","4",0.541001770344212
"M4","haplotype-tagged","DTF","CV1","5","4",0.224593279147332
"M4","genome-wide","DTF","CV1","5","5",0.388672203648319
"M4","haplotype-tagged","DTF","CV1","5","5",0.252985215757158
"M4","genome-wide","DTF","CV2","5","1",0.652122939879519
"M4","haplotype-tagged","DTF","CV2","5","1",0.662909818164329
"M4","genome-wide","DTF","CV2","5","2",0.674051396652105
"M4","haplotype-tagged","DTF","CV2","5","2",0.662879443134823
"M4","genome-wide","DTF","CV2","5","3",0.677534674931217
"M4","haplotype-tagged","DTF","CV2","5","3",0.645713087701888
"M4","genome-wide","DTF","CV2","5","4",0.495692727040342
"M4","haplotype-tagged","DTF","CV2","5","4",0.465946765820621
"M4","genome-wide","DTF","CV2","5","5",0.559101325493953
"M4","haplotype-tagged","DTF","CV2","5","5",0.547916325032464
"M4","genome-wide","DTF","CV0","5","1",0.646170979887289
"M4","haplotype-tagged","DTF","CV0","5","1",0.636155060157358
"M4","genome-wide","DTF","CV0","5","2",0.615054902427753
"M4","haplotype-tagged","DTF","CV0","5","2",0.628433397844245
"M4","genome-wide","DTF","CV0","5","3",0.559474566058848
"M4","haplotype-tagged","DTF","CV0","5","3",0.540417716297604
"M4","genome-wide","DTF","CV0","5","4",0.60632011361383
"M4","haplotype-tagged","DTF","CV0","5","4",0.608159187482504
"M4","genome-wide","DTF","CV0","5","5",0.631727988573546
"M4","haplotype-tagged","DTF","CV0","5","5",0.60458650213661
"M4","genome-wide","DTF","CV00","5","1",0.359692257985662
"M4","haplotype-tagged","DTF","CV00","5","1",0.132865825226625
"M4","genome-wide","DTF","CV00","5","2",0.485037545134578
"M4","haplotype-tagged","DTF","CV00","5","2",0.320818280018881
"M4","genome-wide","DTF","CV00","5","3",0.558725017655673
"M4","haplotype-tagged","DTF","CV00","5","3",0.383467805107735
"M4","genome-wide","DTF","CV00","5","4",0.464727892000603
"M4","haplotype-tagged","DTF","CV00","5","4",0.185971134294597
"M4","genome-wide","DTF","CV00","5","5",0.754366915796749
"M4","haplotype-tagged","DTF","CV00","5","5",0.473791351760517
"M4","genome-wide","DTM","CV1","5","1",0.280884472947727
"M4","haplotype-tagged","DTM","CV1","5","1",0.11451526460232
"M4","genome-wide","DTM","CV1","5","2",0.340204912447959
"M4","haplotype-tagged","DTM","CV1","5","2",0.242133774322731
"M4","genome-wide","DTM","CV1","5","3",0.359296260080958
"M4","haplotype-tagged","DTM","CV1","5","3",0.0552147230522557
"M4","genome-wide","DTM","CV1","5","4",0.397962615291483
"M4","haplotype-tagged","DTM","CV1","5","4",0.0568443322457484
"M4","genome-wide","DTM","CV1","5","5",0.225476343266099
"M4","haplotype-tagged","DTM","CV1","5","5",0.108715616231269
"M4","genome-wide","DTM","CV2","5","1",0.485968702926458
"M4","haplotype-tagged","DTM","CV2","5","1",0.511404773326955
"M4","genome-wide","DTM","CV2","5","2",0.504381784348001
"M4","haplotype-tagged","DTM","CV2","5","2",0.494471886250576
"M4","genome-wide","DTM","CV2","5","3",0.501044783179983
"M4","haplotype-tagged","DTM","CV2","5","3",0.489049744251889
"M4","genome-wide","DTM","CV2","5","4",0.464738311033235
"M4","haplotype-tagged","DTM","CV2","5","4",0.422354972978921
"M4","genome-wide","DTM","CV2","5","5",0.425324844098979
"M4","haplotype-tagged","DTM","CV2","5","5",0.40263155485407
"M4","genome-wide","DTM","CV0","5","1",0.489000778683972
"M4","haplotype-tagged","DTM","CV0","5","1",0.465319368395607
"M4","genome-wide","DTM","CV0","5","2",0.573569064269045
"M4","haplotype-tagged","DTM","CV0","5","2",0.548823077433137
"M4","genome-wide","DTM","CV0","5","3",0.38998977397138
"M4","haplotype-tagged","DTM","CV0","5","3",0.368896780018365
"M4","genome-wide","DTM","CV0","5","4",0.543249461777932
"M4","haplotype-tagged","DTM","CV0","5","4",0.524753982809333
"M4","genome-wide","DTM","CV0","5","5",0.400740882271837
"M4","haplotype-tagged","DTM","CV0","5","5",0.38143251449136
"M4","genome-wide","DTM","CV00","5","1",0.139374943476857
"M4","haplotype-tagged","DTM","CV00","5","1",-0.159152511354357
"M4","genome-wide","DTM","CV00","5","2",0.390106830928416
"M4","haplotype-tagged","DTM","CV00","5","2",0.242282059665037
"M4","genome-wide","DTM","CV00","5","3",0.474924787427589
"M4","haplotype-tagged","DTM","CV00","5","3",0.180819995193557
"M4","genome-wide","DTM","CV00","5","4",0.12814389002845
"M4","haplotype-tagged","DTM","CV00","5","4",-0.12452173950113
"M4","genome-wide","DTM","CV00","5","5",0.620594143440828
"M4","haplotype-tagged","DTM","CV00","5","5",0.357105021793596
"M4","genome-wide","HSW","CV1","5","1",0.627710940921601
"M4","haplotype-tagged","HSW","CV1","5","1",0.446430500259956
"M4","genome-wide","HSW","CV1","5","2",0.652824964457964
"M4","haplotype-tagged","HSW","CV1","5","2",0.209372321793912
"M4","genome-wide","HSW","CV1","5","3",0.546811823525696
"M4","haplotype-tagged","HSW","CV1","5","3",0.419827074658338
"M4","genome-wide","HSW","CV1","5","4",0.501410820736678
"M4","haplotype-tagged","HSW","CV1","5","4",0.317843768275291
"M4","genome-wide","HSW","CV1","5","5",0.58114148973275
"M4","haplotype-tagged","HSW","CV1","5","5",0.443360517380581
"M4","genome-wide","HSW","CV2","5","1",0.723573916398678
"M4","haplotype-tagged","HSW","CV2","5","1",0.71845188827086
"M4","genome-wide","HSW","CV2","5","2",0.705637825381107
"M4","haplotype-tagged","HSW","CV2","5","2",0.717146080733601
"M4","genome-wide","HSW","CV2","5","3",0.732096326793266
"M4","haplotype-tagged","HSW","CV2","5","3",0.734280630829296
"M4","genome-wide","HSW","CV2","5","4",0.778332432203909
"M4","haplotype-tagged","HSW","CV2","5","4",0.78519235174738
"M4","genome-wide","HSW","CV2","5","5",0.725988219997612
"M4","haplotype-tagged","HSW","CV2","5","5",0.720971963780134
"M4","genome-wide","HSW","CV0","5","1",0.744055108297311
"M4","haplotype-tagged","HSW","CV0","5","1",0.748056703438402
"M4","genome-wide","HSW","CV0","5","2",0.797078434240456
"M4","haplotype-tagged","HSW","CV0","5","2",0.786234876474262
"M4","genome-wide","HSW","CV0","5","3",0.672569986194953
"M4","haplotype-tagged","HSW","CV0","5","3",0.669260646434443
"M4","genome-wide","HSW","CV0","5","4",0.748124465394041
"M4","haplotype-tagged","HSW","CV0","5","4",0.747747329791828
"M4","genome-wide","HSW","CV0","5","5",0.780247457458048
"M4","haplotype-tagged","HSW","CV0","5","5",0.780989603400517
"M4","genome-wide","HSW","CV00","5","1",0.635006353623222
"M4","haplotype-tagged","HSW","CV00","5","1",0.422479524250931
"M4","genome-wide","HSW","CV00","5","2",0.686792675427016
"M4","haplotype-tagged","HSW","CV00","5","2",0.44348092020139
"M4","genome-wide","HSW","CV00","5","3",0.550865313255768
"M4","haplotype-tagged","HSW","CV00","5","3",0.463036883839263
"M4","genome-wide","HSW","CV00","5","4",0.656734039533835
"M4","haplotype-tagged","HSW","CV00","5","4",0.489478638548326
"M4","genome-wide","HSW","CV00","5","5",0.798608673786296
"M4","haplotype-tagged","HSW","CV00","5","5",0.591197214969262
"M4","genome-wide","PH","CV1","5","1",0.378694030887769
"M4","haplotype-tagged","PH","CV1","5","1",0.245114207581555
"M4","genome-wide","PH","CV1","5","2",0.559489214326687
"M4","haplotype-tagged","PH","CV1","5","2",0.355853328023163
"M4","genome-wide","PH","CV1","5","3",0.455637443822828
"M4","haplotype-tagged","PH","CV1","5","3",0.41632506648479
"M4","genome-wide","PH","CV1","5","4",0.46181857412369
"M4","haplotype-tagged","PH","CV1","5","4",0.311405878225516
"M4","genome-wide","PH","CV1","5","5",0.460869871224922
"M4","haplotype-tagged","PH","CV1","5","5",0.431454751500737
"M4","genome-wide","PH","CV2","5","1",0.53411150210826
"M4","haplotype-tagged","PH","CV2","5","1",0.523490827178803
"M4","genome-wide","PH","CV2","5","2",0.637086219213119
"M4","haplotype-tagged","PH","CV2","5","2",0.635668280680952
"M4","genome-wide","PH","CV2","5","3",0.563284778468559
"M4","haplotype-tagged","PH","CV2","5","3",0.559036276038752
"M4","genome-wide","PH","CV2","5","4",0.551759292339985
"M4","haplotype-tagged","PH","CV2","5","4",0.521783387813133
"M4","genome-wide","PH","CV2","5","5",0.581616130569648
"M4","haplotype-tagged","PH","CV2","5","5",0.590834674082553
"M4","genome-wide","PH","CV0","5","1",0.600189040102325
"M4","haplotype-tagged","PH","CV0","5","1",0.601172277681354
"M4","genome-wide","PH","CV0","5","2",0.403380109689987
"M4","haplotype-tagged","PH","CV0","5","2",0.389010692765808
"M4","genome-wide","PH","CV0","5","3",0.615252095998666
"M4","haplotype-tagged","PH","CV0","5","3",0.595177029810576
"M4","genome-wide","PH","CV0","5","4",0.678866239062051
"M4","haplotype-tagged","PH","CV0","5","4",0.670255621241717
"M4","genome-wide","PH","CV0","5","5",0.652248428867
"M4","haplotype-tagged","PH","CV0","5","5",0.643684700345635
"M4","genome-wide","PH","CV00","5","1",0.456032342953354
"M4","haplotype-tagged","PH","CV00","5","1",0.425585302786914
"M4","genome-wide","PH","CV00","5","2",0.576939923984082
"M4","haplotype-tagged","PH","CV00","5","2",0.531864989769775
"M4","genome-wide","PH","CV00","5","3",0.573383312526705
"M4","haplotype-tagged","PH","CV00","5","3",0.254603248878893
"M4","genome-wide","PH","CV00","5","4",0.200805450256458
"M4","haplotype-tagged","PH","CV00","5","4",0.319822704842201
"M4","genome-wide","PH","CV00","5","5",0.750054966200889
"M4","haplotype-tagged","PH","CV00","5","5",0.545730663402285
"M4","genome-wide","PPP","CV1","5","1",0.196288607246366
"M4","haplotype-tagged","PPP","CV1","5","1",0.200236204278259
"M4","genome-wide","PPP","CV1","5","2",0.177241709298862
"M4","haplotype-tagged","PPP","CV1","5","2",0.111955374302605
"M4","genome-wide","PPP","CV1","5","3",0.178777239559234
"M4","haplotype-tagged","PPP","CV1","5","3",0.0762312643816475
"M4","genome-wide","PPP","CV1","5","4",0.134444291655213
"M4","haplotype-tagged","PPP","CV1","5","4",0.186483706083776
"M4","genome-wide","PPP","CV1","5","5",0.208804320421539
"M4","haplotype-tagged","PPP","CV1","5","5",0.168242834220082
"M4","genome-wide","PPP","CV2","5","1",0.196811655040812
"M4","haplotype-tagged","PPP","CV2","5","1",0.170619540641424
"M4","genome-wide","PPP","CV2","5","2",0.18213749008765
"M4","haplotype-tagged","PPP","CV2","5","2",0.190096024538268
"M4","genome-wide","PPP","CV2","5","3",0.0989583294149009
"M4","haplotype-tagged","PPP","CV2","5","3",0.103953256272317
"M4","genome-wide","PPP","CV2","5","4",0.261220809917726
"M4","haplotype-tagged","PPP","CV2","5","4",0.276432647454868
"M4","genome-wide","PPP","CV2","5","5",0.141816909358155
"M4","haplotype-tagged","PPP","CV2","5","5",0.110775468296207
"M4","genome-wide","PPP","CV0","5","1",0.165491901413482
"M4","haplotype-tagged","PPP","CV0","5","1",0.149962181885593
"M4","genome-wide","PPP","CV0","5","2",0.0709489624804897
"M4","haplotype-tagged","PPP","CV0","5","2",0.0796810897793638
"M4","genome-wide","PPP","CV0","5","3",0.226824486343717
"M4","haplotype-tagged","PPP","CV0","5","3",0.25134143640154
"M4","genome-wide","PPP","CV0","5","4",0.19415044149619
"M4","haplotype-tagged","PPP","CV0","5","4",0.186065662809636
"M4","genome-wide","PPP","CV0","5","5",0.10220604471134
"M4","haplotype-tagged","PPP","CV0","5","5",0.0934121665073533
"M4","genome-wide","PPP","CV00","5","1",0.235160288047587
"M4","haplotype-tagged","PPP","CV00","5","1",0.270030771350583
"M4","genome-wide","PPP","CV00","5","2",0.141326317746287
"M4","haplotype-tagged","PPP","CV00","5","2",0.193038098456365
"M4","genome-wide","PPP","CV00","5","3",0.299088238036822
"M4","haplotype-tagged","PPP","CV00","5","3",0.335305418486379
"M4","genome-wide","PPP","CV00","5","4",0.0987549572484816
"M4","haplotype-tagged","PPP","CV00","5","4",0.210940685038575
"M4","genome-wide","PPP","CV00","5","5",0.278594779754196
"M4","haplotype-tagged","PPP","CV00","5","5",0.305468075054402
"M4","genome-wide","YPPlnt","CV1","5","1",0.0852488319412358
"M4","haplotype-tagged","YPPlnt","CV1","5","1",0.100947751319531
"M4","genome-wide","YPPlnt","CV1","5","2",0.113814168865952
"M4","haplotype-tagged","YPPlnt","CV1","5","2",0.109702288335446
"M4","genome-wide","YPPlnt","CV1","5","3",0.0525934676240968
"M4","haplotype-tagged","YPPlnt","CV1","5","3",0.0938045299792085
"M4","genome-wide","YPPlnt","CV1","5","4",0.133897786401804
"M4","haplotype-tagged","YPPlnt","CV1","5","4",0.0943572674087666
"M4","genome-wide","YPPlnt","CV1","5","5",0.118106155445033
"M4","haplotype-tagged","YPPlnt","CV1","5","5",0.138307540633299
"M4","genome-wide","YPPlnt","CV2","5","1",0.112630486500612
"M4","haplotype-tagged","YPPlnt","CV2","5","1",0.0806906150375356
"M4","genome-wide","YPPlnt","CV2","5","2",0.118043674131155
"M4","haplotype-tagged","YPPlnt","CV2","5","2",0.0998368753122856
"M4","genome-wide","YPPlnt","CV2","5","3",0.185996295914245
"M4","haplotype-tagged","YPPlnt","CV2","5","3",0.118258151977304
"M4","genome-wide","YPPlnt","CV2","5","4",0.124725661424557
"M4","haplotype-tagged","YPPlnt","CV2","5","4",0.0851134373766409
"M4","genome-wide","YPPlnt","CV2","5","5",0.188059171512395
"M4","haplotype-tagged","YPPlnt","CV2","5","5",0.16529083152513
"M4","genome-wide","YPPlnt","CV0","5","1",0.0883704876192897
"M4","haplotype-tagged","YPPlnt","CV0","5","1",0.0718510796509782
"M4","genome-wide","YPPlnt","CV0","5","2",0.220195173243509
"M4","haplotype-tagged","YPPlnt","CV0","5","2",0.214085502573777
"M4","genome-wide","YPPlnt","CV0","5","3",0.100584443026217
"M4","haplotype-tagged","YPPlnt","CV0","5","3",0.100455643878122
"M4","genome-wide","YPPlnt","CV0","5","4",0.164593418560611
"M4","haplotype-tagged","YPPlnt","CV0","5","4",0.141903553009673
"M4","genome-wide","YPPlnt","CV0","5","5",0.249321383577316
"M4","haplotype-tagged","YPPlnt","CV0","5","5",0.232991936026269
"M4","genome-wide","YPPlnt","CV00","5","1",0.0660026173798916
"M4","haplotype-tagged","YPPlnt","CV00","5","1",0.0540333049105233
"M4","genome-wide","YPPlnt","CV00","5","2",0.0757722311078539
"M4","haplotype-tagged","YPPlnt","CV00","5","2",-0.0239108729151383
"M4","genome-wide","YPPlnt","CV00","5","3",0.226533966032044
"M4","haplotype-tagged","YPPlnt","CV00","5","3",0.162228229306454
"M4","genome-wide","YPPlnt","CV00","5","4",0.117163071536634
"M4","haplotype-tagged","YPPlnt","CV00","5","4",0.0116922871719756
"M4","genome-wide","YPPlnt","CV00","5","5",-0.0138297701282254
"M4","haplotype-tagged","YPPlnt","CV00","5","5",0.159118567975999
"M4","genome-wide","DTF","CV1","6","1",0.402901203727314
"M4","haplotype-tagged","DTF","CV1","6","1",0.385911154944761
"M4","genome-wide","DTF","CV1","6","2",0.429235542724094
"M4","haplotype-tagged","DTF","CV1","6","2",0.459466998813632
"M4","genome-wide","DTF","CV1","6","3",0.474896636777812
"M4","haplotype-tagged","DTF","CV1","6","3",0.305378306611078
"M4","genome-wide","DTF","CV1","6","4",0.472450831852734
"M4","haplotype-tagged","DTF","CV1","6","4",0.165153262202154
"M4","genome-wide","DTF","CV1","6","5",0.364720328851197
"M4","haplotype-tagged","DTF","CV1","6","5",0.137961948048303
"M4","genome-wide","DTF","CV2","6","1",0.632390437449339
"M4","haplotype-tagged","DTF","CV2","6","1",0.651878314591836
"M4","genome-wide","DTF","CV2","6","2",0.573963978639103
"M4","haplotype-tagged","DTF","CV2","6","2",0.569359095743475
"M4","genome-wide","DTF","CV2","6","3",0.583836737856171
"M4","haplotype-tagged","DTF","CV2","6","3",0.592604312228328
"M4","genome-wide","DTF","CV2","6","4",0.600346012500116
"M4","haplotype-tagged","DTF","CV2","6","4",0.574813501685555
"M4","genome-wide","DTF","CV2","6","5",0.629461754946471
"M4","haplotype-tagged","DTF","CV2","6","5",0.603111050611926
"M4","genome-wide","DTF","CV0","6","1",0.560838535550368
"M4","haplotype-tagged","DTF","CV0","6","1",0.542176461046316
"M4","genome-wide","DTF","CV0","6","2",0.673734833476965
"M4","haplotype-tagged","DTF","CV0","6","2",0.68117087651365
"M4","genome-wide","DTF","CV0","6","3",0.59904770568154
"M4","haplotype-tagged","DTF","CV0","6","3",0.605617704664895
"M4","genome-wide","DTF","CV0","6","4",0.750480945940648
"M4","haplotype-tagged","DTF","CV0","6","4",0.728161682172186
"M4","genome-wide","DTF","CV0","6","5",0.369584561452471
"M4","haplotype-tagged","DTF","CV0","6","5",0.371847813728659
"M4","genome-wide","DTF","CV00","6","1",0.499191849150237
"M4","haplotype-tagged","DTF","CV00","6","1",0.258557376986667
"M4","genome-wide","DTF","CV00","6","2",0.35287079580577
"M4","haplotype-tagged","DTF","CV00","6","2",0.318493122266414
"M4","genome-wide","DTF","CV00","6","3",0.611027887748107
"M4","haplotype-tagged","DTF","CV00","6","3",0.412326918628268
"M4","genome-wide","DTF","CV00","6","4",0.212997121372868
"M4","haplotype-tagged","DTF","CV00","6","4",0.260236726696803
"M4","genome-wide","DTF","CV00","6","5",0.485121316126866
"M4","haplotype-tagged","DTF","CV00","6","5",0.450839721426922
"M4","genome-wide","DTM","CV1","6","1",0.268996056141023
"M4","haplotype-tagged","DTM","CV1","6","1",0.178366386390068
"M4","genome-wide","DTM","CV1","6","2",0.355660051281501
"M4","haplotype-tagged","DTM","CV1","6","2",0.149884301267172
"M4","genome-wide","DTM","CV1","6","3",0.406000613225737
"M4","haplotype-tagged","DTM","CV1","6","3",0.217339154885432
"M4","genome-wide","DTM","CV1","6","4",0.399776440740688
"M4","haplotype-tagged","DTM","CV1","6","4",0.120958514890201
"M4","genome-wide","DTM","CV1","6","5",0.233848962773102
"M4","haplotype-tagged","DTM","CV1","6","5",0.0448745550763767
"M4","genome-wide","DTM","CV2","6","1",0.521411775133275
"M4","haplotype-tagged","DTM","CV2","6","1",0.493541651523996
"M4","genome-wide","DTM","CV2","6","2",0.486634771422494
"M4","haplotype-tagged","DTM","CV2","6","2",0.468732054348456
"M4","genome-wide","DTM","CV2","6","3",0.471271713128645
"M4","haplotype-tagged","DTM","CV2","6","3",0.469444280140229
"M4","genome-wide","DTM","CV2","6","4",0.447384729103228
"M4","haplotype-tagged","DTM","CV2","6","4",0.445583022956089
"M4","genome-wide","DTM","CV2","6","5",0.526407093030364
"M4","haplotype-tagged","DTM","CV2","6","5",0.536281540037173
"M4","genome-wide","DTM","CV0","6","1",0.391224256612319
"M4","haplotype-tagged","DTM","CV0","6","1",0.37194344629734
"M4","genome-wide","DTM","CV0","6","2",0.599281757871539
"M4","haplotype-tagged","DTM","CV0","6","2",0.564105908160569
"M4","genome-wide","DTM","CV0","6","3",0.458837458573141
"M4","haplotype-tagged","DTM","CV0","6","3",0.469213239135414
"M4","genome-wide","DTM","CV0","6","4",0.55585361168375
"M4","haplotype-tagged","DTM","CV0","6","4",0.529676210934915
"M4","genome-wide","DTM","CV0","6","5",0.377539038864531
"M4","haplotype-tagged","DTM","CV0","6","5",0.37874616688625
"M4","genome-wide","DTM","CV00","6","1",0.328093630474517
"M4","haplotype-tagged","DTM","CV00","6","1",0.310937861158791
"M4","genome-wide","DTM","CV00","6","2",0.201240799726505
"M4","haplotype-tagged","DTM","CV00","6","2",0.12550766429055
"M4","genome-wide","DTM","CV00","6","3",0.156196320279984
"M4","haplotype-tagged","DTM","CV00","6","3",0.0310152487717341
"M4","genome-wide","DTM","CV00","6","4",0.0748677970716654
"M4","haplotype-tagged","DTM","CV00","6","4",0.0413920666373197
"M4","genome-wide","DTM","CV00","6","5",0.344597697164171
"M4","haplotype-tagged","DTM","CV00","6","5",0.0149997675897111
"M4","genome-wide","HSW","CV1","6","1",0.691488921942891
"M4","haplotype-tagged","HSW","CV1","6","1",0.321953706824884
"M4","genome-wide","HSW","CV1","6","2",0.533769360332782
"M4","haplotype-tagged","HSW","CV1","6","2",0.461620755746665
"M4","genome-wide","HSW","CV1","6","3",0.65965065500864
"M4","haplotype-tagged","HSW","CV1","6","3",0.581843135475972
"M4","genome-wide","HSW","CV1","6","4",0.461907326873248
"M4","haplotype-tagged","HSW","CV1","6","4",0.446630948573595
"M4","genome-wide","HSW","CV1","6","5",0.61308698902755
"M4","haplotype-tagged","HSW","CV1","6","5",0.506011416842371
"M4","genome-wide","HSW","CV2","6","1",0.717100862135317
"M4","haplotype-tagged","HSW","CV2","6","1",0.725742236945414
"M4","genome-wide","HSW","CV2","6","2",0.71577769441242
"M4","haplotype-tagged","HSW","CV2","6","2",0.719920403160937
"M4","genome-wide","HSW","CV2","6","3",0.736885408997653
"M4","haplotype-tagged","HSW","CV2","6","3",0.743969085807963
"M4","genome-wide","HSW","CV2","6","4",0.781073463111786
"M4","haplotype-tagged","HSW","CV2","6","4",0.773285218042895
"M4","genome-wide","HSW","CV2","6","5",0.783518641838171
"M4","haplotype-tagged","HSW","CV2","6","5",0.782425996125985
"M4","genome-wide","HSW","CV0","6","1",0.670180442252837
"M4","haplotype-tagged","HSW","CV0","6","1",0.667889936234385
"M4","genome-wide","HSW","CV0","6","2",0.791711076516306
"M4","haplotype-tagged","HSW","CV0","6","2",0.787278829215804
"M4","genome-wide","HSW","CV0","6","3",0.747233360021572
"M4","haplotype-tagged","HSW","CV0","6","3",0.741966986652868
"M4","genome-wide","HSW","CV0","6","4",0.831361890856595
"M4","haplotype-tagged","HSW","CV0","6","4",0.831831482772416
"M4","genome-wide","HSW","CV0","6","5",0.606549809200514
"M4","haplotype-tagged","HSW","CV0","6","5",0.603965800927701
"M4","genome-wide","HSW","CV00","6","1",0.666918997488192
"M4","haplotype-tagged","HSW","CV00","6","1",0.60513526036674
"M4","genome-wide","HSW","CV00","6","2",0.556858814088115
"M4","haplotype-tagged","HSW","CV00","6","2",0.451439298636111
"M4","genome-wide","HSW","CV00","6","3",0.574707449878008
"M4","haplotype-tagged","HSW","CV00","6","3",0.226412136679042
"M4","genome-wide","HSW","CV00","6","4",0.542277813315653
"M4","haplotype-tagged","HSW","CV00","6","4",0.453438553675607
"M4","genome-wide","HSW","CV00","6","5",0.336640420894492
"M4","haplotype-tagged","HSW","CV00","6","5",0.256673879078822
"M4","genome-wide","PH","CV1","6","1",0.522714393801919
"M4","haplotype-tagged","PH","CV1","6","1",0.31226667061719
"M4","genome-wide","PH","CV1","6","2",0.30262413887764
"M4","haplotype-tagged","PH","CV1","6","2",0.228329780493649
"M4","genome-wide","PH","CV1","6","3",0.337519921994554
"M4","haplotype-tagged","PH","CV1","6","3",0.214456230463468
"M4","genome-wide","PH","CV1","6","4",0.538916852121566
"M4","haplotype-tagged","PH","CV1","6","4",0.411574913950236
"M4","genome-wide","PH","CV1","6","5",0.404555485872007
"M4","haplotype-tagged","PH","CV1","6","5",0.362759786103623
"M4","genome-wide","PH","CV2","6","1",0.532344590891627
"M4","haplotype-tagged","PH","CV2","6","1",0.531049263202682
"M4","genome-wide","PH","CV2","6","2",0.531015993370143
"M4","haplotype-tagged","PH","CV2","6","2",0.509735264168919
"M4","genome-wide","PH","CV2","6","3",0.632092810129138
"M4","haplotype-tagged","PH","CV2","6","3",0.615309916429458
"M4","genome-wide","PH","CV2","6","4",0.620026260915815
"M4","haplotype-tagged","PH","CV2","6","4",0.610260429973203
"M4","genome-wide","PH","CV2","6","5",0.639553059078251
"M4","haplotype-tagged","PH","CV2","6","5",0.621356545789651
"M4","genome-wide","PH","CV0","6","1",0.618644980920742
"M4","haplotype-tagged","PH","CV0","6","1",0.593738819453751
"M4","genome-wide","PH","CV0","6","2",0.440788584530808
"M4","haplotype-tagged","PH","CV0","6","2",0.439031767369615
"M4","genome-wide","PH","CV0","6","3",0.583870330220857
"M4","haplotype-tagged","PH","CV0","6","3",0.569640910802467
"M4","genome-wide","PH","CV0","6","4",0.720181295142781
"M4","haplotype-tagged","PH","CV0","6","4",0.708912748713204
"M4","genome-wide","PH","CV0","6","5",0.575403792314448
"M4","haplotype-tagged","PH","CV0","6","5",0.572423452541812
"M4","genome-wide","PH","CV00","6","1",0.276033508372534
"M4","haplotype-tagged","PH","CV00","6","1",0.21464904082843
"M4","genome-wide","PH","CV00","6","2",0.289932700241242
"M4","haplotype-tagged","PH","CV00","6","2",0.320635024419891
"M4","genome-wide","PH","CV00","6","3",0.274260407723265
"M4","haplotype-tagged","PH","CV00","6","3",0.267807774200241
"M4","genome-wide","PH","CV00","6","4",0.436208482074571
"M4","haplotype-tagged","PH","CV00","6","4",0.490426598159179
"M4","genome-wide","PH","CV00","6","5",0.750356731819366
"M4","haplotype-tagged","PH","CV00","6","5",0.624113990154259
"M4","genome-wide","PPP","CV1","6","1",0.112850072527808
"M4","haplotype-tagged","PPP","CV1","6","1",0.131355172334835
"M4","genome-wide","PPP","CV1","6","2",0.225340735513537
"M4","haplotype-tagged","PPP","CV1","6","2",0.151078830473844
"M4","genome-wide","PPP","CV1","6","3",0.14984140840631
"M4","haplotype-tagged","PPP","CV1","6","3",0.0764269640295127
"M4","genome-wide","PPP","CV1","6","4",0.117487468474788
"M4","haplotype-tagged","PPP","CV1","6","4",0.220894046374449
"M4","genome-wide","PPP","CV1","6","5",0.0908714142328034
"M4","haplotype-tagged","PPP","CV1","6","5",0.0871390604860368
"M4","genome-wide","PPP","CV2","6","1",0.179114282767084
"M4","haplotype-tagged","PPP","CV2","6","1",0.173898840451198
"M4","genome-wide","PPP","CV2","6","2",0.257764317284593
"M4","haplotype-tagged","PPP","CV2","6","2",0.25646837803404
"M4","genome-wide","PPP","CV2","6","3",0.0837647951116049
"M4","haplotype-tagged","PPP","CV2","6","3",0.0786406933583229
"M4","genome-wide","PPP","CV2","6","4",0.161857062710528
"M4","haplotype-tagged","PPP","CV2","6","4",0.154794734627748
"M4","genome-wide","PPP","CV2","6","5",0.144174763775179
"M4","haplotype-tagged","PPP","CV2","6","5",0.121197489699033
"M4","genome-wide","PPP","CV0","6","1",0.227017956164441
"M4","haplotype-tagged","PPP","CV0","6","1",0.24554047923748
"M4","genome-wide","PPP","CV0","6","2",0.131320119232785
"M4","haplotype-tagged","PPP","CV0","6","2",0.112370888757878
"M4","genome-wide","PPP","CV0","6","3",0.0487412014398842
"M4","haplotype-tagged","PPP","CV0","6","3",0.0565689401295219
"M4","genome-wide","PPP","CV0","6","4",0.232333139572135
"M4","haplotype-tagged","PPP","CV0","6","4",0.227670292611568
"M4","genome-wide","PPP","CV0","6","5",0.0875693135464837
"M4","haplotype-tagged","PPP","CV0","6","5",0.0955134486025303
"M4","genome-wide","PPP","CV00","6","1",0.185534041504514
"M4","haplotype-tagged","PPP","CV00","6","1",0.0733617392037253
"M4","genome-wide","PPP","CV00","6","2",0.171454358082957
"M4","haplotype-tagged","PPP","CV00","6","2",-0.0544904190195987
"M4","genome-wide","PPP","CV00","6","3",-0.0375292813579063
"M4","haplotype-tagged","PPP","CV00","6","3",-0.0758961447813579
"M4","genome-wide","PPP","CV00","6","4",0.245866798673794
"M4","haplotype-tagged","PPP","CV00","6","4",0.295228338824955
"M4","genome-wide","PPP","CV00","6","5",0.291499998235009
"M4","haplotype-tagged","PPP","CV00","6","5",0.213163018002093
"M4","genome-wide","YPPlnt","CV1","6","1",0.120253313876377
"M4","haplotype-tagged","YPPlnt","CV1","6","1",0.109394911534156
"M4","genome-wide","YPPlnt","CV1","6","2",0.157864479211355
"M4","haplotype-tagged","YPPlnt","CV1","6","2",0.153394963798941
"M4","genome-wide","YPPlnt","CV1","6","3",0.108212657385049
"M4","haplotype-tagged","YPPlnt","CV1","6","3",0.120900335445154
"M4","genome-wide","YPPlnt","CV1","6","4",0.146109324586342
"M4","haplotype-tagged","YPPlnt","CV1","6","4",0.0875014064713534
"M4","genome-wide","YPPlnt","CV1","6","5",0.143713024342885
"M4","haplotype-tagged","YPPlnt","CV1","6","5",0.0123436078567432
"M4","genome-wide","YPPlnt","CV2","6","1",0.217513247703014
"M4","haplotype-tagged","YPPlnt","CV2","6","1",0.201079760370336
"M4","genome-wide","YPPlnt","CV2","6","2",0.307889070903894
"M4","haplotype-tagged","YPPlnt","CV2","6","2",0.347675592443693
"M4","genome-wide","YPPlnt","CV2","6","3",0.162316956370113
"M4","haplotype-tagged","YPPlnt","CV2","6","3",0.133722623491358
"M4","genome-wide","YPPlnt","CV2","6","4",0.0632489164827566
"M4","haplotype-tagged","YPPlnt","CV2","6","4",0.0568664520657223
"M4","genome-wide","YPPlnt","CV2","6","5",0.081522446494972
"M4","haplotype-tagged","YPPlnt","CV2","6","5",0.0384220927161288
"M4","genome-wide","YPPlnt","CV0","6","1",0.0926318302313022
"M4","haplotype-tagged","YPPlnt","CV0","6","1",0.110706068440586
"M4","genome-wide","YPPlnt","CV0","6","2",0.0714583300662723
"M4","haplotype-tagged","YPPlnt","CV0","6","2",0.0785992336602252
"M4","genome-wide","YPPlnt","CV0","6","3",0.181808984792474
"M4","haplotype-tagged","YPPlnt","CV0","6","3",0.184107973696599
"M4","genome-wide","YPPlnt","CV0","6","4",0.2149591792771
"M4","haplotype-tagged","YPPlnt","CV0","6","4",0.196185501002018
"M4","genome-wide","YPPlnt","CV0","6","5",0.136364647141595
"M4","haplotype-tagged","YPPlnt","CV0","6","5",0.122853540232357
"M4","genome-wide","YPPlnt","CV00","6","1",0.0794354800741084
"M4","haplotype-tagged","YPPlnt","CV00","6","1",-0.184414197084922
"M4","genome-wide","YPPlnt","CV00","6","2",0.0828361521068706
"M4","haplotype-tagged","YPPlnt","CV00","6","2",0.123975424757156
"M4","genome-wide","YPPlnt","CV00","6","3",0.0916024147350744
"M4","haplotype-tagged","YPPlnt","CV00","6","3",0.168931490527242
"M4","genome-wide","YPPlnt","CV00","6","4",-0.00320542099823715
"M4","haplotype-tagged","YPPlnt","CV00","6","4",0.186974820001842
"M4","genome-wide","YPPlnt","CV00","6","5",0.269045670943815
"M4","haplotype-tagged","YPPlnt","CV00","6","5",0.186663743950123
"M4","genome-wide","DTF","CV1","7","1",0.537281850580769
"M4","haplotype-tagged","DTF","CV1","7","1",0.291850275022396
"M4","genome-wide","DTF","CV1","7","2",0.423431777263866
"M4","haplotype-tagged","DTF","CV1","7","2",0.258620412362497
"M4","genome-wide","DTF","CV1","7","3",0.441173941534412
"M4","haplotype-tagged","DTF","CV1","7","3",0.386011857592137
"M4","genome-wide","DTF","CV1","7","4",0.352503656360684
"M4","haplotype-tagged","DTF","CV1","7","4",0.17726600066545
"M4","genome-wide","DTF","CV1","7","5",0.485400848665547
"M4","haplotype-tagged","DTF","CV1","7","5",0.213906077877149
"M4","genome-wide","DTF","CV2","7","1",0.639760419361204
"M4","haplotype-tagged","DTF","CV2","7","1",0.633884862665772
"M4","genome-wide","DTF","CV2","7","2",0.631831088907321
"M4","haplotype-tagged","DTF","CV2","7","2",0.629816958160569
"M4","genome-wide","DTF","CV2","7","3",0.536954552714675
"M4","haplotype-tagged","DTF","CV2","7","3",0.516755259590574
"M4","genome-wide","DTF","CV2","7","4",0.57334145325101
"M4","haplotype-tagged","DTF","CV2","7","4",0.55669812170584
"M4","genome-wide","DTF","CV2","7","5",0.633429339767833
"M4","haplotype-tagged","DTF","CV2","7","5",0.624604345721071
"M4","genome-wide","DTF","CV0","7","1",0.714443748252931
"M4","haplotype-tagged","DTF","CV0","7","1",0.715909054787983
"M4","genome-wide","DTF","CV0","7","2",0.698512156488539
"M4","haplotype-tagged","DTF","CV0","7","2",0.680608381184317
"M4","genome-wide","DTF","CV0","7","3",0.507530248876365
"M4","haplotype-tagged","DTF","CV0","7","3",0.49504189392198
"M4","genome-wide","DTF","CV0","7","4",0.620520803581154
"M4","haplotype-tagged","DTF","CV0","7","4",0.615242663378656
"M4","genome-wide","DTF","CV0","7","5",0.544463606798904
"M4","haplotype-tagged","DTF","CV0","7","5",0.53088134201498
"M4","genome-wide","DTF","CV00","7","1",0.355676229487765
"M4","haplotype-tagged","DTF","CV00","7","1",0.280309432488139
"M4","genome-wide","DTF","CV00","7","2",0.416952074226535
"M4","haplotype-tagged","DTF","CV00","7","2",0.136445846662385
"M4","genome-wide","DTF","CV00","7","3",0.319048366577286
"M4","haplotype-tagged","DTF","CV00","7","3",0.395193979193536
"M4","genome-wide","DTF","CV00","7","4",0.379795665473914
"M4","haplotype-tagged","DTF","CV00","7","4",0.329933111175494
"M4","genome-wide","DTF","CV00","7","5",0.567481981757949
"M4","haplotype-tagged","DTF","CV00","7","5",0.207620776884987
"M4","genome-wide","DTM","CV1","7","1",0.345820191345754
"M4","haplotype-tagged","DTM","CV1","7","1",0.290667389167323
"M4","genome-wide","DTM","CV1","7","2",0.372247804586477
"M4","haplotype-tagged","DTM","CV1","7","2",0.247780514453652
"M4","genome-wide","DTM","CV1","7","3",0.349251995240919
"M4","haplotype-tagged","DTM","CV1","7","3",0.181409043298829
"M4","genome-wide","DTM","CV1","7","4",0.265849239983981
"M4","haplotype-tagged","DTM","CV1","7","4",0.116051385364836
"M4","genome-wide","DTM","CV1","7","5",0.425024772349887
"M4","haplotype-tagged","DTM","CV1","7","5",0.13851917133592
"M4","genome-wide","DTM","CV2","7","1",0.45875084344622
"M4","haplotype-tagged","DTM","CV2","7","1",0.463902553377179
"M4","genome-wide","DTM","CV2","7","2",0.557482136897271
"M4","haplotype-tagged","DTM","CV2","7","2",0.558974394215876
"M4","genome-wide","DTM","CV2","7","3",0.357822927792323
"M4","haplotype-tagged","DTM","CV2","7","3",0.359137796853191
"M4","genome-wide","DTM","CV2","7","4",0.509886448071723
"M4","haplotype-tagged","DTM","CV2","7","4",0.479906101615906
"M4","genome-wide","DTM","CV2","7","5",0.535984708037882
"M4","haplotype-tagged","DTM","CV2","7","5",0.521287184959902
"M4","genome-wide","DTM","CV0","7","1",0.63548432768225
"M4","haplotype-tagged","DTM","CV0","7","1",0.58361446308383
"M4","genome-wide","DTM","CV0","7","2",0.512611630365857
"M4","haplotype-tagged","DTM","CV0","7","2",0.493500146244642
"M4","genome-wide","DTM","CV0","7","3",0.382164504806833
"M4","haplotype-tagged","DTM","CV0","7","3",0.374680992425915
"M4","genome-wide","DTM","CV0","7","4",0.470138885079672
"M4","haplotype-tagged","DTM","CV0","7","4",0.445810574216201
"M4","genome-wide","DTM","CV0","7","5",0.305211563598807
"M4","haplotype-tagged","DTM","CV0","7","5",0.278623574031702
"M4","genome-wide","DTM","CV00","7","1",0.364959474458826
"M4","haplotype-tagged","DTM","CV00","7","1",0.154346000238186
"M4","genome-wide","DTM","CV00","7","2",0.178243956476839
"M4","haplotype-tagged","DTM","CV00","7","2",0.0584912280116124
"M4","genome-wide","DTM","CV00","7","3",0.114312041277602
"M4","haplotype-tagged","DTM","CV00","7","3",0.0517922102601051
"M4","genome-wide","DTM","CV00","7","4",0.240300263348642
"M4","haplotype-tagged","DTM","CV00","7","4",0.120851122324061
"M4","genome-wide","DTM","CV00","7","5",0.514778735542164
"M4","haplotype-tagged","DTM","CV00","7","5",0.283014078724957
"M4","genome-wide","HSW","CV1","7","1",0.642686180569304
"M4","haplotype-tagged","HSW","CV1","7","1",0.432229607913086
"M4","genome-wide","HSW","CV1","7","2",0.616634525935488
"M4","haplotype-tagged","HSW","CV1","7","2",0.481015117579875
"M4","genome-wide","HSW","CV1","7","3",0.542088254968473
"M4","haplotype-tagged","HSW","CV1","7","3",0.411479290185168
"M4","genome-wide","HSW","CV1","7","4",0.566326795671533
"M4","haplotype-tagged","HSW","CV1","7","4",0.329088275261336
"M4","genome-wide","HSW","CV1","7","5",0.512994009800565
"M4","haplotype-tagged","HSW","CV1","7","5",0.435377693398878
"M4","genome-wide","HSW","CV2","7","1",0.770705750127673
"M4","haplotype-tagged","HSW","CV2","7","1",0.762377899152881
"M4","genome-wide","HSW","CV2","7","2",0.742369540550116
"M4","haplotype-tagged","HSW","CV2","7","2",0.7428426501628
"M4","genome-wide","HSW","CV2","7","3",0.74354006940058
"M4","haplotype-tagged","HSW","CV2","7","3",0.73642449408679
"M4","genome-wide","HSW","CV2","7","4",0.646486473994285
"M4","haplotype-tagged","HSW","CV2","7","4",0.657468042734729
"M4","genome-wide","HSW","CV2","7","5",0.757386278504202
"M4","haplotype-tagged","HSW","CV2","7","5",0.757615966087013
"M4","genome-wide","HSW","CV0","7","1",0.761916091229267
"M4","haplotype-tagged","HSW","CV0","7","1",0.754729288482332
"M4","genome-wide","HSW","CV0","7","2",0.76024657782869
"M4","haplotype-tagged","HSW","CV0","7","2",0.756021344500246
"M4","genome-wide","HSW","CV0","7","3",0.695835683405065
"M4","haplotype-tagged","HSW","CV0","7","3",0.697536518760263
"M4","genome-wide","HSW","CV0","7","4",0.782954530866848
"M4","haplotype-tagged","HSW","CV0","7","4",0.781539753612208
"M4","genome-wide","HSW","CV0","7","5",0.712847429442256
"M4","haplotype-tagged","HSW","CV0","7","5",0.713053571487505
"M4","genome-wide","HSW","CV00","7","1",0.296093225611958
"M4","haplotype-tagged","HSW","CV00","7","1",0.297433237773878
"M4","genome-wide","HSW","CV00","7","2",0.585187057845381
"M4","haplotype-tagged","HSW","CV00","7","2",0.38546751420526
"M4","genome-wide","HSW","CV00","7","3",0.585920640367521
"M4","haplotype-tagged","HSW","CV00","7","3",0.217491604749642
"M4","genome-wide","HSW","CV00","7","4",0.561921484129222
"M4","haplotype-tagged","HSW","CV00","7","4",0.299311158189021
"M4","genome-wide","HSW","CV00","7","5",0.806255902137327
"M4","haplotype-tagged","HSW","CV00","7","5",0.577473630246863
"M4","genome-wide","PH","CV1","7","1",0.411613677535989
"M4","haplotype-tagged","PH","CV1","7","1",0.306247408708384
"M4","genome-wide","PH","CV1","7","2",0.313315583517197
"M4","haplotype-tagged","PH","CV1","7","2",0.357655345034876
"M4","genome-wide","PH","CV1","7","3",0.546967781205266
"M4","haplotype-tagged","PH","CV1","7","3",0.51278371655699
"M4","genome-wide","PH","CV1","7","4",0.528583746003348
"M4","haplotype-tagged","PH","CV1","7","4",0.387477306844262
"M4","genome-wide","PH","CV1","7","5",0.503286899917593
"M4","haplotype-tagged","PH","CV1","7","5",0.44093151448885
"M4","genome-wide","PH","CV2","7","1",0.592939893329406
"M4","haplotype-tagged","PH","CV2","7","1",0.574405445551789
"M4","genome-wide","PH","CV2","7","2",0.613134844974218
"M4","haplotype-tagged","PH","CV2","7","2",0.582458787649134
"M4","genome-wide","PH","CV2","7","3",0.589034259217116
"M4","haplotype-tagged","PH","CV2","7","3",0.557849383571694
"M4","genome-wide","PH","CV2","7","4",0.505344079422585
"M4","haplotype-tagged","PH","CV2","7","4",0.487255075088006
"M4","genome-wide","PH","CV2","7","5",0.576439044855135
"M4","haplotype-tagged","PH","CV2","7","5",0.530505324161301
"M4","genome-wide","PH","CV0","7","1",0.712162360172711
"M4","haplotype-tagged","PH","CV0","7","1",0.67887688145469
"M4","genome-wide","PH","CV0","7","2",0.760992417472096
"M4","haplotype-tagged","PH","CV0","7","2",0.73701827761181
"M4","genome-wide","PH","CV0","7","3",0.612574345606823
"M4","haplotype-tagged","PH","CV0","7","3",0.612637246122878
"M4","genome-wide","PH","CV0","7","4",0.293813473220758
"M4","haplotype-tagged","PH","CV0","7","4",0.279258947319171
"M4","genome-wide","PH","CV0","7","5",0.494740228053656
"M4","haplotype-tagged","PH","CV0","7","5",0.490258442812111
"M4","genome-wide","PH","CV00","7","1",0.442281053547914
"M4","haplotype-tagged","PH","CV00","7","1",0.474607163780581
"M4","genome-wide","PH","CV00","7","2",0.367928043617397
"M4","haplotype-tagged","PH","CV00","7","2",0.24387969233865
"M4","genome-wide","PH","CV00","7","3",0.536226360870844
"M4","haplotype-tagged","PH","CV00","7","3",0.23358068540593
"M4","genome-wide","PH","CV00","7","4",0.358502170905133
"M4","haplotype-tagged","PH","CV00","7","4",0.432458252291353
"M4","genome-wide","PH","CV00","7","5",0.777104533826663
"M4","haplotype-tagged","PH","CV00","7","5",0.436927782898065
"M4","genome-wide","PPP","CV1","7","1",0.137582754636353
"M4","haplotype-tagged","PPP","CV1","7","1",0.0883995951422589
"M4","genome-wide","PPP","CV1","7","2",0.256885269763099
"M4","haplotype-tagged","PPP","CV1","7","2",0.131001044348342
"M4","genome-wide","PPP","CV1","7","3",0.139956893189173
"M4","haplotype-tagged","PPP","CV1","7","3",0.1370079456274
"M4","genome-wide","PPP","CV1","7","4",0.165990913556304
"M4","haplotype-tagged","PPP","CV1","7","4",0.158788713495342
"M4","genome-wide","PPP","CV1","7","5",0.138834143546991
"M4","haplotype-tagged","PPP","CV1","7","5",0.0791530674167737
"M4","genome-wide","PPP","CV2","7","1",0.162179215247303
"M4","haplotype-tagged","PPP","CV2","7","1",0.176903555327222
"M4","genome-wide","PPP","CV2","7","2",0.102683260536545
"M4","haplotype-tagged","PPP","CV2","7","2",0.126995727394908
"M4","genome-wide","PPP","CV2","7","3",0.14444747264109
"M4","haplotype-tagged","PPP","CV2","7","3",0.130857959134277
"M4","genome-wide","PPP","CV2","7","4",0.199183468324282
"M4","haplotype-tagged","PPP","CV2","7","4",0.205169176689863
"M4","genome-wide","PPP","CV2","7","5",0.176427631844013
"M4","haplotype-tagged","PPP","CV2","7","5",0.188593993238146
"M4","genome-wide","PPP","CV0","7","1",0.17939057391554
"M4","haplotype-tagged","PPP","CV0","7","1",0.178212325411298
"M4","genome-wide","PPP","CV0","7","2",0.251116620846511
"M4","haplotype-tagged","PPP","CV0","7","2",0.258296394494027
"M4","genome-wide","PPP","CV0","7","3",0.0991571183097628
"M4","haplotype-tagged","PPP","CV0","7","3",0.104834273254099
"M4","genome-wide","PPP","CV0","7","4",0.102155586671402
"M4","haplotype-tagged","PPP","CV0","7","4",0.121315022719473
"M4","genome-wide","PPP","CV0","7","5",0.0320808344946777
"M4","haplotype-tagged","PPP","CV0","7","5",0.039456733992624
"M4","genome-wide","PPP","CV00","7","1",0.0358863068814739
"M4","haplotype-tagged","PPP","CV00","7","1",0.0105291769595254
"M4","genome-wide","PPP","CV00","7","2",0.333633067271934
"M4","haplotype-tagged","PPP","CV00","7","2",0.228244861028358
"M4","genome-wide","PPP","CV00","7","3",0.258718357678971
"M4","haplotype-tagged","PPP","CV00","7","3",0.217184795040757
"M4","genome-wide","PPP","CV00","7","4",0.166901429183349
"M4","haplotype-tagged","PPP","CV00","7","4",0.000763341909252348
"M4","genome-wide","PPP","CV00","7","5",0.493740159490837
"M4","haplotype-tagged","PPP","CV00","7","5",0.380570278122702
"M4","genome-wide","YPPlnt","CV1","7","1",0.0550943749413813
"M4","haplotype-tagged","YPPlnt","CV1","7","1",0.116070293972267
"M4","genome-wide","YPPlnt","CV1","7","2",0.172400776354381
"M4","haplotype-tagged","YPPlnt","CV1","7","2",0.076370693005153
"M4","genome-wide","YPPlnt","CV1","7","3",0.037323359633804
"M4","haplotype-tagged","YPPlnt","CV1","7","3",0.11259923111312
"M4","genome-wide","YPPlnt","CV1","7","4",0.0247281013259503
"M4","haplotype-tagged","YPPlnt","CV1","7","4",-0.0110446920606253
"M4","genome-wide","YPPlnt","CV1","7","5",0.195705055823081
"M4","haplotype-tagged","YPPlnt","CV1","7","5",0.101751288489861
"M4","genome-wide","YPPlnt","CV2","7","1",0.148021711136111
"M4","haplotype-tagged","YPPlnt","CV2","7","1",0.135297203501497
"M4","genome-wide","YPPlnt","CV2","7","2",0.142350950684981
"M4","haplotype-tagged","YPPlnt","CV2","7","2",0.137190345964501
"M4","genome-wide","YPPlnt","CV2","7","3",0.135814584767292
"M4","haplotype-tagged","YPPlnt","CV2","7","3",0.126721152673745
"M4","genome-wide","YPPlnt","CV2","7","4",0.147924839068725
"M4","haplotype-tagged","YPPlnt","CV2","7","4",0.143854437463316
"M4","genome-wide","YPPlnt","CV2","7","5",0.124541589034269
"M4","haplotype-tagged","YPPlnt","CV2","7","5",0.071716162807636
"M4","genome-wide","YPPlnt","CV0","7","1",0.121914789468123
"M4","haplotype-tagged","YPPlnt","CV0","7","1",0.0933242526974848
"M4","genome-wide","YPPlnt","CV0","7","2",0.208612738832384
"M4","haplotype-tagged","YPPlnt","CV0","7","2",0.197646946135557
"M4","genome-wide","YPPlnt","CV0","7","3",0.162657395305084
"M4","haplotype-tagged","YPPlnt","CV0","7","3",0.152079910015037
"M4","genome-wide","YPPlnt","CV0","7","4",0.115544685089763
"M4","haplotype-tagged","YPPlnt","CV0","7","4",0.140919782373418
"M4","genome-wide","YPPlnt","CV0","7","5",0.114706816484041
"M4","haplotype-tagged","YPPlnt","CV0","7","5",0.104730531605479
"M4","genome-wide","YPPlnt","CV00","7","1",0.121606165009033
"M4","haplotype-tagged","YPPlnt","CV00","7","1",-0.0209822290292509
"M4","genome-wide","YPPlnt","CV00","7","2",0.256192816253249
"M4","haplotype-tagged","YPPlnt","CV00","7","2",0.247862866465018
"M4","genome-wide","YPPlnt","CV00","7","3",0.0192717080425923
"M4","haplotype-tagged","YPPlnt","CV00","7","3",0.11397791640396
"M4","genome-wide","YPPlnt","CV00","7","4",0.252588450334689
"M4","haplotype-tagged","YPPlnt","CV00","7","4",0.225471017815793
"M4","genome-wide","YPPlnt","CV00","7","5",0.0365305521666583
"M4","haplotype-tagged","YPPlnt","CV00","7","5",0.0404742864561956
"M4","genome-wide","DTF","CV1","8","1",0.478799220045915
"M4","haplotype-tagged","DTF","CV1","8","1",0.290401504125603
"M4","genome-wide","DTF","CV1","8","2",0.443036882775473
"M4","haplotype-tagged","DTF","CV1","8","2",0.272605745212933
"M4","genome-wide","DTF","CV1","8","3",0.372710347038255
"M4","haplotype-tagged","DTF","CV1","8","3",0.130926280976645
"M4","genome-wide","DTF","CV1","8","4",0.490444099380415
"M4","haplotype-tagged","DTF","CV1","8","4",0.407092315753776
"M4","genome-wide","DTF","CV1","8","5",0.504272468036723
"M4","haplotype-tagged","DTF","CV1","8","5",0.277365000467802
"M4","genome-wide","DTF","CV2","8","1",0.633084043979899
"M4","haplotype-tagged","DTF","CV2","8","1",0.624286428471591
"M4","genome-wide","DTF","CV2","8","2",0.571607623618792
"M4","haplotype-tagged","DTF","CV2","8","2",0.564586852360338
"M4","genome-wide","DTF","CV2","8","3",0.567412702807829
"M4","haplotype-tagged","DTF","CV2","8","3",0.551772026039034
"M4","genome-wide","DTF","CV2","8","4",0.595982984267818
"M4","haplotype-tagged","DTF","CV2","8","4",0.618092248015316
"M4","genome-wide","DTF","CV2","8","5",0.621987913360618
"M4","haplotype-tagged","DTF","CV2","8","5",0.610840629470281
"M4","genome-wide","DTF","CV0","8","1",0.504335017716694
"M4","haplotype-tagged","DTF","CV0","8","1",0.496127895477396
"M4","genome-wide","DTF","CV0","8","2",0.721681398610117
"M4","haplotype-tagged","DTF","CV0","8","2",0.701894773590436
"M4","genome-wide","DTF","CV0","8","3",0.706190447668117
"M4","haplotype-tagged","DTF","CV0","8","3",0.717914834302959
"M4","genome-wide","DTF","CV0","8","4",0.53498940357782
"M4","haplotype-tagged","DTF","CV0","8","4",0.519696084398712
"M4","genome-wide","DTF","CV0","8","5",0.615892971813243
"M4","haplotype-tagged","DTF","CV0","8","5",0.63195016216134
"M4","genome-wide","DTF","CV00","8","1",0.490286903888755
"M4","haplotype-tagged","DTF","CV00","8","1",0.17242528333821
"M4","genome-wide","DTF","CV00","8","2",0.315177405576393
"M4","haplotype-tagged","DTF","CV00","8","2",0.0984122665957484
"M4","genome-wide","DTF","CV00","8","3",0.577031187777934
"M4","haplotype-tagged","DTF","CV00","8","3",0.297802493271709
"M4","genome-wide","DTF","CV00","8","4",0.418819472122935
"M4","haplotype-tagged","DTF","CV00","8","4",0.0414405250136071
"M4","genome-wide","DTF","CV00","8","5",0.539423664137013
"M4","haplotype-tagged","DTF","CV00","8","5",0.202294069159285
"M4","genome-wide","DTM","CV1","8","1",0.290826806235212
"M4","haplotype-tagged","DTM","CV1","8","1",0.195665282673296
"M4","genome-wide","DTM","CV1","8","2",0.290081875884765
"M4","haplotype-tagged","DTM","CV1","8","2",0.0983378347056158
"M4","genome-wide","DTM","CV1","8","3",0.208843684552346
"M4","haplotype-tagged","DTM","CV1","8","3",0.136363500587972
"M4","genome-wide","DTM","CV1","8","4",0.293088382727009
"M4","haplotype-tagged","DTM","CV1","8","4",0.189747943205634
"M4","genome-wide","DTM","CV1","8","5",0.406581638479799
"M4","haplotype-tagged","DTM","CV1","8","5",0.162879282042516
"M4","genome-wide","DTM","CV2","8","1",0.471218510348761
"M4","haplotype-tagged","DTM","CV2","8","1",0.466584493090588
"M4","genome-wide","DTM","CV2","8","2",0.509049122185012
"M4","haplotype-tagged","DTM","CV2","8","2",0.476293843376399
"M4","genome-wide","DTM","CV2","8","3",0.475727689942842
"M4","haplotype-tagged","DTM","CV2","8","3",0.471891920474315
"M4","genome-wide","DTM","CV2","8","4",0.46280172526906
"M4","haplotype-tagged","DTM","CV2","8","4",0.471829642955046
"M4","genome-wide","DTM","CV2","8","5",0.473483507857513
"M4","haplotype-tagged","DTM","CV2","8","5",0.457515996996885
"M4","genome-wide","DTM","CV0","8","1",0.379671440805362
"M4","haplotype-tagged","DTM","CV0","8","1",0.37040533519776
"M4","genome-wide","DTM","CV0","8","2",0.573157045387282
"M4","haplotype-tagged","DTM","CV0","8","2",0.540888416196949
"M4","genome-wide","DTM","CV0","8","3",0.633273018225587
"M4","haplotype-tagged","DTM","CV0","8","3",0.580878865055304
"M4","genome-wide","DTM","CV0","8","4",0.346133567190924
"M4","haplotype-tagged","DTM","CV0","8","4",0.332319674037031
"M4","genome-wide","DTM","CV0","8","5",0.542909660538513
"M4","haplotype-tagged","DTM","CV0","8","5",0.510357944978338
"M4","genome-wide","DTM","CV00","8","1",0.412427200692913
"M4","haplotype-tagged","DTM","CV00","8","1",-0.100070251968949
"M4","genome-wide","DTM","CV00","8","2",0.171138367707853
"M4","haplotype-tagged","DTM","CV00","8","2",0.154154216928935
"M4","genome-wide","DTM","CV00","8","3",0.186246789547567
"M4","haplotype-tagged","DTM","CV00","8","3",0.134633189095888
"M4","genome-wide","DTM","CV00","8","4",0.472748185872138
"M4","haplotype-tagged","DTM","CV00","8","4",0.0369110194985268
"M4","genome-wide","DTM","CV00","8","5",0.238362228339667
"M4","haplotype-tagged","DTM","CV00","8","5",0.0856083066420621
"M4","genome-wide","HSW","CV1","8","1",0.563058703583945
"M4","haplotype-tagged","HSW","CV1","8","1",0.302100059983423
"M4","genome-wide","HSW","CV1","8","2",0.664407193195864
"M4","haplotype-tagged","HSW","CV1","8","2",0.565181954480931
"M4","genome-wide","HSW","CV1","8","3",0.679185624368534
"M4","haplotype-tagged","HSW","CV1","8","3",0.455416844805553
"M4","genome-wide","HSW","CV1","8","4",0.658485669961285
"M4","haplotype-tagged","HSW","CV1","8","4",0.395976359171988
"M4","genome-wide","HSW","CV1","8","5",0.455167304357157
"M4","haplotype-tagged","HSW","CV1","8","5",0.253252549300735
"M4","genome-wide","HSW","CV2","8","1",0.749505340833961
"M4","haplotype-tagged","HSW","CV2","8","1",0.757260718081529
"M4","genome-wide","HSW","CV2","8","2",0.794421100933227
"M4","haplotype-tagged","HSW","CV2","8","2",0.801082630206017
"M4","genome-wide","HSW","CV2","8","3",0.736269151689327
"M4","haplotype-tagged","HSW","CV2","8","3",0.745030041697334
"M4","genome-wide","HSW","CV2","8","4",0.763286850620783
"M4","haplotype-tagged","HSW","CV2","8","4",0.750849536808807
"M4","genome-wide","HSW","CV2","8","5",0.658193691408941
"M4","haplotype-tagged","HSW","CV2","8","5",0.665861835395551
"M4","genome-wide","HSW","CV0","8","1",0.697451545999079
"M4","haplotype-tagged","HSW","CV0","8","1",0.698876250533961
"M4","genome-wide","HSW","CV0","8","2",0.791509926990104
"M4","haplotype-tagged","HSW","CV0","8","2",0.790755736358659
"M4","genome-wide","HSW","CV0","8","3",0.763164399908239
"M4","haplotype-tagged","HSW","CV0","8","3",0.755316537805125
"M4","genome-wide","HSW","CV0","8","4",0.680233872694103
"M4","haplotype-tagged","HSW","CV0","8","4",0.678179198921292
"M4","genome-wide","HSW","CV0","8","5",0.86163642312479
"M4","haplotype-tagged","HSW","CV0","8","5",0.856515634282369
"M4","genome-wide","HSW","CV00","8","1",0.68727866849417
"M4","haplotype-tagged","HSW","CV00","8","1",0.42724948298325
"M4","genome-wide","HSW","CV00","8","2",0.600708036883113
"M4","haplotype-tagged","HSW","CV00","8","2",0.481263442138058
"M4","genome-wide","HSW","CV00","8","3",0.649918989080803
"M4","haplotype-tagged","HSW","CV00","8","3",0.498415947939
"M4","genome-wide","HSW","CV00","8","4",0.628481429222114
"M4","haplotype-tagged","HSW","CV00","8","4",0.392270912530096
"M4","genome-wide","HSW","CV00","8","5",0.760108462925692
"M4","haplotype-tagged","HSW","CV00","8","5",0.410076693492664
"M4","genome-wide","PH","CV1","8","1",0.448111347001133
"M4","haplotype-tagged","PH","CV1","8","1",0.309727761287415
"M4","genome-wide","PH","CV1","8","2",0.489793467059153
"M4","haplotype-tagged","PH","CV1","8","2",0.378810383007216
"M4","genome-wide","PH","CV1","8","3",0.328318285381838
"M4","haplotype-tagged","PH","CV1","8","3",0.357688351197614
"M4","genome-wide","PH","CV1","8","4",0.468185504851177
"M4","haplotype-tagged","PH","CV1","8","4",0.369946352014943
"M4","genome-wide","PH","CV1","8","5",0.466713565831162
"M4","haplotype-tagged","PH","CV1","8","5",0.419516480744292
"M4","genome-wide","PH","CV2","8","1",0.58026963942562
"M4","haplotype-tagged","PH","CV2","8","1",0.581933149868548
"M4","genome-wide","PH","CV2","8","2",0.632424739673245
"M4","haplotype-tagged","PH","CV2","8","2",0.614529046013871
"M4","genome-wide","PH","CV2","8","3",0.565204667145249
"M4","haplotype-tagged","PH","CV2","8","3",0.556890759562664
"M4","genome-wide","PH","CV2","8","4",0.555954927891154
"M4","haplotype-tagged","PH","CV2","8","4",0.514102496884762
"M4","genome-wide","PH","CV2","8","5",0.520509823415208
"M4","haplotype-tagged","PH","CV2","8","5",0.510053389225866
"M4","genome-wide","PH","CV0","8","1",0.611321256309177
"M4","haplotype-tagged","PH","CV0","8","1",0.613740721450296
"M4","genome-wide","PH","CV0","8","2",0.637319118457837
"M4","haplotype-tagged","PH","CV0","8","2",0.595292762842103
"M4","genome-wide","PH","CV0","8","3",0.708106290830056
"M4","haplotype-tagged","PH","CV0","8","3",0.674810929486771
"M4","genome-wide","PH","CV0","8","4",0.611492207993902
"M4","haplotype-tagged","PH","CV0","8","4",0.598248282769828
"M4","genome-wide","PH","CV0","8","5",0.109353864336352
"M4","haplotype-tagged","PH","CV0","8","5",0.113193693514095
"M4","genome-wide","PH","CV00","8","1",0.569313029668526
"M4","haplotype-tagged","PH","CV00","8","1",0.565111625793287
"M4","genome-wide","PH","CV00","8","2",0.151008312657159
"M4","haplotype-tagged","PH","CV00","8","2",0.145533830385687
"M4","genome-wide","PH","CV00","8","3",0.25697499978374
"M4","haplotype-tagged","PH","CV00","8","3",0.212035739607528
"M4","genome-wide","PH","CV00","8","4",0.497587188442099
"M4","haplotype-tagged","PH","CV00","8","4",0.564831488784282
"M4","genome-wide","PH","CV00","8","5",0.532902328115724
"M4","haplotype-tagged","PH","CV00","8","5",0.413480238514111
"M4","genome-wide","PPP","CV1","8","1",0.208937969001399
"M4","haplotype-tagged","PPP","CV1","8","1",0.140356455196126
"M4","genome-wide","PPP","CV1","8","2",0.143264232265965
"M4","haplotype-tagged","PPP","CV1","8","2",0.190846672290981
"M4","genome-wide","PPP","CV1","8","3",0.180252827879202
"M4","haplotype-tagged","PPP","CV1","8","3",0.204215971522436
"M4","genome-wide","PPP","CV1","8","4",0.199203333390658
"M4","haplotype-tagged","PPP","CV1","8","4",0.168373981967151
"M4","genome-wide","PPP","CV1","8","5",0.0280575707935313
"M4","haplotype-tagged","PPP","CV1","8","5",-0.0266722840024022
"M4","genome-wide","PPP","CV2","8","1",0.152976149952103
"M4","haplotype-tagged","PPP","CV2","8","1",0.159506528687932
"M4","genome-wide","PPP","CV2","8","2",0.188536117322831
"M4","haplotype-tagged","PPP","CV2","8","2",0.172068754496727
"M4","genome-wide","PPP","CV2","8","3",0.146338421927797
"M4","haplotype-tagged","PPP","CV2","8","3",0.15743621796547
"M4","genome-wide","PPP","CV2","8","4",0.162028822959603
"M4","haplotype-tagged","PPP","CV2","8","4",0.123200977813293
"M4","genome-wide","PPP","CV2","8","5",0.198222745066212
"M4","haplotype-tagged","PPP","CV2","8","5",0.176404148538605
"M4","genome-wide","PPP","CV0","8","1",0.105020186359981
"M4","haplotype-tagged","PPP","CV0","8","1",0.108065903458648
"M4","genome-wide","PPP","CV0","8","2",0.184937992025875
"M4","haplotype-tagged","PPP","CV0","8","2",0.190661500269032
"M4","genome-wide","PPP","CV0","8","3",0.17499101748468
"M4","haplotype-tagged","PPP","CV0","8","3",0.175632632106211
"M4","genome-wide","PPP","CV0","8","4",0.0743893359875213
"M4","haplotype-tagged","PPP","CV0","8","4",0.0829493313228499
"M4","genome-wide","PPP","CV0","8","5",-0.00974370463173105
"M4","haplotype-tagged","PPP","CV0","8","5",-0.00244407134010052
"M4","genome-wide","PPP","CV00","8","1",0.188945152223343
"M4","haplotype-tagged","PPP","CV00","8","1",0.109164418775216
"M4","genome-wide","PPP","CV00","8","2",0.126233377789932
"M4","haplotype-tagged","PPP","CV00","8","2",0.150665374297779
"M4","genome-wide","PPP","CV00","8","3",0.0670458750408779
"M4","haplotype-tagged","PPP","CV00","8","3",0.0671013105133279
"M4","genome-wide","PPP","CV00","8","4",0.218956781040909
"M4","haplotype-tagged","PPP","CV00","8","4",0.152351326957729
"M4","genome-wide","PPP","CV00","8","5",0.211609632718886
"M4","haplotype-tagged","PPP","CV00","8","5",0.159979854086421
"M4","genome-wide","YPPlnt","CV1","8","1",0.0722248024123503
"M4","haplotype-tagged","YPPlnt","CV1","8","1",0.0720514930849562
"M4","genome-wide","YPPlnt","CV1","8","2",0.205536125572628
"M4","haplotype-tagged","YPPlnt","CV1","8","2",0.133601165880603
"M4","genome-wide","YPPlnt","CV1","8","3",0.0831182304362376
"M4","haplotype-tagged","YPPlnt","CV1","8","3",0.0106805569079609
"M4","genome-wide","YPPlnt","CV1","8","4",0.105624563586544
"M4","haplotype-tagged","YPPlnt","CV1","8","4",0.0782049410851098
"M4","genome-wide","YPPlnt","CV1","8","5",0.163773005971163
"M4","haplotype-tagged","YPPlnt","CV1","8","5",0.139241196972889
"M4","genome-wide","YPPlnt","CV2","8","1",0.041075453658794
"M4","haplotype-tagged","YPPlnt","CV2","8","1",0.00776689746215292
"M4","genome-wide","YPPlnt","CV2","8","2",0.135412173969026
"M4","haplotype-tagged","YPPlnt","CV2","8","2",0.0869566700352067
"M4","genome-wide","YPPlnt","CV2","8","3",0.111053442664368
"M4","haplotype-tagged","YPPlnt","CV2","8","3",0.0799180203041162
"M4","genome-wide","YPPlnt","CV2","8","4",0.172596075664299
"M4","haplotype-tagged","YPPlnt","CV2","8","4",0.173128815288257
"M4","genome-wide","YPPlnt","CV2","8","5",0.162358022789986
"M4","haplotype-tagged","YPPlnt","CV2","8","5",0.170414645498206
"M4","genome-wide","YPPlnt","CV0","8","1",0.151796983864168
"M4","haplotype-tagged","YPPlnt","CV0","8","1",0.152756459845911
"M4","genome-wide","YPPlnt","CV0","8","2",0.0880843426344291
"M4","haplotype-tagged","YPPlnt","CV0","8","2",0.0678687239626104
"M4","genome-wide","YPPlnt","CV0","8","3",0.119345842052002
"M4","haplotype-tagged","YPPlnt","CV0","8","3",0.0989956201214462
"M4","genome-wide","YPPlnt","CV0","8","4",0.172819369322154
"M4","haplotype-tagged","YPPlnt","CV0","8","4",0.186735085951206
"M4","genome-wide","YPPlnt","CV0","8","5",0.215929232141508
"M4","haplotype-tagged","YPPlnt","CV0","8","5",0.206019577601958
"M4","genome-wide","YPPlnt","CV00","8","1",0.186534679282781
"M4","haplotype-tagged","YPPlnt","CV00","8","1",0.0444627002456224
"M4","genome-wide","YPPlnt","CV00","8","2",0.104060288869819
"M4","haplotype-tagged","YPPlnt","CV00","8","2",0.138276661074779
"M4","genome-wide","YPPlnt","CV00","8","3",0.288987630265417
"M4","haplotype-tagged","YPPlnt","CV00","8","3",0.218604125202833
"M4","genome-wide","YPPlnt","CV00","8","4",-0.0275628400496261
"M4","haplotype-tagged","YPPlnt","CV00","8","4",-0.0506802170920685
"M4","genome-wide","YPPlnt","CV00","8","5",-0.217173971236252
"M4","haplotype-tagged","YPPlnt","CV00","8","5",0.0678230234647015
"M4","genome-wide","DTF","CV1","9","1",0.426008917600047
"M4","haplotype-tagged","DTF","CV1","9","1",0.0913776514391711
"M4","genome-wide","DTF","CV1","9","2",0.43061360259628
"M4","haplotype-tagged","DTF","CV1","9","2",0.150177403828969
"M4","genome-wide","DTF","CV1","9","3",0.494344349353504
"M4","haplotype-tagged","DTF","CV1","9","3",0.299858934535121
"M4","genome-wide","DTF","CV1","9","4",0.447117265829889
"M4","haplotype-tagged","DTF","CV1","9","4",0.427802118180856
"M4","genome-wide","DTF","CV1","9","5",0.464693685703366
"M4","haplotype-tagged","DTF","CV1","9","5",0.169560984468357
"M4","genome-wide","DTF","CV2","9","1",0.629193454353505
"M4","haplotype-tagged","DTF","CV2","9","1",0.608595069586301
"M4","genome-wide","DTF","CV2","9","2",0.585163995458792
"M4","haplotype-tagged","DTF","CV2","9","2",0.588701595876945
"M4","genome-wide","DTF","CV2","9","3",0.624317333674398
"M4","haplotype-tagged","DTF","CV2","9","3",0.61359855182937
"M4","genome-wide","DTF","CV2","9","4",0.632300128186685
"M4","haplotype-tagged","DTF","CV2","9","4",0.621025053387267
"M4","genome-wide","DTF","CV2","9","5",0.610949728388943
"M4","haplotype-tagged","DTF","CV2","9","5",0.602878413259888
"M4","genome-wide","DTF","CV0","9","1",0.765105709631531
"M4","haplotype-tagged","DTF","CV0","9","1",0.760962931033124
"M4","genome-wide","DTF","CV0","9","2",0.692737560639983
"M4","haplotype-tagged","DTF","CV0","9","2",0.681353133481228
"M4","genome-wide","DTF","CV0","9","3",0.615831819896072
"M4","haplotype-tagged","DTF","CV0","9","3",0.614201449926124
"M4","genome-wide","DTF","CV0","9","4",0.44537188790902
"M4","haplotype-tagged","DTF","CV0","9","4",0.4395694461921
"M4","genome-wide","DTF","CV0","9","5",0.537570651114395
"M4","haplotype-tagged","DTF","CV0","9","5",0.532860998461826
"M4","genome-wide","DTF","CV00","9","1",0.398109350270568
"M4","haplotype-tagged","DTF","CV00","9","1",0.387717230551652
"M4","genome-wide","DTF","CV00","9","2",0.399245141055502
"M4","haplotype-tagged","DTF","CV00","9","2",0.360531199446371
"M4","genome-wide","DTF","CV00","9","3",0.518512535029767
"M4","haplotype-tagged","DTF","CV00","9","3",0.273770661716522
"M4","genome-wide","DTF","CV00","9","4",0.542993074315773
"M4","haplotype-tagged","DTF","CV00","9","4",0.154253577073442
"M4","genome-wide","DTF","CV00","9","5",0.476746703352472
"M4","haplotype-tagged","DTF","CV00","9","5",0.228214580415035
"M4","genome-wide","DTM","CV1","9","1",0.28730669240371
"M4","haplotype-tagged","DTM","CV1","9","1",0.0933144641078923
"M4","genome-wide","DTM","CV1","9","2",0.301708518264155
"M4","haplotype-tagged","DTM","CV1","9","2",0.137575647468576
"M4","genome-wide","DTM","CV1","9","3",0.391479696654174
"M4","haplotype-tagged","DTM","CV1","9","3",0.280929992215484
"M4","genome-wide","DTM","CV1","9","4",0.371118206022265
"M4","haplotype-tagged","DTM","CV1","9","4",0.244771906830802
"M4","genome-wide","DTM","CV1","9","5",0.328954809475622
"M4","haplotype-tagged","DTM","CV1","9","5",0.0160379694025387
"M4","genome-wide","DTM","CV2","9","1",0.530937903478059
"M4","haplotype-tagged","DTM","CV2","9","1",0.515183617263347
"M4","genome-wide","DTM","CV2","9","2",0.464351422156584
"M4","haplotype-tagged","DTM","CV2","9","2",0.441255221490914
"M4","genome-wide","DTM","CV2","9","3",0.499200873136869
"M4","haplotype-tagged","DTM","CV2","9","3",0.47776491574896
"M4","genome-wide","DTM","CV2","9","4",0.449717171216911
"M4","haplotype-tagged","DTM","CV2","9","4",0.449847407746631
"M4","genome-wide","DTM","CV2","9","5",0.495030617382609
"M4","haplotype-tagged","DTM","CV2","9","5",0.492769701034302
"M4","genome-wide","DTM","CV0","9","1",0.6521909289858
"M4","haplotype-tagged","DTM","CV0","9","1",0.583010623472688
"M4","genome-wide","DTM","CV0","9","2",0.536659788165383
"M4","haplotype-tagged","DTM","CV0","9","2",0.513009688493556
"M4","genome-wide","DTM","CV0","9","3",0.472916211594789
"M4","haplotype-tagged","DTM","CV0","9","3",0.441221441246068
"M4","genome-wide","DTM","CV0","9","4",0.370191743977991
"M4","haplotype-tagged","DTM","CV0","9","4",0.358687742914447
"M4","genome-wide","DTM","CV0","9","5",0.291116705017704
"M4","haplotype-tagged","DTM","CV0","9","5",0.280113341376033
"M4","genome-wide","DTM","CV00","9","1",0.334581275165448
"M4","haplotype-tagged","DTM","CV00","9","1",0.284325839380769
"M4","genome-wide","DTM","CV00","9","2",0.34017498211792
"M4","haplotype-tagged","DTM","CV00","9","2",0.157240286109516
"M4","genome-wide","DTM","CV00","9","3",0.409509303913923
"M4","haplotype-tagged","DTM","CV00","9","3",0.148775373156395
"M4","genome-wide","DTM","CV00","9","4",0.314421624632745
"M4","haplotype-tagged","DTM","CV00","9","4",0.162542738814808
"M4","genome-wide","DTM","CV00","9","5",0.273668803465904
"M4","haplotype-tagged","DTM","CV00","9","5",0.200555529050759
"M4","genome-wide","HSW","CV1","9","1",0.559753789404662
"M4","haplotype-tagged","HSW","CV1","9","1",0.474248745356236
"M4","genome-wide","HSW","CV1","9","2",0.659260381262734
"M4","haplotype-tagged","HSW","CV1","9","2",0.325519746978595
"M4","genome-wide","HSW","CV1","9","3",0.652090518342864
"M4","haplotype-tagged","HSW","CV1","9","3",0.398373973997189
"M4","genome-wide","HSW","CV1","9","4",0.593599530882798
"M4","haplotype-tagged","HSW","CV1","9","4",0.550360591051643
"M4","genome-wide","HSW","CV1","9","5",0.527438572771715
"M4","haplotype-tagged","HSW","CV1","9","5",0.213866698310988
"M4","genome-wide","HSW","CV2","9","1",0.754454752452607
"M4","haplotype-tagged","HSW","CV2","9","1",0.763448210191989
"M4","genome-wide","HSW","CV2","9","2",0.738157583416447
"M4","haplotype-tagged","HSW","CV2","9","2",0.735251058787973
"M4","genome-wide","HSW","CV2","9","3",0.759586632732597
"M4","haplotype-tagged","HSW","CV2","9","3",0.766924854207633
"M4","genome-wide","HSW","CV2","9","4",0.739733754166605
"M4","haplotype-tagged","HSW","CV2","9","4",0.737617095012914
"M4","genome-wide","HSW","CV2","9","5",0.703421447591999
"M4","haplotype-tagged","HSW","CV2","9","5",0.698544536341547
"M4","genome-wide","HSW","CV0","9","1",0.819114462390437
"M4","haplotype-tagged","HSW","CV0","9","1",0.8100942060265
"M4","genome-wide","HSW","CV0","9","2",0.779655779533969
"M4","haplotype-tagged","HSW","CV0","9","2",0.779405888041058
"M4","genome-wide","HSW","CV0","9","3",0.782969216796455
"M4","haplotype-tagged","HSW","CV0","9","3",0.781637548554869
"M4","genome-wide","HSW","CV0","9","4",0.598524268554564
"M4","haplotype-tagged","HSW","CV0","9","4",0.594035109921249
"M4","genome-wide","HSW","CV0","9","5",0.712637768101849
"M4","haplotype-tagged","HSW","CV0","9","5",0.714044066795498
"M4","genome-wide","HSW","CV00","9","1",0.587326905335843
"M4","haplotype-tagged","HSW","CV00","9","1",0.256854661853536
"M4","genome-wide","HSW","CV00","9","2",0.711351591741169
"M4","haplotype-tagged","HSW","CV00","9","2",0.470712051733777
"M4","genome-wide","HSW","CV00","9","3",0.456156876090211
"M4","haplotype-tagged","HSW","CV00","9","3",0.33639452138066
"M4","genome-wide","HSW","CV00","9","4",0.626494246351676
"M4","haplotype-tagged","HSW","CV00","9","4",0.468111689764045
"M4","genome-wide","HSW","CV00","9","5",0.760436345350953
"M4","haplotype-tagged","HSW","CV00","9","5",0.613538186343007
"M4","genome-wide","PH","CV1","9","1",0.416665203604195
"M4","haplotype-tagged","PH","CV1","9","1",0.308969934401171
"M4","genome-wide","PH","CV1","9","2",0.548312864537991
"M4","haplotype-tagged","PH","CV1","9","2",0.321783098715066
"M4","genome-wide","PH","CV1","9","3",0.4780207642722
"M4","haplotype-tagged","PH","CV1","9","3",0.292614899381092
"M4","genome-wide","PH","CV1","9","4",0.443410095547331
"M4","haplotype-tagged","PH","CV1","9","4",0.37885032584843
"M4","genome-wide","PH","CV1","9","5",0.282146670990643
"M4","haplotype-tagged","PH","CV1","9","5",0.316755852731986
"M4","genome-wide","PH","CV2","9","1",0.567497481508492
"M4","haplotype-tagged","PH","CV2","9","1",0.560188257504468
"M4","genome-wide","PH","CV2","9","2",0.650837257076782
"M4","haplotype-tagged","PH","CV2","9","2",0.619622567588215
"M4","genome-wide","PH","CV2","9","3",0.577676378341878
"M4","haplotype-tagged","PH","CV2","9","3",0.539648841285297
"M4","genome-wide","PH","CV2","9","4",0.572792126864309
"M4","haplotype-tagged","PH","CV2","9","4",0.538615990981998
"M4","genome-wide","PH","CV2","9","5",0.500779663713455
"M4","haplotype-tagged","PH","CV2","9","5",0.480514229545598
"M4","genome-wide","PH","CV0","9","1",0.73922718101897
"M4","haplotype-tagged","PH","CV0","9","1",0.722827182094098
"M4","genome-wide","PH","CV0","9","2",0.683551191536433
"M4","haplotype-tagged","PH","CV0","9","2",0.661061860095981
"M4","genome-wide","PH","CV0","9","3",0.296089820043918
"M4","haplotype-tagged","PH","CV0","9","3",0.280760693850751
"M4","genome-wide","PH","CV0","9","4",0.652007906587635
"M4","haplotype-tagged","PH","CV0","9","4",0.631518477042695
"M4","genome-wide","PH","CV0","9","5",0.495474421889405
"M4","haplotype-tagged","PH","CV0","9","5",0.490580013958971
"M4","genome-wide","PH","CV00","9","1",0.295833117465297
"M4","haplotype-tagged","PH","CV00","9","1",0.340037962026122
"M4","genome-wide","PH","CV00","9","2",0.781657507474974
"M4","haplotype-tagged","PH","CV00","9","2",0.618202151985656
"M4","genome-wide","PH","CV00","9","3",0.102735393611332
"M4","haplotype-tagged","PH","CV00","9","3",0.139578713332689
"M4","genome-wide","PH","CV00","9","4",0.376413471701831
"M4","haplotype-tagged","PH","CV00","9","4",0.384243709727904
"M4","genome-wide","PH","CV00","9","5",0.504904933994769
"M4","haplotype-tagged","PH","CV00","9","5",0.341053374572502
"M4","genome-wide","PPP","CV1","9","1",0.161583332756967
"M4","haplotype-tagged","PPP","CV1","9","1",0.199368062362504
"M4","genome-wide","PPP","CV1","9","2",0.104116404215069
"M4","haplotype-tagged","PPP","CV1","9","2",0.0228985574855397
"M4","genome-wide","PPP","CV1","9","3",0.231197396033691
"M4","haplotype-tagged","PPP","CV1","9","3",0.162961066641986
"M4","genome-wide","PPP","CV1","9","4",0.132921938230045
"M4","haplotype-tagged","PPP","CV1","9","4",0.115704141676498
"M4","genome-wide","PPP","CV1","9","5",0.275356107376866
"M4","haplotype-tagged","PPP","CV1","9","5",0.219395183931438
"M4","genome-wide","PPP","CV2","9","1",0.249329787703035
"M4","haplotype-tagged","PPP","CV2","9","1",0.203952682994922
"M4","genome-wide","PPP","CV2","9","2",0.183729030170272
"M4","haplotype-tagged","PPP","CV2","9","2",0.196220186547022
"M4","genome-wide","PPP","CV2","9","3",0.152771630757848
"M4","haplotype-tagged","PPP","CV2","9","3",0.129155243620836
"M4","genome-wide","PPP","CV2","9","4",0.170120588799062
"M4","haplotype-tagged","PPP","CV2","9","4",0.163434307060824
"M4","genome-wide","PPP","CV2","9","5",0.123545749143479
"M4","haplotype-tagged","PPP","CV2","9","5",0.136602252455004
"M4","genome-wide","PPP","CV0","9","1",0.164721215507816
"M4","haplotype-tagged","PPP","CV0","9","1",0.152556802906829
"M4","genome-wide","PPP","CV0","9","2",0.130868259914809
"M4","haplotype-tagged","PPP","CV0","9","2",0.126115138011662
"M4","genome-wide","PPP","CV0","9","3",0.104771686909584
"M4","haplotype-tagged","PPP","CV0","9","3",0.125867678366356
"M4","genome-wide","PPP","CV0","9","4",0.093433585019872
"M4","haplotype-tagged","PPP","CV0","9","4",0.0893349565296554
"M4","genome-wide","PPP","CV0","9","5",0.0314944079970882
"M4","haplotype-tagged","PPP","CV0","9","5",0.0432592679581772
"M4","genome-wide","PPP","CV00","9","1",0.249075648988845
"M4","haplotype-tagged","PPP","CV00","9","1",0.163815179629518
"M4","genome-wide","PPP","CV00","9","2",0.229176445724129
"M4","haplotype-tagged","PPP","CV00","9","2",-0.0633695970579916
"M4","genome-wide","PPP","CV00","9","3",0.0893453661902252
"M4","haplotype-tagged","PPP","CV00","9","3",0.112893701521589
"M4","genome-wide","PPP","CV00","9","4",0.0369919084650599
"M4","haplotype-tagged","PPP","CV00","9","4",0.142448819408282
"M4","genome-wide","PPP","CV00","9","5",0.16377726961715
"M4","haplotype-tagged","PPP","CV00","9","5",0.116509989119163
"M4","genome-wide","YPPlnt","CV1","9","1",0.162767450915945
"M4","haplotype-tagged","YPPlnt","CV1","9","1",0.122440155459623
"M4","genome-wide","YPPlnt","CV1","9","2",0.141411369728583
"M4","haplotype-tagged","YPPlnt","CV1","9","2",0.0444906144889046
"M4","genome-wide","YPPlnt","CV1","9","3",0.0907128261516756
"M4","haplotype-tagged","YPPlnt","CV1","9","3",-0.0768877472175009
"M4","genome-wide","YPPlnt","CV1","9","4",0.0776624160468131
"M4","haplotype-tagged","YPPlnt","CV1","9","4",0.0574129306213899
"M4","genome-wide","YPPlnt","CV1","9","5",0.104038954855423
"M4","haplotype-tagged","YPPlnt","CV1","9","5",0.0903714305240866
"M4","genome-wide","YPPlnt","CV2","9","1",0.0739848430267481
"M4","haplotype-tagged","YPPlnt","CV2","9","1",0.0413134092558031
"M4","genome-wide","YPPlnt","CV2","9","2",0.173423752059698
"M4","haplotype-tagged","YPPlnt","CV2","9","2",0.152635344418562
"M4","genome-wide","YPPlnt","CV2","9","3",0.123726271996701
"M4","haplotype-tagged","YPPlnt","CV2","9","3",0.0957312672737868
"M4","genome-wide","YPPlnt","CV2","9","4",0.110863099819588
"M4","haplotype-tagged","YPPlnt","CV2","9","4",0.133468957303185
"M4","genome-wide","YPPlnt","CV2","9","5",0.139963680608404
"M4","haplotype-tagged","YPPlnt","CV2","9","5",0.12556234478345
"M4","genome-wide","YPPlnt","CV0","9","1",0.198108340408439
"M4","haplotype-tagged","YPPlnt","CV0","9","1",0.16214742872688
"M4","genome-wide","YPPlnt","CV0","9","2",0.130075407455475
"M4","haplotype-tagged","YPPlnt","CV0","9","2",0.11297621533383
"M4","genome-wide","YPPlnt","CV0","9","3",0.105688380359632
"M4","haplotype-tagged","YPPlnt","CV0","9","3",0.138068902085912
"M4","genome-wide","YPPlnt","CV0","9","4",0.181087314912335
"M4","haplotype-tagged","YPPlnt","CV0","9","4",0.156737469952107
"M4","genome-wide","YPPlnt","CV0","9","5",0.118657947594933
"M4","haplotype-tagged","YPPlnt","CV0","9","5",0.11072544215557
"M4","genome-wide","YPPlnt","CV00","9","1",0.310126852452228
"M4","haplotype-tagged","YPPlnt","CV00","9","1",0.158476261478526
"M4","genome-wide","YPPlnt","CV00","9","2",0.0442336087381078
"M4","haplotype-tagged","YPPlnt","CV00","9","2",0.138146401791276
"M4","genome-wide","YPPlnt","CV00","9","3",-0.0985784058789235
"M4","haplotype-tagged","YPPlnt","CV00","9","3",-0.223227306512492
"M4","genome-wide","YPPlnt","CV00","9","4",0.0281885168136756
"M4","haplotype-tagged","YPPlnt","CV00","9","4",-0.0298866429168857
"M4","genome-wide","YPPlnt","CV00","9","5",0.081804937387903
"M4","haplotype-tagged","YPPlnt","CV00","9","5",-0.00138955449253237
"M4","genome-wide","DTF","CV1","10","1",0.37723763353201
"M4","haplotype-tagged","DTF","CV1","10","1",0.326685886459613
"M4","genome-wide","DTF","CV1","10","2",0.492261050962119
"M4","haplotype-tagged","DTF","CV1","10","2",0.236725527167553
"M4","genome-wide","DTF","CV1","10","3",0.489298491496181
"M4","haplotype-tagged","DTF","CV1","10","3",0.286211378930604
"M4","genome-wide","DTF","CV1","10","4",0.408643099487798
"M4","haplotype-tagged","DTF","CV1","10","4",0.341906117523555
"M4","genome-wide","DTF","CV1","10","5",0.457223608461245
"M4","haplotype-tagged","DTF","CV1","10","5",0.22349490646267
"M4","genome-wide","DTF","CV2","10","1",0.624721371641717
"M4","haplotype-tagged","DTF","CV2","10","1",0.612386852231843
"M4","genome-wide","DTF","CV2","10","2",0.651336610494779
"M4","haplotype-tagged","DTF","CV2","10","2",0.642350653777644
"M4","genome-wide","DTF","CV2","10","3",0.569274438263976
"M4","haplotype-tagged","DTF","CV2","10","3",0.553679118893964
"M4","genome-wide","DTF","CV2","10","4",0.581285099705568
"M4","haplotype-tagged","DTF","CV2","10","4",0.555512748106682
"M4","genome-wide","DTF","CV2","10","5",0.556199760833664
"M4","haplotype-tagged","DTF","CV2","10","5",0.5640990981957
"M4","genome-wide","DTF","CV0","10","1",0.691304762968224
"M4","haplotype-tagged","DTF","CV0","10","1",0.678367668923179
"M4","genome-wide","DTF","CV0","10","2",0.618684166938696
"M4","haplotype-tagged","DTF","CV0","10","2",0.614001806145745
"M4","genome-wide","DTF","CV0","10","3",0.431678227588105
"M4","haplotype-tagged","DTF","CV0","10","3",0.433913743110702
"M4","genome-wide","DTF","CV0","10","4",0.649116919023048
"M4","haplotype-tagged","DTF","CV0","10","4",0.63938560252684
"M4","genome-wide","DTF","CV0","10","5",0.771170309457925
"M4","haplotype-tagged","DTF","CV0","10","5",0.771936562699461
"M4","genome-wide","DTF","CV00","10","1",0.301240609377167
"M4","haplotype-tagged","DTF","CV00","10","1",0.128458862292215
"M4","genome-wide","DTF","CV00","10","2",0.492930193663437
"M4","haplotype-tagged","DTF","CV00","10","2",0.359233768548747
"M4","genome-wide","DTF","CV00","10","3",0.479145396772356
"M4","haplotype-tagged","DTF","CV00","10","3",0.207300551265958
"M4","genome-wide","DTF","CV00","10","4",0.610388123792027
"M4","haplotype-tagged","DTF","CV00","10","4",0.407778545389595
"M4","genome-wide","DTF","CV00","10","5",0.253755054835963
"M4","haplotype-tagged","DTF","CV00","10","5",0.178606705396696
"M4","genome-wide","DTM","CV1","10","1",0.285599968578294
"M4","haplotype-tagged","DTM","CV1","10","1",0.106566111562144
"M4","genome-wide","DTM","CV1","10","2",0.389422647263403
"M4","haplotype-tagged","DTM","CV1","10","2",0.076971907812933
"M4","genome-wide","DTM","CV1","10","3",0.363460346537491
"M4","haplotype-tagged","DTM","CV1","10","3",0.320263340784822
"M4","genome-wide","DTM","CV1","10","4",0.328786205486623
"M4","haplotype-tagged","DTM","CV1","10","4",0.18328117642456
"M4","genome-wide","DTM","CV1","10","5",0.268500449860324
"M4","haplotype-tagged","DTM","CV1","10","5",0.202643027223858
"M4","genome-wide","DTM","CV2","10","1",0.50060589808959
"M4","haplotype-tagged","DTM","CV2","10","1",0.489183380266149
"M4","genome-wide","DTM","CV2","10","2",0.499727929433892
"M4","haplotype-tagged","DTM","CV2","10","2",0.477686155541033
"M4","genome-wide","DTM","CV2","10","3",0.478907569640793
"M4","haplotype-tagged","DTM","CV2","10","3",0.466797659093201
"M4","genome-wide","DTM","CV2","10","4",0.45985268873052
"M4","haplotype-tagged","DTM","CV2","10","4",0.458897005262478
"M4","genome-wide","DTM","CV2","10","5",0.448823623602635
"M4","haplotype-tagged","DTM","CV2","10","5",0.43405036684797
"M4","genome-wide","DTM","CV0","10","1",0.51537219192257
"M4","haplotype-tagged","DTM","CV0","10","1",0.494039665671126
"M4","genome-wide","DTM","CV0","10","2",0.466726591535013
"M4","haplotype-tagged","DTM","CV0","10","2",0.440391731924595
"M4","genome-wide","DTM","CV0","10","3",0.333972372125775
"M4","haplotype-tagged","DTM","CV0","10","3",0.333710038583918
"M4","genome-wide","DTM","CV0","10","4",0.520114887269625
"M4","haplotype-tagged","DTM","CV0","10","4",0.496994180431242
"M4","genome-wide","DTM","CV0","10","5",0.70495421613325
"M4","haplotype-tagged","DTM","CV0","10","5",0.672506476946882
"M4","genome-wide","DTM","CV00","10","1",0.118454659606847
"M4","haplotype-tagged","DTM","CV00","10","1",0.14495025366993
"M4","genome-wide","DTM","CV00","10","2",0.372827011497283
"M4","haplotype-tagged","DTM","CV00","10","2",0.0676322189484951
"M4","genome-wide","DTM","CV00","10","3",0.470962993338473
"M4","haplotype-tagged","DTM","CV00","10","3",0.188830576387839
"M4","genome-wide","DTM","CV00","10","4",0.70442159532658
"M4","haplotype-tagged","DTM","CV00","10","4",0.248852774117308
"M4","genome-wide","DTM","CV00","10","5",0.509052153389821
"M4","haplotype-tagged","DTM","CV00","10","5",0.457046127188445
"M4","genome-wide","HSW","CV1","10","1",0.610560881694923
"M4","haplotype-tagged","HSW","CV1","10","1",0.269144622971302
"M4","genome-wide","HSW","CV1","10","2",0.470304703535667
"M4","haplotype-tagged","HSW","CV1","10","2",0.25835840654209
"M4","genome-wide","HSW","CV1","10","3",0.522887285680886
"M4","haplotype-tagged","HSW","CV1","10","3",0.266087950822939
"M4","genome-wide","HSW","CV1","10","4",0.541133237075404
"M4","haplotype-tagged","HSW","CV1","10","4",0.323172635209463
"M4","genome-wide","HSW","CV1","10","5",0.709307995195977
"M4","haplotype-tagged","HSW","CV1","10","5",0.533976972967895
"M4","genome-wide","HSW","CV2","10","1",0.726503660447516
"M4","haplotype-tagged","HSW","CV2","10","1",0.723679905413263
"M4","genome-wide","HSW","CV2","10","2",0.773457707398755
"M4","haplotype-tagged","HSW","CV2","10","2",0.770730929516109
"M4","genome-wide","HSW","CV2","10","3",0.785985324407582
"M4","haplotype-tagged","HSW","CV2","10","3",0.781268662190466
"M4","genome-wide","HSW","CV2","10","4",0.708754321444295
"M4","haplotype-tagged","HSW","CV2","10","4",0.707680812547838
"M4","genome-wide","HSW","CV2","10","5",0.72761888726766
"M4","haplotype-tagged","HSW","CV2","10","5",0.734665943521047
"M4","genome-wide","HSW","CV0","10","1",0.760689381687379
"M4","haplotype-tagged","HSW","CV0","10","1",0.756070477597337
"M4","genome-wide","HSW","CV0","10","2",0.782438148892452
"M4","haplotype-tagged","HSW","CV0","10","2",0.781959055972518
"M4","genome-wide","HSW","CV0","10","3",0.615374378809061
"M4","haplotype-tagged","HSW","CV0","10","3",0.615612067843522
"M4","genome-wide","HSW","CV0","10","4",0.776901756042957
"M4","haplotype-tagged","HSW","CV0","10","4",0.773251443765781
"M4","genome-wide","HSW","CV0","10","5",0.777431156149278
"M4","haplotype-tagged","HSW","CV0","10","5",0.780754411029523
"M4","genome-wide","HSW","CV00","10","1",0.213924729681578
"M4","haplotype-tagged","HSW","CV00","10","1",0.0821824241203271
"M4","genome-wide","HSW","CV00","10","2",0.662928703678095
"M4","haplotype-tagged","HSW","CV00","10","2",0.525298593176016
"M4","genome-wide","HSW","CV00","10","3",0.713710986086784
"M4","haplotype-tagged","HSW","CV00","10","3",0.298600508151347
"M4","genome-wide","HSW","CV00","10","4",0.531560278743659
"M4","haplotype-tagged","HSW","CV00","10","4",0.363031652976918
"M4","genome-wide","HSW","CV00","10","5",0.775848524001925
"M4","haplotype-tagged","HSW","CV00","10","5",0.534390359076069
"M4","genome-wide","PH","CV1","10","1",0.362256423413125
"M4","haplotype-tagged","PH","CV1","10","1",0.157461374157304
"M4","genome-wide","PH","CV1","10","2",0.407560584818874
"M4","haplotype-tagged","PH","CV1","10","2",0.321475189001985
"M4","genome-wide","PH","CV1","10","3",0.322523339754498
"M4","haplotype-tagged","PH","CV1","10","3",0.227880867226013
"M4","genome-wide","PH","CV1","10","4",0.512345622201994
"M4","haplotype-tagged","PH","CV1","10","4",0.394440085253922
"M4","genome-wide","PH","CV1","10","5",0.547574803766145
"M4","haplotype-tagged","PH","CV1","10","5",0.578991190112184
"M4","genome-wide","PH","CV2","10","1",0.569708450103352
"M4","haplotype-tagged","PH","CV2","10","1",0.573838961449652
"M4","genome-wide","PH","CV2","10","2",0.617919919099522
"M4","haplotype-tagged","PH","CV2","10","2",0.628786924970745
"M4","genome-wide","PH","CV2","10","3",0.583142824137099
"M4","haplotype-tagged","PH","CV2","10","3",0.544439057588037
"M4","genome-wide","PH","CV2","10","4",0.593010945343312
"M4","haplotype-tagged","PH","CV2","10","4",0.577955996580916
"M4","genome-wide","PH","CV2","10","5",0.575665724505769
"M4","haplotype-tagged","PH","CV2","10","5",0.543586054584727
"M4","genome-wide","PH","CV0","10","1",0.759117838094431
"M4","haplotype-tagged","PH","CV0","10","1",0.738734355029097
"M4","genome-wide","PH","CV0","10","2",0.293644133110674
"M4","haplotype-tagged","PH","CV0","10","2",0.279959237742172
"M4","genome-wide","PH","CV0","10","3",0.537319501045464
"M4","haplotype-tagged","PH","CV0","10","3",0.551465268610429
"M4","genome-wide","PH","CV0","10","4",0.64420548013646
"M4","haplotype-tagged","PH","CV0","10","4",0.634417647737346
"M4","genome-wide","PH","CV0","10","5",0.749015633498383
"M4","haplotype-tagged","PH","CV0","10","5",0.721398567006143
"M4","genome-wide","PH","CV00","10","1",0.385878424069109
"M4","haplotype-tagged","PH","CV00","10","1",0.344113163054224
"M4","genome-wide","PH","CV00","10","2",0.656312937631114
"M4","haplotype-tagged","PH","CV00","10","2",0.435612021336556
"M4","genome-wide","PH","CV00","10","3",0.601955289813529
"M4","haplotype-tagged","PH","CV00","10","3",0.436588479820572
"M4","genome-wide","PH","CV00","10","4",0.381299684327276
"M4","haplotype-tagged","PH","CV00","10","4",0.363660701731425
"M4","genome-wide","PH","CV00","10","5",0.21165188789113
"M4","haplotype-tagged","PH","CV00","10","5",0.251950592602278
"M4","genome-wide","PPP","CV1","10","1",0.128185303813167
"M4","haplotype-tagged","PPP","CV1","10","1",0.0577803122530286
"M4","genome-wide","PPP","CV1","10","2",0.145147762370861
"M4","haplotype-tagged","PPP","CV1","10","2",0.101907700563488
"M4","genome-wide","PPP","CV1","10","3",0.249970527954099
"M4","haplotype-tagged","PPP","CV1","10","3",0.122778075511403
"M4","genome-wide","PPP","CV1","10","4",0.0720926979785702
"M4","haplotype-tagged","PPP","CV1","10","4",0.134867757468748
"M4","genome-wide","PPP","CV1","10","5",0.178827442478684
"M4","haplotype-tagged","PPP","CV1","10","5",0.188966362765818
"M4","genome-wide","PPP","CV2","10","1",0.147573226054538
"M4","haplotype-tagged","PPP","CV2","10","1",0.163662486915159
"M4","genome-wide","PPP","CV2","10","2",0.130352974319337
"M4","haplotype-tagged","PPP","CV2","10","2",0.149648573154804
"M4","genome-wide","PPP","CV2","10","3",0.178946198719921
"M4","haplotype-tagged","PPP","CV2","10","3",0.158105160102897
"M4","genome-wide","PPP","CV2","10","4",0.209378210141461
"M4","haplotype-tagged","PPP","CV2","10","4",0.183142426256761
"M4","genome-wide","PPP","CV2","10","5",0.22910261201959
"M4","haplotype-tagged","PPP","CV2","10","5",0.192205116931453
"M4","genome-wide","PPP","CV0","10","1",0.233380734927852
"M4","haplotype-tagged","PPP","CV0","10","1",0.255688328639465
"M4","genome-wide","PPP","CV0","10","2",0.101953182044498
"M4","haplotype-tagged","PPP","CV0","10","2",0.123898400234767
"M4","genome-wide","PPP","CV0","10","3",0.074231275108271
"M4","haplotype-tagged","PPP","CV0","10","3",0.0878950122662227
"M4","genome-wide","PPP","CV0","10","4",0.0781979360524288
"M4","haplotype-tagged","PPP","CV0","10","4",0.0809350482985557
"M4","genome-wide","PPP","CV0","10","5",0.248992728974281
"M4","haplotype-tagged","PPP","CV0","10","5",0.227112740656853
"M4","genome-wide","PPP","CV00","10","1",0.164629754406244
"M4","haplotype-tagged","PPP","CV00","10","1",0.136997716167057
"M4","genome-wide","PPP","CV00","10","2",0.196169518703831
"M4","haplotype-tagged","PPP","CV00","10","2",0.16856758548628
"M4","genome-wide","PPP","CV00","10","3",0.103446576568195
"M4","haplotype-tagged","PPP","CV00","10","3",0.209507322371259
"M4","genome-wide","PPP","CV00","10","4",0.0109138071586009
"M4","haplotype-tagged","PPP","CV00","10","4",0.110837700984128
"M4","genome-wide","PPP","CV00","10","5",-0.198680212336917
"M4","haplotype-tagged","PPP","CV00","10","5",-0.176211962578394
"M4","genome-wide","YPPlnt","CV1","10","1",0.143984514259197
"M4","haplotype-tagged","YPPlnt","CV1","10","1",0.051728726903282
"M4","genome-wide","YPPlnt","CV1","10","2",0.0732541729632577
"M4","haplotype-tagged","YPPlnt","CV1","10","2",0.0795163116033034
"M4","genome-wide","YPPlnt","CV1","10","3",0.047263374638189
"M4","haplotype-tagged","YPPlnt","CV1","10","3",0.125638923227363
"M4","genome-wide","YPPlnt","CV1","10","4",0.0372267812810356
"M4","haplotype-tagged","YPPlnt","CV1","10","4",-0.0845260224601267
"M4","genome-wide","YPPlnt","CV1","10","5",0.174908109452605
"M4","haplotype-tagged","YPPlnt","CV1","10","5",0.179315984467718
"M4","genome-wide","YPPlnt","CV2","10","1",0.158099593648381
"M4","haplotype-tagged","YPPlnt","CV2","10","1",0.13504610270396
"M4","genome-wide","YPPlnt","CV2","10","2",0.097431797378346
"M4","haplotype-tagged","YPPlnt","CV2","10","2",0.0582286231123026
"M4","genome-wide","YPPlnt","CV2","10","3",0.118919286960887
"M4","haplotype-tagged","YPPlnt","CV2","10","3",0.130598077386664
"M4","genome-wide","YPPlnt","CV2","10","4",0.0704647014186683
"M4","haplotype-tagged","YPPlnt","CV2","10","4",0.0997166954184443
"M4","genome-wide","YPPlnt","CV2","10","5",0.171284464790942
"M4","haplotype-tagged","YPPlnt","CV2","10","5",0.22933171904274
"M4","genome-wide","YPPlnt","CV0","10","1",0.199869799700709
"M4","haplotype-tagged","YPPlnt","CV0","10","1",0.191395019895866
"M4","genome-wide","YPPlnt","CV0","10","2",0.104357221415934
"M4","haplotype-tagged","YPPlnt","CV0","10","2",0.133258922292836
"M4","genome-wide","YPPlnt","CV0","10","3",0.0970831511743414
"M4","haplotype-tagged","YPPlnt","CV0","10","3",0.0893854477326518
"M4","genome-wide","YPPlnt","CV0","10","4",0.217535098085433
"M4","haplotype-tagged","YPPlnt","CV0","10","4",0.186271831569302
"M4","genome-wide","YPPlnt","CV0","10","5",-0.0393591257663497
"M4","haplotype-tagged","YPPlnt","CV0","10","5",-0.011502966866848
"M4","genome-wide","YPPlnt","CV00","10","1",0.114224436160018
"M4","haplotype-tagged","YPPlnt","CV00","10","1",0.113981418278753
"M4","genome-wide","YPPlnt","CV00","10","2",0.125998530118721
"M4","haplotype-tagged","YPPlnt","CV00","10","2",0.251518674076297
"M4","genome-wide","YPPlnt","CV00","10","3",0.0770064008006637
"M4","haplotype-tagged","YPPlnt","CV00","10","3",0.162068695271212
"M4","genome-wide","YPPlnt","CV00","10","4",0.102215486176729
"M4","haplotype-tagged","YPPlnt","CV00","10","4",0.132431002365206
"M4","genome-wide","YPPlnt","CV00","10","5",0.140660682663389
"M4","haplotype-tagged","YPPlnt","CV00","10","5",0.16453646504446
