"pwdyear","location","env","strain","Market.class","DTF","PH","DTM","PPP","HSW","YPPlnt","CV1","CV2","CV0","geno_fold","env_fold","CV00"
2015,"Amlaha","2015.Amlaha","GG2","Desi",79,47.62369169,120,36.44253002,31.08991223,8.264730261,3,3,5,2,1,NA
2015,"Amlaha","2015.Amlaha","ICC11312","Desi",85,45.39186751,120.0000005,67.00645824,12.85382109,26.04683687,1,2,5,4,1,NA
2015,"Amlaha","2015.Amlaha","ICC11316","Desi",95.00014569,32.03165792,117.9974539,33.07429417,16.24542102,21.79622184,2,4,5,1,1,1
2015,"Amlaha","2015.Amlaha","ICC11318","Desi",94,44.21067388,130,22.8368352,13.97863845,13.79267758,4,1,5,2,1,NA
2015,"Amlaha","2015.Amlaha","ICC11321","Desi",90.08569361,41.35776771,116.4782639,46.17105578,30.85015017,15.72835316,3,1,5,3,1,NA
2015,"Amlaha","2015.Amlaha","ICC11322","Desi",87.99999995,39.54517266,106.9999948,20.77238656,12.77571069,14.00233695,1,5,5,1,1,1
2015,"Amlaha","2015.Amlaha","ICC11324","Desi",85.99999995,39.21517266,113.000005,34.99986716,16.50009678,15.79467316,4,2,5,1,1,1
2015,"Amlaha","2015.Amlaha","ICC11498","Desi",95.00000017,43.08848414,128.9999896,NA,7.009622668,12.71851513,2,5,5,5,1,NA
2015,"Amlaha","2015.Amlaha","ICC11502","Desi",98.00000569,42.72783225,129.9980939,27.58746436,11.59068406,18.03751415,4,4,5,3,1,NA
2015,"Amlaha","2015.Amlaha","ICC11504","Desi",94,46.59217556,133.0000006,28.57917582,15.01892381,11.49288825,4,4,5,3,1,NA
2015,"Amlaha","2015.Amlaha","ICC11507","Desi",85,46.11631729,128.9999997,53.5736881,11.80503124,20.61362259,2,5,5,5,1,NA
2015,"Amlaha","2015.Amlaha","ICC11510","Desi",97,35.73636895,133.9999999,10.94663861,16.46853476,13.58723864,2,3,5,5,1,NA
2015,"Amlaha","2015.Amlaha","ICC11524","Desi",85.99756936,43.6113226,109.9683472,13.5821805,11.27412988,14.33461891,5,2,5,2,1,NA
2015,"Amlaha","2015.Amlaha","ICC11525","Desi",98.99955694,38.76221639,131.9903306,52.88685504,10.5702912,19.22610312,3,3,5,2,1,NA
2015,"Amlaha","2015.Amlaha","ICC11535","Desi",89.99999757,53.54215379,117.0005732,50.50962774,22.32921954,9.048323785,4,4,5,3,1,NA
2015,"Amlaha","2015.Amlaha","ICC11536","Desi",94,43.93660024,123,29.59651994,16.75303455,12.54539935,1,3,5,3,1,NA
2015,"Amlaha","2015.Amlaha","ICC11823","Kabuli",89,52.92063771,139,57.88062041,32.79958658,14.36204317,5,2,5,5,1,NA
2015,"Amlaha","2015.Amlaha","ICC11879","Kabuli",75,54.56139803,117,NA,26.08734052,NA,3,1,5,4,1,NA
2015,"Amlaha","2015.Amlaha","ICC12228","Desi",95.00000003,36.1499401,117.9999968,NA,16.04052374,14.70697735,1,4,5,5,1,NA
2015,"Amlaha","2015.Amlaha","ICC12233","Desi",92,42.50913777,127.0000011,NA,13.80623389,18.64327365,5,1,5,1,1,1
2015,"Amlaha","2015.Amlaha","ICC12235","Desi",81,31.87723985,106,45.74599317,11.27165497,12.42217481,3,1,5,4,1,NA
2015,"Amlaha","2015.Amlaha","ICC12242","Desi",92,44.86411252,125.9999998,34.77674946,13.80313302,3.410811383,3,3,5,1,1,1
2015,"Amlaha","2015.Amlaha","ICC12246","Desi",99,42.32644795,129,12.37379111,14.23564673,NA,3,5,5,3,1,NA
2015,"Amlaha","2015.Amlaha","ICC12248","Desi",80,38.2803852,138.0000004,35.34719182,16.13773183,16.58723864,3,2,5,4,1,NA
2015,"Amlaha","2015.Amlaha","ICC12251","Desi",94.00000015,47.11329809,115.999998,26.42055183,13.76137312,7.197060892,4,2,5,3,1,NA
2015,"Amlaha","2015.Amlaha","ICC12258","Desi",85.99569361,38.97334121,113.1582639,18.08233149,18.01754692,11.63292546,1,4,5,2,1,NA
2015,"Amlaha","2015.Amlaha","ICC12259","Desi",91.00000002,47.60917877,114.9999952,57.97792436,11.15508842,14.98438326,4,5,5,4,1,NA
2015,"Amlaha","2015.Amlaha","ICC12267","Desi",96,NA,130,54.41433626,12.32636311,19.06638607,5,1,5,5,1,NA
2015,"Amlaha","2015.Amlaha","ICC12268","Desi",80,46.85377142,109,44.61153889,11.40174445,18.90232199,1,4,5,3,1,NA
2015,"Amlaha","2015.Amlaha","ICC12269","Desi",90,41.7833776,117.9999999,32.19514364,20.81452234,17.22848137,5,2,5,4,1,NA
2015,"Amlaha","2015.Amlaha","ICC12270","Desi",89.05693609,47.51797416,115.4086804,50.55333671,10.2248303,12.16298811,5,5,5,3,1,NA
2015,"Amlaha","2015.Amlaha","ICC12273","Desi",99,49.22403157,118,NA,16.34580205,19.42252815,1,2,5,1,1,1
2015,"Amlaha","2015.Amlaha","ICC12274","Desi",99.00000054,40.62724894,128.0000006,24.56261371,13.05193791,15.05862107,3,4,5,4,1,NA
2015,"Amlaha","2015.Amlaha","ICC12337","Desi",91.90569361,38.22768674,117.9582638,41.39066864,17.12817035,14.81857634,1,5,5,5,1,NA
2015,"Amlaha","2015.Amlaha","ICC12348","Desi",84,49.70149172,123,22.99021499,13.88293073,NA,4,3,5,2,1,NA
2015,"Amlaha","2015.Amlaha","ICC12361","Desi",94.95693609,34.92216774,126.8086804,58.5757023,28.34961408,13.22672898,1,5,5,3,1,NA
2015,"Amlaha","2015.Amlaha","ICC12368","Desi",91.99999557,43.02353293,127.9996132,37.09814311,15.68955018,5.752910448,4,4,5,5,1,NA
2015,"Amlaha","2015.Amlaha","ICC12424","Desi",95,58.18696568,142,NA,15.6875198,NA,3,5,5,1,1,1
2015,"Amlaha","2015.Amlaha","ICC12426","Desi",80,36.61004484,140.9999994,31.31564455,26.0109926,8.129045322,5,2,5,4,1,NA
2015,"Amlaha","2015.Amlaha","ICC12428","Kabuli",87,51.25754942,123.0000098,43.04953849,18.19064137,23.42468654,4,5,5,1,1,1
2015,"Amlaha","2015.Amlaha","ICC12433","Kabuli",85.98956936,49.39471302,109.9603472,26.83650134,10.5055518,13.43530038,4,1,5,2,1,NA
2015,"Amlaha","2015.Amlaha","ICC12434","Kabuli",85.90569361,45.87897686,121.0782639,47.31942171,13.12768474,13.48859018,3,1,5,4,1,NA
2015,"Amlaha","2015.Amlaha","ICC12437","Desi",79,37.38446842,106,33.93413713,12.07189003,13.40164814,2,3,5,4,1,NA
2015,"Amlaha","2015.Amlaha","ICC12452","Desi",91.99999988,42.10531981,114.0000127,84.50702364,NA,27.47384271,3,1,5,1,1,1
2015,"Amlaha","2015.Amlaha","ICC12458","Desi",85,45.56339068,127.0000008,67.08524854,24.62526877,24.53076269,5,4,5,4,1,NA
2015,"Amlaha","2015.Amlaha","ICC12461","Kabuli",80,54.79360488,116,37.25063322,12.15499836,11.43223162,2,4,5,5,1,NA
2015,"Amlaha","2015.Amlaha","ICC12463","Desi",93,48.70086731,125,57.78604986,11.04425562,20.2673554,4,1,5,5,1,NA
2015,"Amlaha","2015.Amlaha","ICC12464","Desi",90.98856936,58.72471302,123.9523472,62.51422943,21.27738957,9.460209358,1,1,5,1,1,1
2015,"Amlaha","2015.Amlaha","ICC12471","Desi",89.00003591,40.38557633,112.0000567,27.08821214,12.12856744,16.82174501,1,4,5,3,1,NA
2015,"Amlaha","2015.Amlaha","ICC12472","Desi",96.00156936,50.78650122,114.9443472,17.56824263,7.2872379,15.70967734,5,4,5,3,1,NA
2015,"Amlaha","2015.Amlaha","ICC12476","Desi",91.99989569,49.90343638,132.0006539,97.49056064,16.9227844,18.41572433,5,4,5,1,1,1
2015,"Amlaha","2015.Amlaha","ICC12479","Desi",85,46.61761632,127,67.70616543,14.46473777,17.97701969,3,2,5,3,1,NA
2015,"Amlaha","2015.Amlaha","ICC12480","Desi",97,47.47561202,125.999997,NA,8.411833736,16.59525229,4,2,5,5,1,NA
2015,"Amlaha","2015.Amlaha","ICC12486","Desi",86.00000015,48.53290715,117.9999947,48.3810153,17.33150778,19.32360323,5,1,5,4,1,NA
2015,"Amlaha","2015.Amlaha","ICC12487","Desi",97,42.65074539,118,NA,12.7513302,13.71415447,4,5,5,3,1,NA
2015,"Amlaha","2015.Amlaha","ICC12488","Desi",97.00008716,39.34163841,129.9989077,23.40039812,13.0585029,14.90070591,2,5,5,4,1,NA
2015,"Amlaha","2015.Amlaha","ICC12490","Desi",90,38.34817716,115,15.75736227,13.01815689,13.05948587,5,1,5,4,1,NA
2015,"Amlaha","2015.Amlaha","ICC12492","Kabuli",95.99988756,44.43959805,115.006434,NA,22.36391474,25.10245975,2,2,5,4,1,NA
2015,"Amlaha","2015.Amlaha","ICC12493","Kabuli",87.00356936,55.87169706,112.9283472,33.90970162,20.29328404,14.08062247,5,5,5,5,1,NA
2015,"Amlaha","2015.Amlaha","ICC12495","Kabuli",95.00000002,45.06841264,132.9999984,12.20042732,22.91518746,13.68962423,2,2,5,5,1,NA
2015,"Amlaha","2015.Amlaha","ICC12496","Kabuli",91.00004698,49.94136946,119.9999725,60.19469226,23.39267586,15.67785626,4,4,5,3,1,NA
2015,"Amlaha","2015.Amlaha","ICC12986","Desi",99.00000001,42.0744601,133.0000015,17.06617681,13.97426143,18.39399125,2,1,5,3,1,NA
2015,"Amlaha","2015.Amlaha","ICC13812","Desi",80,39.11597566,119.0000004,61.10674938,12.30503124,7.682216989,2,2,5,2,1,NA
2015,"Amlaha","2015.Amlaha","ICC13816","Kabuli",99.00000001,47.53444691,128.0000004,33.95347636,18.76991146,13.23210006,4,1,5,1,1,1
2015,"Amlaha","2015.Amlaha","ICC14199","Kabuli",95,44.64583716,137,69.15126706,12.45173517,NA,5,2,5,3,1,NA
2015,"Amlaha","2015.Amlaha","ICC14302","Desi",97.99997569,44.00975469,125.9984139,43.67425992,20.58350616,16.8029375,2,3,5,4,1,NA
2015,"Amlaha","2015.Amlaha","ICC14304","Desi",NA,42.39960909,112,28.84610659,15.08734052,16.87308766,1,1,5,1,1,1
2015,"Amlaha","2015.Amlaha","ICC14315","Desi",86,50.18983636,113,66.71354649,9.198659866,21.52829304,2,2,5,5,1,NA
2015,"Amlaha","2015.Amlaha","ICC14316","Desi",82,40.66297751,108.9999999,30.42521485,23.4563274,15.8343601,3,5,5,5,1,NA
2015,"Amlaha","2015.Amlaha","ICC14321","Desi",91.00000009,28.13220419,118.0000005,25.68957317,29.98456429,14.48862422,3,4,5,1,1,1
2015,"Amlaha","2015.Amlaha","ICC14327","Desi",94,48.40890724,138,56.62159088,20.69867472,23.87308766,1,3,5,4,1,NA
2015,"Amlaha","2015.Amlaha","ICC14331","Desi",93.99694283,42.31593927,139.989969,24.95382249,12.52226113,14.2877836,1,3,5,1,1,1
2015,"Amlaha","2015.Amlaha","ICC14333","Desi",97,30.36541154,117.9999999,42.3566849,14.98182177,22.58664531,5,5,5,5,1,NA
2015,"Amlaha","2015.Amlaha","ICC14334","Desi",81.01656936,29.01502331,115.9123472,96.35191197,20.33084974,19.87246422,1,1,5,1,1,1
2015,"Amlaha","2015.Amlaha","ICC14335","Desi",94.49999996,56.12616621,135.9999845,43.82308071,21.91034234,19.62156493,1,2,5,2,1,NA
2015,"Amlaha","2015.Amlaha","ICC14344","Desi",90,38.38050895,135,49.81131693,25.67341083,16.09787006,1,2,5,4,1,NA
2015,"Amlaha","2015.Amlaha","ICC14354","Desi",85,49.06200308,131,17.87767714,14.6286775,18.2523266,5,1,5,5,1,NA
2015,"Amlaha","2015.Amlaha","ICC14356","Desi",97.15693609,37.23661288,134.6086804,17.93394721,NA,3.541792167,2,3,5,2,1,NA
2015,"Amlaha","2015.Amlaha","ICC14364","Desi",86.99999956,39.71495227,115.9999238,57.4110639,10.34073419,19.72984561,5,1,5,2,1,NA
2015,"Amlaha","2015.Amlaha","ICC14366","Desi",94,37.97204398,133,52.01187578,10.2236277,14.40393014,2,3,5,5,1,NA
2015,"Amlaha","2015.Amlaha","ICC14368","Desi",80,46.07375628,110,54.51613223,15.54795193,9.731648142,2,4,5,5,1,NA
2015,"Amlaha","2015.Amlaha","ICC14369","Desi",99.00156936,47.63141409,132.0963472,48.36966991,10.94361892,15.09446796,3,5,5,5,1,NA
2015,"Amlaha","2015.Amlaha","ICC14371","Desi",87.11569361,38.42531504,119.4782639,38.4354725,15.29508134,11.33048787,1,2,5,1,1,1
2015,"Amlaha","2015.Amlaha","ICC14374","Desi",84,51.31187606,111.9999989,49.2439462,13.01892381,19.93893964,4,5,5,2,1,NA
2015,"Amlaha","2015.Amlaha","ICC14385","Desi",98,48.77156799,116.0000005,NA,16.49189084,26.38683687,3,3,5,4,1,NA
2015,"Amlaha","2015.Amlaha","ICC14390","Desi",81.90569361,49.04257654,108.0782639,11.23914691,9.070425491,12.77252991,2,2,5,5,1,NA
2015,"Amlaha","2015.Amlaha","ICC14391","Desi",95,44.32473749,119,39.11976129,14.09130591,17.5079192,2,5,5,3,1,NA
2015,"Amlaha","2015.Amlaha","ICC14393","Desi",83.99056936,42.53770167,106.9843472,19.87322158,19.19003853,14.92719115,4,2,5,1,1,1
2015,"Amlaha","2015.Amlaha","ICC14394","Desi",89.99999984,40.499605,126.0000033,77.1212736,11.33810218,16.97146507,3,1,5,2,1,NA
2015,"Amlaha","2015.Amlaha","ICC14396","Desi",99,45.26237776,132,9.12673684,20.01311773,12.93231738,4,2,5,3,1,NA
2015,"Amlaha","2015.Amlaha","ICC14402","Desi",96,41.38187341,125,8.599210534,15.85520835,14.98976878,4,2,5,5,1,NA
2015,"Amlaha","2015.Amlaha","ICC14411","Desi",97.00030572,41.98972683,119.9979912,NA,15.07763816,23.24175325,3,3,5,4,1,NA
2015,"Amlaha","2015.Amlaha","ICC14423","Desi",86.00000003,44.7605347,112,28.45260432,13.35797145,15.20182679,3,5,5,5,1,NA
2015,"Amlaha","2015.Amlaha","ICC14425","Desi",97,36.63429918,137,80.943957,11.93889613,23.75551226,2,2,5,5,1,NA
2015,"Amlaha","2015.Amlaha","ICC14426","Desi",98.99999936,36.36148893,131.0000134,22.14951526,10.98178148,14.58405828,2,3,5,1,1,1
2015,"Amlaha","2015.Amlaha","ICC14432","Desi",88,36.5274885,112,28.06221881,14.04033051,20.84260694,2,3,5,4,1,NA
2015,"Amlaha","2015.Amlaha","ICC14436","Desi",86.08569373,43.2661128,112.4382496,48.50800753,20.6836959,23.91989717,2,1,5,3,1,NA
2015,"Amlaha","2015.Amlaha","ICC14871","Desi",99,37.75098872,133,9.557772298,19.32632354,4.699897152,3,4,5,3,1,NA
2015,"Amlaha","2015.Amlaha","ICC14872","Desi",87.00006569,NA,129.9987339,35.22645798,5.48506655,11.30334317,2,2,5,2,1,NA
2015,"Amlaha","2015.Amlaha","ICC15553","Desi",91.00000002,43.41465762,132.9999896,59.28158313,20.32058791,12.10441582,1,1,5,4,1,NA
2015,"Amlaha","2015.Amlaha","ICC15574","Desi",92,49.53792051,134.9999999,3.016665327,11.54274517,14.5170712,3,4,5,5,1,NA
2015,"Amlaha","2015.Amlaha","ICC15577","Desi",86.99999464,37.11180909,105.999229,17.84333222,12.44374438,22.54091465,1,5,5,1,1,1
2015,"Amlaha","2015.Amlaha","ICC15966","Desi",96.9999244,42.78938065,133.0004484,97.96765737,16.81502208,25.94130185,3,1,5,1,1,1
2015,"Amlaha","2015.Amlaha","ICC16374","Desi",91.55693609,49.68550545,123.2086804,19.89902036,22.24969829,18.82213711,1,5,5,1,1,1
2015,"Amlaha","2015.Amlaha","ICC16682","Desi",86.00001257,34.27938098,125.0001252,NA,6.901828842,NA,4,4,5,2,1,NA
2015,"Amlaha","2015.Amlaha","ICC4918NN","Desi",85.99999996,39.71614272,108.9998854,70.09207982,13.98178148,NA,5,2,5,3,1,NA
2015,"Amlaha","2015.Amlaha","ICC4923","Desi",95,47.48777093,125,24.46194127,11.31000891,11.88391659,4,5,5,4,1,NA
2015,"Amlaha","2015.Amlaha","ICC4928","Kabuli",87.00000006,52.37715977,133.9999896,45.25844689,24.36546513,10.82410005,4,1,5,1,1,1
2015,"Amlaha","2015.Amlaha","ICC4938","Desi",99.00635331,42.75975462,122.0802461,40.92786292,9.983722009,NA,5,3,5,2,1,NA
2015,"Amlaha","2015.Amlaha","ICC4946","Desi",91.98763586,47.50846158,135.9554844,18.51456186,12.70509485,10.05012695,5,3,5,2,1,NA
2015,"Amlaha","2015.Amlaha","ICC4947","Desi",96,43.5817949,120,25.2263109,15.00947714,16.6978712,2,4,5,4,1,NA
2015,"Amlaha","2015.Amlaha","ICC4948HN","Desi",92,36.96602335,116,16.08111806,12.13256202,11.54282464,4,1,5,1,1,1
2015,"Amlaha","2015.Amlaha","ICC4948LN","Desi",98.96569361,54.69281847,134.198264,56.24168955,17.10134492,15.11772197,4,4,5,1,1,1
2015,"Amlaha","2015.Amlaha","ICC4954","Desi",80,38.21052475,111,19.27664201,9.111336849,10.64660844,2,4,5,3,1,NA
2015,"Amlaha","2015.Amlaha","ICC4957N","Desi",95.00012364,41.63962867,131.0017917,42.73000291,17.3115382,20.6513228,5,2,5,2,1,NA
2015,"Amlaha","2015.Amlaha","ICC4969","Desi",91.9999977,43.4708759,119.9999033,18.92639693,10.93476506,11.81939243,2,5,5,1,1,1
2015,"Amlaha","2015.Amlaha","ICC4991","Desi",93.00000166,50.20808224,112.9998982,16.04988238,17.11015981,18.58405828,4,3,5,3,1,NA
2015,"Amlaha","2015.Amlaha","ICC4992","Desi",92.00000005,31.18342845,132.0000646,18.92011313,15.62282878,19.27251746,4,2,5,2,1,NA
2015,"Amlaha","2015.Amlaha","ICC5003","Desi",90.99256936,46.54863144,122.0243472,13.72500255,19.75065372,13.04926402,5,4,5,2,1,NA
2015,"Amlaha","2015.Amlaha","ICC5003HN","Desi",93.95569361,46.02776771,118.7582639,22.57585429,34.23782224,13.52276693,1,2,5,5,1,NA
2015,"Amlaha","2015.Amlaha","ICC5003LN","Desi",80,45.07958475,110.0000046,57.77610544,24.19064137,15.25701771,4,5,5,3,1,NA
2015,"Amlaha","2015.Amlaha","ICC5020","Desi",94.99556936,42.55821835,140.9523472,34.42237827,9.821065086,12.43530038,5,3,5,2,1,NA
2015,"Amlaha","2015.Amlaha","ICC5036","Desi",84.12569361,44.93372355,113.4382639,26.60378231,15.87877971,13.44441343,4,1,5,1,1,1
2015,"Amlaha","2015.Amlaha","ICC5038","Kabuli",91.00000016,48.20807777,138.0001554,10.55555677,13.62282514,29.60539252,4,3,5,1,1,1
2015,"Amlaha","2015.Amlaha","ICC5055","Kabuli",99.00000157,53.58388381,125.9997412,34.61720797,26.44374142,17.73072925,3,5,5,4,1,NA
2015,"Amlaha","2015.Amlaha","ICC5135","Desi",94,49.05091714,138,14.86662463,11.93957457,19.41725067,1,2,5,1,1,1
2015,"Amlaha","2015.Amlaha","ICC5146","Desi",96.35693609,49.19909927,125.4086804,2.746855462,NA,3.658004505,4,2,5,3,1,NA
2015,"Amlaha","2015.Amlaha","ICC5151","Desi",85.99999989,45.92519376,113.9999988,30.55388187,10.46859864,7.62243642,3,3,5,3,1,NA
2015,"Amlaha","2015.Amlaha","ICC5152","Desi",90.99987569,33.62016408,115.9987339,0.788033801,14.92159121,14.8847825,5,4,5,3,1,NA
2015,"Amlaha","2015.Amlaha","ICC5169","Desi",98.9056936,43.60608147,131.7582646,58.25595825,21.35470905,10.61645016,4,2,5,3,1,NA
2015,"Amlaha","2015.Amlaha","ICC5172","Desi",90,40.57883921,126,NA,10.89082587,NA,1,1,5,1,1,1
2015,"Amlaha","2015.Amlaha","ICC5178","Desi",95,40.10690091,124.0000001,4.023717068,11.59852851,5.140143566,5,1,5,3,1,NA
2015,"Amlaha","2015.Amlaha","ICC5221","Desi",83,NA,110,19.12537783,11.03244321,19.03106467,3,3,5,5,1,NA
2015,"Amlaha","2015.Amlaha","ICC5233","Desi",96,52.18132592,131,38.26341042,31.0205396,21.5043601,3,1,5,3,1,NA
2015,"Amlaha","2015.Amlaha","ICC5239","Desi",96.98956967,41.17536663,140.1203633,23.27533838,13.94417067,14.69633141,3,2,5,2,1,NA
2015,"Amlaha","2015.Amlaha","ICC5409","Desi",83,48.08266741,109,76.57307226,13.30494182,16.86466336,4,5,5,4,1,NA
2015,"Amlaha","2015.Amlaha","ICC5455","Desi",99.00006569,43.13933034,129.9993739,69.60275595,8.928719026,20.32707037,5,3,5,5,1,NA
2015,"Amlaha","2015.Amlaha","ICC5458","Desi",90.00000057,49.82132951,126.0006372,28.39177848,21.37173484,9.441438621,1,2,5,5,1,NA
2015,"Amlaha","2015.Amlaha","ICC5592","Desi",91.99999946,41.02029847,118.9999366,24.55756542,11.6996869,5.202757875,2,5,5,1,1,1
2015,"Amlaha","2015.Amlaha","ICC5593","Desi",82.45693609,42.32563253,108.6086804,61.15757851,11.29984,16.15213711,1,1,5,1,1,1
2015,"Amlaha","2015.Amlaha","ICC5710","Desi",79,44.70833911,115,67.5010609,16.68443688,27.60548327,3,1,5,5,1,NA
2015,"Amlaha","2015.Amlaha","ICC5722","Desi",90.92569364,43.85889423,116.2382607,NA,13.13923415,11.88317467,1,1,5,4,1,NA
2015,"Amlaha","2015.Amlaha","ICC5743","Desi",95,52.02554368,117,45.69217921,19.81236337,15.12659653,2,4,5,2,1,NA
2015,"Amlaha","2015.Amlaha","ICC5752","Desi",90,38.66558652,115,16.30269121,12.37429813,16.61838974,1,5,5,1,1,1
2015,"Amlaha","2015.Amlaha","ICC5755","Desi",86,45.71286394,119,91.43796323,14.81332164,20.38118169,4,2,5,2,1,NA
2015,"Amlaha","2015.Amlaha","ICC5780","Desi",81,46.36768645,108,54.74606013,12.6069001,12.63149022,1,4,5,2,1,NA
2015,"Amlaha","2015.Amlaha","ICC5783","Desi",84.00001569,43.64685806,117.9977739,16.40963644,9.790398344,13.54389856,2,1,5,5,1,NA
2015,"Amlaha","2015.Amlaha","ICC5810","Desi",86.00256936,43.36665993,109.9283472,61.75869983,10.56015427,17.0432202,3,1,5,2,1,NA
2015,"Amlaha","2015.Amlaha","ICC5811","Kabuli",81.99956936,48.61089741,113.9683472,NA,11.43514621,23.36387794,5,3,5,4,1,NA
2015,"Amlaha","2015.Amlaha","ICC5851","Desi",96,53.38295367,131,58.46096725,25.94636583,15.44950544,2,3,5,5,1,NA
2015,"Amlaha","2015.Amlaha","ICC6098","Desi",87,43.58271018,111.0000001,60.66431017,16.47185064,24.55476454,3,2,5,2,1,NA
2015,"Amlaha","2015.Amlaha","ICC6128","Desi",83,48.09054071,123,68.55262558,18.67810884,7.1264327,1,4,5,3,1,NA
2015,"Amlaha","2015.Amlaha","ICC7204","Kabuli",86.14569361,54.69228073,115.9182639,59.60994882,12.85227649,16.11809247,1,4,5,5,1,NA
2015,"Amlaha","2015.Amlaha","ICC7207","Kabuli",99,51.11151595,120,12.22554159,13.11133685,24.49786837,5,5,5,4,1,NA
2015,"Amlaha","2015.Amlaha","ICC7225","Kabuli",91,51.8165256,118,54.33688467,14.22066829,21.02586521,5,2,5,2,1,NA
2015,"Amlaha","2015.Amlaha","ICC7380","Desi",94.00000069,41.68367007,123.0000074,32.86249681,15.72750302,25.11191021,4,5,5,1,1,1
2015,"Amlaha","2015.Amlaha","ICC7541","Desi",90,49.95235901,116,27.80842149,10.80962938,11.62959322,3,5,5,5,1,NA
2015,"Amlaha","2015.Amlaha","ICC8276","Desi",90,47.6783379,119,26.80161847,10.82636311,6.369896734,2,1,5,2,1,NA
2015,"Amlaha","2015.Amlaha","ICC8284","Kabuli",88.00000569,56.23696764,117.9971339,9.359522737,26.71744069,14.1119167,5,5,5,5,1,NA
2015,"Amlaha","2015.Amlaha","ICC8330","Desi",85,30.22207174,107,35.23947022,15.61603425,12.84039183,4,4,5,2,1,NA
2015,"Amlaha","2015.Amlaha","ICC8332","Desi",84.00123636,42.49574644,109.9910416,11.28060468,17.80997435,23.36071494,3,5,5,4,1,NA
2015,"Amlaha","2015.Amlaha","ICC8336","Desi",92.00115769,42.98255264,131.9839126,26.69424064,19.08725795,20.06298589,3,4,5,4,1,NA
2015,"Amlaha","2015.Amlaha","ICC8402","Desi",90.99999057,41.73526295,124.9997412,32.38824405,21.95212391,18.64789627,5,3,5,2,1,NA
2015,"Amlaha","2015.Amlaha","ICCC37","Desi",86.05693609,46.13822785,117.2086804,86.58163807,14.44986026,8.434216843,2,1,5,3,1,NA
2015,"Amlaha","2015.Amlaha","ICCL81248","Desi",86,40.67066088,115.0000002,27.4499557,12.03478738,13.90291104,1,3,5,3,1,NA
2015,"Amlaha","2015.Amlaha","ICCL82108","Desi",99,49.05306788,128,51.76989925,13.3733059,25.44610437,2,5,5,4,1,NA
2015,"Amlaha","2015.Amlaha","ICCL82115","Desi",83,46.99535168,110,15.19605241,16.98046622,11.7181414,1,5,5,3,1,NA
2015,"Amlaha","2015.Amlaha","ICCL83135","Desi",79.99924411,46.52386858,126.9978939,46.80445065,18.04861874,19.56677862,3,2,5,4,1,NA
2015,"Amlaha","2015.Amlaha","ICCL83149","Desi",86.00003569,44.00273682,116.9971339,31.61902815,14.50630603,23.26449949,4,3,5,4,1,NA
2015,"Amlaha","2015.Amlaha","ICCL85222","Desi",94,41.57430629,112.9999998,41.57917575,13.23161373,16.84488534,5,5,5,1,1,1
2015,"Amlaha","2015.Amlaha","ICCV2","Kabuli",95.99996523,58.19649874,133.0064094,43.31715405,21.98123013,18.6906531,2,4,5,5,1,NA
2015,"Amlaha","2015.Amlaha","ICCV2NN","Kabuli",97,56.46703602,118.9999985,44.65087414,28.64113117,15.90291104,2,4,5,1,1,1
2015,"Amlaha","2015.Amlaha","ICCV88202","Desi",76,35.8356425,112,1.250173843,29.19867472,28.00971531,1,2,5,3,1,NA
2015,"Amlaha","2015.Amlaha","ICCV88503","Desi",NA,50.14836237,109.9997412,34.98345595,16.51776735,11.71131381,3,1,5,4,1,NA
2015,"Amlaha","2015.Amlaha","ICCV89314","Desi",85.15693609,42.0790811,106.6086804,43.25539226,13.29984,15.39173846,3,3,5,2,1,NA
2015,"Amlaha","2015.Amlaha","ICCV89509","Kabuli",87.00006569,45.64508466,128.9990539,51.73009098,NA,6.472789559,1,3,5,4,1,NA
2015,"Amlaha","2015.Amlaha","ICCV91106","Desi",93.99999757,42.58388379,113.0007652,28.68231656,11.42697642,NA,1,3,5,4,1,NA
2015,"Amlaha","2015.Amlaha","ICCV91302","Kabuli",93,48.11330276,128,86.34187578,22.94277555,NA,2,5,5,5,1,NA
2015,"Amlaha","2015.Amlaha","ICCV91902","Desi",75,54.43414346,116,NA,28.36737744,NA,5,5,5,2,1,NA
2015,"Amlaha","2015.Amlaha","ICCV92311","Kabuli",77.99999671,46.30800615,111.9998002,73.84145234,NA,31.80552926,5,5,5,2,1,NA
2015,"Amlaha","2015.Amlaha","ICCV92503","Desi",78,48.59387287,133,42.12562607,17.88293303,14.08520803,5,4,5,2,1,NA
2015,"Amlaha","2015.Amlaha","ICCV92944","Desi",84.00305643,47.66444789,107.0102778,NA,23.89448988,21.79243479,2,5,5,1,1,1
2015,"Amlaha","2015.Amlaha","ICCV93954","Desi",97,34.32428282,132,18.24061813,15.46853421,15.72437136,2,1,5,2,1,NA
2015,"Amlaha","2015.Amlaha","ICCV93958","Desi",97.99999257,53.88100367,119.9991012,54.64633598,28.06664634,12.14392252,4,4,5,2,1,NA
2015,"Amlaha","2015.Amlaha","ICCV94954","Desi",89.00000001,47.73733956,113.0000245,41.30856284,24.12509762,19.78057115,1,5,5,4,1,NA
2015,"Amlaha","2015.Amlaha","ICCV95334","Kabuli",74,57.1952544,113,11.15660944,NA,20.79688052,2,3,5,4,1,NA
2015,"Amlaha","2015.Amlaha","ICCV95605","Desi",95,44.56795156,126.0000001,31.96268952,14.98846592,13.67948019,3,1,5,2,1,NA
2015,"Amlaha","2015.Amlaha","ICCV95705","Desi",92.00011425,50.65482846,115.9998659,88.72699637,20.2277631,24.77954393,5,4,5,4,1,NA
2015,"Amlaha","2015.Amlaha","ICCV95981","Desi",79.00656936,53.21863183,119.0323472,59.0040325,17.54922733,13.40500536,4,1,5,1,1,1
2015,"Amlaha","2015.Amlaha","ICCV95982","Desi",80.00001657,42.44181266,106.0007012,24.06341785,16.65602021,21.19011634,5,5,5,1,1,1
2015,"Amlaha","2015.Amlaha","ICCV96030","Desi",72,53.20613856,109,21.92241436,20.5326773,16.80929996,2,1,5,2,1,NA
2015,"Amlaha","2015.Amlaha","ICCV96970","Desi",80.00000657,43.34468303,109.0001252,76.50962774,20.46050641,25.47552968,4,3,5,5,1,NA
2015,"Amlaha","2015.Amlaha","IG10360","Kabuli",85.99998757,49.0235274,124.0001892,28.82256214,20.46044335,13.61272616,5,4,5,2,1,NA
2015,"Amlaha","2015.Amlaha","IG6367","Kabuli",87.00000157,55.07526295,112.9991012,40.18569191,30.95212391,12.91251129,1,3,5,3,1,NA
2015,"Amlaha","2015.Amlaha","IG6394","Kabuli",99,61.11159051,134,36.18424884,10.99397971,31.15945166,5,2,5,5,1,NA
2015,"Amlaha","2015.Amlaha","IG69343","Kabuli",96,NA,138.0000103,42.69369927,32.88534328,10.61424139,1,4,5,3,1,NA
2015,"Amlaha","2015.Amlaha","IG69348","Kabuli",90,53.58828442,137,24.99686619,32.35358249,10.01912829,2,5,5,2,1,NA
2015,"Amlaha","2015.Amlaha","IG69352","Kabuli",91.99456936,63.49801196,138.0163472,23.94287944,23.50555181,22.36435499,3,4,5,3,1,NA
2015,"Amlaha","2015.Amlaha","IG69355","Kabuli",92,66.56121315,126,20.87749679,15.98456701,12.64660844,5,1,5,3,1,NA
2015,"Amlaha","2015.Amlaha","IG69388","Kabuli",93.00000008,49.4146576,133.0000305,24.27319609,12.14107899,24.54487207,4,5,5,4,1,NA
2015,"Amlaha","2015.Amlaha","IG69409","Kabuli",95.97569361,63.72738537,130.3582639,16.9724845,34.46247809,10.27112044,1,5,5,3,1,NA
2015,"Amlaha","2015.Amlaha","IG69843","Kabuli",87,NA,136,19.22771951,6.271654968,NA,5,1,5,2,1,NA
2015,"Amlaha","2015.Amlaha","IG70855","Kabuli",94.00008569,40.39934521,134.9961739,67.46105246,33.47793883,12.34378603,1,5,5,4,1,NA
2015,"Amlaha","2015.Amlaha","IG70881","Kabuli",95.00000157,51.10334275,123.9998562,4.480475012,15.06855426,13.07861046,2,4,5,1,1,1
2015,"Amlaha","2015.Amlaha","IG75740","Kabuli",93.15693609,51.75131333,133.8086804,34.56235532,28.99979951,18.91253576,3,1,5,1,1,1
2015,"Amlaha","2015.Amlaha","IG9729","Kabuli",95.06569361,57.56894579,130.0782639,45.3024845,NA,27.9615018,4,1,5,5,1,NA
2015,"Amlaha","2015.Amlaha","IG9750","Kabuli",99,47.76690047,136,25.52707786,18.45173469,18.35160323,3,1,5,3,1,NA
2015,"Amlaha","2015.Amlaha","IG9766","Kabuli",94,59.69911303,130,10.72191204,5.79044934,9.047111473,1,5,5,5,1,NA
2015,"Amlaha","2015.Amlaha","IG9793","Kabuli",97.00006569,58.21931547,120.0035339,64.14369676,20.59063388,14.71437683,3,1,5,1,1,1
2015,"Junagadh","2015.Junagadh","GG2","Desi",52.49772751,36.79430924,83.77653716,46.13492891,33.02656779,21.14993858,3,3,2,2,2,2
2015,"Junagadh","2015.Junagadh","ICC11312","Desi",62.60674912,33.56705388,108.9920396,52.33000004,12.70767879,7.107100277,1,2,2,4,2,NA
2015,"Junagadh","2015.Junagadh","ICC11316","Desi",53.01744263,33.51113091,81.99998618,38,13.75693706,12.82124018,2,4,2,1,2,NA
2015,"Junagadh","2015.Junagadh","ICC11318","Desi",61.86127827,33.05022886,107.8682461,59.00015529,14.54115102,15.03733304,4,3,2,2,2,2
2015,"Junagadh","2015.Junagadh","ICC11321","Desi",60.08093299,38.37787703,99.99957442,68.67,NA,NA,3,5,2,3,2,NA
2015,"Junagadh","2015.Junagadh","ICC11322","Desi",67.49631431,44.04141863,101.6565372,27.17822891,18.21173396,17.20419044,1,2,2,1,2,NA
2015,"Junagadh","2015.Junagadh","ICC11324","Desi",56.29492618,42.08425057,97.81653817,15.30152891,20.43972587,18.10056676,4,4,2,1,2,NA
2015,"Junagadh","2015.Junagadh","ICC11498","Desi",60.37724509,46.52697349,108.3765378,28.35822891,18.44829292,21.94869802,2,3,2,5,2,NA
2015,"Junagadh","2015.Junagadh","ICC11502","Desi",63.79917094,42.48171034,92.2965385,28.21492891,12.08938175,21.77958979,4,4,2,3,2,NA
2015,"Junagadh","2015.Junagadh","ICC11504","Desi",67.94933874,42.47044442,109.9999669,46.33,12.46421303,15.4062394,4,2,2,3,2,NA
2015,"Junagadh","2015.Junagadh","ICC11507","Desi",70.44803709,31.39195216,109.3506182,30.67182289,12.76668812,13.62894786,2,1,2,5,2,NA
2015,"Junagadh","2015.Junagadh","ICC11510","Desi",48.22797643,37.79079166,125.1413444,23.04528907,8.159886446,31.58334977,2,3,2,5,2,NA
2015,"Junagadh","2015.Junagadh","ICC11524","Desi",65.04967688,36.21888678,107.9999856,19.67,13.85719111,8.205191093,5,4,2,2,2,2
2015,"Junagadh","2015.Junagadh","ICC11525","Desi",69.33914142,40.24167805,107.9450461,17.33164929,10.52592079,15.82319401,3,3,2,2,2,2
2015,"Junagadh","2015.Junagadh","ICC11535","Desi",56.43592926,49.33028713,92.9953164,19.66999715,NA,NA,4,1,2,3,2,NA
2015,"Junagadh","2015.Junagadh","ICC11536","Desi",57.06184977,42.93117867,96.0000041,25.99999944,17.73305744,13.38158356,1,2,2,3,2,NA
2015,"Junagadh","2015.Junagadh","ICC11823","Kabuli",74.12455191,42.30982479,119.8960984,22.33001823,29.19524577,7.789066102,5,5,2,5,2,NA
2015,"Junagadh","2015.Junagadh","ICC11879","Kabuli",61.62653576,47.15244264,116.0565459,17.90493122,30.4772898,17.1844382,3,5,2,4,2,NA
2015,"Junagadh","2015.Junagadh","ICC12228","Desi",64.86607984,52.48509567,112.0496875,34.33012153,15.08455673,15.7613008,1,5,2,5,2,NA
2015,"Junagadh","2015.Junagadh","ICC12233","Desi",68.99662143,31.49362645,114.9964014,49.99999925,9.278586424,23.15555148,5,5,2,1,2,NA
2015,"Junagadh","2015.Junagadh","ICC12235","Desi",50.73927359,30.6252528,89.99859318,43.6699997,17.89883618,13.88977752,3,1,2,4,2,NA
2015,"Junagadh","2015.Junagadh","ICC12242","Desi",70.79557062,34.41887733,109.1765375,52.378229,11.23541281,NA,3,1,2,1,2,NA
2015,"Junagadh","2015.Junagadh","ICC12246","Desi",61.98710033,29.47406937,94.09384902,41.38626345,13.61807264,19.33056096,3,3,2,3,2,NA
2015,"Junagadh","2015.Junagadh","ICC12248","Desi",66.01308356,44.24805856,109.9999996,23.33,13.98949172,7.345727821,3,2,2,4,2,NA
2015,"Junagadh","2015.Junagadh","ICC12251","Desi",60.4312894,28.84068723,88.96253537,29.67001315,18.02760619,13.73704882,4,1,2,3,2,NA
2015,"Junagadh","2015.Junagadh","ICC12258","Desi",57.25402239,31.80268634,89.57653784,31.80152891,17.0266513,13.60920749,1,4,2,2,2,2
2015,"Junagadh","2015.Junagadh","ICC12259","Desi",45.5434383,32.89027492,83.05653733,26.3849289,14.2110965,7.847304072,4,5,2,4,2,NA
2015,"Junagadh","2015.Junagadh","ICC12267","Desi",63.67338139,31.41163677,95.94134461,51.41928907,17.01410431,11.80523204,5,5,2,5,2,NA
2015,"Junagadh","2015.Junagadh","ICC12268","Desi",68.40917114,38.89402834,109.9165784,33.99989153,17.54605295,23.31967166,1,3,2,3,2,NA
2015,"Junagadh","2015.Junagadh","ICC12269","Desi",49.01222908,28.71765371,88.15209612,49.00000153,12.09949192,14.66728662,5,5,2,4,2,NA
2015,"Junagadh","2015.Junagadh","ICC12270","Desi",67.06402564,32.10957142,114.9911801,27.33001782,15.19364448,12.35658815,5,3,2,3,2,NA
2015,"Junagadh","2015.Junagadh","ICC12273","Desi",47.91879327,34.39201627,80.05653784,31.04152891,16.93499316,20.42440186,1,2,2,1,2,NA
2015,"Junagadh","2015.Junagadh","ICC12274","Desi",65.59892446,33.81863782,102.0111269,53.00000058,8.164313722,20.52230127,3,3,2,4,2,NA
2015,"Junagadh","2015.Junagadh","ICC12337","Desi",54.72308119,36.35254418,94.99062013,79.65748936,14.34093756,20.07519472,1,4,2,5,2,NA
2015,"Junagadh","2015.Junagadh","ICC12348","Desi",67.73157392,45.20314828,110.0026309,43.32999998,20.00712326,17.53340033,4,2,2,2,2,2
2015,"Junagadh","2015.Junagadh","ICC12361","Desi",65.07581217,27.25298958,101.9379778,37.00001349,10.9144918,15.28892601,1,1,2,3,2,NA
2015,"Junagadh","2015.Junagadh","ICC12368","Desi",51.29617687,45.11917546,86.99786441,46.33,16.87601452,15.02620713,4,3,2,5,2,NA
2015,"Junagadh","2015.Junagadh","ICC12424","Desi",42.83760298,40.3256215,85.94134449,49.01228907,15.72258975,18.82522379,3,1,2,1,2,NA
2015,"Junagadh","2015.Junagadh","ICC12426","Desi",49.18543173,36.1923306,80.00169895,31.67001341,17.24981074,14.59718281,5,5,2,4,2,NA
2015,"Junagadh","2015.Junagadh","ICC12428","Kabuli",67.57278513,39.59021778,101.9934317,24.99999997,18.68480994,17.00906306,4,3,2,1,2,NA
2015,"Junagadh","2015.Junagadh","ICC12433","Kabuli",53.64215438,39.326604,101.0280307,79.67000582,3.186819569,9.431465184,4,1,2,2,2,2
2015,"Junagadh","2015.Junagadh","ICC12434","Kabuli",54.06537176,37.39420399,88.03936839,30.32986493,13.52284338,3.122420575,3,5,2,4,2,NA
2015,"Junagadh","2015.Junagadh","ICC12437","Desi",53.01189944,31.64502278,90.00000423,38.67,13.01914418,18.46101565,2,1,2,4,2,NA
2015,"Junagadh","2015.Junagadh","ICC12452","Desi",65.5625743,34.53295445,99.9966271,18.67000019,16.56099611,14.53558701,3,5,2,1,2,NA
2015,"Junagadh","2015.Junagadh","ICC12458","Desi",57.9806768,32.40123975,89.99999779,39.67,14.0726664,16.08121761,5,2,2,4,2,NA
2015,"Junagadh","2015.Junagadh","ICC12461","Kabuli",67.47423113,44.85835367,114.9919105,25.32768347,21.66497338,29.33173948,2,3,2,5,2,NA
2015,"Junagadh","2015.Junagadh","ICC12463","Desi",66.04802967,37.71683445,115.0011822,20.00000001,15.75372441,NA,4,2,2,5,2,NA
2015,"Junagadh","2015.Junagadh","ICC12464","Desi",77.13491007,42.58288196,118.0000256,29.3299438,14.88098396,10.03943944,1,3,2,1,2,NA
2015,"Junagadh","2015.Junagadh","ICC12471","Desi",66.49702091,35.26340486,109.1765372,50.96152891,13.99768888,10.30281195,1,4,2,3,2,NA
2015,"Junagadh","2015.Junagadh","ICC12472","Desi",62.08282623,25.53798755,114.8682503,34.66804929,13.86912351,14.05601823,5,4,2,3,2,NA
2015,"Junagadh","2015.Junagadh","ICC12476","Desi",66.99062172,39.90296499,98.00000135,26.33,16.39544144,15.44991575,5,4,2,1,2,NA
2015,"Junagadh","2015.Junagadh","ICC12479","Desi",58.76334713,35.28113944,81.35061518,43.33615293,19.42446377,8.489733934,3,1,2,3,2,NA
2015,"Junagadh","2015.Junagadh","ICC12480","Desi",60.08093299,38.24449086,107.99991,38.67,17.24613264,10.93025566,4,3,2,5,2,NA
2015,"Junagadh","2015.Junagadh","ICC12486","Desi",52.84467075,32.47793108,83.38024084,28.67228229,6.438274204,13.85833834,5,2,2,4,2,NA
2015,"Junagadh","2015.Junagadh","ICC12487","Desi",67.67222987,32.57318424,91.86261306,48.99249289,5.445145733,31.41819831,4,1,2,3,2,NA
2015,"Junagadh","2015.Junagadh","ICC12488","Desi",75.01744263,34.22808524,114.9999862,55.67,10.48741348,11.33965304,2,3,2,4,2,NA
2015,"Junagadh","2015.Junagadh","ICC12490","Desi",54.10714516,40.17235714,110.6306151,44.32849289,11.41941641,30.98629891,5,3,2,4,2,NA
2015,"Junagadh","2015.Junagadh","ICC12492","Kabuli",61.16764864,42.39643923,118.0008886,43.67000002,21.28713213,8.899625825,2,5,2,4,2,NA
2015,"Junagadh","2015.Junagadh","ICC12493","Kabuli",66.88156128,41.83702649,111.5765375,25.54822891,13.90618352,11.08919231,5,2,2,5,2,NA
2015,"Junagadh","2015.Junagadh","ICC12495","Kabuli",54.86821861,38.87720998,107.9413448,39.31928907,23.38482247,25.4697967,2,4,2,5,2,NA
2015,"Junagadh","2015.Junagadh","ICC12496","Kabuli",55.01701034,38.23448502,95.99999877,38,19.46878398,6.896408769,4,3,2,3,2,NA
2015,"Junagadh","2015.Junagadh","ICC12986","Desi",69.48988108,37.04185044,109.9834956,46.00000018,10.84253307,7.977207856,2,5,2,3,2,NA
2015,"Junagadh","2015.Junagadh","ICC13812","Desi",69.23751173,33.17657335,108.0063712,44.00000001,15.66082943,14.56162558,2,2,2,2,2,2
2015,"Junagadh","2015.Junagadh","ICC13816","Kabuli",67.99203587,39.75414993,111.9999992,26.33,22.59827071,12.59553488,4,4,2,1,2,NA
2015,"Junagadh","2015.Junagadh","ICC14199","Kabuli",60.88900993,37.94092754,109.6306043,25.01279959,35.50360408,NA,5,5,2,3,2,NA
2015,"Junagadh","2015.Junagadh","ICC14302","Desi",57.22664268,33.36768388,91.9993401,43.67,12.70687581,12.41152972,2,3,2,4,2,NA
2015,"Junagadh","2015.Junagadh","ICC14304","Desi",50.5822517,37.83560324,85.01166013,26.00001415,17.78632412,20.26087064,1,2,2,1,2,NA
2015,"Junagadh","2015.Junagadh","ICC14315","Desi",49.01308356,35.68230254,83.99999912,41.33,11.1365451,22.6649654,2,2,2,5,2,NA
2015,"Junagadh","2015.Junagadh","ICC14316","Desi",61.90806271,38.82209338,81.99986332,64,15.73671165,16.10252145,3,2,2,5,2,NA
2015,"Junagadh","2015.Junagadh","ICC14321","Desi",43.45829366,34.99683471,109.656538,23.46492891,23.20234973,NA,3,4,2,1,2,NA
2015,"Junagadh","2015.Junagadh","ICC14327","Desi",57.07543006,37.08184107,80.0008467,19.33000001,16.31140773,3.058913709,1,4,2,4,2,NA
2015,"Junagadh","2015.Junagadh","ICC14331","Desi",66.20405666,34.52198723,109.1765375,40.94822891,13.32387155,NA,1,2,2,1,2,NA
2015,"Junagadh","2015.Junagadh","ICC14333","Desi",59.77920937,NA,98.99946034,26,16.02077323,12.4221355,5,1,2,5,2,NA
2015,"Junagadh","2015.Junagadh","ICC14334","Desi",53.23635615,25.38551659,97.99786441,41.00000002,12.69710824,NA,1,1,2,1,2,NA
2015,"Junagadh","2015.Junagadh","ICC14335","Desi",49.82428005,43.76553943,91.44992041,46.00006411,23.39650084,15.02726148,1,5,2,2,2,2
2015,"Junagadh","2015.Junagadh","ICC14344","Desi",62.99380112,36.74843158,102.0031782,36.66999975,21.3004706,12.86779499,1,5,2,4,2,NA
2015,"Junagadh","2015.Junagadh","ICC14354","Desi",49.9806768,44.52813126,107.9999965,124,15.83938396,18.37727735,5,4,2,5,2,NA
2015,"Junagadh","2015.Junagadh","ICC14356","Desi",59.00456069,35.43210043,105.0000007,22.33,12.35272901,11.56820324,2,1,2,2,2,2
2015,"Junagadh","2015.Junagadh","ICC14364","Desi",57.69547454,43.35423512,90.01985482,25.67002049,17.2272038,17.5830196,5,4,2,2,2,2
2015,"Junagadh","2015.Junagadh","ICC14366","Desi",66.67102901,33.93180153,110.3104821,32.32540516,15.34840823,17.34771747,2,2,2,5,2,NA
2015,"Junagadh","2015.Junagadh","ICC14368","Desi",54.97954358,36.32239728,90.00001058,60.33,NA,NA,2,4,2,5,2,NA
2015,"Junagadh","2015.Junagadh","ICC14369","Desi",67.9806768,43.41536388,109.9999935,34.67,15.70638516,21.15975942,3,3,2,5,2,NA
2015,"Junagadh","2015.Junagadh","ICC14371","Desi",66.77920937,28.2902836,109.998936,31.67,11.82828906,10.90448886,1,4,2,1,2,NA
2015,"Junagadh","2015.Junagadh","ICC14374","Desi",65.04967688,43.06969712,109.9999319,19.33,14.77637282,15.14866337,4,3,2,2,2,2
2015,"Junagadh","2015.Junagadh","ICC14385","Desi",49.72797209,38.97477147,84.11861514,27.01049289,15.70852437,13.859309,3,2,2,4,2,NA
2015,"Junagadh","2015.Junagadh","ICC14390","Desi",50.45826659,43.32917257,87.98943767,27.96663157,16.31207167,14.3986411,2,1,2,5,2,NA
2015,"Junagadh","2015.Junagadh","ICC14391","Desi",50.19276763,40.25102205,93.94134463,58.34528907,13.51554794,10.7631147,2,4,2,3,2,NA
2015,"Junagadh","2015.Junagadh","ICC14393","Desi",49.97377947,43.12900196,86.00001058,32.33,14.50644731,10.41445384,4,3,2,1,2,NA
2015,"Junagadh","2015.Junagadh","ICC14394","Desi",65.37156439,32.73651142,110.0474451,53.67204929,14.78530939,20.85623787,3,1,2,2,2,2
2015,"Junagadh","2015.Junagadh","ICC14396","Desi",66.4022189,48.75950656,109.8449069,42.66997823,15.00984345,7.206591549,4,1,2,3,2,NA
2015,"Junagadh","2015.Junagadh","ICC14402","Desi",50.98818976,33.2777838,84.00001058,62.67,14.21981577,8.131414798,4,3,2,5,2,NA
2015,"Junagadh","2015.Junagadh","ICC14411","Desi",63.16138708,31.62313874,109.8682417,45.67108229,17.01402606,19.5805391,3,2,2,4,2,NA
2015,"Junagadh","2015.Junagadh","ICC14423","Desi",49.52645281,40.87998458,82.99343172,19.00000003,16.95238734,20.46342606,3,4,2,5,2,NA
2015,"Junagadh","2015.Junagadh","ICC14425","Desi",73.7046535,26.26484576,104.7413446,63.58528907,20.99978348,15.28474038,2,3,2,5,2,NA
2015,"Junagadh","2015.Junagadh","ICC14426","Desi",62.41755862,40.17635466,85.63061514,38.00615289,13.52317056,13.14729001,2,3,2,1,2,NA
2015,"Junagadh","2015.Junagadh","ICC14432","Desi",68.1987318,37.52836213,102.0014234,48.99999998,10.62005411,11.16124504,2,5,2,4,2,NA
2015,"Junagadh","2015.Junagadh","ICC14436","Desi",68.9806768,35.67216731,109.9999956,62,19.15380055,23.29419766,2,4,2,3,2,NA
2015,"Junagadh","2015.Junagadh","ICC14871","Desi",68.99036657,37.99351887,111.9999846,16.33,23.80433961,11.21713823,3,5,2,3,2,NA
2015,"Junagadh","2015.Junagadh","ICC14872","Desi",64.80975201,NA,108.9506143,39.67549289,NA,7.341932121,2,5,2,2,2,2
2015,"Junagadh","2015.Junagadh","ICC15553","Desi",59.51128804,40.35968263,100.0031027,34.67000092,10.64229146,9.252136144,1,3,2,4,2,NA
2015,"Junagadh","2015.Junagadh","ICC15574","Desi",66.00478669,36.7552127,109.9999997,12.33,NA,1.3712188,3,1,2,5,2,NA
2015,"Junagadh","2015.Junagadh","ICC15577","Desi",46.86920273,37.53631446,86.94134479,25.18528907,12.77579465,25.83733014,1,4,2,1,2,NA
2015,"Junagadh","2015.Junagadh","ICC15966","Desi",51.50877648,40.15309812,93.04745028,49.00058229,17.82643706,30.16815986,3,2,2,1,2,NA
2015,"Junagadh","2015.Junagadh","ICC16374","Desi",67.29617687,40.66453248,107.9973401,20.33,19.83871832,13.05454443,1,4,2,1,2,NA
2015,"Junagadh","2015.Junagadh","ICC16682","Desi",54.82176922,41.28319519,109.9989193,60.33,15.87385159,14.93333326,4,5,2,2,2,2
2015,"Junagadh","2015.Junagadh","ICC4918NN","Desi",65.64535706,35.97549938,108.9413444,65.75228907,21.88477718,6.339138391,5,1,2,3,2,NA
2015,"Junagadh","2015.Junagadh","ICC4923","Desi",62.17523213,43.85809144,100.5765375,8.911528907,11.07322573,14.64478604,4,1,2,4,2,NA
2015,"Junagadh","2015.Junagadh","ICC4928","Kabuli",69.43911829,42.54833056,110.0343922,63.27557962,16.082341,9.561617548,4,5,2,1,2,NA
2015,"Junagadh","2015.Junagadh","ICC4938","Desi",70.10283044,40.07667541,110.0005846,47.67,14.27500792,5.389069815,5,1,2,2,2,2
2015,"Junagadh","2015.Junagadh","ICC4946","Desi",72.46034145,35.52536332,106.6965378,23.56152891,NA,NA,5,2,2,2,2,2
2015,"Junagadh","2015.Junagadh","ICC4947","Desi",63.17653543,40.06714534,111.9976023,43.00000001,16.24430256,18.79746654,2,1,2,4,2,NA
2015,"Junagadh","2015.Junagadh","ICC4948HN","Desi",69.02277446,31.13822246,111.9999913,29,14.74865782,6.734468039,4,2,2,1,2,NA
2015,"Junagadh","2015.Junagadh","ICC4948LN","Desi",68.79946139,32.61338282,111.998936,28,13.50871769,11.6902893,4,3,2,1,2,NA
2015,"Junagadh","2015.Junagadh","ICC4954","Desi",62.83210674,32.73774405,101.8626151,40.64015289,17.49086407,6.519263903,2,2,2,3,2,NA
2015,"Junagadh","2015.Junagadh","ICC4957N","Desi",66.80152446,34.51421283,114.9985012,18.33,12.5504175,0.966671354,5,4,2,2,2,2
2015,"Junagadh","2015.Junagadh","ICC4969","Desi",63.29776576,36.34218251,118.0242542,49.32999922,5.59953979,20.15095843,2,4,2,1,2,NA
2015,"Junagadh","2015.Junagadh","ICC4991","Desi",63.76334714,41.06774405,96.35061514,44.01149289,13.05683211,12.20841523,4,4,2,3,2,NA
2015,"Junagadh","2015.Junagadh","ICC4992","Desi",65.6710359,32.54549084,110.6306125,24.33049289,1.409660219,3.309247117,4,3,2,2,2,2
2015,"Junagadh","2015.Junagadh","ICC5003","Desi",63.79184245,41.7987237,109.6706143,28.98415289,30.60403302,33.60703463,5,1,2,2,2,2
2015,"Junagadh","2015.Junagadh","ICC5003HN","Desi",66.5727856,38.14717265,101.9947422,73.32999989,26.8151651,20.02883602,1,1,2,5,2,NA
2015,"Junagadh","2015.Junagadh","ICC5003LN","Desi",55.80975201,38.56455857,93.9506134,40.00049289,18.7869327,18.84612342,4,5,2,3,2,NA
2015,"Junagadh","2015.Junagadh","ICC5020","Desi",54.21007515,38.59648691,85.99743883,28.67,9.624835119,18.88083779,5,1,2,2,2,2
2015,"Junagadh","2015.Junagadh","ICC5036","Desi",67.39115171,36.8870633,114.988269,38.66983823,13.69646209,16.92504459,4,1,2,1,2,NA
2015,"Junagadh","2015.Junagadh","ICC5038","Kabuli",52.79917094,51.20744204,118.2965385,22.33822891,13.35224134,10.74236061,4,4,2,1,2,NA
2015,"Junagadh","2015.Junagadh","ICC5055","Kabuli",63.96795235,41.5018814,112.0000661,37.33,22.49619889,6.97273038,3,4,2,4,2,NA
2015,"Junagadh","2015.Junagadh","ICC5135","Desi",68.03710388,41.63212814,114.9999319,34.33,13.68041859,17.60534824,1,3,2,1,2,NA
2015,"Junagadh","2015.Junagadh","ICC5146","Desi",80.34958144,44.3924057,117.998435,66.00000002,16.61779684,25.51197976,4,2,2,3,2,NA
2015,"Junagadh","2015.Junagadh","ICC5151","Desi",66.99203587,38.40113907,114.9999993,24,12.16151127,8.283452083,3,3,2,3,2,NA
2015,"Junagadh","2015.Junagadh","ICC5152","Desi",68.52645281,38.72050846,114.9933982,38.33000026,19.80278866,25.30264321,5,1,2,3,2,NA
2015,"Junagadh","2015.Junagadh","ICC5169","Desi",71.0035752,36.7552127,107.9999999,23.33,12.69852139,7.331509967,4,4,2,3,2,NA
2015,"Junagadh","2015.Junagadh","ICC5172","Desi",52.18424991,53.36740234,98.0010332,42,10.36860447,9.2536017,1,5,2,1,2,NA
2015,"Junagadh","2015.Junagadh","ICC5178","Desi",70.78212358,38.08591456,120.0291829,47.33000172,6.637708538,17.11878064,5,2,2,3,2,NA
2015,"Junagadh","2015.Junagadh","ICC5221","Desi",64.46034145,36.84799916,108.3765378,9.598228907,18.1376421,15.51566803,3,5,2,5,2,NA
2015,"Junagadh","2015.Junagadh","ICC5233","Desi",65.90267102,37.8849589,102.0004133,30.67,13.19065546,9.605824206,3,5,2,3,2,NA
2015,"Junagadh","2015.Junagadh","ICC5239","Desi",62.68892655,29.06736209,109.9922888,34.67000021,10.09192092,25.75377502,3,3,2,2,2,2
2015,"Junagadh","2015.Junagadh","ICC5409","Desi",55.00599818,36.42644427,81.99999972,18,14.63692675,12.78163248,4,5,2,4,2,NA
2015,"Junagadh","2015.Junagadh","ICC5455","Desi",59.11782956,43.58819793,115.018989,47.00021493,9.94703125,8.695835543,5,3,2,5,2,NA
2015,"Junagadh","2015.Junagadh","ICC5458","Desi",67.78770073,43.9910049,110.002583,39.99999998,25.14440782,11.66554167,1,5,2,5,2,NA
2015,"Junagadh","2015.Junagadh","ICC5592","Desi",58.02621734,36.54556385,NA,48.41528907,15.01537646,9.63937572,2,4,2,1,2,NA
2015,"Junagadh","2015.Junagadh","ICC5593","Desi",68.25235415,39.08938069,109.998435,45.33,18.66972051,22.91565111,1,2,2,1,2,NA
2015,"Junagadh","2015.Junagadh","ICC5710","Desi",61.00599818,37.71369129,82.99999972,40,16.23516834,18.16675799,3,5,2,5,2,NA
2015,"Junagadh","2015.Junagadh","ICC5722","Desi",65.35611688,46.93853919,108.7658524,26.00128229,12.3136744,20.00057082,1,4,2,4,2,NA
2015,"Junagadh","2015.Junagadh","ICC5743","Desi",66.17692021,29.69481852,107.9993647,61,22.2569076,16.187083,2,2,2,2,2,2
2015,"Junagadh","2015.Junagadh","ICC5752","Desi",61.32608723,30.26191962,96.99865084,33.33000001,11.2689119,8.668890888,1,5,2,1,2,NA
2015,"Junagadh","2015.Junagadh","ICC5755","Desi",55.02277446,41.60613408,105.9999977,81.67,15.30175257,16.27098448,4,4,2,2,2,2
2015,"Junagadh","2015.Junagadh","ICC5780","Desi",55.25291125,26.46875821,105.9506134,23.33182289,3.897791131,15.78987732,1,2,2,2,2,2
2015,"Junagadh","2015.Junagadh","ICC5783","Desi",40.4559259,32.35833187,77.02427437,37.00000208,7.981558231,10.32319831,2,4,2,5,2,NA
2015,"Junagadh","2015.Junagadh","ICC5810","Desi",56.99751775,34.6438379,96.00000027,28,12.73941767,10.4658957,3,2,2,2,2,2
2015,"Junagadh","2015.Junagadh","ICC5811","Kabuli",53.00539244,34.76767605,85.99999967,17,10.36353049,15.35570072,5,3,2,4,2,NA
2015,"Junagadh","2015.Junagadh","ICC5851","Desi",54.18424991,40.66384483,92.0010332,13.67,19.8890331,6.342603919,2,5,2,5,2,NA
2015,"Junagadh","2015.Junagadh","ICC6098","Desi",55.63913907,41.45576711,109.986685,46.32999892,21.62385559,24.94979735,3,2,2,2,2,2
2015,"Junagadh","2015.Junagadh","ICC6128","Desi",66.29617687,28.86178835,93.99865084,30.33000002,19.29457429,4.130889183,1,4,2,3,2,NA
2015,"Junagadh","2015.Junagadh","ICC7204","Kabuli",67.43679377,44.32294796,104.0607987,26.32999582,6.430304487,15.43702298,1,3,2,5,2,NA
2015,"Junagadh","2015.Junagadh","ICC7207","Kabuli",52.8689185,50.93498458,90.04744685,39.00124929,12.38332427,15.0434909,5,3,2,4,2,NA
2015,"Junagadh","2015.Junagadh","ICC7225","Kabuli",63.79917094,44.52014685,106.5765375,50.65492891,11.11995496,7.371263581,5,5,2,2,2,2
2015,"Junagadh","2015.Junagadh","ICC7380","Desi",57.5462933,31.72782153,96.94134484,50.37928907,15.37388844,23.42239604,4,3,2,1,2,NA
2015,"Junagadh","2015.Junagadh","ICC7541","Desi",48.08110939,40.23611419,81.99993191,26.67,11.46757279,9.615542122,3,2,2,5,2,NA
2015,"Junagadh","2015.Junagadh","ICC8276","Desi",70.99471976,34.36195293,107.9999999,25.33,11.52360142,4.857762689,2,2,2,2,2,2
2015,"Junagadh","2015.Junagadh","ICC8284","Kabuli",74.17653543,45.46270304,104.9996994,41,19.69781479,7.793757883,5,2,2,5,2,NA
2015,"Junagadh","2015.Junagadh","ICC8330","Desi",49.03710388,30.0453695,81.99998559,37.67,15.41256687,11.93249498,4,5,2,2,2,2
2015,"Junagadh","2015.Junagadh","ICC8332","Desi",52.29617687,54.06009018,104.9994373,56.99999998,23.34205052,36.99932374,3,4,2,4,2,NA
2015,"Junagadh","2015.Junagadh","ICC8336","Desi",56.6630983,36.5960824,109.9990641,17,12.78557897,8.036145385,3,2,2,4,2,NA
2015,"Junagadh","2015.Junagadh","ICC8402","Desi",64.71845328,38.42599109,109.9987263,42,18.05701531,16.03682379,5,2,2,2,2,2
2015,"Junagadh","2015.Junagadh","ICCC37","Desi",57.30915786,25.34555435,98.15208753,25.66989493,13.12203236,18.21643077,2,2,2,3,2,NA
2015,"Junagadh","2015.Junagadh","ICCL81248","Desi",50.12349383,38.32384483,83.00082348,46.67,13.26633462,15.73772376,1,2,2,3,2,NA
2015,"Junagadh","2015.Junagadh","ICCL82108","Desi",57.88368107,32.94215094,91.97653837,30.33492891,14.80018048,14.07015134,2,5,2,4,2,NA
2015,"Junagadh","2015.Junagadh","ICCL82115","Desi",49.83124035,42.91250311,84.98019863,50.00000042,12.16632549,10.10405337,1,1,2,3,2,NA
2015,"Junagadh","2015.Junagadh","ICCL83135","Desi",49.98797915,32.81222152,95.00000169,38.67,18.26584651,10.82838475,3,2,2,4,2,NA
2015,"Junagadh","2015.Junagadh","ICCL83149","Desi",48.6630983,41.32197527,83.00089913,17,17.792359,11.77641631,4,5,2,4,2,NA
2015,"Junagadh","2015.Junagadh","ICCL85222","Desi",49.39782418,39.61807767,82.00137993,31.33000004,13.45339534,20.34389546,5,2,2,1,2,NA
2015,"Junagadh","2015.Junagadh","ICCV2","Kabuli",51.60216342,40.07514223,83.01614375,51.99999985,22.14074335,19.43941916,2,3,2,5,2,NA
2015,"Junagadh","2015.Junagadh","ICCV2NN","Kabuli",52.51269999,40.2751666,80.04036434,35.32998982,22.60113719,18.30946814,2,2,2,1,2,NA
2015,"Junagadh","2015.Junagadh","ICCV88202","Desi",50.00545532,32.99608592,102.0000005,38.67,16.1904855,11.78139851,1,3,2,3,2,NA
2015,"Junagadh","2015.Junagadh","ICCV88503","Desi",39.7052884,41.25251147,84.10089842,60.67000153,10.69851648,13.50177749,3,5,2,4,2,NA
2015,"Junagadh","2015.Junagadh","ICCV89314","Desi",57.62592283,31.16254036,102.9789458,101.0000165,14.43171037,15.02895678,3,5,2,2,2,2
2015,"Junagadh","2015.Junagadh","ICCV89509","Kabuli",59.51676314,46.80362814,118.3802408,63.99921529,17.04486946,26.61151718,1,4,2,4,2,NA
2015,"Junagadh","2015.Junagadh","ICCV91106","Desi",50.4190612,36.8452826,84.9625484,35.67001315,18.07247734,14.10086833,1,3,2,4,2,NA
2015,"Junagadh","2015.Junagadh","ICCV91302","Kabuli",61.21626228,38.94021385,109.9978058,57.67000001,25.48829106,23.06996044,2,2,2,5,2,NA
2015,"Junagadh","2015.Junagadh","ICCV91902","Desi",48.40917114,44.06562124,87.91657842,54.99995823,33.23276854,14.37863764,5,4,2,2,2,2
2015,"Junagadh","2015.Junagadh","ICCV92311","Kabuli",53.07145635,40.72022886,88.25224605,38.99898229,35.17963931,24.96470017,5,2,2,2,2,2
2015,"Junagadh","2015.Junagadh","ICCV92503","Desi",41.40140173,30.91064252,88.00203157,58.66994558,16.24723765,17.39467428,5,2,2,2,2,2
2015,"Junagadh","2015.Junagadh","ICCV92944","Desi",51.81342231,44.22965808,90.01606223,45.67000108,19.50323223,24.53191523,2,3,2,1,2,NA
2015,"Junagadh","2015.Junagadh","ICCV93954","Desi",51.70700665,38.51249187,83.99163387,74.99999688,22.60329295,24.64053865,2,3,2,2,2,2
2015,"Junagadh","2015.Junagadh","ICCV93958","Desi",66.64603708,43.76391203,109.9866525,62.99999958,29.9803673,23.1365516,4,5,2,2,2,2
2015,"Junagadh","2015.Junagadh","ICCV94954","Desi",49.63913939,37.17330474,85.99323872,33.32999708,25.92622877,14.32181004,1,4,2,4,2,NA
2015,"Junagadh","2015.Junagadh","ICCV95334","Kabuli",59.39962279,36.55703859,114.947309,47.32991153,42.0051936,19.23641665,2,2,2,4,2,NA
2015,"Junagadh","2015.Junagadh","ICCV95605","Desi",63.110148,43.61886645,117.8448961,32.99986823,15.33710386,48.55342101,3,2,2,2,2,2
2015,"Junagadh","2015.Junagadh","ICCV95705","Desi",66.40527017,38.25439522,98.1008929,29.00005153,14.97433962,11.24171152,5,1,2,4,2,NA
2015,"Junagadh","2015.Junagadh","ICCV95981","Desi",48.22538365,38.75153012,86.74134461,29.04928907,19.00143465,10.6078134,4,2,2,1,2,NA
2015,"Junagadh","2015.Junagadh","ICCV95982","Desi",55.83846333,31.50456454,89.97818003,65.32981823,34.88669509,11.25492881,5,2,2,1,2,NA
2015,"Junagadh","2015.Junagadh","ICCV96030","Desi",36.95785118,33.09756982,79.99998887,16.33,21.87099113,7.931174442,2,2,2,2,2,2
2015,"Junagadh","2015.Junagadh","ICCV96970","Desi",64.13578283,34.81173549,109.9996583,66.67,21.01238478,21.54936668,4,4,2,5,2,NA
2015,"Junagadh","2015.Junagadh","IG10360","Kabuli",60.22878405,36.70174141,109.9979631,15.67,13.01370217,19.73859443,5,1,2,2,2,2
2015,"Junagadh","2015.Junagadh","IG6367","Kabuli",63.9806768,44.42183386,111.9999956,50.33,30.90036543,14.34446597,1,5,2,3,2,NA
2015,"Junagadh","2015.Junagadh","IG6394","Kabuli",63.98067681,48.59008667,83.99999565,30.33,12.52330874,16.82647216,5,1,2,5,2,NA
2015,"Junagadh","2015.Junagadh","IG69343","Kabuli",73.73410363,63.1133821,117.9989802,32.32999997,NA,13.63399169,1,2,2,3,2,NA
2015,"Junagadh","2015.Junagadh","IG69348","Kabuli",77.00634995,58.83744542,114.9999996,28,29.52160726,4.969922167,2,2,2,2,2,2
2015,"Junagadh","2015.Junagadh","IG69352","Kabuli",68.88020897,57.13348857,117.9997459,32.67,25.27735202,15.21937626,3,4,2,3,2,NA
2015,"Junagadh","2015.Junagadh","IG69355","Kabuli",72.90700258,56.52552655,114.9801196,26.6700222,26.08418453,6.427569192,5,2,2,3,2,NA
2015,"Junagadh","2015.Junagadh","IG69388","Kabuli",75.01308356,50.26832428,114.9999983,21.67,24.03249364,3.123383723,4,1,2,4,2,NA
2015,"Junagadh","2015.Junagadh","IG69409","Kabuli",64.37724509,56.74998988,116.3765378,40.27822891,32.56073174,12.35105085,1,2,2,3,2,NA
2015,"Junagadh","2015.Junagadh","IG69843","Kabuli",61.26044886,61.23462508,102.2965385,6.388228907,NA,5.23255662,5,3,2,2,2,2
2015,"Junagadh","2015.Junagadh","IG70855","Kabuli",69.42056222,54.54491355,115.0403456,56.00000082,33.96184056,19.74551669,1,2,2,4,2,NA
2015,"Junagadh","2015.Junagadh","IG70881","Kabuli",71.57026784,52.88925775,118.0031027,8.670000082,40.68897117,3.229647128,2,3,2,1,2,NA
2015,"Junagadh","2015.Junagadh","IG75740","Kabuli",63.86920273,46.72710614,121.1413445,85.87928907,27.07807262,34.59312039,3,4,2,1,2,NA
2015,"Junagadh","2015.Junagadh","IG9729","Kabuli",69.01189944,56.93779789,115.0000042,39,32.90823906,31.97741854,4,4,2,5,2,NA
2015,"Junagadh","2015.Junagadh","IG9750","Kabuli",69.30068658,44.18366707,118.1008956,33.3299347,16.95796404,10.54895727,3,2,2,3,2,NA
2015,"Junagadh","2015.Junagadh","IG9766","Kabuli",73.40605968,61.21571445,117.8961036,27.66997153,36.71503103,10.30422877,1,3,2,5,2,NA
2015,"Junagadh","2015.Junagadh","IG9793","Kabuli",69.83079305,45.66789331,114.990616,52.67815289,26.26787171,5.847026356,3,4,2,1,2,NA
2015,"Patancheru","2015.Patancheru","GG2","Desi",41,43.57200799,99.81732547,80.50002749,35.60000081,NA,3,3,1,2,4,NA
2015,"Patancheru","2015.Patancheru","ICC11312","Desi",52,34.33513753,103.2271529,68.80001165,12.2000018,9.800004286,1,4,1,4,4,4
2015,"Patancheru","2015.Patancheru","ICC11316","Desi",51,38.9072969,111.2271529,120.9999981,14.60000782,15.99999949,2,2,1,1,4,NA
2015,"Patancheru","2015.Patancheru","ICC11318","Desi",57,32.73513753,105.2271529,43.80001165,15.5000018,6.900004286,4,4,1,2,4,NA
2015,"Patancheru","2015.Patancheru","ICC11321","Desi",50,38.53513753,99.2271529,49.30001165,22.9000018,11.60000429,3,4,1,3,4,NA
2015,"Patancheru","2015.Patancheru","ICC11322","Desi",43,36.65161563,106.1099221,19.30000685,14.40000656,5.699999646,1,4,1,1,4,NA
2015,"Patancheru","2015.Patancheru","ICC11324","Desi",53,32.45161563,105.1099221,73.00000685,12.20000656,11.79999965,4,1,1,1,4,NA
2015,"Patancheru","2015.Patancheru","ICC11498","Desi",55,43.05041433,108.8954793,78.00002989,11.50000081,11.40000687,2,5,1,5,4,NA
2015,"Patancheru","2015.Patancheru","ICC11502","Desi",55,45.05041433,109.8954793,70.50002989,11.40000081,12.70000687,4,5,1,3,4,NA
2015,"Patancheru","2015.Patancheru","ICC11504","Desi",60,39.65041433,109.8954793,110.0000299,11.20000081,17.50000687,4,2,1,3,4,NA
2015,"Patancheru","2015.Patancheru","ICC11507","Desi",62,36.65041433,111.8954793,64.00002989,11.70000081,9.700006874,2,5,1,5,4,NA
2015,"Patancheru","2015.Patancheru","ICC11510","Desi",64,48.9402531,115.0317682,77.49997597,17.70000471,14.00000125,2,2,1,5,4,NA
2015,"Patancheru","2015.Patancheru","ICC11524","Desi",54,34.85041433,118.8954793,75.00002989,14.80000081,10.80000687,5,3,1,2,4,NA
2015,"Patancheru","2015.Patancheru","ICC11525","Desi",62,35.05041433,114.8954793,62.00002989,11.90000081,7.900006874,3,1,1,2,4,NA
2015,"Patancheru","2015.Patancheru","ICC11535","Desi",46,46.45041433,95.89547935,76.30002989,18.70000081,14.80000687,4,3,1,3,4,NA
2015,"Patancheru","2015.Patancheru","ICC11536","Desi",59,45.65041433,105.8954793,75.00002989,15.60000081,11.00000687,1,4,1,3,4,NA
2015,"Patancheru","2015.Patancheru","ICC11823","Kabuli",52,63.894506,127.2935503,75.79997551,29.8999996,15.99999311,5,4,1,5,4,NA
2015,"Patancheru","2015.Patancheru","ICC11879","Kabuli",55,56.694506,123.2935503,36.29997551,29.3999996,9.199993108,3,1,1,4,4,4
2015,"Patancheru","2015.Patancheru","ICC12228","Desi",65,36.49706577,109.2662298,91.79993645,11.70000539,19.79998669,1,4,1,5,4,NA
2015,"Patancheru","2015.Patancheru","ICC12233","Desi",49,37.25161563,103.1099221,77.80000685,14.60000656,13.69999965,5,5,1,1,4,NA
2015,"Patancheru","2015.Patancheru","ICC12235","Desi",53,32.65161563,104.1099221,82.80000685,13.50000656,13.59999965,3,3,1,4,4,4
2015,"Patancheru","2015.Patancheru","ICC12242","Desi",52,34.65161563,103.1099221,45.30000685,13.60000656,10.89999965,3,5,1,1,4,NA
2015,"Patancheru","2015.Patancheru","ICC12246","Desi",52,34.25161563,102.1099221,58.80000685,13.90000656,9.499999646,3,4,1,3,4,NA
2015,"Patancheru","2015.Patancheru","ICC12248","Desi",52,37.45161563,104.1099221,80.00000685,13.60000656,12.89999965,3,5,1,4,4,4
2015,"Patancheru","2015.Patancheru","ICC12251","Desi",52,32.45161563,103.1099221,47.80000685,12.80000656,8.499999646,4,1,1,3,4,NA
2015,"Patancheru","2015.Patancheru","ICC12258","Desi",50,37.65161563,102.1099221,79.50000685,17.90000656,16.29999965,1,5,1,2,4,NA
2015,"Patancheru","2015.Patancheru","ICC12259","Desi",49,37.05161563,101.1099221,92.30000685,14.40000656,15.79999965,4,1,1,4,4,4
2015,"Patancheru","2015.Patancheru","ICC12267","Desi",50,37.45161563,105.1099221,71.00000685,17.30000656,13.79999965,5,1,1,5,4,NA
2015,"Patancheru","2015.Patancheru","ICC12268","Desi",52,35.25161563,106.1099221,82.30000685,13.70000656,18.69999965,1,5,1,3,4,NA
2015,"Patancheru","2015.Patancheru","ICC12269","Desi",47,45.40496419,100.7782485,35.00000861,19.900001,9.800003194,5,2,1,4,4,4
2015,"Patancheru","2015.Patancheru","ICC12270","Desi",52,33.05161563,107.1099221,54.00000685,11.30000656,6.999999646,5,3,1,3,4,NA
2015,"Patancheru","2015.Patancheru","ICC12273","Desi",43,40.05161563,97.10992208,51.80000685,17.50000656,9.899999646,1,4,1,1,4,NA
2015,"Patancheru","2015.Patancheru","ICC12274","Desi",49,38.08126298,105.9018344,63.5000117,13.59999963,10.30000008,3,4,1,4,4,4
2015,"Patancheru","2015.Patancheru","ICC12337","Desi",52,41.50353782,97.97363323,125.7999875,14.59999877,18.79999375,1,4,1,5,4,NA
2015,"Patancheru","2015.Patancheru","ICC12348","Desi",58,42.90353782,108.9736332,100.4999875,14.29999877,23.29999375,4,4,1,2,4,NA
2015,"Patancheru","2015.Patancheru","ICC12361","Desi",49,40.10353782,99.97363323,82.99998749,12.99999877,18.09999375,1,5,1,3,4,NA
2015,"Patancheru","2015.Patancheru","ICC12368","Desi",52,45.30353782,100.9736332,107.9999875,14.29999877,18.09999375,4,4,1,5,4,NA
2015,"Patancheru","2015.Patancheru","ICC12424","Desi",41,49.81865944,105.6800757,61.50005005,14.99999033,11.40000909,3,1,1,1,4,NA
2015,"Patancheru","2015.Patancheru","ICC12426","Desi",44,41.30143026,98.86275749,45.79994978,18.0000004,11.59999128,5,1,1,4,4,4
2015,"Patancheru","2015.Patancheru","ICC12428","Kabuli",61,42.60496419,121.7782485,120.8000086,11.800001,15.40000319,4,2,1,1,4,NA
2015,"Patancheru","2015.Patancheru","ICC12433","Kabuli",44,50.70143026,93.86275749,105.7999498,9.800000404,12.89999128,4,5,1,2,4,NA
2015,"Patancheru","2015.Patancheru","ICC12434","Kabuli",41,46.90143026,94.86275749,93.49994978,10.3000004,14.39999128,3,4,1,4,4,4
2015,"Patancheru","2015.Patancheru","ICC12437","Desi",41,44.20496419,103.7782485,45.50000861,14.300001,6.300003194,2,4,1,4,4,4
2015,"Patancheru","2015.Patancheru","ICC12452","Desi",52,42.60496419,110.7782485,81.00000861,13.400001,13.90000319,3,5,1,1,4,NA
2015,"Patancheru","2015.Patancheru","ICC12458","Desi",51,39.10143026,102.8627575,NA,14.7000004,17.59999128,5,3,1,4,4,4
2015,"Patancheru","2015.Patancheru","ICC12461","Kabuli",49,40.90143026,118.8627575,26.79994978,23.5000004,6.09999128,2,4,1,5,4,NA
2015,"Patancheru","2015.Patancheru","ICC12463","Desi",67,45.10143026,117.8627575,101.9999498,13.7000004,14.09999128,4,4,1,5,4,NA
2015,"Patancheru","2015.Patancheru","ICC12464","Desi",69,42.50143026,118.8627575,90.49994978,14.6000004,15.39999128,1,5,1,1,4,NA
2015,"Patancheru","2015.Patancheru","ICC12471","Desi",54,39.70143026,104.8627575,115.4999498,11.5000004,14.09999128,1,5,1,3,4,NA
2015,"Patancheru","2015.Patancheru","ICC12472","Desi",57,39.60496419,109.7782485,78.30000861,13.500001,9.200003194,5,1,1,3,4,NA
2015,"Patancheru","2015.Patancheru","ICC12476","Desi",54,46.90143026,101.8627575,96.79994978,15.9000004,16.79999128,5,4,1,1,4,NA
2015,"Patancheru","2015.Patancheru","ICC12479","Desi",55,40.36553595,113.8363835,91.30002877,13.49999198,15.90000685,3,1,1,3,4,NA
2015,"Patancheru","2015.Patancheru","ICC12480","Desi",51,43.36553595,116.8363835,77.00002877,16.79999198,15.90000685,4,4,1,5,4,NA
2015,"Patancheru","2015.Patancheru","ICC12486","Desi",47,39.96553595,109.8363835,79.50002877,18.69999198,16.30000685,5,4,1,4,4,4
2015,"Patancheru","2015.Patancheru","ICC12487","Desi",55,40.96553595,117.8363835,75.80002877,15.19999198,14.60000685,4,2,1,3,4,NA
2015,"Patancheru","2015.Patancheru","ICC12488","Desi",68,41.76553595,127.8363835,78.00002877,11.39999198,11.80000685,2,3,1,4,4,4
2015,"Patancheru","2015.Patancheru","ICC12490","Desi",55,38.90143026,108.8627575,89.79994978,12.2000004,11.99999128,5,3,1,4,4,4
2015,"Patancheru","2015.Patancheru","ICC12492","Kabuli",63,48.70143026,116.8627575,100.2999498,18.7000004,17.99999128,2,4,1,4,4,4
2015,"Patancheru","2015.Patancheru","ICC12493","Kabuli",63,45.76553595,127.8363835,23.50002877,17.19999198,4.400006846,5,5,1,5,4,NA
2015,"Patancheru","2015.Patancheru","ICC12495","Kabuli",61,49.36553595,123.8363835,60.50002877,22.99999198,14.80000685,2,1,1,5,4,NA
2015,"Patancheru","2015.Patancheru","ICC12496","Kabuli",52,40.76553595,111.8363835,27.00002877,18.79999198,6.100006846,4,3,1,3,4,NA
2015,"Patancheru","2015.Patancheru","ICC12986","Desi",52,33.1072969,100.2662298,77.79998237,11.60000141,9.099999006,2,5,1,3,4,NA
2015,"Patancheru","2015.Patancheru","ICC13812","Desi",51,32.22347804,102.5670889,30.49997983,13.80000115,3.999993908,2,4,1,2,4,NA
2015,"Patancheru","2015.Patancheru","ICC13816","Kabuli",60,46.19337658,118.8754604,40.00004845,27.29999189,9.700009086,4,1,1,1,4,NA
2015,"Patancheru","2015.Patancheru","ICC14199","Kabuli",52,48.79337658,117.0317682,32.30001645,32.00000578,11.50000397,5,4,1,3,4,NA
2015,"Patancheru","2015.Patancheru","ICC14302","Desi",47,42.16956652,101.4874335,79.0000324,14.30000131,12.20000464,2,1,1,4,4,4
2015,"Patancheru","2015.Patancheru","ICC14304","Desi",49,41.33393623,101.6610177,52.50002429,16.30000052,9.000007674,1,3,1,1,4,NA
2015,"Patancheru","2015.Patancheru","ICC14315","Desi",43,39.62046614,97.62829585,63.5000285,10.39999972,12.60000328,2,3,1,5,4,NA
2015,"Patancheru","2015.Patancheru","ICC14316","Desi",43,40.93393623,102.6610177,52.30002429,16.00000052,9.000007674,3,2,1,5,4,NA
2015,"Patancheru","2015.Patancheru","ICC14321","Desi",46,30.02347804,99.56708885,79.99997983,15.20000115,15.99999391,3,1,1,1,4,NA
2015,"Patancheru","2015.Patancheru","ICC14327","Desi",46,39.73393623,103.6610177,28.80002429,16.10000052,5.600007674,1,3,1,4,4,4
2015,"Patancheru","2015.Patancheru","ICC14331","Desi",50,36.53393623,111.6610177,56.80002429,14.10000052,10.20000767,1,3,1,1,4,NA
2015,"Patancheru","2015.Patancheru","ICC14333","Desi",48,26.02347804,98.56708885,61.79997983,13.60000115,11.49999391,5,4,1,5,4,NA
2015,"Patancheru","2015.Patancheru","ICC14334","Desi",41,35.33393623,110.6610177,48.30002429,16.40000052,7.300007674,1,5,1,1,4,NA
2015,"Patancheru","2015.Patancheru","ICC14335","Desi",49,52.22347804,103.5670889,25.29997983,28.90000115,7.099993908,1,5,1,2,4,NA
2015,"Patancheru","2015.Patancheru","ICC14344","Desi",56,42.60496419,110.7782485,65.30000861,16.600001,14.70000319,1,1,1,4,4,4
2015,"Patancheru","2015.Patancheru","ICC14354","Desi",54,43.73393623,111.6610177,53.00002429,15.40000052,11.20000767,5,2,1,5,4,NA
2015,"Patancheru","2015.Patancheru","ICC14356","Desi",45,38.13393623,112.6610177,95.50002429,13.80000052,15.20000767,2,4,1,2,4,NA
2015,"Patancheru","2015.Patancheru","ICC14364","Desi",54,38.80496419,111.7782485,68.80000861,11.700001,12.30000319,5,4,1,2,4,NA
2015,"Patancheru","2015.Patancheru","ICC14366","Desi",56,36.40496419,110.7782485,56.30000861,12.600001,8.400003194,2,2,1,5,4,NA
2015,"Patancheru","2015.Patancheru","ICC14368","Desi",45,46.20496419,99.77824852,61.00000861,18.100001,9.200003194,2,4,1,5,4,NA
2015,"Patancheru","2015.Patancheru","ICC14369","Desi",49,43.20496419,103.7782485,48.50000861,15.200001,6.700003194,3,4,1,5,4,NA
2015,"Patancheru","2015.Patancheru","ICC14371","Desi",59,36.60496419,113.7782485,63.00000861,10.500001,7.700003194,1,1,1,1,4,NA
2015,"Patancheru","2015.Patancheru","ICC14374","Desi",51,46.73393623,110.6610177,78.50002429,11.50000052,13.90000767,4,5,1,2,4,NA
2015,"Patancheru","2015.Patancheru","ICC14385","Desi",49,42.73393623,106.6610177,80.00002429,16.60000052,15.30000767,3,1,1,4,4,4
2015,"Patancheru","2015.Patancheru","ICC14390","Desi",46,45.73393623,105.6610177,86.50002429,17.50000052,17.30000767,2,5,1,5,4,NA
2015,"Patancheru","2015.Patancheru","ICC14391","Desi",53,42.08126298,98.90183443,57.8000117,11.19999963,8.20000008,2,1,1,3,4,NA
2015,"Patancheru","2015.Patancheru","ICC14393","Desi",43,46.53393623,103.6610177,87.50002429,18.00000052,17.30000767,4,3,1,1,4,NA
2015,"Patancheru","2015.Patancheru","ICC14394","Desi",59,34.13393623,112.6610177,79.50002429,11.10000052,12.20000767,3,1,1,2,4,NA
2015,"Patancheru","2015.Patancheru","ICC14396","Desi",43,43.93393623,102.6610177,57.00002429,17.30000052,9.900007674,4,2,1,3,4,NA
2015,"Patancheru","2015.Patancheru","ICC14402","Desi",45,39.73393623,101.6610177,64.50002429,16.30000052,11.70000767,4,1,1,5,4,NA
2015,"Patancheru","2015.Patancheru","ICC14411","Desi",57,32.88126298,112.9018344,77.5000117,12.69999963,12.20000008,3,3,1,4,4,4
2015,"Patancheru","2015.Patancheru","ICC14423","Desi",53,40.93393623,110.6610177,67.50002429,12.90000052,8.900007674,3,2,1,5,4,NA
2015,"Patancheru","2015.Patancheru","ICC14425","Desi",54,39.28126298,106.9018344,102.8000117,11.59999963,16.40000008,2,1,1,5,4,NA
2015,"Patancheru","2015.Patancheru","ICC14426","Desi",56,45.28126298,102.9018344,58.5000117,12.29999963,11.10000008,2,3,1,1,4,NA
2015,"Patancheru","2015.Patancheru","ICC14432","Desi",55,31.13393623,111.6610177,70.00002429,13.20000052,12.40000767,2,5,1,4,4,4
2015,"Patancheru","2015.Patancheru","ICC14436","Desi",56,41.22046614,110.6673728,69.4999557,19.6000004,15.89999144,2,2,1,3,4,NA
2015,"Patancheru","2015.Patancheru","ICC14871","Desi",65,41.85161563,125.7973066,22.30001405,23.29998829,5.099998046,3,5,1,3,4,NA
2015,"Patancheru","2015.Patancheru","ICC14872","Desi",56,23.82347804,104.5670889,59.99997983,10.20000115,5.099993908,2,5,1,2,4,NA
2015,"Patancheru","2015.Patancheru","ICC15553","Desi",53,40.81535058,108.5892189,89.8000125,11.19999943,12.6000012,1,4,1,4,4,4
2015,"Patancheru","2015.Patancheru","ICC15574","Desi",48,43.7072969,106.0708451,21.99996605,NA,8.299997726,3,2,1,5,4,NA
2015,"Patancheru","2015.Patancheru","ICC15577","Desi",49,44.00075297,103.2935503,106.3000035,12.40000018,15.30000143,1,2,1,1,4,NA
2015,"Patancheru","2015.Patancheru","ICC15966","Desi",47,32.39337658,106.0317682,41.49998125,16.200005,6.199999966,3,2,1,1,4,NA
2015,"Patancheru","2015.Patancheru","ICC16374","Desi",37,47.24830678,114.5892189,35.30002658,20.70000001,7.30000264,1,4,1,1,4,NA
2015,"Patancheru","2015.Patancheru","ICC16682","Desi",47,38,120,93.5,12.4,14.1,4,5,1,2,4,NA
2015,"Patancheru","2015.Patancheru","ICC4918NN","Desi",47,37.36689243,102.7782485,60.99999101,22.99999702,16.79999679,5,1,1,3,4,NA
2015,"Patancheru","2015.Patancheru","ICC4923","Desi",61,30.823775,117.9145374,38.30001565,11.29998985,5.199999326,4,1,1,4,4,4
2015,"Patancheru","2015.Patancheru","ICC4928","Kabuli",62,45.93513753,112.2271529,54.00001165,23.6000018,11.50000429,4,1,1,1,4,NA
2015,"Patancheru","2015.Patancheru","ICC4938","Desi",63,34.623775,117.9145374,38.50001565,10.09998985,4.499999326,5,3,1,2,4,NA
2015,"Patancheru","2015.Patancheru","ICC4946","Desi",64,45.023775,122.9145374,55.30001565,12.19998985,9.899999326,5,3,1,2,4,NA
2015,"Patancheru","2015.Patancheru","ICC4947","Desi",63,41.76809373,113.0708451,74.99998045,14.10000491,12.60000077,2,3,1,4,4,4
2015,"Patancheru","2015.Patancheru","ICC4948HN","Desi",55,39.96689243,113.7782485,102.299991,15.59999702,16.29999679,4,5,1,1,4,NA
2015,"Patancheru","2015.Patancheru","ICC4948LN","Desi",60,46.16689243,114.7782485,98.79999101,14.19999702,13.19999679,4,4,1,1,4,NA
2015,"Patancheru","2015.Patancheru","ICC4954","Desi",53,43.56809373,104.0708451,46.99998045,11.30000491,8.700000766,2,3,1,3,4,NA
2015,"Patancheru","2015.Patancheru","ICC4957N","Desi",52,38.82347804,114.5670889,22.49997983,19.30000115,3.699993908,5,5,1,2,4,NA
2015,"Patancheru","2015.Patancheru","ICC4969","Desi",67,38.27870519,119.6282958,61.99993938,11.59999953,11.99999192,2,1,1,1,4,NA
2015,"Patancheru","2015.Patancheru","ICC4991","Desi",58,41.07870519,107.6282958,112.4999394,10.09999953,16.19999192,4,1,1,3,4,NA
2015,"Patancheru","2015.Patancheru","ICC4992","Desi",62,48.47870519,110.6282958,NA,13.79999953,21.69999192,4,3,1,2,4,NA
2015,"Patancheru","2015.Patancheru","ICC5003","Desi",53,42.76809373,104.0708451,82.49998045,30.40000491,20.60000077,5,2,1,2,4,NA
2015,"Patancheru","2015.Patancheru","ICC5003HN","Desi",52,46.76689243,107.7782485,79.79999101,29.49999702,NA,1,3,1,5,4,NA
2015,"Patancheru","2015.Patancheru","ICC5003LN","Desi",48,41.96689243,103.7782485,61.79999101,32.49999702,19.49999679,4,2,1,3,4,NA
2015,"Patancheru","2015.Patancheru","ICC5020","Desi",54,39.1402531,104.0317682,44.79997597,12.20000471,7.300001246,5,5,1,2,4,NA
2015,"Patancheru","2015.Patancheru","ICC5036","Desi",65,43.36809373,119.0708451,35.99998045,14.10000491,4.000000766,4,1,1,1,4,NA
2015,"Patancheru","2015.Patancheru","ICC5038","Kabuli",67,47.36809373,125.0708451,40.49998045,18.30000491,6.900000766,4,1,1,1,4,NA
2015,"Patancheru","2015.Patancheru","ICC5055","Kabuli",64,45.96809373,121.0708451,39.99998045,26.20000491,9.800000766,3,1,1,4,4,4
2015,"Patancheru","2015.Patancheru","ICC5135","Desi",57,40.82633278,110.0317682,56.50001117,10.50000889,7.000004606,1,3,1,1,4,NA
2015,"Patancheru","2015.Patancheru","ICC5146","Desi",67,44.82633278,124.0317682,110.3000112,13.60000889,15.40000461,4,1,1,3,4,NA
2015,"Patancheru","2015.Patancheru","ICC5151","Desi",64,39.22633278,118.0317682,117.5000112,11.20000889,15.20000461,3,2,1,3,4,NA
2015,"Patancheru","2015.Patancheru","ICC5152","Desi",47,42.62633278,105.0317682,92.30001117,13.20000889,15.40000461,5,3,1,3,4,NA
2015,"Patancheru","2015.Patancheru","ICC5169","Desi",63,43.02633278,109.0317682,62.80001117,13.10000889,7.600004606,4,5,1,3,4,NA
2015,"Patancheru","2015.Patancheru","ICC5172","Desi",55,46.62633278,104.0317682,51.30001117,11.70000889,7.800004606,1,2,1,1,4,NA
2015,"Patancheru","2015.Patancheru","ICC5178","Desi",66,46.11376894,123.7391716,40.49997309,13.40000022,6.499992794,5,5,1,3,4,NA
2015,"Patancheru","2015.Patancheru","ICC5221","Desi",52,39.71376894,105.7391716,52.79997309,10.80000022,6.699992794,3,1,1,5,4,NA
2015,"Patancheru","2015.Patancheru","ICC5233","Desi",61,42.51376894,112.7391716,71.79997309,12.40000022,10.39999279,3,4,1,3,4,NA
2015,"Patancheru","2015.Patancheru","ICC5239","Desi",53,44.11376894,113.7391716,49.49997309,11.30000022,8.399992794,3,3,1,2,4,NA
2015,"Patancheru","2015.Patancheru","ICC5409","Desi",46,38.51376894,99.73917158,39.79997309,14.40000022,7.099992794,4,2,1,4,4,4
2015,"Patancheru","2015.Patancheru","ICC5455","Desi",61,42.62046614,120.6282958,131.7999482,9.600000306,16.49999368,5,5,1,5,4,NA
2015,"Patancheru","2015.Patancheru","ICC5458","Desi",61,45.82046614,124.6282958,80.99994818,23.00000031,20.69999368,1,1,1,5,4,NA
2015,"Patancheru","2015.Patancheru","ICC5592","Desi",42,35.15018727,97.33262721,68.8,13.60000037,9.399989748,2,1,1,1,4,NA
2015,"Patancheru","2015.Patancheru","ICC5593","Desi",42,36.95018727,105.3326272,113.8,17.80000037,20.19998975,1,5,1,1,4,NA
2015,"Patancheru","2015.Patancheru","ICC5710","Desi",44,40.35018727,101.3326272,53.3,15.00000037,9.599989748,3,2,1,5,4,NA
2015,"Patancheru","2015.Patancheru","ICC5722","Desi",61,42.95018727,113.3326272,88.5,12.60000037,15.29998975,1,1,1,4,4,4
2015,"Patancheru","2015.Patancheru","ICC5743","Desi",42,37.96553595,103.7973066,63.80000365,20.09998926,12.99999581,2,4,1,2,4,NA
2015,"Patancheru","2015.Patancheru","ICC5752","Desi",53,35.16553595,111.7973066,101.5000037,11.29998926,15.19999581,1,5,1,1,4,NA
2015,"Patancheru","2015.Patancheru","ICC5755","Desi",49,39.36553595,107.7973066,67.80000365,14.09998926,9.999995806,4,4,1,2,4,NA
2015,"Patancheru","2015.Patancheru","ICC5780","Desi",57,37.47870519,110.6282958,57.49993938,13.69999953,9.39999192,1,2,1,2,4,NA
2015,"Patancheru","2015.Patancheru","ICC5783","Desi",40,40.87870519,101.6282958,63.99993938,15.69999953,12.29999192,2,4,1,5,4,NA
2015,"Patancheru","2015.Patancheru","ICC5810","Desi",NA,50.01865944,102.6800757,56.50005005,11.69999033,9.900009086,3,4,1,2,4,NA
2015,"Patancheru","2015.Patancheru","ICC5811","Kabuli",48,43.56553595,112.7973066,105.3000037,10.29998926,14.99999581,5,5,1,4,4,4
2015,"Patancheru","2015.Patancheru","ICC5851","Desi",60,45.96553595,125.7973066,29.30000365,20.39998926,7.799995806,2,1,1,5,4,NA
2015,"Patancheru","2015.Patancheru","ICC6098","Desi",43,38.56956652,96.48743345,93.8000324,17.20000131,16.10000464,3,5,1,2,4,NA
2015,"Patancheru","2015.Patancheru","ICC6128","Desi",53,36.44905785,102.2662298,90.99996717,18.6000084,17.99999613,1,1,1,3,4,NA
2015,"Patancheru","2015.Patancheru","ICC7204","Kabuli",53,52.70985468,108.1099221,51.79999997,10.30000481,6.700006206,1,2,1,5,4,NA
2015,"Patancheru","2015.Patancheru","ICC7207","Kabuli",55,46.90985468,107.1099221,92.79999997,11.50000481,14.60000621,5,3,1,4,4,4
2015,"Patancheru","2015.Patancheru","ICC7225","Kabuli",49,49.9402531,100.0317682,38.49997597,13.00000471,5.500001246,5,4,1,2,4,NA
2015,"Patancheru","2015.Patancheru","ICC7380","Desi",47,39.22513148,101.7782485,48.30000109,15.80000071,7.700003194,4,4,1,1,4,NA
2015,"Patancheru","2015.Patancheru","ICC7541","Desi",48,47.30654583,101.550142,63.80000418,11.40000108,11.600002,3,2,1,5,4,NA
2015,"Patancheru","2015.Patancheru","ICC8276","Desi",61,41.73257975,110.188076,NA,11.80000734,23.09999485,2,2,1,2,4,NA
2015,"Patancheru","2015.Patancheru","ICC8284","Kabuli",65,44.3402531,116.0317682,32.29997597,23.70000471,10.40000125,5,4,1,5,4,NA
2015,"Patancheru","2015.Patancheru","ICC8330","Desi",46,37.73257975,91.18807596,76.79997725,16.10000734,12.09999485,4,1,1,2,4,NA
2015,"Patancheru","2015.Patancheru","ICC8332","Desi",46,46.33257975,96.18807596,54.29997725,17.60000734,9.299994846,3,2,1,4,4,4
2015,"Patancheru","2015.Patancheru","ICC8336","Desi",50,40.3060956,111.7000946,90.80001069,13.2000009,13.30000159,3,1,1,4,4,4
2015,"Patancheru","2015.Patancheru","ICC8402","Desi",51,39.1060956,112.7000946,94.50001069,20.0000009,16.90000159,5,4,1,2,4,NA
2015,"Patancheru","2015.Patancheru","ICCC37","Desi",34,45.17200799,97.81732547,42.30002749,39.50000081,15.90000751,2,1,1,3,4,NA
2015,"Patancheru","2015.Patancheru","ICCL81248","Desi",47,44.57200799,100.8173255,128.5000275,13.50000081,21.10000751,1,2,1,3,4,NA
2015,"Patancheru","2015.Patancheru","ICCL82108","Desi",53,45.17200799,100.8173255,67.80002749,16.00000081,14.00000751,2,1,1,4,4,4
2015,"Patancheru","2015.Patancheru","ICCL82115","Desi",43,45.22046614,99.62829585,54.3000285,17.99999972,13.80000328,1,4,1,3,4,NA
2015,"Patancheru","2015.Patancheru","ICCL83135","Desi",45,39.02046614,101.6282958,57.8000285,21.09999972,13.70000328,3,4,1,4,4,4
2015,"Patancheru","2015.Patancheru","ICCL83149","Desi",39,39.77200799,97.81732547,64.80002749,19.20000081,13.10000751,4,5,1,4,4,4
2015,"Patancheru","2015.Patancheru","ICCL85222","Desi",42,40.77200799,96.81732547,64.80002749,12.80000081,11.10000751,5,5,1,1,4,NA
2015,"Patancheru","2015.Patancheru","ICCV2","Kabuli",NA,43.16956652,87.48743345,37.5000324,26.80000131,11.20000464,2,2,1,5,4,NA
2015,"Patancheru","2015.Patancheru","ICCV2NN","Kabuli",NA,43.1072969,94.07084514,33.79996605,30.3000053,11.79999773,2,1,1,1,4,NA
2015,"Patancheru","2015.Patancheru","ICCV88202","Desi",37,45.16956652,95.48743345,62.8000324,19.10000131,18.80000464,1,5,1,3,4,NA
2015,"Patancheru","2015.Patancheru","ICCV88503","Desi",38,47.02046614,98.62829585,66.3000285,14.09999972,18.00000328,3,4,1,4,4,4
2015,"Patancheru","2015.Patancheru","ICCV89314","Desi",52,41.96956652,107.4874335,112.8000324,16.00000131,20.00000464,3,1,1,2,4,NA
2015,"Patancheru","2015.Patancheru","ICCV89509","Kabuli",63,46.76956652,120.4874335,61.0000324,29.60000131,19.40000464,1,1,1,4,4,4
2015,"Patancheru","2015.Patancheru","ICCV91106","Desi",39,41.37200799,94.81732547,29.80002749,13.60000081,6.600007514,1,3,1,4,4,4
2015,"Patancheru","2015.Patancheru","ICCV91302","Kabuli",51,39.17200799,102.8173255,85.50002749,21.20000081,23.00000751,2,1,1,5,4,NA
2015,"Patancheru","2015.Patancheru","ICCV91902","Desi",43,39.22046614,99.62829585,49.0000285,29.69999972,17.70000328,5,3,1,2,4,NA
2015,"Patancheru","2015.Patancheru","ICCV92311","Kabuli",39,40.17200799,91.81732547,53.50002749,33.50000081,17.10000751,5,1,1,2,4,NA
2015,"Patancheru","2015.Patancheru","ICCV92503","Desi",35,41.42046614,95.62829585,54.5000285,17.79999972,15.10000328,5,5,1,2,4,NA
2015,"Patancheru","2015.Patancheru","ICCV92944","Desi",40,42.62046614,96.62829585,58.0000285,24.39999972,16.20000328,2,2,1,1,4,NA
2015,"Patancheru","2015.Patancheru","ICCV93954","Desi",41,44.57200799,97.81732547,80.50002749,25.60000081,NA,2,1,1,2,4,NA
2015,"Patancheru","2015.Patancheru","ICCV93958","Desi",52,45.17200799,98.81732547,56.00002749,28.90000081,18.40000751,4,1,1,2,4,NA
2015,"Patancheru","2015.Patancheru","ICCV94954","Desi",49,38.77200799,97.81732547,25.80002749,25.90000081,10.70000751,1,3,1,4,4,4
2015,"Patancheru","2015.Patancheru","ICCV95334","Kabuli",35,44.60842632,94.41078109,30.30002863,39.60000037,13.20000383,2,4,1,4,4,4
2015,"Patancheru","2015.Patancheru","ICCV95605","Desi",51,38.76689243,107.7782485,95.49999101,16.19999702,20.19999679,3,3,1,2,4,NA
2015,"Patancheru","2015.Patancheru","ICCV95705","Desi",54,42.36689243,107.7782485,43.99999101,17.19999702,10.49999679,5,1,1,4,4,4
2015,"Patancheru","2015.Patancheru","ICCV95981","Desi",44,39.42046614,99.62829585,71.5000285,20.69999972,20.00000328,4,3,1,1,4,NA
2015,"Patancheru","2015.Patancheru","ICCV95982","Desi",41,44.42046614,97.62829585,56.0000285,32.19999972,18.80000328,5,3,1,1,4,NA
2015,"Patancheru","2015.Patancheru","ICCV96030","Desi",NA,45.7402531,NA,15.49997597,18.40000471,3.200001246,2,3,1,2,4,NA
2015,"Patancheru","2015.Patancheru","ICCV96970","Desi",49,45.77200799,98.81732547,88.30002749,17.00000081,20.70000751,4,4,1,5,4,NA
2015,"Patancheru","2015.Patancheru","IG10360","Kabuli",54,52.03024704,128.5437869,60.00003581,17.40000178,11.20000735,5,5,1,2,4,NA
2015,"Patancheru","2015.Patancheru","IG6367","Kabuli",58,47.47569718,127.5828638,16.29997309,30.19999993,3.899995674,1,1,1,3,4,NA
2015,"Patancheru","2015.Patancheru","IG6394","Kabuli",48,47.67569718,103.5828638,45.29997309,11.49999993,6.799995674,5,3,1,5,4,NA
2015,"Patancheru","2015.Patancheru","IG69343","Kabuli",60,68.02889056,124.0708451,29.00001325,31.30000471,7.800006686,1,2,1,3,4,NA
2015,"Patancheru","2015.Patancheru","IG69348","Kabuli",69,69.42889056,125.0708451,21.50001325,30.60000471,5.800006686,2,2,1,2,4,NA
2015,"Patancheru","2015.Patancheru","IG69352","Kabuli",53,62.62889056,115.0708451,46.80001325,25.70000471,13.20000669,3,1,1,3,4,NA
2015,"Patancheru","2015.Patancheru","IG69355","Kabuli",59,68.22889056,124.0708451,35.80001325,30.70000471,9.400006686,5,3,1,3,4,NA
2015,"Patancheru","2015.Patancheru","IG69388","Kabuli",67,62.22889056,125.0708451,26.80001325,29.50000471,11.50000669,4,4,1,4,4,4
2015,"Patancheru","2015.Patancheru","IG69409","Kabuli",60,66.42889056,125.0708451,31.80001325,27.20000471,11.50000669,1,4,1,3,4,NA
2015,"Patancheru","2015.Patancheru","IG69843","Kabuli",75,NA,125.9018344,28.7999421,27.90000108,13.39999176,5,2,1,2,4,NA
2015,"Patancheru","2015.Patancheru","IG70855","Kabuli",59,53.93513753,121.6800757,33.30002845,35.7999914,9.800007166,1,2,1,4,4,4
2015,"Patancheru","2015.Patancheru","IG70881","Kabuli",63,58.73513753,135.6800757,31.30002845,NA,16.40000717,2,4,1,1,4,NA
2015,"Patancheru","2015.Patancheru","IG75740","Kabuli",57,51.41838489,108.3644133,95.79998085,31.40000019,NA,3,1,1,1,4,NA
2015,"Patancheru","2015.Patancheru","IG9729","Kabuli",65,58.41354387,130.7973066,40.00004205,33.29998509,14.00000589,4,1,1,5,4,NA
2015,"Patancheru","2015.Patancheru","IG9750","Kabuli",77,50.41354387,135.7973066,21.50004205,26.29998509,8.100005886,3,5,1,3,4,NA
2015,"Patancheru","2015.Patancheru","IG9766","Kabuli",68,56.21354387,131.7973066,20.00004205,36.19998509,9.600005886,1,5,1,5,4,NA
2015,"Patancheru","2015.Patancheru","IG9793","Kabuli",60,54.61354387,129.7973066,50.80004205,30.89998509,15.20000589,3,3,1,1,4,NA
2015,"Sehore","2015.Sehore","GG2","Desi",77.1024487,46.34864911,121.0000033,23.73069852,29.60377436,9.126608908,3,3,4,2,3,NA
2015,"Sehore","2015.Sehore","ICC11312","Desi",77.45994769,27.17155896,116.8485676,47.17828237,11.87110627,5.495952781,1,5,4,4,3,NA
2015,"Sehore","2015.Sehore","ICC11316","Desi",76.68818267,31.26162876,118.0008497,10.18785992,11.93726752,2.485012962,2,1,4,1,3,NA
2015,"Sehore","2015.Sehore","ICC11318","Desi",76.23310204,35.97749485,120.0011011,55.09831574,12.82249371,11.71347794,4,5,4,2,3,NA
2015,"Sehore","2015.Sehore","ICC11321","Desi",81.10281037,47.90675673,122.0873178,44.36825301,27.34389319,12.65981558,3,2,4,3,3,3
2015,"Sehore","2015.Sehore","ICC11322","Desi",80.16339769,44.29670215,121.0006113,59.4768569,13.85165388,11.62744916,1,2,4,1,3,NA
2015,"Sehore","2015.Sehore","ICC11324","Desi",78.08485248,39.98151408,120.9998689,28.91101619,11.99929791,7.13518039,4,1,4,1,3,NA
2015,"Sehore","2015.Sehore","ICC11498","Desi",81.02074829,36.37096183,126.0000073,34.55787395,13.32298545,3.782317821,2,1,4,5,3,NA
2015,"Sehore","2015.Sehore","ICC11502","Desi",82.33575563,40.98793114,128.0004688,25.43449918,12.4350189,5.606742018,4,2,4,3,3,3
2015,"Sehore","2015.Sehore","ICC11504","Desi",80.71171301,41.61734052,120.0053954,33.9288818,14.21574308,11.70563138,4,2,4,3,3,3
2015,"Sehore","2015.Sehore","ICC11507","Desi",87.74546927,37.21288131,125.0375776,21.03377852,11.22124929,10.55804212,2,4,4,5,3,NA
2015,"Sehore","2015.Sehore","ICC11510","Desi",83.14232766,41.1563332,122.0000812,35.74056244,16.6424543,5.12192997,2,1,4,5,3,NA
2015,"Sehore","2015.Sehore","ICC11524","Desi",76.23494333,30.6356243,117.9999986,69.02331072,12.60339722,10.23700615,5,3,4,2,3,NA
2015,"Sehore","2015.Sehore","ICC11525","Desi",78.38703518,41.08946461,127.9999797,89.98632167,NA,NA,3,1,4,2,3,NA
2015,"Sehore","2015.Sehore","ICC11535","Desi",69.02481678,48.08886222,124.9999726,37.28004654,16.18375847,15.38104391,4,1,4,3,3,3
2015,"Sehore","2015.Sehore","ICC11536","Desi",73.97896206,40.8638385,117.9993371,44.25161478,13.39938,9.154070677,1,1,4,3,3,3
2015,"Sehore","2015.Sehore","ICC11823","Kabuli",76.34634167,53.15303033,117.9999422,36.61035748,28.18311664,5.091799986,5,2,4,5,3,NA
2015,"Sehore","2015.Sehore","ICC11879","Kabuli",77.83976915,45.76987503,124.9999951,55.24929273,28.4233457,18.27548476,3,3,4,4,3,NA
2015,"Sehore","2015.Sehore","ICC12228","Desi",82.78983679,32.84377584,124.9906244,19.48282745,11.61696097,7.7192775,1,1,4,5,3,NA
2015,"Sehore","2015.Sehore","ICC12233","Desi",74.46190356,36.47749968,117.9956537,34.252014,12.41081588,5.911995216,5,3,4,1,3,NA
2015,"Sehore","2015.Sehore","ICC12235","Desi",77.48312914,34.81901692,125.074096,45.59365213,11.66996688,20.08528666,3,4,4,4,3,NA
2015,"Sehore","2015.Sehore","ICC12242","Desi",76.35060539,31.37556347,121.0001689,141.4016798,11.44417849,6.836806862,3,3,4,1,3,NA
2015,"Sehore","2015.Sehore","ICC12246","Desi",83.57798834,35.44366016,119.9842993,44.94099508,13.07538835,9.464615174,3,5,4,3,3,3
2015,"Sehore","2015.Sehore","ICC12248","Desi",80.12303441,35.9145544,124.9993812,50.58580153,11.93126634,3.908767476,3,1,4,4,3,NA
2015,"Sehore","2015.Sehore","ICC12251","Desi",79.99415945,22.50007697,122.0000333,15.07081241,11.8934291,8.752718556,4,1,4,3,3,3
2015,"Sehore","2015.Sehore","ICC12258","Desi",79.02610713,39.23238419,123.0078959,18.94666783,13.30511771,6.740932385,1,2,4,2,3,NA
2015,"Sehore","2015.Sehore","ICC12259","Desi",75.94150878,38.63832958,119.9969367,59.15985645,13.58253277,11.93551124,4,4,4,4,3,NA
2015,"Sehore","2015.Sehore","ICC12267","Desi",77.29242959,35.88634234,120.999894,47.5876291,10.18480539,7.318376031,5,3,4,5,3,NA
2015,"Sehore","2015.Sehore","ICC12268","Desi",77.4881281,33.36254041,120.0000214,53.51952341,13.4051927,8.352358408,1,2,4,3,3,3
2015,"Sehore","2015.Sehore","ICC12269","Desi",76.27632161,32.42073572,118.0000107,57.75522117,16.30262635,13.13462161,5,2,4,4,3,NA
2015,"Sehore","2015.Sehore","ICC12270","Desi",75.91975795,34.70442831,117.3429096,114.4312205,12.21554468,7.85709166,5,4,4,3,3,3
2015,"Sehore","2015.Sehore","ICC12273","Desi",73.64932254,40.13547056,113.8101675,26.24352708,12.17717367,4.952912763,1,4,4,1,3,NA
2015,"Sehore","2015.Sehore","ICC12274","Desi",85.28520565,32.65895892,120.000003,58.39056432,12.0967581,8.901334346,3,2,4,4,3,NA
2015,"Sehore","2015.Sehore","ICC12337","Desi",77.83851313,32.3697347,120.0000016,40.97820106,9.449988053,6.288622869,1,2,4,5,3,NA
2015,"Sehore","2015.Sehore","ICC12348","Desi",76.47281148,45.75636528,120.0000054,51.0439726,13.48528631,7.688028812,4,1,4,2,3,NA
2015,"Sehore","2015.Sehore","ICC12361","Desi",76.88347708,27.86201226,117.9790385,57.82782642,10.41057481,16.17756062,1,5,4,3,3,3
2015,"Sehore","2015.Sehore","ICC12368","Desi",78.11452357,37.44555217,120.0000107,44.71580545,13.60374147,9.978476197,4,1,4,5,3,NA
2015,"Sehore","2015.Sehore","ICC12424","Desi",68.28307483,41.0930546,128.0068958,88.5169975,12.08123082,26.70675019,3,2,4,1,3,NA
2015,"Sehore","2015.Sehore","ICC12426","Desi",64.50949878,32.12631856,110.618176,83.51931291,13.74729605,13.56979056,5,2,4,4,3,NA
2015,"Sehore","2015.Sehore","ICC12428","Kabuli",89.15739,38.5033848,125.0375776,64.68539739,10.99112932,11.75363083,4,1,4,1,3,NA
2015,"Sehore","2015.Sehore","ICC12433","Kabuli",77.95789687,41.26640399,120.0000041,17.09030382,11.0999511,2.860307071,4,3,4,2,3,NA
2015,"Sehore","2015.Sehore","ICC12434","Kabuli",79.71456617,39.92391883,122.0025193,45.31480404,10.82041019,3.87455392,3,5,4,4,3,NA
2015,"Sehore","2015.Sehore","ICC12437","Desi",73.29673431,34.02163122,117.9999766,76.09744606,12.73353457,9.409362081,2,5,4,4,3,NA
2015,"Sehore","2015.Sehore","ICC12452","Desi",76.08785043,29.86406053,117.9999961,129.9744134,11.79042213,20.01190629,3,2,4,1,3,NA
2015,"Sehore","2015.Sehore","ICC12458","Desi",81.7844997,38.00610516,120.0021205,54.74774558,25.4883178,10.11940301,5,4,4,4,3,NA
2015,"Sehore","2015.Sehore","ICC12461","Kabuli",84.28675536,28.19563887,121.117378,40.36888836,11.6491891,2.102071006,2,5,4,5,3,NA
2015,"Sehore","2015.Sehore","ICC12463","Desi",80.1771744,41.66990916,124.9992768,42.06161401,13.01961369,9.444726847,4,5,4,5,3,NA
2015,"Sehore","2015.Sehore","ICC12464","Desi",95.19696294,39.09296909,121.0418036,4.929445999,14.06897177,10.14739732,1,2,4,1,3,NA
2015,"Sehore","2015.Sehore","ICC12471","Desi",75.71902645,34.92406328,117.9999968,43.4390562,10.9891382,9.192694311,1,3,4,3,3,3
2015,"Sehore","2015.Sehore","ICC12472","Desi",76.25800742,35.92689418,118.0368696,87.74442245,12.03525187,8.972651216,5,4,4,3,3,3
2015,"Sehore","2015.Sehore","ICC12476","Desi",76.55837948,40.96522631,117.9812522,18.94148094,12.89592281,13.95766773,5,1,4,1,3,NA
2015,"Sehore","2015.Sehore","ICC12479","Desi",77.08344322,34.93400998,118.0001646,23.25281386,14.3120252,9.270511016,3,1,4,3,3,3
2015,"Sehore","2015.Sehore","ICC12480","Desi",79.56707715,24.83706174,120.9999309,22.40875468,23.78493193,6.355815103,4,1,4,5,3,NA
2015,"Sehore","2015.Sehore","ICC12486","Desi",77.84561354,36.30587236,120.0000115,31.76086133,13.80337283,5.379976691,5,1,4,4,3,NA
2015,"Sehore","2015.Sehore","ICC12487","Desi",77.34697665,35.19188222,118.0100523,40.1341344,15.63895115,10.67884977,4,5,4,3,3,3
2015,"Sehore","2015.Sehore","ICC12488","Desi",80.50656568,43.05816757,120.6580761,19.40593898,6.886389548,9.90624823,2,4,4,4,3,NA
2015,"Sehore","2015.Sehore","ICC12490","Desi",80.32110102,42.39502385,123.0873178,18.6981331,11.40338312,10.22515618,5,4,4,4,3,NA
2015,"Sehore","2015.Sehore","ICC12492","Kabuli",77.45998068,39.5461718,122.000002,22.6556639,17.26138382,6.009253455,2,2,4,4,3,NA
2015,"Sehore","2015.Sehore","ICC12493","Kabuli",80.32665838,35.12349166,121.0000618,23.21328087,14.80344846,5.129683967,5,2,4,5,3,NA
2015,"Sehore","2015.Sehore","ICC12495","Kabuli",77.59402485,33.98086684,118.0068251,14.42313318,24.11844119,5.281866255,2,1,4,5,3,NA
2015,"Sehore","2015.Sehore","ICC12496","Kabuli",77.53405992,37.66550606,117.9965007,48.75221261,18.47583474,5.797698629,4,5,4,3,3,3
2015,"Sehore","2015.Sehore","ICC12986","Desi",79.45975045,28.79692296,120.9999998,54.24660201,12.29971864,3.721565454,2,4,4,3,3,3
2015,"Sehore","2015.Sehore","ICC13812","Desi",78.27600204,31.68752713,117.9999643,59.52998345,13.82066874,18.58644203,2,4,4,2,3,NA
2015,"Sehore","2015.Sehore","ICC13816","Kabuli",88.33944122,48.63511107,122.2571185,54.46189673,23.17386048,17.30766382,4,5,4,1,3,NA
2015,"Sehore","2015.Sehore","ICC14199","Kabuli",83.19605365,46.25164253,129.2851174,33.11987699,42.24965842,32.30399478,5,4,4,3,3,3
2015,"Sehore","2015.Sehore","ICC14302","Desi",78.69951891,42.40660633,125.0000065,51.81192198,13.61738977,13.44977007,2,4,4,4,3,NA
2015,"Sehore","2015.Sehore","ICC14304","Desi",78.65624403,30.97175236,120.0007227,37.97255841,14.57128485,4.714819317,1,2,4,1,3,NA
2015,"Sehore","2015.Sehore","ICC14315","Desi",74.23238117,42.00608482,114.9997525,106.7665987,10.23076051,6.554807378,2,3,4,5,3,NA
2015,"Sehore","2015.Sehore","ICC14316","Desi",78.29120072,41.08171523,119.9997495,23.62374411,12.51132386,5.106982139,3,3,4,5,3,NA
2015,"Sehore","2015.Sehore","ICC14321","Desi",78.69855021,24.58989678,120.0043034,13.73257976,13.18060864,7.503042722,3,5,4,1,3,NA
2015,"Sehore","2015.Sehore","ICC14327","Desi",80.67238665,29.85167231,128.0000013,27.44513523,NA,4.077071671,1,4,4,4,3,NA
2015,"Sehore","2015.Sehore","ICC14331","Desi",78.18345184,28.38881182,125.0001556,58.23000874,10.91170686,2.661580856,1,5,4,1,3,NA
2015,"Sehore","2015.Sehore","ICC14333","Desi",79.68078611,30.47521029,125.0323005,34.85267298,11.17116975,11.11558346,5,1,4,5,3,NA
2015,"Sehore","2015.Sehore","ICC14334","Desi",81.62554343,26.27072165,124.9999788,27.10774703,11.80068699,2.62559259,1,3,4,1,3,NA
2015,"Sehore","2015.Sehore","ICC14335","Desi",79.40548868,45.11735808,126.5173163,46.26762763,23.19613592,10.65597791,1,4,4,2,3,NA
2015,"Sehore","2015.Sehore","ICC14344","Desi",68.65623804,40.38788344,127.9875124,50.58314318,21.23523095,9.647907609,1,5,4,4,3,NA
2015,"Sehore","2015.Sehore","ICC14354","Desi",76.38316965,35.16718924,118.0000022,58.11487304,13.64047889,15.79402271,5,4,4,5,3,NA
2015,"Sehore","2015.Sehore","ICC14356","Desi",78.96461816,35.58037639,122.9999635,29.71999159,13.34549764,6.040901497,2,2,4,2,3,NA
2015,"Sehore","2015.Sehore","ICC14364","Desi",77.7043665,32.00145236,117.9999996,70.04354874,13.14133455,18.22129257,5,1,4,2,3,NA
2015,"Sehore","2015.Sehore","ICC14366","Desi",65.96648825,37.93245789,118.3367388,77.92122817,15.82581459,16.59396524,2,2,4,5,3,NA
2015,"Sehore","2015.Sehore","ICC14368","Desi",68.19984444,30.79329143,115.1524329,34.29058849,12.07517187,5.517023524,2,1,4,5,3,NA
2015,"Sehore","2015.Sehore","ICC14369","Desi",78.86211096,33.94520411,122.0004411,50.82260716,13.71881885,8.229343514,3,4,4,5,3,NA
2015,"Sehore","2015.Sehore","ICC14371","Desi",78.45753982,36.23638779,125.0001038,59.07991339,12.95969366,8.576299342,1,1,4,1,3,NA
2015,"Sehore","2015.Sehore","ICC14374","Desi",77.81868585,41.33786549,121.9987084,19.23463373,12.06498001,2.331728733,4,1,4,2,3,NA
2015,"Sehore","2015.Sehore","ICC14385","Desi",77.4074365,40.61068934,117.9676174,85.15724876,11.22584221,12.98281729,3,2,4,4,3,NA
2015,"Sehore","2015.Sehore","ICC14390","Desi",73.96441256,44.90845782,118.0028574,55.513572,19.2054913,12.11689552,2,4,4,5,3,NA
2015,"Sehore","2015.Sehore","ICC14391","Desi",77.73841319,42.11700634,120.9999991,63.6533037,12.50220583,6.499868083,2,5,4,3,3,3
2015,"Sehore","2015.Sehore","ICC14393","Desi",76.31614537,36.46645649,119.9994827,71.85306767,16.58976616,14.54258776,4,1,4,1,3,NA
2015,"Sehore","2015.Sehore","ICC14394","Desi",80.38756298,29.65800794,119.9999004,65.57106018,23.22670302,8.934385471,3,2,4,2,3,NA
2015,"Sehore","2015.Sehore","ICC14396","Desi",79.02357833,35.82421451,119.9999674,72.94639319,15.50436959,12.039471,4,5,4,3,3,3
2015,"Sehore","2015.Sehore","ICC14402","Desi",77.76029208,32.96243285,120.015083,NA,15.23773468,9.019108004,4,1,4,5,3,NA
2015,"Sehore","2015.Sehore","ICC14411","Desi",76.93110844,35.0535981,124.9921365,44.10672016,13.47654945,12.57912273,3,2,4,4,3,NA
2015,"Sehore","2015.Sehore","ICC14423","Desi",68.46188391,37.28803263,118.117198,61.07605061,18.982482,14.13683272,3,5,4,5,3,NA
2015,"Sehore","2015.Sehore","ICC14425","Desi",72.1433236,32.97619275,121.0103635,6.639229417,11.6804768,1.149023129,2,1,4,5,3,NA
2015,"Sehore","2015.Sehore","ICC14426","Desi",74.00822984,38.87994161,114.9490893,92.7663871,11.69880882,11.26430087,2,2,4,1,3,NA
2015,"Sehore","2015.Sehore","ICC14432","Desi",76.29775106,33.53967593,118.000014,133.0691165,19.6354773,6.089831005,2,5,4,4,3,NA
2015,"Sehore","2015.Sehore","ICC14436","Desi",79.47177286,49.87531328,122.99998,46.69650535,15.00133358,13.50377971,2,1,4,3,3,3
2015,"Sehore","2015.Sehore","ICC14871","Desi",88.18098492,34.87627181,127.0050958,NA,19.88853977,0.564788537,3,1,4,3,3,3
2015,"Sehore","2015.Sehore","ICC14872","Desi",84.28782999,NA,124.9524521,19.13065921,10.27632117,3.354571527,2,4,4,2,3,NA
2015,"Sehore","2015.Sehore","ICC15553","Desi",76.75579706,39.82121374,117.9999981,57.47649155,11.20400045,6.530824626,1,4,4,4,3,NA
2015,"Sehore","2015.Sehore","ICC15574","Desi",76.89304205,38.94230647,121.9996245,32.07750032,29.62047204,6.249364186,3,1,4,5,3,NA
2015,"Sehore","2015.Sehore","ICC15577","Desi",76.23564326,32.46378314,117.9990939,82.0725052,11.31843551,11.46577922,1,4,4,1,3,NA
2015,"Sehore","2015.Sehore","ICC15966","Desi",76.9085945,39.92832825,120.9999857,32.18884919,13.69292194,6.21291974,3,5,4,1,3,NA
2015,"Sehore","2015.Sehore","ICC16374","Desi",76.96235796,41.85053825,135.0477806,45.17625926,13.98304194,10.6023567,1,5,4,1,3,NA
2015,"Sehore","2015.Sehore","ICC16682","Desi",78.26711354,39.32837898,129.9933112,42.31422843,12.73698919,11.59474649,4,1,4,2,3,NA
2015,"Sehore","2015.Sehore","ICC4918NN","Desi",76.69378252,35.66322588,119.9960367,74.09116564,13.85407727,12.24241288,5,2,4,3,3,3
2015,"Sehore","2015.Sehore","ICC4923","Desi",83.2515198,40.25493335,124.9921237,30.72909377,11.11727644,9.868473714,4,2,4,4,3,NA
2015,"Sehore","2015.Sehore","ICC4928","Kabuli",87.41799737,41.79592665,124.9900019,70.63296352,24.02957289,9.394248833,4,3,4,1,3,NA
2015,"Sehore","2015.Sehore","ICC4938","Desi",87.06204096,29.29008181,126.9811563,62.73615848,10.81685388,6.100708637,5,1,4,2,3,NA
2015,"Sehore","2015.Sehore","ICC4946","Desi",82.69619424,41.47668667,124.9999953,80.36615041,12.49707783,15.06189857,5,3,4,2,3,NA
2015,"Sehore","2015.Sehore","ICC4947","Desi",79.96777868,39.18539972,124.9999976,112.6749223,15.30096075,18.08484186,2,4,4,4,3,NA
2015,"Sehore","2015.Sehore","ICC4948HN","Desi",77.29824741,38.22210724,117.9999901,121.3216296,13.59542829,2.139490616,4,3,4,1,3,NA
2015,"Sehore","2015.Sehore","ICC4948LN","Desi",82.03623464,37.63382589,120.9999701,35.05070276,12.69327051,6.509808868,4,2,4,1,3,NA
2015,"Sehore","2015.Sehore","ICC4954","Desi",82.70590393,44.99606864,125.7139751,1.597069445,11.50407445,12.15681836,2,2,4,3,3,3
2015,"Sehore","2015.Sehore","ICC4957N","Desi",73.49642833,42.57983887,124.7181964,NA,20.46724045,NA,5,3,4,2,3,NA
2015,"Sehore","2015.Sehore","ICC4969","Desi",80.28290672,28.07663697,124.9500496,NA,10.46995655,8.741513616,2,1,4,1,3,NA
2015,"Sehore","2015.Sehore","ICC4991","Desi",80.34200313,43.16433117,115.0020377,37.60460002,11.12675732,9.227608911,4,2,4,3,3,3
2015,"Sehore","2015.Sehore","ICC4992","Desi",81.97623346,41.24986399,122.0000019,64.01778491,13.49208835,8.166745644,4,3,4,2,3,NA
2015,"Sehore","2015.Sehore","ICC5003","Desi",73.60390466,37.95158031,118.0000451,42.85196307,16.68854691,8.777212326,5,2,4,2,3,NA
2015,"Sehore","2015.Sehore","ICC5003HN","Desi",89.06363145,40.22124012,127.9974975,37.98001301,23.60522282,10.32591584,1,5,4,5,3,NA
2015,"Sehore","2015.Sehore","ICC5003LN","Desi",77.75787563,37.76854922,125.000039,49.40928076,34.10207262,7.933879956,4,2,4,3,3,3
2015,"Sehore","2015.Sehore","ICC5020","Desi",80.10173072,29.18270875,124.9985078,87.53741177,13.26115948,10.80874534,5,5,4,2,3,NA
2015,"Sehore","2015.Sehore","ICC5036","Desi",84.99175257,41.36690396,122.0001702,49.29582143,13.83302068,7.259294371,4,3,4,1,3,NA
2015,"Sehore","2015.Sehore","ICC5038","Kabuli",82.80240817,40.51473327,122.999999,87.66710097,14.29909421,13.45317805,4,1,4,1,3,NA
2015,"Sehore","2015.Sehore","ICC5055","Kabuli",86.67208742,25.93804704,120.0005227,9.819697929,13.62463763,6.2857203,3,3,4,4,3,NA
2015,"Sehore","2015.Sehore","ICC5135","Desi",77.14924018,39.54714665,120.0000203,31.36043105,12.21799905,2.002034098,1,4,4,1,3,NA
2015,"Sehore","2015.Sehore","ICC5146","Desi",78.58039981,39.53145349,118.0016291,55.03930326,12.67105807,9.874825779,4,2,4,3,3,3
2015,"Sehore","2015.Sehore","ICC5151","Desi",82.74328108,35.52086743,120.9981301,18.85618023,10.16441103,2.07794839,3,3,4,3,3,3
2015,"Sehore","2015.Sehore","ICC5152","Desi",83.76632917,36.22137486,120.0043034,7.521455274,14.61960573,8.71129407,5,5,4,3,3,3
2015,"Sehore","2015.Sehore","ICC5169","Desi",74.7331381,40.21712278,117.9674374,46.22853042,12.15232173,8.108381208,4,5,4,3,3,3
2015,"Sehore","2015.Sehore","ICC5172","Desi",86.21556853,41.85628725,124.9999758,27.6742729,29.11582804,3.336909007,1,5,4,1,3,NA
2015,"Sehore","2015.Sehore","ICC5178","Desi",86.95935028,37.24220547,124.9999997,77.46022165,11.50166168,11.62678983,5,5,4,3,3,3
2015,"Sehore","2015.Sehore","ICC5221","Desi",81.72714964,33.47670267,122.9997848,54.70658453,10.42331954,4.071747705,3,2,4,5,3,NA
2015,"Sehore","2015.Sehore","ICC5233","Desi",76.40195604,34.2619629,118.117198,13.87035715,10.21968815,5.683872267,3,2,4,3,3,3
2015,"Sehore","2015.Sehore","ICC5239","Desi",79.33785365,37.23066117,122.0178635,34.23000586,10.61170004,12.53902943,3,3,4,2,3,NA
2015,"Sehore","2015.Sehore","ICC5409","Desi",77.98302839,34.54505081,120.0017849,45.76948645,11.53428199,8.987198203,4,2,4,4,3,NA
2015,"Sehore","2015.Sehore","ICC5455","Desi",71.91353931,42.7906063,125.1875124,88.99225352,13.73523513,8.496395594,5,2,4,5,3,NA
2015,"Sehore","2015.Sehore","ICC5458","Desi",87.48831226,35.50690924,125.0000185,26.26445754,22.60721734,11.57264729,1,3,4,5,3,NA
2015,"Sehore","2015.Sehore","ICC5592","Desi",83.20013251,35.17514725,119.9874774,43.45398375,9.755283284,8.01161752,2,5,4,1,3,NA
2015,"Sehore","2015.Sehore","ICC5593","Desi",74.10695248,37.49262263,114.9999963,77.61373065,12.99043398,12.10947839,1,5,4,1,3,NA
2015,"Sehore","2015.Sehore","ICC5710","Desi",73.5157616,35.21112462,114.9954973,29.83684563,14.22790111,7.742651662,3,5,4,5,3,NA
2015,"Sehore","2015.Sehore","ICC5722","Desi",78.67247363,44.32765694,119.9076771,9.331308275,13.18770558,3.109389986,1,3,4,4,3,NA
2015,"Sehore","2015.Sehore","ICC5743","Desi",79.07736154,34.57144682,118.0016281,93.8985449,18.08087708,14.25902675,2,4,4,2,3,NA
2015,"Sehore","2015.Sehore","ICC5752","Desi",73.94850487,33.59546956,115.0000773,103.3214138,11.52060817,17.6574015,1,4,4,1,3,NA
2015,"Sehore","2015.Sehore","ICC5755","Desi",76.15164533,34.11982219,117.9869776,43.2542173,14.0950121,14.43195624,4,3,4,2,3,NA
2015,"Sehore","2015.Sehore","ICC5780","Desi",81.62220184,31.80645374,125.002441,37.88041304,10.48011247,4.732259189,1,2,4,2,3,NA
2015,"Sehore","2015.Sehore","ICC5783","Desi",58.691205,31.8176885,111.0000027,67.94714621,13.25175011,9.086935476,2,3,4,5,3,NA
2015,"Sehore","2015.Sehore","ICC5810","Desi",78.72312142,32.16279495,120.000115,8.309714069,13.25182895,1.102479833,3,4,4,2,3,NA
2015,"Sehore","2015.Sehore","ICC5811","Kabuli",83.59676922,42.08702369,128.0006244,40.6209424,10.72297288,8.141211348,5,3,4,4,3,NA
2015,"Sehore","2015.Sehore","ICC5851","Desi",82.71824276,40.8931939,126.9993026,44.07210327,18.90995706,6.535559435,2,1,4,5,3,NA
2015,"Sehore","2015.Sehore","ICC6098","Desi",81.167652,29.66496762,124.7500493,64.18790287,16.47908308,NA,3,4,4,2,3,NA
2015,"Sehore","2015.Sehore","ICC6128","Desi",76.40118758,32.19097717,124.9966365,70.15596289,18.10307807,11.73484867,1,3,4,3,3,3
2015,"Sehore","2015.Sehore","ICC7204","Kabuli",75.44300215,44.13978657,121.0003205,69.51135527,13.42337129,13.15356289,1,5,4,5,3,NA
2015,"Sehore","2015.Sehore","ICC7207","Kabuli",76.61836325,39.39081508,122.0075175,73.54684741,10.91092528,10.68216369,5,5,4,4,3,NA
2015,"Sehore","2015.Sehore","ICC7225","Kabuli",78.26182131,35.04216461,125.0006548,55.35975399,10.8939425,7.011572357,5,5,4,2,3,NA
2015,"Sehore","2015.Sehore","ICC7380","Desi",79.38799981,38.65361652,124.9623681,76.238048,15.85631411,6.837020693,4,5,4,1,3,NA
2015,"Sehore","2015.Sehore","ICC7541","Desi",73.95423846,44.36662541,117.9999991,61.88105843,10.11881943,14.88733856,3,5,4,5,3,NA
2015,"Sehore","2015.Sehore","ICC8276","Desi",78.45738055,42.03638204,118.0007817,110.0961386,11.71555534,16.70087734,2,4,4,2,3,NA
2015,"Sehore","2015.Sehore","ICC8284","Kabuli",80.76313658,49.14516758,125.0000516,34.32584059,19.07822601,15.98015584,5,3,4,5,3,NA
2015,"Sehore","2015.Sehore","ICC8330","Desi",74.323887,32.49492244,117.9999993,26.52671442,11.95499051,8.272293819,4,2,4,2,3,NA
2015,"Sehore","2015.Sehore","ICC8332","Desi",73.0980747,37.37647501,119.9974641,50.24444427,17.63128948,18.02375981,3,2,4,4,3,NA
2015,"Sehore","2015.Sehore","ICC8336","Desi",79.37997106,35.32279476,119.9999997,19.34445281,10.27138857,6.442820657,3,3,4,4,3,NA
2015,"Sehore","2015.Sehore","ICC8402","Desi",77.19518392,35.39504104,121.0000246,30.84202183,13.26050805,4.974039051,5,4,4,2,3,NA
2015,"Sehore","2015.Sehore","ICCC37","Desi",81.2287246,26.20589052,127.9999999,22.65420245,12.30730804,8.469433569,2,2,4,3,3,3
2015,"Sehore","2015.Sehore","ICCL81248","Desi",62.78083542,35.97912144,124.7879766,62.69167337,13.70267841,8.074543654,1,2,4,3,3,3
2015,"Sehore","2015.Sehore","ICCL82108","Desi",82.47626644,40.1681952,120.1620329,36.07785361,14.59132376,17.22048378,2,2,4,4,3,NA
2015,"Sehore","2015.Sehore","ICCL82115","Desi",78.5531096,39.4497345,120.0004688,45.59317131,15.9293643,10.0966372,1,2,4,3,3,3
2015,"Sehore","2015.Sehore","ICCL83135","Desi",77.9989493,33.55583146,123.0000064,49.0246235,20.01263389,8.954940785,3,2,4,4,3,NA
2015,"Sehore","2015.Sehore","ICCL83149","Desi",77.2889333,33.83444021,124.9921237,44.12868485,14.77813533,15.15160807,4,1,4,4,3,NA
2015,"Sehore","2015.Sehore","ICCL85222","Desi",76.24556303,38.02844999,119.9819373,25.48389137,13.09432205,11.07584975,5,5,4,1,3,NA
2015,"Sehore","2015.Sehore","ICCV2","Kabuli",61.8248494,40.16681573,122.9874774,54.61227154,27.20631295,16.57365811,2,2,4,5,3,NA
2015,"Sehore","2015.Sehore","ICCV2NN","Kabuli",60.41044817,44.51930498,121.0001287,26.76080841,27.32181676,0.324919484,2,3,4,1,3,NA
2015,"Sehore","2015.Sehore","ICCV88202","Desi",70.09991803,28.04994066,110.0000012,0.335122067,25.80230786,11.12006239,1,4,4,3,3,3
2015,"Sehore","2015.Sehore","ICCV88503","Desi",77.12385191,37.80150107,119.9829563,NA,9.890937766,4.293411197,3,4,4,4,3,NA
2015,"Sehore","2015.Sehore","ICCV89314","Desi",79.23112341,39.47310681,117.9999816,48.38223569,13.7191705,12.46873192,3,2,4,2,3,NA
2015,"Sehore","2015.Sehore","ICCV89509","Kabuli",76.3032505,46.70737401,124.9925205,15.08098125,23.1516784,8.836654398,1,2,4,4,3,NA
2015,"Sehore","2015.Sehore","ICCV91106","Desi",77.98452688,36.85249358,121.9983436,88.24179487,15.03577861,13.59047947,1,2,4,4,3,NA
2015,"Sehore","2015.Sehore","ICCV91302","Kabuli",78.98486206,35.94632068,122.0000011,43.7410406,46.79447309,5.952868672,2,1,4,5,3,NA
2015,"Sehore","2015.Sehore","ICCV91902","Desi",71.85283772,46.22102559,120.887817,34.4174447,24.66800046,13.22111554,5,1,4,2,3,NA
2015,"Sehore","2015.Sehore","ICCV92311","Kabuli",72.2195385,41.67387387,121.9996565,109.0355484,33.29189147,22.35564032,5,1,4,2,3,NA
2015,"Sehore","2015.Sehore","ICCV92503","Desi",60.68524227,39.03628881,110.3813098,NA,12.9582429,9.011426369,5,2,4,2,3,NA
2015,"Sehore","2015.Sehore","ICCV92944","Desi",66.02004404,39.66388471,119.7620699,42.69160075,23.74343436,27.28943375,2,4,4,1,3,NA
2015,"Sehore","2015.Sehore","ICCV93954","Desi",74.5386642,37.29335729,121.0023774,32.6664775,20.70513659,14.88356282,2,4,4,2,3,NA
2015,"Sehore","2015.Sehore","ICCV93958","Desi",73.72787114,45.60913109,117.9977555,13.05070893,25.49874986,10.34878927,4,5,4,2,3,NA
2015,"Sehore","2015.Sehore","ICCV94954","Desi",74.05712911,38.00452471,114.9983751,39.73840444,18.63523974,4.500359277,1,5,4,4,3,NA
2015,"Sehore","2015.Sehore","ICCV95334","Kabuli",76.3350477,54.22684006,117.8078367,41.33866581,39.82471051,18.31524223,2,1,4,4,3,NA
2015,"Sehore","2015.Sehore","ICCV95605","Desi",74.03996656,39.48821958,115.0001176,38.71060843,40.91965172,19.05751407,3,3,4,2,3,NA
2015,"Sehore","2015.Sehore","ICCV95705","Desi",89.29823876,39.1027819,121.0375776,50.63891445,9.854759318,9.334837696,5,2,4,4,3,NA
2015,"Sehore","2015.Sehore","ICCV95981","Desi",75.54014917,35.04846889,120.9918882,18.0195702,17.71949602,7.038739303,4,3,4,1,3,NA
2015,"Sehore","2015.Sehore","ICCV95982","Desi",74.48442733,38.77732708,124.9942882,37.03999086,24.01900001,18.45327155,5,2,4,1,3,NA
2015,"Sehore","2015.Sehore","ICCV96030","Desi",55.03192957,40.91474336,106.3813098,96.29172969,18.44493543,13.55238165,2,1,4,2,3,NA
2015,"Sehore","2015.Sehore","ICCV96970","Desi",75.32605049,35.8300627,119.999954,81.26325128,17.08107198,9.176041741,4,1,4,5,3,NA
2015,"Sehore","2015.Sehore","IG10360","Kabuli",79.77886627,36.5647933,128.0001264,NA,19.36445836,3.711562948,5,5,4,2,3,NA
2015,"Sehore","2015.Sehore","IG6367","Kabuli",80.69667958,39.70928072,120.0021471,34.69803235,20.07291719,6.463147675,1,3,4,3,3,3
2015,"Sehore","2015.Sehore","IG6394","Kabuli",74.54896903,40.2306367,118.0348988,38.28881853,10.87488615,8.782920721,5,3,4,5,3,NA
2015,"Sehore","2015.Sehore","IG69343","Kabuli",81.90721351,63.36355544,125.0000016,40.45898341,26.70134311,17.11561431,1,4,4,3,3,3
2015,"Sehore","2015.Sehore","IG69348","Kabuli",83.02379975,50.37878593,119.9984243,55.52215061,31.37942216,5.737851128,2,3,4,2,3,NA
2015,"Sehore","2015.Sehore","IG69352","Kabuli",82.32946479,55.1453624,122.0025986,8.379859464,21.47211028,7.302062383,3,1,4,3,3,3
2015,"Sehore","2015.Sehore","IG69355","Kabuli",79.67333901,43.55645927,125.000034,NA,24.10234951,4.812356553,5,5,4,3,3,3
2015,"Sehore","2015.Sehore","IG69388","Kabuli",83.40561568,53.17055869,118.9999929,11.35449601,30.10117311,20.19176889,4,2,4,4,3,NA
2015,"Sehore","2015.Sehore","IG69409","Kabuli",84.65346479,40.11307522,121.0000024,44.09421141,30.79690476,12.41169389,1,5,4,3,3,3
2015,"Sehore","2015.Sehore","IG69843","Kabuli",90.10215893,65.27776648,127.2370784,NA,23.98897531,2.428309486,5,3,4,2,3,NA
2015,"Sehore","2015.Sehore","IG70855","Kabuli",89.41063922,53.65329859,125.0375776,35.35736335,34.77997131,2.834092027,1,1,4,4,3,NA
2015,"Sehore","2015.Sehore","IG70881","Kabuli",89.5923983,41.97240469,122.1971783,NA,NA,5.160141487,2,2,4,1,3,NA
2015,"Sehore","2015.Sehore","IG75740","Kabuli",79.06213512,47.87815832,127.9921237,72.31880114,29.56115954,11.5137048,3,2,4,1,3,NA
2015,"Sehore","2015.Sehore","IG9729","Kabuli",79.18621028,46.98362254,122.0000694,41.88482096,33.39384176,13.02030801,4,2,4,5,3,NA
2015,"Sehore","2015.Sehore","IG9750","Kabuli",83.09211329,53.59373479,121.9874774,12.57119724,NA,4.723870423,3,4,4,3,3,3
2015,"Sehore","2015.Sehore","IG9766","Kabuli",80.72825532,49.37319151,120.0028505,29.44128699,26.44670452,11.47984574,1,4,4,5,3,NA
2015,"Sehore","2015.Sehore","IG9793","Kabuli",74.29702791,46.18095716,124.9999449,16.56609285,18.60545535,1.44301691,3,5,4,1,3,NA
2016,"Amlaha","2016.Amlaha","GG2","Desi",58,42.52,116.6,3.4,30.34,44.3,3,5,2,2,2,2
2016,"Amlaha","2016.Amlaha","ICC11312","Desi",65,33.1,129,2.6,7.13,15.3,1,1,2,4,2,NA
2016,"Amlaha","2016.Amlaha","ICC11316","Desi",65,38.41,103.6,3.6,27.78,86.3,2,3,2,1,2,NA
2016,"Amlaha","2016.Amlaha","ICC11318","Desi",63,39.14,93.1,7.1,15.4,26.3,4,4,2,2,2,2
2016,"Amlaha","2016.Amlaha","ICC11321","Desi",48,39.87,111.2,7.8,24.59,34,3,2,2,3,2,NA
2016,"Amlaha","2016.Amlaha","ICC11322","Desi",55,37.48,111.2,12.4,16.34,21.7,1,5,2,1,2,NA
2016,"Amlaha","2016.Amlaha","ICC11324","Desi",84,25.47,119.5,3.9,16.87,10,4,3,2,1,2,NA
2016,"Amlaha","2016.Amlaha","ICC11498","Desi",61,37.96,128.8,10,1.77,21.7,2,1,2,5,2,NA
2016,"Amlaha","2016.Amlaha","ICC11502","Desi",82,35.65,111.5,4.4,11.92,21.6,4,4,2,3,2,NA
2016,"Amlaha","2016.Amlaha","ICC11504","Desi",58,36.24,115.5,4.4,16.48,6.7,4,1,2,3,2,NA
2016,"Amlaha","2016.Amlaha","ICC11507","Desi",58,29.24,106,4.7,14.9,36,2,1,2,5,2,NA
2016,"Amlaha","2016.Amlaha","ICC11510","Desi",79,42.78,121.2,2.9,16.9,28.3,2,4,2,5,2,NA
2016,"Amlaha","2016.Amlaha","ICC11524","Desi",58,32.46,98.4,3.4,14.37,26.1,5,1,2,2,2,2
2016,"Amlaha","2016.Amlaha","ICC11525","Desi",67,36.16,124.2,3.1,12.49,17.5,3,2,2,2,2,2
2016,"Amlaha","2016.Amlaha","ICC11535","Desi",62,45.75,109.3,3.3,20.56,27,4,5,2,3,2,NA
2016,"Amlaha","2016.Amlaha","ICC11536","Desi",63,35.47,112.9,2.3,15.48,11.7,1,1,2,3,2,NA
2016,"Amlaha","2016.Amlaha","ICC11823","Kabuli",78,49.66,118.2,2.5,29.29,5,5,2,2,5,2,NA
2016,"Amlaha","2016.Amlaha","ICC11879","Kabuli",57,64.04,124.2,3.4,29.41,15.3,3,3,2,4,2,NA
2016,"Amlaha","2016.Amlaha","ICC12228","Desi",65,32.46,121.3,2.2,15.61,17,1,5,2,5,2,NA
2016,"Amlaha","2016.Amlaha","ICC12233","Desi",64,27.01,132.7,1.1,20.25,8.3,5,4,2,1,2,NA
2016,"Amlaha","2016.Amlaha","ICC12235","Desi",58,38.58,113.6,5,10.85,24.3,3,2,2,4,2,NA
2016,"Amlaha","2016.Amlaha","ICC12242","Desi",63,33.33,116.8,1.7,14.3,17.7,3,5,2,1,2,NA
2016,"Amlaha","2016.Amlaha","ICC12246","Desi",65,28.48,101.9,2.1,14.53,13.3,3,3,2,3,2,NA
2016,"Amlaha","2016.Amlaha","ICC12248","Desi",64,61.87,111.5,4,11.62,15.7,3,1,2,4,2,NA
2016,"Amlaha","2016.Amlaha","ICC12251","Desi",51,35.71,116.4,8.4,16.28,43,4,4,2,3,2,NA
2016,"Amlaha","2016.Amlaha","ICC12258","Desi",57.7,36.63,135.2,3.9,19.02,34.2,1,1,2,2,2,2
2016,"Amlaha","2016.Amlaha","ICC12259","Desi",68,36.21,106.7,3.2,13.1,21.7,4,2,2,4,2,NA
2016,"Amlaha","2016.Amlaha","ICC12267","Desi",62,38.43,111.6,9.5,15.51,39.3,5,4,2,5,2,NA
2016,"Amlaha","2016.Amlaha","ICC12268","Desi",57,20.58,128.9,1.5,15.74,16,1,5,2,3,2,NA
2016,"Amlaha","2016.Amlaha","ICC12269","Desi",55,34.6,105.3,5.8,27.94,35.7,5,5,2,4,2,NA
2016,"Amlaha","2016.Amlaha","ICC12270","Desi",62.5,25.99,125.2,5.2,10.13,30.1,5,2,2,3,2,NA
2016,"Amlaha","2016.Amlaha","ICC12273","Desi",61,39.66,98.8,2.4,15.3,40,1,5,2,1,2,NA
2016,"Amlaha","2016.Amlaha","ICC12274","Desi",67,33.8,118.8,7,16.48,26,3,5,2,4,2,NA
2016,"Amlaha","2016.Amlaha","ICC12337","Desi",66.4,53.84,111.4,1.8,14.53,9.5,1,5,2,5,2,NA
2016,"Amlaha","2016.Amlaha","ICC12348","Desi",58,53.47,114.5,5.7,17.2,35,4,3,2,2,2,2
2016,"Amlaha","2016.Amlaha","ICC12361","Desi",56.3,25.16,102.3,8,33.86,22.2,1,1,2,3,2,NA
2016,"Amlaha","2016.Amlaha","ICC12368","Desi",58,34.72,109.2,4.6,14.96,18.7,4,4,2,5,2,NA
2016,"Amlaha","2016.Amlaha","ICC12424","Desi",52,35.32,101.9,7.5,19.58,30,3,3,2,1,2,NA
2016,"Amlaha","2016.Amlaha","ICC12426","Desi",56,32.38,115.8,8.7,22.54,24.7,5,2,2,4,2,NA
2016,"Amlaha","2016.Amlaha","ICC12428","Kabuli",64,39.16,114.5,2.6,14.53,21.7,4,5,2,1,2,NA
2016,"Amlaha","2016.Amlaha","ICC12433","Kabuli",45,35.36,112.4,5.5,15.06,16.5,4,2,2,2,2,2
2016,"Amlaha","2016.Amlaha","ICC12434","Kabuli",54.6,33.99,96.5,5.5,15.4,9.9,3,5,2,4,2,NA
2016,"Amlaha","2016.Amlaha","ICC12437","Desi",62,41.38,112.8,5.6,13.96,69,2,4,2,4,2,NA
2016,"Amlaha","2016.Amlaha","ICC12452","Desi",64,29.69,115.6,5.9,6.82,24.3,3,4,2,1,2,NA
2016,"Amlaha","2016.Amlaha","ICC12458","Desi",57,28.86,111,8.5,16.48,22.3,5,2,2,4,2,NA
2016,"Amlaha","2016.Amlaha","ICC12461","Kabuli",57,25.72,123.2,3,21.17,22.3,2,4,2,5,2,NA
2016,"Amlaha","2016.Amlaha","ICC12463","Desi",83,39.53,121.4,0.7,8.03,13.3,4,4,2,5,2,NA
2016,"Amlaha","2016.Amlaha","ICC12464","Desi",75,40.03,117.3,0.8,NA,8,1,4,2,1,2,NA
2016,"Amlaha","2016.Amlaha","ICC12471","Desi",71,28.44,101.6,4.7,11.63,12,1,2,2,3,2,NA
2016,"Amlaha","2016.Amlaha","ICC12472","Desi",64,30.81,124.2,5.3,7.49,20.7,5,5,2,3,2,NA
2016,"Amlaha","2016.Amlaha","ICC12476","Desi",74,46.61,113.4,5,13.72,15.7,5,2,2,1,2,NA
2016,"Amlaha","2016.Amlaha","ICC12479","Desi",57,38.51,108,5.5,11.08,22.3,3,3,2,3,2,NA
2016,"Amlaha","2016.Amlaha","ICC12480","Desi",67,28.32,109.7,1.5,12.59,NA,4,2,2,5,2,NA
2016,"Amlaha","2016.Amlaha","ICC12486","Desi",54,40.1,110.8,2,19.47,23.3,5,2,2,4,2,NA
2016,"Amlaha","2016.Amlaha","ICC12487","Desi",50,34.5,129.4,1.6,13.2,67.7,4,1,2,3,2,NA
2016,"Amlaha","2016.Amlaha","ICC12488","Desi",80,37.33,130,0.7,NA,10,2,5,2,4,2,NA
2016,"Amlaha","2016.Amlaha","ICC12490","Desi",70,39.03,110.6,7.6,14.34,29.7,5,4,2,4,2,NA
2016,"Amlaha","2016.Amlaha","ICC12492","Kabuli",69,37.68,125.1,1.5,15.09,13.3,2,2,2,4,2,NA
2016,"Amlaha","2016.Amlaha","ICC12493","Kabuli",72,36.67,111.4,0.7,14.21,22,5,5,2,5,2,NA
2016,"Amlaha","2016.Amlaha","ICC12495","Kabuli",71,48.51,110.8,5.9,22.07,26,2,1,2,5,2,NA
2016,"Amlaha","2016.Amlaha","ICC12496","Kabuli",55,35.65,107,4.3,31.57,25.7,4,2,2,3,2,NA
2016,"Amlaha","2016.Amlaha","ICC12986","Desi",68,27.07,118.6,5.5,14.34,6.7,2,3,2,3,2,NA
2016,"Amlaha","2016.Amlaha","ICC13812","Desi",62,31.05,96.8,4,15.26,31.7,2,2,2,2,2,2
2016,"Amlaha","2016.Amlaha","ICC13816","Kabuli",55,34.7,118.8,1.5,19.11,7.7,4,4,2,1,2,NA
2016,"Amlaha","2016.Amlaha","ICC14199","Kabuli",83,36.8,132.2,1.5,19.2,19.7,5,2,2,3,2,NA
2016,"Amlaha","2016.Amlaha","ICC14302","Desi",58,38.29,108.2,6.2,15.11,21,2,1,2,4,2,NA
2016,"Amlaha","2016.Amlaha","ICC14304","Desi",54,35.13,111.7,7.5,17.28,23.3,1,3,2,1,2,NA
2016,"Amlaha","2016.Amlaha","ICC14315","Desi",55,27.75,110.6,7.2,12.07,34.7,2,3,2,5,2,NA
2016,"Amlaha","2016.Amlaha","ICC14316","Desi",58,34.43,93.7,6.7,16.91,30.7,3,2,2,5,2,NA
2016,"Amlaha","2016.Amlaha","ICC14321","Desi",62,33.18,108.4,2.5,29.12,10,3,3,2,1,2,NA
2016,"Amlaha","2016.Amlaha","ICC14327","Desi",53,44.99,110.8,1.7,15.6,46.3,1,5,2,4,2,NA
2016,"Amlaha","2016.Amlaha","ICC14331","Desi",58,39.49,116.3,2.6,18.16,7.4,1,4,2,1,2,NA
2016,"Amlaha","2016.Amlaha","ICC14333","Desi",66,42.05,112.2,1.7,15.76,11.7,5,2,2,5,2,NA
2016,"Amlaha","2016.Amlaha","ICC14334","Desi",58.9,24.87,95.4,2.4,25.04,30.2,1,3,2,1,2,NA
2016,"Amlaha","2016.Amlaha","ICC14335","Desi",64.5,38.57,103.1,5,20.34,16.2,1,4,2,2,2,2
2016,"Amlaha","2016.Amlaha","ICC14344","Desi",57,38.08,109.2,5.5,17.22,20,1,3,2,4,2,NA
2016,"Amlaha","2016.Amlaha","ICC14354","Desi",61,39.35,106.4,NA,15.11,34.3,5,2,2,5,2,NA
2016,"Amlaha","2016.Amlaha","ICC14356","Desi",57.1,27.65,114.3,6.8,20.53,51.2,2,3,2,2,2,2
2016,"Amlaha","2016.Amlaha","ICC14364","Desi",62,35.8,111.4,6.3,12.98,28.3,5,4,2,2,2,2
2016,"Amlaha","2016.Amlaha","ICC14366","Desi",67,33.91,109.2,1,16.28,13.3,2,4,2,5,2,NA
2016,"Amlaha","2016.Amlaha","ICC14368","Desi",59,36.68,101.8,5.2,18.54,23.7,2,5,2,5,2,NA
2016,"Amlaha","2016.Amlaha","ICC14369","Desi",68.9,33.13,108.4,3.5,9.28,26.8,3,2,2,5,2,NA
2016,"Amlaha","2016.Amlaha","ICC14371","Desi",61,27.97,102.4,1.1,20.21,9.1,1,3,2,1,2,NA
2016,"Amlaha","2016.Amlaha","ICC14374","Desi",62,49.15,114.1,4.2,14.42,15.3,4,3,2,2,2,2
2016,"Amlaha","2016.Amlaha","ICC14385","Desi",62,42.43,110.2,3.4,14.83,26.3,3,4,2,4,2,NA
2016,"Amlaha","2016.Amlaha","ICC14390","Desi",67.8,27.54,117.3,1.5,NA,14.1,2,2,2,5,2,NA
2016,"Amlaha","2016.Amlaha","ICC14391","Desi",58,35.08,103.9,1.3,16.37,NA,2,5,2,3,2,NA
2016,"Amlaha","2016.Amlaha","ICC14393","Desi",66,23.62,122.2,4.1,14.94,12.3,4,1,2,1,2,NA
2016,"Amlaha","2016.Amlaha","ICC14394","Desi",66,30.87,107.2,3.2,7.4,23.3,3,1,2,2,2,2
2016,"Amlaha","2016.Amlaha","ICC14396","Desi",56,35.77,89.3,10.7,19.17,25.3,4,1,2,3,2,NA
2016,"Amlaha","2016.Amlaha","ICC14402","Desi",57,46.57,107.1,NA,19.39,33.7,4,5,2,5,2,NA
2016,"Amlaha","2016.Amlaha","ICC14411","Desi",55,49.27,121.3,3.5,16.93,32.3,3,1,2,4,2,NA
2016,"Amlaha","2016.Amlaha","ICC14423","Desi",68,34.1,116.4,5.8,14.26,16.3,3,5,2,5,2,NA
2016,"Amlaha","2016.Amlaha","ICC14425","Desi",69,42.36,129.8,3,13.47,12,2,3,2,5,2,NA
2016,"Amlaha","2016.Amlaha","ICC14426","Desi",64,42.06,101.5,15,14.94,39.7,2,3,2,1,2,NA
2016,"Amlaha","2016.Amlaha","ICC14432","Desi",66,34.94,117.8,4.4,14.88,26.7,2,5,2,4,2,NA
2016,"Amlaha","2016.Amlaha","ICC14436","Desi",57.9,38.19,105.2,1,3.78,6.4,2,1,2,3,2,NA
2016,"Amlaha","2016.Amlaha","ICC14871","Desi",78,41.35,119.5,1.9,19.91,15.7,3,3,2,3,2,NA
2016,"Amlaha","2016.Amlaha","ICC14872","Desi",68,25.18,113.5,3.3,6.95,12,2,2,2,2,2,2
2016,"Amlaha","2016.Amlaha","ICC15553","Desi",58,34.36,112.5,2.1,11.52,13.3,1,5,2,4,2,NA
2016,"Amlaha","2016.Amlaha","ICC15574","Desi",60,43.06,104.4,1.4,NA,21.7,3,2,2,5,2,NA
2016,"Amlaha","2016.Amlaha","ICC15577","Desi",55,35.48,98.5,6.4,16.71,60,1,4,2,1,2,NA
2016,"Amlaha","2016.Amlaha","ICC15966","Desi",70,36.16,109.2,4.4,19.65,15.3,3,5,2,1,2,NA
2016,"Amlaha","2016.Amlaha","ICC16374","Desi",59.9,34.16,91.3,1.4,17.93,13.8,1,3,2,1,2,NA
2016,"Amlaha","2016.Amlaha","ICC16682","Desi",64,32.45,98.3,2.3,3.6,34.3,4,2,2,2,2,2
2016,"Amlaha","2016.Amlaha","ICC4918NN","Desi",58,31.73,108.6,2.2,19.36,10.7,5,1,2,3,2,NA
2016,"Amlaha","2016.Amlaha","ICC4923","Desi",58,39.13,121.6,2.1,14.41,23.3,4,2,2,4,2,NA
2016,"Amlaha","2016.Amlaha","ICC4928","Kabuli",75,34.3,98.3,4.1,23.82,36.3,4,4,2,1,2,NA
2016,"Amlaha","2016.Amlaha","ICC4938","Desi",78,32.73,107.5,2.5,12.44,21.9,5,1,2,2,2,2
2016,"Amlaha","2016.Amlaha","ICC4946","Desi",74,29.67,115,2.5,11.96,4.2,5,1,2,2,2,2
2016,"Amlaha","2016.Amlaha","ICC4947","Desi",79,27.83,124.1,1.1,18.88,13.3,2,2,2,4,2,NA
2016,"Amlaha","2016.Amlaha","ICC4948HN","Desi",74,35,114,2.5,15.92,15,4,2,2,1,2,NA
2016,"Amlaha","2016.Amlaha","ICC4948LN","Desi",83.5,26.17,117.4,1.9,20.4,16.3,4,2,2,1,2,NA
2016,"Amlaha","2016.Amlaha","ICC4954","Desi",66,38.31,113.4,5.4,10.86,11.7,2,2,2,3,2,NA
2016,"Amlaha","2016.Amlaha","ICC4957N","Desi",78,57.16,123,0.6,NA,7,5,4,2,2,2,2
2016,"Amlaha","2016.Amlaha","ICC4969","Desi",82,35.95,118.7,2,3.6,19.3,2,1,2,1,2,NA
2016,"Amlaha","2016.Amlaha","ICC4991","Desi",70,37.47,113.1,2.3,21.63,23.3,4,3,2,3,2,NA
2016,"Amlaha","2016.Amlaha","ICC4992","Desi",68,41.31,111.8,1.4,13.43,31.3,4,2,2,2,2,2
2016,"Amlaha","2016.Amlaha","ICC5003","Desi",64.1,35.44,131.2,5.7,17.81,13.6,5,4,2,2,2,2
2016,"Amlaha","2016.Amlaha","ICC5003HN","Desi",52.4,37.57,112.4,2.2,39.96,19.9,1,1,2,5,2,NA
2016,"Amlaha","2016.Amlaha","ICC5003LN","Desi",60,44.72,116.6,3.6,24.14,31.7,4,1,2,3,2,NA
2016,"Amlaha","2016.Amlaha","ICC5020","Desi",64,36.62,111.4,6.2,11.94,32.5,5,2,2,2,2,2
2016,"Amlaha","2016.Amlaha","ICC5036","Desi",73.9,37.7,111.4,0.7,21.21,14.3,4,1,2,1,2,NA
2016,"Amlaha","2016.Amlaha","ICC5038","Kabuli",71,52.65,111.5,2.5,13.46,11.7,4,2,2,1,2,NA
2016,"Amlaha","2016.Amlaha","ICC5055","Kabuli",64,46.61,114.5,0.7,NA,16.7,3,5,2,4,2,NA
2016,"Amlaha","2016.Amlaha","ICC5135","Desi",71,43.59,130.6,2.3,12.61,15,1,4,2,1,2,NA
2016,"Amlaha","2016.Amlaha","ICC5146","Desi",80.5,39.94,112.4,8.2,14.83,10.6,4,2,2,3,2,NA
2016,"Amlaha","2016.Amlaha","ICC5151","Desi",67,43.27,116.7,4.3,9.4,17.7,3,2,2,3,2,NA
2016,"Amlaha","2016.Amlaha","ICC5152","Desi",69,34.49,111.3,4.4,18.48,15,5,4,2,3,2,NA
2016,"Amlaha","2016.Amlaha","ICC5169","Desi",65.7,41.17,109.3,7,32.66,18.1,4,2,2,3,2,NA
2016,"Amlaha","2016.Amlaha","ICC5172","Desi",66,31.62,117.5,0.8,11.62,5.3,1,4,2,1,2,NA
2016,"Amlaha","2016.Amlaha","ICC5178","Desi",63,37.97,109.9,3.3,18.05,11.7,5,4,2,3,2,NA
2016,"Amlaha","2016.Amlaha","ICC5221","Desi",61,35.85,104.2,6.2,17.16,100.3,3,1,2,5,2,NA
2016,"Amlaha","2016.Amlaha","ICC5233","Desi",68,43.05,117.1,3.5,11.6,11.7,3,5,2,3,2,NA
2016,"Amlaha","2016.Amlaha","ICC5239","Desi",66,31.02,121.2,2.8,15.72,12.7,3,5,2,2,2,2
2016,"Amlaha","2016.Amlaha","ICC5409","Desi",52,42.17,110.8,6.9,18.64,26.3,4,3,2,4,2,NA
2016,"Amlaha","2016.Amlaha","ICC5455","Desi",56,46.78,123.2,3.4,6.54,14,5,4,2,5,2,NA
2016,"Amlaha","2016.Amlaha","ICC5458","Desi",55,27.67,93.7,2.8,22.55,11.7,1,1,2,5,2,NA
2016,"Amlaha","2016.Amlaha","ICC5592","Desi",64,40.17,118.1,2.7,11.57,29.7,2,4,2,1,2,NA
2016,"Amlaha","2016.Amlaha","ICC5593","Desi",61.3,38.39,116.3,9.1,10.33,8.6,1,1,2,1,2,NA
2016,"Amlaha","2016.Amlaha","ICC5710","Desi",58,38.89,101.2,10.6,18.96,32.7,3,2,2,5,2,NA
2016,"Amlaha","2016.Amlaha","ICC5722","Desi",50.9,37.38,106.3,1.7,15.82,12,1,2,2,4,2,NA
2016,"Amlaha","2016.Amlaha","ICC5743","Desi",59,35.8,105.4,9.7,24.77,13.3,2,3,2,2,2,2
2016,"Amlaha","2016.Amlaha","ICC5752","Desi",70,33.65,115.5,2.8,13.92,15,1,2,2,1,2,NA
2016,"Amlaha","2016.Amlaha","ICC5755","Desi",63,38.56,99.3,4.3,14.68,32,4,4,2,2,2,2
2016,"Amlaha","2016.Amlaha","ICC5780","Desi",67,26.01,99.8,3.9,13.93,10,1,3,2,2,2,2
2016,"Amlaha","2016.Amlaha","ICC5783","Desi",59,30.99,118.2,6.5,10.3,23.7,2,2,2,5,2,NA
2016,"Amlaha","2016.Amlaha","ICC5810","Desi",57,29.68,111.3,6.1,12.33,34,3,5,2,2,2,2
2016,"Amlaha","2016.Amlaha","ICC5811","Kabuli",63.1,31.97,135.1,2.4,7.47,17.5,5,4,2,4,2,NA
2016,"Amlaha","2016.Amlaha","ICC5851","Desi",58,37.49,123,4.2,20.84,32.3,2,1,2,5,2,NA
2016,"Amlaha","2016.Amlaha","ICC6098","Desi",57,24.68,90,3.2,21.14,10,3,3,2,2,2,2
2016,"Amlaha","2016.Amlaha","ICC6128","Desi",63,34.25,125.5,3.7,19.14,18.7,1,4,2,3,2,NA
2016,"Amlaha","2016.Amlaha","ICC7204","Kabuli",63.5,40.32,111.4,4,21.61,22.9,1,2,2,5,2,NA
2016,"Amlaha","2016.Amlaha","ICC7207","Kabuli",56,49.32,118.7,14.7,14.86,68.7,5,3,2,4,2,NA
2016,"Amlaha","2016.Amlaha","ICC7225","Kabuli",51,53.31,102,4.4,12.75,66,5,5,2,2,2,2
2016,"Amlaha","2016.Amlaha","ICC7380","Desi",51,29.96,111.6,6.1,13.75,35.7,4,2,2,1,2,NA
2016,"Amlaha","2016.Amlaha","ICC7541","Desi",51,44.11,105.7,6.8,13.39,18,3,4,2,5,2,NA
2016,"Amlaha","2016.Amlaha","ICC8276","Desi",63,38.94,116.2,13.6,13.51,50.3,2,5,2,2,2,2
2016,"Amlaha","2016.Amlaha","ICC8284","Kabuli",60,43.12,114.1,3.8,32.54,25,5,4,2,5,2,NA
2016,"Amlaha","2016.Amlaha","ICC8330","Desi",63,39.39,112.6,11.5,13.43,53.7,4,5,2,2,2,2
2016,"Amlaha","2016.Amlaha","ICC8332","Desi",55,38.32,104,4.7,14.52,33.9,3,1,2,4,2,NA
2016,"Amlaha","2016.Amlaha","ICC8336","Desi",73,35.13,127.1,1.5,NA,8.7,3,5,2,4,2,NA
2016,"Amlaha","2016.Amlaha","ICC8402","Desi",75,29.58,123.4,1.3,14.3,31.7,5,3,2,2,2,2
2016,"Amlaha","2016.Amlaha","ICCC37","Desi",54.9,34.49,112.3,5.2,13.42,18.8,2,3,2,3,2,NA
2016,"Amlaha","2016.Amlaha","ICCL81248","Desi",76,24.35,97.1,1.5,19.48,14,1,5,2,3,2,NA
2016,"Amlaha","2016.Amlaha","ICCL82108","Desi",52,31.9,101.1,5.4,17.02,29.7,2,2,2,4,2,NA
2016,"Amlaha","2016.Amlaha","ICCL82115","Desi",56,38.61,93.8,8.3,19.21,30.7,1,1,2,3,2,NA
2016,"Amlaha","2016.Amlaha","ICCL83135","Desi",60,40.81,112.2,3.1,17.03,15.7,3,1,2,4,2,NA
2016,"Amlaha","2016.Amlaha","ICCL83149","Desi",57,34.74,111.5,5.3,18.44,14,4,3,2,4,2,NA
2016,"Amlaha","2016.Amlaha","ICCL85222","Desi",58,36.13,98.6,8.7,14.65,23,5,4,2,1,2,NA
2016,"Amlaha","2016.Amlaha","ICCV2","Kabuli",49,23.33,96.6,2.6,18.51,20.7,2,3,2,5,2,NA
2016,"Amlaha","2016.Amlaha","ICCV2NN","Kabuli",51,35.59,100.3,12.5,29.42,15,2,4,2,1,2,NA
2016,"Amlaha","2016.Amlaha","ICCV88202","Desi",56,40.12,108.4,6.6,22.66,40,1,1,2,3,2,NA
2016,"Amlaha","2016.Amlaha","ICCV88503","Desi",51,45.68,95.5,2.6,23.46,37,3,4,2,4,2,NA
2016,"Amlaha","2016.Amlaha","ICCV89314","Desi",57.9,27.04,97.3,1.6,14.33,13.1,3,5,2,2,2,2
2016,"Amlaha","2016.Amlaha","ICCV89509","Kabuli",61,34.75,113,2.2,15.08,31.7,1,5,2,4,2,NA
2016,"Amlaha","2016.Amlaha","ICCV91106","Desi",51,17.72,111.1,4.4,16.56,37.7,1,1,2,4,2,NA
2016,"Amlaha","2016.Amlaha","ICCV91302","Kabuli",56,40.91,122.9,2.1,23.14,26.7,2,4,2,5,2,NA
2016,"Amlaha","2016.Amlaha","ICCV91902","Desi",55,18.85,113.8,2.7,27.46,31.7,5,5,2,2,2,2
2016,"Amlaha","2016.Amlaha","ICCV92311","Kabuli",47,34.08,87.7,4.1,41.46,22.7,5,3,2,2,2,2
2016,"Amlaha","2016.Amlaha","ICCV92503","Desi",50,30.47,108.9,7.4,21.19,34.3,5,2,2,2,2,2
2016,"Amlaha","2016.Amlaha","ICCV92944","Desi",55,47.99,100.3,3.8,25.78,49,2,2,2,1,2,NA
2016,"Amlaha","2016.Amlaha","ICCV93954","Desi",55,41.29,111.6,13.9,23.3,119.7,2,1,2,2,2,2
2016,"Amlaha","2016.Amlaha","ICCV93958","Desi",63,39.48,113,6.6,28.64,33.7,4,1,2,2,2,2
2016,"Amlaha","2016.Amlaha","ICCV94954","Desi",61,27.01,106.8,5.5,22.94,17,1,1,2,4,2,NA
2016,"Amlaha","2016.Amlaha","ICCV95334","Kabuli",47,35.56,104.8,7.2,60.72,20,2,4,2,4,2,NA
2016,"Amlaha","2016.Amlaha","ICCV95605","Desi",51,32.81,106.7,4.4,18.78,34.3,3,4,2,2,2,2
2016,"Amlaha","2016.Amlaha","ICCV95705","Desi",57,33.07,93.8,1,22.43,34,5,4,2,4,2,NA
2016,"Amlaha","2016.Amlaha","ICCV95981","Desi",49,28.23,98.3,5.6,18.94,20.3,4,5,2,1,2,NA
2016,"Amlaha","2016.Amlaha","ICCV95982","Desi",59,42.48,111.4,7.6,21.46,39,5,4,2,1,2,NA
2016,"Amlaha","2016.Amlaha","ICCV96030","Desi",46,29.99,96.7,3.9,27.74,14.3,2,1,2,2,2,2
2016,"Amlaha","2016.Amlaha","ICCV96970","Desi",50,36.73,104.2,7.1,25.92,20.3,4,3,2,5,2,NA
2016,"Amlaha","2016.Amlaha","IG10360","Kabuli",75,34.73,116.5,6.6,21.78,68.3,5,5,2,2,2,2
2016,"Amlaha","2016.Amlaha","IG6367","Kabuli",70,32.48,102.5,4.4,24.17,15.7,1,3,2,3,2,NA
2016,"Amlaha","2016.Amlaha","IG6394","Kabuli",57,52.11,109.5,6.5,14.86,69,5,2,2,5,2,NA
2016,"Amlaha","2016.Amlaha","IG69343","Kabuli",66,58.94,106.6,2.1,25.75,10,1,3,2,3,2,NA
2016,"Amlaha","2016.Amlaha","IG69348","Kabuli",60,67.16,107.6,7.7,31.54,24.3,2,4,2,2,2,2
2016,"Amlaha","2016.Amlaha","IG69352","Kabuli",54.9,50.2,111.3,5.8,31.79,15.2,3,4,2,3,2,NA
2016,"Amlaha","2016.Amlaha","IG69355","Kabuli",67,70.87,103.6,8.4,28.59,19.7,5,3,2,3,2,NA
2016,"Amlaha","2016.Amlaha","IG69388","Kabuli",58,29.36,109.1,3.9,13.65,35.7,4,3,2,4,2,NA
2016,"Amlaha","2016.Amlaha","IG69409","Kabuli",70.4,57.65,110.3,2,29.34,14.5,1,4,2,3,2,NA
2016,"Amlaha","2016.Amlaha","IG69843","Kabuli",53,41.11,126.5,4.1,15.55,37.7,5,4,2,2,2,2
2016,"Amlaha","2016.Amlaha","IG70855","Kabuli",55,45.44,114.2,3.5,31.11,22.3,1,1,2,4,2,NA
2016,"Amlaha","2016.Amlaha","IG70881","Kabuli",74,51.49,126.8,6.9,33.05,28.3,2,1,2,1,2,NA
2016,"Amlaha","2016.Amlaha","IG75740","Kabuli",56.5,49.52,92.3,1.2,30.93,13.6,3,4,2,1,2,NA
2016,"Amlaha","2016.Amlaha","IG9729","Kabuli",56.1,53.47,123.3,3.4,42.46,6.2,4,3,2,5,2,NA
2016,"Amlaha","2016.Amlaha","IG9750","Kabuli",60,31.59,107.2,5.2,19.19,15.3,3,4,2,3,2,NA
2016,"Amlaha","2016.Amlaha","IG9766","Kabuli",73,56.21,113.8,0.5,NA,6.7,1,4,2,5,2,NA
2016,"Amlaha","2016.Amlaha","IG9793","Kabuli",70,47.74,125.6,1.7,NA,16,3,4,2,1,2,NA
2016,"Junagadh","2016.Junagadh","GG2","Desi",53.84508517,57.47236505,104.5691481,25.86487593,28.72297532,25.48339442,3,3,1,2,5,NA
2016,"Junagadh","2016.Junagadh","ICC11312","Desi",72.03798701,41.83934405,109.7408697,46.46322616,10.98226,8.203114878,1,5,1,4,5,NA
2016,"Junagadh","2016.Junagadh","ICC11316","Desi",69.85398106,50.74348972,109.1115633,47.0118245,14.40357243,18.98965249,2,1,1,1,5,NA
2016,"Junagadh","2016.Junagadh","ICC11318","Desi",67.98956147,60.619983,107.2427466,42.02996841,13.71818335,20.57865445,4,1,1,2,5,NA
2016,"Junagadh","2016.Junagadh","ICC11321","Desi",60.23211283,39.90282261,106.4627953,33.20269717,23.21397996,23.56255961,3,1,1,3,5,NA
2016,"Junagadh","2016.Junagadh","ICC11322","Desi",77.44416247,42.164622,104.9979109,50.51464996,13.66900878,29.68014392,1,5,1,1,5,NA
2016,"Junagadh","2016.Junagadh","ICC11324","Desi",67.06609614,52.09075386,110.1128547,54.85337638,11.55505596,0.67096286,4,1,1,1,5,NA
2016,"Junagadh","2016.Junagadh","ICC11498","Desi",58.24626218,50.4819859,107.075065,27.06284352,10.91764951,5.744489777,2,1,1,5,5,5
2016,"Junagadh","2016.Junagadh","ICC11502","Desi",69.52952558,47.75475785,106.4388046,33.80010898,11.86020625,18.20630153,4,1,1,3,5,NA
2016,"Junagadh","2016.Junagadh","ICC11504","Desi",73.39855277,52.83183721,110.1934568,43.12264315,11.77629265,23.55227328,4,1,1,3,5,NA
2016,"Junagadh","2016.Junagadh","ICC11507","Desi",61.44241609,49.6966485,105.9818057,39.12166617,10.59185348,46.23276929,2,2,1,5,5,5
2016,"Junagadh","2016.Junagadh","ICC11510","Desi",50.66568825,51.66062414,91.82253032,12.51873197,23.99997254,16.34957941,2,2,1,5,5,5
2016,"Junagadh","2016.Junagadh","ICC11524","Desi",63.6700611,52.01586011,97.7653509,38.4613187,13.82891454,5.166990148,5,4,1,2,5,NA
2016,"Junagadh","2016.Junagadh","ICC11525","Desi",78.97782492,44.88514483,110.2281615,15.57862547,10.53546716,29.33620859,3,5,1,2,5,NA
2016,"Junagadh","2016.Junagadh","ICC11535","Desi",62.33080925,44.25709967,109.6749811,40.6133041,15.72160161,31.85327807,4,4,1,3,5,NA
2016,"Junagadh","2016.Junagadh","ICC11536","Desi",74.83814598,59.2838947,111.9644046,60.92589259,12.95712046,23.791915,1,1,1,3,5,NA
2016,"Junagadh","2016.Junagadh","ICC11823","Kabuli",61.43397298,53.3429802,107.1334053,27.55296461,26.55483117,NA,5,2,1,5,5,5
2016,"Junagadh","2016.Junagadh","ICC11879","Kabuli",67.90500666,53.33797112,98.61768146,53.82992107,26.15077683,2.163132104,3,3,1,4,5,NA
2016,"Junagadh","2016.Junagadh","ICC12228","Desi",69.03689242,51.40019356,109.5886594,50.41030969,12.56439671,5.504531856,1,5,1,5,5,5
2016,"Junagadh","2016.Junagadh","ICC12233","Desi",64.49297449,35.79087602,108.7674414,53.89384916,13.42476111,1.901274371,5,1,1,1,5,NA
2016,"Junagadh","2016.Junagadh","ICC12235","Desi",59.34112965,48.45319003,85.1982781,15.36476462,12.35814395,11.88187701,3,4,1,4,5,NA
2016,"Junagadh","2016.Junagadh","ICC12242","Desi",70.11571828,54.7834937,111.2570521,46.67743364,12.7902109,28.83112962,3,4,1,1,5,NA
2016,"Junagadh","2016.Junagadh","ICC12246","Desi",55.53258487,50.88766913,109.0112453,68.31860984,13.61632,20.24588624,3,3,1,3,5,NA
2016,"Junagadh","2016.Junagadh","ICC12248","Desi",79.80509896,51.28535862,106.7026393,27.69060157,11.4008512,8.36505365,3,5,1,4,5,NA
2016,"Junagadh","2016.Junagadh","ICC12251","Desi",59.13001927,53.02658422,104.8471573,43.27768716,10.11379182,14.11880378,4,2,1,3,5,NA
2016,"Junagadh","2016.Junagadh","ICC12258","Desi",66.00614289,47.82231517,108.051327,69.36853867,18.84177672,18.11075883,1,4,1,2,5,NA
2016,"Junagadh","2016.Junagadh","ICC12259","Desi",57.08590802,41.41859341,107.024255,49.09757795,12.13623109,18.34703001,4,3,1,4,5,NA
2016,"Junagadh","2016.Junagadh","ICC12267","Desi",68.94488137,56.13982801,106.7303289,25.98475293,14.17581019,16.76912553,5,1,1,5,5,5
2016,"Junagadh","2016.Junagadh","ICC12268","Desi",65.27525742,39.97937613,110.1016246,94.88990859,13.23317749,11.39592331,1,5,1,3,5,NA
2016,"Junagadh","2016.Junagadh","ICC12269","Desi",62.38599608,47.24283275,111.1634649,54.46742979,18.06346616,11.65898409,5,3,1,4,5,NA
2016,"Junagadh","2016.Junagadh","ICC12270","Desi",67.9731472,48.966415,111.1138533,40.41609798,10.80038413,9.197078872,5,1,1,3,5,NA
2016,"Junagadh","2016.Junagadh","ICC12273","Desi",49.63666874,48.92082004,110.783662,68.19230374,16.01279018,14.82744188,1,3,1,1,5,NA
2016,"Junagadh","2016.Junagadh","ICC12274","Desi",56.37466799,39.26069226,101.4196532,20.10316764,15.00464108,12.82787467,3,3,1,4,5,NA
2016,"Junagadh","2016.Junagadh","ICC12337","Desi",68.35415442,60.30143451,105.8033872,24.33325024,14.97928834,21.77852127,1,5,1,5,5,5
2016,"Junagadh","2016.Junagadh","ICC12348","Desi",64.98369346,59.33676678,105.6085397,60.37963468,21.63010864,12.24128914,4,4,1,2,5,NA
2016,"Junagadh","2016.Junagadh","ICC12361","Desi",78.08191278,62.61594092,109.7907589,64.00103953,11.95441719,21.21922906,1,3,1,3,5,NA
2016,"Junagadh","2016.Junagadh","ICC12368","Desi",59.65511404,46.50138835,105.7267754,56.62292379,12.81745288,13.32943612,4,1,1,5,5,5
2016,"Junagadh","2016.Junagadh","ICC12424","Desi",55.47288103,41.1144751,97.34610988,64.68231641,16.51302214,4.690987198,3,4,1,1,5,NA
2016,"Junagadh","2016.Junagadh","ICC12426","Desi",49.98493494,44.63431171,109.21349,46.1786617,18.16501272,4.151500099,5,2,1,4,5,NA
2016,"Junagadh","2016.Junagadh","ICC12428","Kabuli",69.93288571,58.44598833,107.1162972,49.74870553,10.65762872,7.231623544,4,4,1,1,5,NA
2016,"Junagadh","2016.Junagadh","ICC12433","Kabuli",53.07041216,42.88675267,106.3885889,65.50307086,9.774981926,14.07155789,4,5,1,2,5,NA
2016,"Junagadh","2016.Junagadh","ICC12434","Kabuli",54.27092895,64.38976529,110.0638871,35.48267759,9.370890279,2.603310391,3,1,1,4,5,NA
2016,"Junagadh","2016.Junagadh","ICC12437","Desi",45.05588161,46.27147522,104.1351888,64.10438056,12.31442615,26.87503318,2,1,1,4,5,NA
2016,"Junagadh","2016.Junagadh","ICC12452","Desi",68.24744836,59.35582588,110.4567819,36.89624403,13.5194918,16.56141153,3,4,1,1,5,NA
2016,"Junagadh","2016.Junagadh","ICC12458","Desi",61.15708813,70.0017058,102.2005122,62.31980965,12.50344552,12.60877209,5,2,1,4,5,NA
2016,"Junagadh","2016.Junagadh","ICC12461","Kabuli",60.19220794,54.52712542,104.8807158,50.8749908,20.07447719,13.84933724,2,5,1,5,5,5
2016,"Junagadh","2016.Junagadh","ICC12463","Desi",67.49983944,53.79166363,109.1144698,43.57903629,11.2697442,22.1796437,4,2,1,5,5,5
2016,"Junagadh","2016.Junagadh","ICC12464","Desi",79.5409145,54.12441854,110.5288977,50.39329619,12.08784399,7.190036192,1,1,1,1,5,NA
2016,"Junagadh","2016.Junagadh","ICC12471","Desi",50.74073938,47.44269552,106.7349299,64.28258737,11.47990822,19.08365165,1,2,1,3,5,NA
2016,"Junagadh","2016.Junagadh","ICC12472","Desi",65.09039924,49.67328791,108.1619,48.87560848,12.44614713,21.6843945,5,4,1,3,5,NA
2016,"Junagadh","2016.Junagadh","ICC12476","Desi",69.07120262,56.37606242,107.4293201,56.9201814,14.99537241,17.80891623,5,1,1,1,5,NA
2016,"Junagadh","2016.Junagadh","ICC12479","Desi",47.66171912,49.69330692,103.9934898,22.95590093,14.55464726,14.42135625,3,1,1,3,5,NA
2016,"Junagadh","2016.Junagadh","ICC12480","Desi",64.63974347,31.20600704,105.5792803,40.2394996,15.66017407,19.63750313,4,3,1,5,5,5
2016,"Junagadh","2016.Junagadh","ICC12486","Desi",46.85039716,45.90780885,108.8895977,35.60985019,15.93590477,5.294889373,5,2,1,4,5,NA
2016,"Junagadh","2016.Junagadh","ICC12487","Desi",67.6196499,44.67667022,111.2467046,88.32815713,13.67067017,19.94706777,4,5,1,3,5,NA
2016,"Junagadh","2016.Junagadh","ICC12488","Desi",74.58692212,51.33646908,111.1556267,26.07787431,10.81661379,9.347959122,2,5,1,4,5,NA
2016,"Junagadh","2016.Junagadh","ICC12490","Desi",70.71675375,54.2352471,114.9134454,47.84210347,9.414702499,14.59857327,5,3,1,4,5,NA
2016,"Junagadh","2016.Junagadh","ICC12492","Kabuli",61.54579667,52.01946464,87.28130605,57.24650482,17.79952312,7.910770992,2,2,1,4,5,NA
2016,"Junagadh","2016.Junagadh","ICC12493","Kabuli",70.62845812,46.45714194,108.8348979,42.44139531,14.24806503,7.082046446,5,5,1,5,5,5
2016,"Junagadh","2016.Junagadh","ICC12495","Kabuli",75.72740877,39.99951794,122.1148415,33.27083298,22.79291749,18.16908926,2,5,1,5,5,5
2016,"Junagadh","2016.Junagadh","ICC12496","Kabuli",56.13774343,46.96072264,109.9056261,45.34771876,17.75062523,17.46061879,4,4,1,3,5,NA
2016,"Junagadh","2016.Junagadh","ICC12986","Desi",67.38958723,45.7107501,106.6743102,40.0013124,11.30125005,16.34778706,2,1,1,3,5,NA
2016,"Junagadh","2016.Junagadh","ICC13812","Desi",62.01191299,36.41554268,100.9472538,39.59286407,19.02258333,3.699791791,2,1,1,2,5,NA
2016,"Junagadh","2016.Junagadh","ICC13816","Kabuli",76.20978491,52.39270872,114.3526427,36.12289899,21.56135432,2.741522939,4,3,1,1,5,NA
2016,"Junagadh","2016.Junagadh","ICC14199","Kabuli",61.9601212,55.24884051,106.3599367,26.37979267,NA,NA,5,2,1,3,5,NA
2016,"Junagadh","2016.Junagadh","ICC14302","Desi",51.42235218,54.0388269,102.260268,29.19224016,13.20584848,23.4439803,2,3,1,4,5,NA
2016,"Junagadh","2016.Junagadh","ICC14304","Desi",61.95826888,58.9963079,109.7371492,64.3749517,15.40296682,19.36255806,1,1,1,1,5,NA
2016,"Junagadh","2016.Junagadh","ICC14315","Desi",50.71466634,46.36797165,90.17582635,56.05971411,11.20932369,2.93658513,2,4,1,5,5,5
2016,"Junagadh","2016.Junagadh","ICC14316","Desi",56.63449623,55.1721558,110.5172804,47.41643162,13.86948429,16.66987282,3,1,1,5,5,5
2016,"Junagadh","2016.Junagadh","ICC14321","Desi",46.42432486,51.16447281,104.5625212,32.12214469,15.72502801,1.139771357,3,3,1,1,5,NA
2016,"Junagadh","2016.Junagadh","ICC14327","Desi",62.70981831,26.51475405,105.180017,37.35006765,13.65776749,3.672902791,1,5,1,4,5,NA
2016,"Junagadh","2016.Junagadh","ICC14331","Desi",69.89619581,54.60746686,105.8851929,45.86184854,10.35204124,13.55035775,1,4,1,1,5,NA
2016,"Junagadh","2016.Junagadh","ICC14333","Desi",48.93527442,40.93741959,104.4397264,19.99585477,19.49894959,15.97916195,5,4,1,5,5,5
2016,"Junagadh","2016.Junagadh","ICC14334","Desi",80.34641342,38.70785993,117.5992048,45.40913354,12.48339936,5.916074635,1,2,1,1,5,NA
2016,"Junagadh","2016.Junagadh","ICC14335","Desi",49.46354959,42.62512935,103.4125334,NA,23.87990001,12.54054898,1,1,1,2,5,NA
2016,"Junagadh","2016.Junagadh","ICC14344","Desi",68.79873936,47.93347637,106.4273301,65.09492873,16.41874398,19.51067596,1,2,1,4,5,NA
2016,"Junagadh","2016.Junagadh","ICC14354","Desi",71.31565311,50.34230814,115.1619133,21.05958286,14.52005611,7.575810782,5,1,1,5,5,5
2016,"Junagadh","2016.Junagadh","ICC14356","Desi",53.50536458,53.23383424,105.0189358,71.26158605,16.9323843,25.14044542,2,4,1,2,5,NA
2016,"Junagadh","2016.Junagadh","ICC14364","Desi",61.73778073,45.97879734,103.4742918,37.46243045,12.17517971,15.08459801,5,1,1,2,5,NA
2016,"Junagadh","2016.Junagadh","ICC14366","Desi",61.48470955,58.56121349,104.0639648,47.95779286,13.01270812,8.653977541,2,2,1,5,5,5
2016,"Junagadh","2016.Junagadh","ICC14368","Desi",45.49282461,43.97936735,99.08731258,69.21699155,26.7622172,18.35732403,2,2,1,5,5,5
2016,"Junagadh","2016.Junagadh","ICC14369","Desi",59.95658596,58.07978663,107.3810328,54.35162581,16.3031492,NA,3,1,1,5,5,5
2016,"Junagadh","2016.Junagadh","ICC14371","Desi",60.7500589,35.96355792,107.954616,81.38327711,11.89661643,30.77939351,1,2,1,1,5,NA
2016,"Junagadh","2016.Junagadh","ICC14374","Desi",75.33271528,50.18123703,118.4316462,26.27986275,11.94057902,19.84415036,4,4,1,2,5,NA
2016,"Junagadh","2016.Junagadh","ICC14385","Desi",57.91746528,46.27538615,105.4014021,16.80689345,15.99452202,30.62835932,3,5,1,4,5,NA
2016,"Junagadh","2016.Junagadh","ICC14390","Desi",54.00184777,51.20913191,95.91362323,55.96849232,15.64013358,25.07199232,2,2,1,5,5,5
2016,"Junagadh","2016.Junagadh","ICC14391","Desi",58.11146301,41.55176713,109.9904734,20.42242373,11.54624388,27.08120073,2,1,1,3,5,NA
2016,"Junagadh","2016.Junagadh","ICC14393","Desi",49.16114599,53.43751149,100.754709,57.39891834,15.56341578,24.93229573,4,4,1,1,5,NA
2016,"Junagadh","2016.Junagadh","ICC14394","Desi",69.53972278,51.06132449,107.3889159,64.38912125,11.16567443,23.93910724,3,1,1,2,5,NA
2016,"Junagadh","2016.Junagadh","ICC14396","Desi",57.83103635,52.09355037,118.9562608,53.71238337,17.87731663,16.39938602,4,4,1,3,5,NA
2016,"Junagadh","2016.Junagadh","ICC14402","Desi",61.09391859,51.08715127,106.9337621,32.0113984,16.1363838,11.8304533,4,4,1,5,5,5
2016,"Junagadh","2016.Junagadh","ICC14411","Desi",58.83906685,43.74114448,101.9614545,48.03508742,12.35167933,23.29452213,3,4,1,4,5,NA
2016,"Junagadh","2016.Junagadh","ICC14423","Desi",60.53867618,42.27109085,108.0499701,33.2713381,12.13851888,15.17805305,3,4,1,5,5,5
2016,"Junagadh","2016.Junagadh","ICC14425","Desi",62.16333074,52.76316433,104.934817,34.33544822,12.50704012,18.46584992,2,5,1,5,5,5
2016,"Junagadh","2016.Junagadh","ICC14426","Desi",56.67328618,40.44718175,104.7498934,44.41045228,13.93087185,9.65408123,2,3,1,1,5,NA
2016,"Junagadh","2016.Junagadh","ICC14432","Desi",69.73981946,56.72433733,104.8379567,33.82649391,13.22267265,13.19874476,2,1,1,4,5,NA
2016,"Junagadh","2016.Junagadh","ICC14436","Desi",67.47147479,46.43392255,108.3101265,40.99617368,15.67591495,14.76301483,2,4,1,3,5,NA
2016,"Junagadh","2016.Junagadh","ICC14871","Desi",69.31400249,50.55559205,112.7823193,22.28027073,22.83009162,15.76946489,3,5,1,3,5,NA
2016,"Junagadh","2016.Junagadh","ICC14872","Desi",63.73250316,47.37644476,107.4671642,41.5916248,10.80219002,NA,2,5,1,2,5,NA
2016,"Junagadh","2016.Junagadh","ICC15553","Desi",69.00451597,49.82624724,108.0025254,58.54493285,11.24218704,14.90774926,1,4,1,4,5,NA
2016,"Junagadh","2016.Junagadh","ICC15574","Desi",59.03868366,41.6713069,108.2503423,38.43857647,35.95718588,3.94085767,3,2,1,5,5,5
2016,"Junagadh","2016.Junagadh","ICC15577","Desi",55.02468877,46.83554087,104.6556769,90.18608976,12.34221023,16.60784521,1,5,1,1,5,NA
2016,"Junagadh","2016.Junagadh","ICC15966","Desi",65.04369998,45.82556129,106.8656853,41.21883447,15.9400071,16.1055853,3,3,1,1,5,NA
2016,"Junagadh","2016.Junagadh","ICC16374","Desi",52.49066879,41.99322629,110.7618731,52.07804197,18.66561513,19.62355645,1,3,1,1,5,NA
2016,"Junagadh","2016.Junagadh","ICC16682","Desi",53.66378771,44.27168178,118.4671564,25.04063773,11.43161205,16.40412781,4,5,1,2,5,NA
2016,"Junagadh","2016.Junagadh","ICC4918NN","Desi",52.12344578,45.55451003,107.1054875,71.08812078,16.75944268,33.433603,5,2,1,3,5,NA
2016,"Junagadh","2016.Junagadh","ICC4923","Desi",63.4315609,35.48660825,105.6333327,51.3574823,11.01976466,21.22126672,4,1,1,4,5,NA
2016,"Junagadh","2016.Junagadh","ICC4928","Kabuli",78.16931478,53.71049858,111.797755,27.80387673,23.22331699,15.57267778,4,5,1,1,5,NA
2016,"Junagadh","2016.Junagadh","ICC4938","Desi",74.77559349,41.72606293,103.9118677,46.41718349,12.15963917,8.509304441,5,1,1,2,5,NA
2016,"Junagadh","2016.Junagadh","ICC4946","Desi",75.77992483,50.20732241,108.7151548,64.28166021,12.30759701,21.3797991,5,4,1,2,5,NA
2016,"Junagadh","2016.Junagadh","ICC4947","Desi",68.06193438,41.47390432,108.3549503,54.91444846,14.58688092,5.670864904,2,5,1,4,5,NA
2016,"Junagadh","2016.Junagadh","ICC4948HN","Desi",70.39102389,46.61162114,108.4084195,50.19147009,16.25372837,13.23637127,4,2,1,1,5,NA
2016,"Junagadh","2016.Junagadh","ICC4948LN","Desi",74.57249099,51.96812603,109.8429395,62.97470959,10.37780022,6.035341635,4,4,1,1,5,NA
2016,"Junagadh","2016.Junagadh","ICC4954","Desi",65.0968145,45.78621615,105.9483944,35.98651559,11.42612553,13.02498435,2,3,1,3,5,NA
2016,"Junagadh","2016.Junagadh","ICC4957N","Desi",61.98508244,53.36838696,115.9538281,28.68887389,18.2002044,10.62636858,5,4,1,2,5,NA
2016,"Junagadh","2016.Junagadh","ICC4969","Desi",75.30115493,45.1422125,117.9476679,43.95673414,16.03420998,8.929122693,2,5,1,1,5,NA
2016,"Junagadh","2016.Junagadh","ICC4991","Desi",69.1542447,39.60028806,104.0416723,45.35301805,10.77235174,14.1647186,4,4,1,3,5,NA
2016,"Junagadh","2016.Junagadh","ICC4992","Desi",75.87604187,49.41068478,109.9441705,35.64461745,13.30756068,14.97208027,4,3,1,2,5,NA
2016,"Junagadh","2016.Junagadh","ICC5003","Desi",64.00666596,55.28128539,101.8756702,62.33981351,27.37609674,5.145482949,5,2,1,2,5,NA
2016,"Junagadh","2016.Junagadh","ICC5003HN","Desi",60.82893989,50.72222197,109.2725533,56.8361423,22.43424061,17.43807811,1,4,1,5,5,5
2016,"Junagadh","2016.Junagadh","ICC5003LN","Desi",63.13128472,48.60358726,107.6438226,83.88318961,26.50722822,31.13319693,4,4,1,3,5,NA
2016,"Junagadh","2016.Junagadh","ICC5020","Desi",60.93444877,44.51124487,109.8395603,46.29686854,11.64538621,10.47455548,5,3,1,2,5,NA
2016,"Junagadh","2016.Junagadh","ICC5036","Desi",74.9233717,43.87635275,109.8564581,47.10854941,11.98981707,18.18259751,4,2,1,1,5,NA
2016,"Junagadh","2016.Junagadh","ICC5038","Kabuli",48.7335219,48.29943992,120.0126737,41.77008747,15.09165095,4.856140793,4,3,1,1,5,NA
2016,"Junagadh","2016.Junagadh","ICC5055","Kabuli",74.4720865,52.34704494,114.6358787,17.18797258,22.99909674,7.435440812,3,2,1,4,5,NA
2016,"Junagadh","2016.Junagadh","ICC5135","Desi",69.00310509,43.4210771,104.8506024,36.08069341,10.67493035,21.32104971,1,2,1,1,5,NA
2016,"Junagadh","2016.Junagadh","ICC5146","Desi",76.89302708,47.70406402,109.074752,43.1149193,11.7391333,11.41187116,4,2,1,3,5,NA
2016,"Junagadh","2016.Junagadh","ICC5151","Desi",70.02842948,53.59272575,107.6917247,52.74261567,10.01933748,NA,3,3,1,3,5,NA
2016,"Junagadh","2016.Junagadh","ICC5152","Desi",55.22553182,49.45653747,102.4001466,53.92961546,13.55645826,21.77504714,5,1,1,3,5,NA
2016,"Junagadh","2016.Junagadh","ICC5169","Desi",64.80262384,53.71396207,108.5507722,53.10065043,10.06343242,7.105906313,4,2,1,3,5,NA
2016,"Junagadh","2016.Junagadh","ICC5172","Desi",60.59573396,56.44460253,104.1523812,53.30597274,13.69367744,17.3481095,1,1,1,1,5,NA
2016,"Junagadh","2016.Junagadh","ICC5178","Desi",63.83938144,54.87189452,104.452487,26.81568888,11.51907282,12.88967015,5,2,1,3,5,NA
2016,"Junagadh","2016.Junagadh","ICC5221","Desi",59.12943987,57.83521833,114.8975544,41.33162913,11.0600283,15.35699458,3,3,1,5,5,5
2016,"Junagadh","2016.Junagadh","ICC5233","Desi",71.96458027,51.24423922,112.7924699,62.83263291,11.57803293,14.53923287,3,3,1,3,5,NA
2016,"Junagadh","2016.Junagadh","ICC5239","Desi",68.77895338,50.3479453,107.4551837,37.00012781,10.2081398,12.52714526,3,2,1,2,5,NA
2016,"Junagadh","2016.Junagadh","ICC5409","Desi",57.21192689,48.99601344,105.1256589,NA,13.49219622,15.98658372,4,5,1,4,5,NA
2016,"Junagadh","2016.Junagadh","ICC5455","Desi",56.91319318,58.50098402,105.2161452,22.63999439,11.27144993,5.375034407,5,1,1,5,5,5
2016,"Junagadh","2016.Junagadh","ICC5458","Desi",68.54403814,43.58945075,102.8248304,56.63929191,22.17183045,10.65828577,1,3,1,5,5,5
2016,"Junagadh","2016.Junagadh","ICC5592","Desi",50.47281168,48.46911058,99.33083689,37.09288162,12.54691729,16.09421429,2,4,1,1,5,NA
2016,"Junagadh","2016.Junagadh","ICC5593","Desi",61.4915056,51.02806173,107.503108,43.29290066,16.49563418,1.26158784,1,5,1,1,5,NA
2016,"Junagadh","2016.Junagadh","ICC5710","Desi",79.73674658,45.86208795,107.0489898,41.96163986,16.24498713,34.3605392,3,1,1,5,5,5
2016,"Junagadh","2016.Junagadh","ICC5722","Desi",60.16661573,57.2761283,106.9450985,25.72353872,10.89516227,24.98865567,1,4,1,4,5,NA
2016,"Junagadh","2016.Junagadh","ICC5743","Desi",53.822193,47.70740847,104.1676888,62.03634395,22.58451307,8.112207015,2,3,1,2,5,NA
2016,"Junagadh","2016.Junagadh","ICC5752","Desi",62.13063033,33.65365012,107.0720385,37.7644809,11.7677467,21.39036872,1,4,1,1,5,NA
2016,"Junagadh","2016.Junagadh","ICC5755","Desi",55.87894327,37.88350152,104.0370529,51.72223431,13.34091987,32.03948761,4,5,1,2,5,NA
2016,"Junagadh","2016.Junagadh","ICC5780","Desi",60.7128669,41.88418194,111.7382283,34.09859891,13.07533042,11.67505644,1,2,1,2,5,NA
2016,"Junagadh","2016.Junagadh","ICC5783","Desi",41.31356819,39.78228981,82.15567014,27.76785021,14.86034974,7.297626632,2,3,1,5,5,5
2016,"Junagadh","2016.Junagadh","ICC5810","Desi",49.75810829,53.52427952,105.0510135,60.40691537,16.51570835,10.53236824,3,5,1,2,5,NA
2016,"Junagadh","2016.Junagadh","ICC5811","Kabuli",61.57418096,51.84098319,104.9101049,94.91062814,9.439021322,18.91279522,5,2,1,4,5,NA
2016,"Junagadh","2016.Junagadh","ICC5851","Desi",67.85357416,48.18162345,109.706841,57.18053329,20.93361105,16.71369403,2,2,1,5,5,5
2016,"Junagadh","2016.Junagadh","ICC6098","Desi",56.75710537,43.42502652,103.0486901,27.59674205,16.88677462,23.02497681,3,3,1,2,5,NA
2016,"Junagadh","2016.Junagadh","ICC6128","Desi",67.04367697,47.58507738,110.4243299,48.29347105,17.99531996,20.71732358,1,4,1,3,5,NA
2016,"Junagadh","2016.Junagadh","ICC7204","Kabuli",69.87455266,50.57825208,109.8766352,53.34697836,9.419961898,3.436691602,1,3,1,5,5,5
2016,"Junagadh","2016.Junagadh","ICC7207","Kabuli",63.14023325,51.08907848,106.0559852,41.36758215,11.13580049,7.923452473,5,3,1,4,5,NA
2016,"Junagadh","2016.Junagadh","ICC7225","Kabuli",76.99073806,53.80283124,106.5981714,35.54954952,11.71943782,4.899704994,5,2,1,2,5,NA
2016,"Junagadh","2016.Junagadh","ICC7380","Desi",58.31349323,57.43148217,107.1351709,51.7796788,17.63283443,14.71875614,4,5,1,1,5,NA
2016,"Junagadh","2016.Junagadh","ICC7541","Desi",56.85119115,43.98374308,106.7841136,56.15619414,10.76139528,15.33065703,3,2,1,5,5,5
2016,"Junagadh","2016.Junagadh","ICC8276","Desi",68.13234695,50.77290995,109.7211181,51.06189491,12.7172134,21.94806478,2,1,1,2,5,NA
2016,"Junagadh","2016.Junagadh","ICC8284","Kabuli",77.47543083,54.22267897,112.2393484,70.5394439,20.18197759,1.674831081,5,1,1,5,5,5
2016,"Junagadh","2016.Junagadh","ICC8330","Desi",56.00248971,52.7127135,109.9129039,46.43427312,13.18126444,5.034589127,4,5,1,2,5,NA
2016,"Junagadh","2016.Junagadh","ICC8332","Desi",57.32983765,54.42562208,101.6664915,46.08537317,19.99369994,13.03264736,3,3,1,4,5,NA
2016,"Junagadh","2016.Junagadh","ICC8336","Desi",60.89032695,45.15096817,106.8376186,51.42305489,13.37355197,10.17285109,3,2,1,4,5,NA
2016,"Junagadh","2016.Junagadh","ICC8402","Desi",57.24691757,50.5174682,116.4710896,50.03918493,17.138646,18.20895629,5,1,1,2,5,NA
2016,"Junagadh","2016.Junagadh","ICCC37","Desi",49.33909155,53.40376564,112.8380132,53.01081686,18.84924737,12.6689149,2,1,1,3,5,NA
2016,"Junagadh","2016.Junagadh","ICCL81248","Desi",60.79238924,41.17198303,99.29566533,31.15735803,11.91515548,18.81703199,1,3,1,3,5,NA
2016,"Junagadh","2016.Junagadh","ICCL82108","Desi",59.97845346,50.90821914,106.9953613,23.4299014,14.63017766,14.64710561,2,5,1,4,5,NA
2016,"Junagadh","2016.Junagadh","ICCL82115","Desi",55.01801344,47.98410632,96.27926284,40.29367025,16.15975228,16.93046406,1,4,1,3,5,NA
2016,"Junagadh","2016.Junagadh","ICCL83135","Desi",50.86922273,52.3305959,107.8917214,38.06947409,21.62631786,4.095272927,3,1,1,4,5,NA
2016,"Junagadh","2016.Junagadh","ICCL83149","Desi",51.28961254,41.99060986,102.3375056,11.31929979,18.89763473,14.46571568,4,3,1,4,5,NA
2016,"Junagadh","2016.Junagadh","ICCL85222","Desi",53.73214816,52.58648692,101.1042282,57.05734655,13.56304838,27.54548365,5,4,1,1,5,NA
2016,"Junagadh","2016.Junagadh","ICCV2","Kabuli",51.91030521,45.43056027,93.25939303,29.20003857,26.09979922,7.210174989,2,4,1,5,5,5
2016,"Junagadh","2016.Junagadh","ICCV2NN","Kabuli",46.86918161,38.55416729,90.45903123,53.20458512,23.06337625,12.26080595,2,5,1,1,5,NA
2016,"Junagadh","2016.Junagadh","ICCV88202","Desi",49.12434591,49.37199126,98.91021274,43.93310979,20.14091807,25.16568432,1,2,1,3,5,NA
2016,"Junagadh","2016.Junagadh","ICCV88503","Desi",48.05538975,64.23107165,97.11084399,45.40919051,13.20963758,13.07743219,3,4,1,4,5,NA
2016,"Junagadh","2016.Junagadh","ICCV89314","Desi",60.32268987,51.23508506,109.6260971,38.40160154,13.66391256,14.79329868,3,3,1,2,5,NA
2016,"Junagadh","2016.Junagadh","ICCV89509","Kabuli",71.13589947,34.54883046,108.5261287,83.38853441,25.00990429,16.57563829,1,5,1,4,5,NA
2016,"Junagadh","2016.Junagadh","ICCV91106","Desi",42.25706537,42.37233181,101.3428224,51.49032902,14.9632966,22.92606053,1,2,1,4,5,NA
2016,"Junagadh","2016.Junagadh","ICCV91302","Kabuli",61.22156913,51.86548062,111.8172738,48.26774619,18.78476836,9.78397705,2,5,1,5,5,5
2016,"Junagadh","2016.Junagadh","ICCV91902","Desi",47.98916088,55.9866649,98.8993348,22.57481166,30.34439418,17.43845901,5,4,1,2,5,NA
2016,"Junagadh","2016.Junagadh","ICCV92311","Kabuli",55.7448137,56.14505717,93.77478031,17.31418629,39.25246178,4.618638428,5,5,1,2,5,NA
2016,"Junagadh","2016.Junagadh","ICCV92503","Desi",58.72413743,43.83673541,98.00111779,18.07233637,21.82061299,19.83803823,5,4,1,2,5,NA
2016,"Junagadh","2016.Junagadh","ICCV92944","Desi",46.20894752,34.10090413,89.87255779,57.43294869,24.65242334,17.39899417,2,2,1,1,5,NA
2016,"Junagadh","2016.Junagadh","ICCV93954","Desi",79.17354976,44.22586076,101.5601103,44.91470609,24.75895337,21.53558914,2,5,1,2,5,NA
2016,"Junagadh","2016.Junagadh","ICCV93958","Desi",67.88786928,52.72449734,100.788303,54.27030053,22.08271038,14.81356044,4,5,1,2,5,NA
2016,"Junagadh","2016.Junagadh","ICCV94954","Desi",56.22782243,54.02082039,100.7364111,27.42218648,24.43302859,11.67771625,1,5,1,4,5,NA
2016,"Junagadh","2016.Junagadh","ICCV95334","Kabuli",65.06738618,28.75560222,113.1337525,39.99348959,47.11884263,NA,2,4,1,4,5,NA
2016,"Junagadh","2016.Junagadh","ICCV95605","Desi",57.91428319,59.78353894,108.0943853,44.07544182,13.99914631,30.8993277,3,5,1,2,5,NA
2016,"Junagadh","2016.Junagadh","ICCV95705","Desi",69.89687848,37.73149596,113.0079391,57.55319294,14.63545901,16.41257143,5,4,1,4,5,NA
2016,"Junagadh","2016.Junagadh","ICCV95981","Desi",57.95976721,43.99584363,104.9235565,45.002353,16.95501332,10.6426298,4,4,1,1,5,NA
2016,"Junagadh","2016.Junagadh","ICCV95982","Desi",48.76435517,47.11461248,93.77404583,49.32447304,32.41232681,9.721762168,5,5,1,1,5,NA
2016,"Junagadh","2016.Junagadh","ICCV96030","Desi",40.22765234,50.90545855,75.13625947,31.39007503,20.9866797,12.57543554,2,4,1,2,5,NA
2016,"Junagadh","2016.Junagadh","ICCV96970","Desi",49.02245964,49.43965353,101.8088545,42.03023815,19.35616976,30.30907127,4,4,1,5,5,5
2016,"Junagadh","2016.Junagadh","IG10360","Kabuli",72.49804287,39.94995327,110.704239,40.18705089,15.88419815,23.62264575,5,1,1,2,5,NA
2016,"Junagadh","2016.Junagadh","IG6367","Kabuli",64.23503593,46.10078102,108.5421706,36.12276414,28.00170335,14.935048,1,5,1,3,5,NA
2016,"Junagadh","2016.Junagadh","IG6394","Kabuli",57.16626405,40.37447605,110.0828216,38.60832695,11.01199635,13.90500534,5,5,1,5,5,5
2016,"Junagadh","2016.Junagadh","IG69343","Kabuli",72.1477021,46.70282677,108.6103271,71.03838217,25.60053845,NA,1,5,1,3,5,NA
2016,"Junagadh","2016.Junagadh","IG69348","Kabuli",84.4431655,54.41241134,117.7930268,65.55540433,31.35819624,4.417951537,2,3,1,2,5,NA
2016,"Junagadh","2016.Junagadh","IG69352","Kabuli",63.74787908,49.13299571,105.280528,50.15476034,24.3722498,8.488232214,3,1,1,3,5,NA
2016,"Junagadh","2016.Junagadh","IG69355","Kabuli",70.77137079,46.70046129,106.8738941,47.94606728,NA,NA,5,3,1,3,5,NA
2016,"Junagadh","2016.Junagadh","IG69388","Kabuli",65.510267,51.42033929,106.0195393,38.67390636,25.45759103,15.00112334,4,3,1,4,5,NA
2016,"Junagadh","2016.Junagadh","IG69409","Kabuli",71.05846956,73.72472698,112.0658664,34.10590341,27.97043181,9.030386223,1,1,1,3,5,NA
2016,"Junagadh","2016.Junagadh","IG69843","Kabuli",84.76012494,42.20736534,114.7322009,41.09800348,NA,NA,5,1,1,2,5,NA
2016,"Junagadh","2016.Junagadh","IG70855","Kabuli",71.45995534,57.97829179,110.7711055,61.28371265,35.77019575,19.06288636,1,2,1,4,5,NA
2016,"Junagadh","2016.Junagadh","IG70881","Kabuli",76.58927557,42.36928336,107.8060882,75.76235269,42.22948822,NA,2,5,1,1,5,NA
2016,"Junagadh","2016.Junagadh","IG75740","Kabuli",66.15874994,50.21129626,123.1029798,36.13772078,26.33095822,12.53733039,3,3,1,1,5,NA
2016,"Junagadh","2016.Junagadh","IG9729","Kabuli",78.26070764,33.82779951,123.0365989,36.20470365,34.03498031,5.783232401,4,5,1,5,5,5
2016,"Junagadh","2016.Junagadh","IG9750","Kabuli",70.17764639,46.17477568,110.2598355,37.1049737,20.91311096,6.531024391,3,1,1,3,5,NA
2016,"Junagadh","2016.Junagadh","IG9766","Kabuli",71.97279296,57.96149078,114.0797474,102.8288173,34.05998347,5.292223497,1,2,1,5,5,5
2016,"Junagadh","2016.Junagadh","IG9793","Kabuli",61.5864839,62.30102575,111.6385731,21.18644468,13.37652579,16.46236246,3,3,1,1,5,NA
2016,"Kanpur","2016.Kanpur","GG2","Desi",59,47.4,126,72.6,34.23,21.24,3,1,3,2,3,NA
2016,"Kanpur","2016.Kanpur","ICC11312","Desi",63,38,123,46.8,12.11,11.13,1,5,3,4,3,NA
2016,"Kanpur","2016.Kanpur","ICC11316","Desi",65,72,124,92.4,14.35,14.93,2,1,3,1,3,NA
2016,"Kanpur","2016.Kanpur","ICC11318","Desi",65,39.8,125,88.4,15.31,14.24,4,1,3,2,3,NA
2016,"Kanpur","2016.Kanpur","ICC11321","Desi",65,41.20000016,119.9999991,57.79997553,23.93999948,13.7600006,3,5,3,3,3,3
2016,"Kanpur","2016.Kanpur","ICC11322","Desi",60,42.8,113,42.6,16.81,15.34,1,4,3,1,3,NA
2016,"Kanpur","2016.Kanpur","ICC11324","Desi",72,33.4,118,46,12.6,13.53,4,1,3,1,3,NA
2016,"Kanpur","2016.Kanpur","ICC11498","Desi",84,39.2,123,64.8,8.36,13.57,2,5,3,5,3,NA
2016,"Kanpur","2016.Kanpur","ICC11502","Desi",72,40,116,58,14.57,14.07,4,4,3,3,3,3
2016,"Kanpur","2016.Kanpur","ICC11504","Desi",83,38.8,125,56.4,11.8,14.66,4,4,3,3,3,3
2016,"Kanpur","2016.Kanpur","ICC11507","Desi",79,60.8,125,54.6,20.13,9.9,2,1,3,5,3,NA
2016,"Kanpur","2016.Kanpur","ICC11510","Desi",82,52,126,50.2,13.14,12.61,2,5,3,5,3,NA
2016,"Kanpur","2016.Kanpur","ICC11524","Desi",67,26.6,123,87.8,13.72,19.04,5,5,3,2,3,NA
2016,"Kanpur","2016.Kanpur","ICC11525","Desi",86,42.8,132,57.6,10.4,8.53,3,1,3,2,3,NA
2016,"Kanpur","2016.Kanpur","ICC11535","Desi",65,48.8,114,48,18.6,14.2,4,2,3,3,3,3
2016,"Kanpur","2016.Kanpur","ICC11536","Desi",74,47.6,120,67.4,14.81,11.74,1,3,3,3,3,3
2016,"Kanpur","2016.Kanpur","ICC11823","Kabuli",77.95240806,57.47727146,121.8044111,27.82368893,26.31020959,9.684991914,5,4,3,5,3,NA
2016,"Kanpur","2016.Kanpur","ICC11879","Kabuli",67.99921537,46.60306147,111.9951655,104.9476022,15.21713264,17.01308131,3,3,3,4,3,NA
2016,"Kanpur","2016.Kanpur","ICC12228","Desi",74,36,116,53.4,13.56,13.47,1,2,3,5,3,NA
2016,"Kanpur","2016.Kanpur","ICC12233","Desi",68,37.2,119,80.6,16.04,10.01,5,3,3,1,3,NA
2016,"Kanpur","2016.Kanpur","ICC12235","Desi",64,32,112,53.8,14.23,9.85,3,5,3,4,3,NA
2016,"Kanpur","2016.Kanpur","ICC12242","Desi",71,41,123,55.8,11.99,12.99,3,1,3,1,3,NA
2016,"Kanpur","2016.Kanpur","ICC12246","Desi",62.99915377,37.19359907,113.9815354,59.18426787,13.73405787,16.1442232,3,2,3,3,3,3
2016,"Kanpur","2016.Kanpur","ICC12248","Desi",65,42.4,119,74.8,14.3,14.77,3,5,3,4,3,NA
2016,"Kanpur","2016.Kanpur","ICC12251","Desi",65,29.6,126,44.6,12.2,8.04,4,4,3,3,3,3
2016,"Kanpur","2016.Kanpur","ICC12258","Desi",63,45.2,112,74,15.23,8.75,1,5,3,2,3,NA
2016,"Kanpur","2016.Kanpur","ICC12259","Desi",69,42.8,112,72.2,8.83,8.67,4,2,3,4,3,NA
2016,"Kanpur","2016.Kanpur","ICC12267","Desi",70,38,112,62.4,10.10000001,8.77,5,3,3,5,3,NA
2016,"Kanpur","2016.Kanpur","ICC12268","Desi",81,41.8,117,86.8,11.52,12.58,1,4,3,3,3,3
2016,"Kanpur","2016.Kanpur","ICC12269","Desi",74,47.2,113,56.8,20.08,17.83,5,1,3,4,3,NA
2016,"Kanpur","2016.Kanpur","ICC12270","Desi",70,32,121,78.4,12.81,9.3,5,1,3,3,3,3
2016,"Kanpur","2016.Kanpur","ICC12273","Desi",62,46.4,113,63.8,16.76,11.61,1,4,3,1,3,NA
2016,"Kanpur","2016.Kanpur","ICC12274","Desi",67,39.2,123,91.6,15.9,13.52,3,5,3,4,3,NA
2016,"Kanpur","2016.Kanpur","ICC12337","Desi",69,41.2,111,76,14.69,13.44,1,2,3,5,3,NA
2016,"Kanpur","2016.Kanpur","ICC12348","Desi",70,39.8,129,53.2,13.06,9.65,4,4,3,2,3,NA
2016,"Kanpur","2016.Kanpur","ICC12361","Desi",74,41,122,53.6,13.51,16.73,1,3,3,3,3,3
2016,"Kanpur","2016.Kanpur","ICC12368","Desi",74,42.6,123,70.6,15.11,12.29,4,3,3,5,3,NA
2016,"Kanpur","2016.Kanpur","ICC12424","Desi",56.76059082,52.14284523,112.7644336,55.04446761,18.05987586,12.25555958,3,1,3,1,3,NA
2016,"Kanpur","2016.Kanpur","ICC12426","Desi",62,37.2,113,40.8,20.29,12.84,5,3,3,4,3,NA
2016,"Kanpur","2016.Kanpur","ICC12428","Kabuli",70,47.80000086,118.999996,83.60029536,11.48005175,12.3000139,4,4,3,1,3,NA
2016,"Kanpur","2016.Kanpur","ICC12433","Kabuli",63,37.2,115,31.6,8.35,5.59,4,2,3,2,3,NA
2016,"Kanpur","2016.Kanpur","ICC12434","Kabuli",62.99999983,40.40013865,115.9993124,53.99891122,10.73911863,9.400114246,3,1,3,4,3,NA
2016,"Kanpur","2016.Kanpur","ICC12437","Desi",60,34.6,112,59,13.84,11.29,2,5,3,4,3,NA
2016,"Kanpur","2016.Kanpur","ICC12452","Desi",60,37.6,107,69.6,14.15,17.81,3,5,3,1,3,NA
2016,"Kanpur","2016.Kanpur","ICC12458","Desi",68,36.8,106,43.8,11.36,7.51,5,2,3,4,3,NA
2016,"Kanpur","2016.Kanpur","ICC12461","Kabuli",76,54.8,127,61.6,19.54,12.4,2,3,3,5,3,NA
2016,"Kanpur","2016.Kanpur","ICC12463","Desi",86,49.6,130,100.6,11.72,15.52,4,2,3,5,3,NA
2016,"Kanpur","2016.Kanpur","ICC12464","Desi",84,38.8,126,62.2,12.83,11.31,1,4,3,1,3,NA
2016,"Kanpur","2016.Kanpur","ICC12471","Desi",65,41.4,123,91.4,11.21,15.76,1,3,3,3,3,3
2016,"Kanpur","2016.Kanpur","ICC12472","Desi",72,58.4,121,71.8,13.78,19.2,5,4,3,3,3,3
2016,"Kanpur","2016.Kanpur","ICC12476","Desi",74,38.4,122,34.4,16.23,6.59,5,5,3,1,3,NA
2016,"Kanpur","2016.Kanpur","ICC12479","Desi",55,35.6,111,43.8,14.11,6.82,3,3,3,3,3,3
2016,"Kanpur","2016.Kanpur","ICC12480","Desi",63,37.6,112,63.6,12.32,12.82,4,5,3,5,3,NA
2016,"Kanpur","2016.Kanpur","ICC12486","Desi",63,44,111,58.4,18.18,16.15,5,5,3,4,3,NA
2016,"Kanpur","2016.Kanpur","ICC12487","Desi",72,67.2,123,55.2,14.82,11.07,4,3,3,3,3,3
2016,"Kanpur","2016.Kanpur","ICC12488","Desi",69.82900705,43.48106925,115.428041,63.81180994,12.57312572,15.28814912,2,5,3,4,3,NA
2016,"Kanpur","2016.Kanpur","ICC12490","Desi",73.99999998,34.79999328,121.9999603,96.39932074,12.00005462,14.87001485,5,5,3,4,3,NA
2016,"Kanpur","2016.Kanpur","ICC12492","Kabuli",64,46,123,39.8,27.82,6.7,2,2,3,4,3,NA
2016,"Kanpur","2016.Kanpur","ICC12493","Kabuli",76,40.4,113,28.4,11.29,4.99,5,1,3,5,3,NA
2016,"Kanpur","2016.Kanpur","ICC12495","Kabuli",78,48.2,125,46.8,23.01,10.73,2,2,3,5,3,NA
2016,"Kanpur","2016.Kanpur","ICC12496","Kabuli",69,38.8,113,33.8,8.96,8.68,4,5,3,3,3,3
2016,"Kanpur","2016.Kanpur","ICC12986","Desi",74,69.2,125,42.2,41.3,18.05,2,2,3,3,3,3
2016,"Kanpur","2016.Kanpur","ICC13812","Desi",72,26,111,76.8,14.93,7.34,2,3,3,2,3,NA
2016,"Kanpur","2016.Kanpur","ICC13816","Kabuli",76,39.6,123,59,25.38,15.89,4,2,3,1,3,NA
2016,"Kanpur","2016.Kanpur","ICC14199","Kabuli",62,37.2,114,33,39.33,11.79,5,4,3,3,3,3
2016,"Kanpur","2016.Kanpur","ICC14302","Desi",71,42,117,113.6,13.26,16.18,2,5,3,4,3,NA
2016,"Kanpur","2016.Kanpur","ICC14304","Desi",73,44.4,128,89,15.21,15.13,1,5,3,1,3,NA
2016,"Kanpur","2016.Kanpur","ICC14315","Desi",63,43.99999999,111.9999999,42.39999529,11.83000036,6.240000062,2,4,3,5,3,NA
2016,"Kanpur","2016.Kanpur","ICC14316","Desi",74,51.6,125,94.6,15.16,14.58,3,3,3,5,3,NA
2016,"Kanpur","2016.Kanpur","ICC14321","Desi",71,25.2,111,48.6,14.82,8.67,3,5,3,1,3,NA
2016,"Kanpur","2016.Kanpur","ICC14327","Desi",64.86557347,42.16583002,124.5693267,30.23671371,13.42948343,6.960960179,1,4,3,4,3,NA
2016,"Kanpur","2016.Kanpur","ICC14331","Desi",63,28,112,65,11.2,8.45,1,3,3,1,3,NA
2016,"Kanpur","2016.Kanpur","ICC14333","Desi",60,26.4,111,46.4,14.71,8.44,5,3,3,5,3,NA
2016,"Kanpur","2016.Kanpur","ICC14334","Desi",67,24,111.9999999,45.79999835,13.72000011,7.339999962,1,4,3,1,3,NA
2016,"Kanpur","2016.Kanpur","ICC14335","Desi",78,59.4,138,38.8,24.25,6.9,1,3,3,2,3,NA
2016,"Kanpur","2016.Kanpur","ICC14344","Desi",74,37,128,72.2,19.4,19.79,1,3,3,4,3,NA
2016,"Kanpur","2016.Kanpur","ICC14354","Desi",71,38.8,123,71.2,16.55,17.47,5,4,3,5,3,NA
2016,"Kanpur","2016.Kanpur","ICC14356","Desi",78,47.6,113,76.6,14.14,15.61,2,3,3,2,3,NA
2016,"Kanpur","2016.Kanpur","ICC14364","Desi",71,38.8,112,73.8,12.17,14.63,5,4,3,2,3,NA
2016,"Kanpur","2016.Kanpur","ICC14366","Desi",71,34.8,123,53,13.34,13.76,2,5,3,5,3,NA
2016,"Kanpur","2016.Kanpur","ICC14368","Desi",71,45.6,119,66.2,17.32,11.13,2,5,3,5,3,NA
2016,"Kanpur","2016.Kanpur","ICC14369","Desi",65,39.2,113,83.2,15.01,14.02,3,5,3,5,3,NA
2016,"Kanpur","2016.Kanpur","ICC14371","Desi",76,63.8,123,50.6,28.88,17.36,1,2,3,1,3,NA
2016,"Kanpur","2016.Kanpur","ICC14374","Desi",73,42.4,122,84,11.86,15.41,4,5,3,2,3,NA
2016,"Kanpur","2016.Kanpur","ICC14385","Desi",63,41.19999974,110.9999977,45.59994344,14.12000446,13.67000096,3,3,3,4,3,NA
2016,"Kanpur","2016.Kanpur","ICC14390","Desi",69,51.4,113,79.4,15.72,22.73,2,3,3,5,3,NA
2016,"Kanpur","2016.Kanpur","ICC14391","Desi",65,36.80000025,110.9999956,40.60006437,13.07999718,10.01000407,2,1,3,3,3,3
2016,"Kanpur","2016.Kanpur","ICC14393","Desi",71,61,113,59.8,16.93,16.92,4,1,3,1,3,NA
2016,"Kanpur","2016.Kanpur","ICC14394","Desi",76,32.8,123,99.6,11.32,13.45,3,5,3,2,3,NA
2016,"Kanpur","2016.Kanpur","ICC14396","Desi",65,42.8,121,33,19.9,8.55,4,4,3,3,3,3
2016,"Kanpur","2016.Kanpur","ICC14402","Desi",68,42.4,114,74,19.39,17.89,4,1,3,5,3,NA
2016,"Kanpur","2016.Kanpur","ICC14411","Desi",65,37.2,112,55.6,14.56,11.41,3,4,3,4,3,NA
2016,"Kanpur","2016.Kanpur","ICC14423","Desi",63,45.6,116,58.4,12.49,13.76,3,3,3,5,3,NA
2016,"Kanpur","2016.Kanpur","ICC14425","Desi",76,37.6,116,45.2,11.13,9.92,2,2,3,5,3,NA
2016,"Kanpur","2016.Kanpur","ICC14426","Desi",60,38,112,42.6,13.11,8.2,2,4,3,1,3,NA
2016,"Kanpur","2016.Kanpur","ICC14432","Desi",65,38,113,83.6,13.11,16.21,2,5,3,4,3,NA
2016,"Kanpur","2016.Kanpur","ICC14436","Desi",78.99999413,38.00291225,116.9955386,60.35762524,14.95903701,11.72223163,2,3,3,3,3,3
2016,"Kanpur","2016.Kanpur","ICC14871","Desi",82,47.6,125,45.6,23.08,14.75,3,3,3,3,3,3
2016,"Kanpur","2016.Kanpur","ICC14872","Desi",79,NA,111,92.6,10.15,6.27,2,5,3,2,3,NA
2016,"Kanpur","2016.Kanpur","ICC15553","Desi",69,41.6,123,81.2,12.4,19.56,1,2,3,4,3,NA
2016,"Kanpur","2016.Kanpur","ICC15574","Desi",69,40.4,115,26.6,36.55,6.74,3,4,3,5,3,NA
2016,"Kanpur","2016.Kanpur","ICC15577","Desi",68,47.6,110,81.8,12.4,12.07,1,3,3,1,3,NA
2016,"Kanpur","2016.Kanpur","ICC15966","Desi",63,33.8,113,28,17.7,6.94,3,2,3,1,3,NA
2016,"Kanpur","2016.Kanpur","ICC16374","Desi",65,56.8,125,41.8,17.1,9.56,1,1,3,1,3,NA
2016,"Kanpur","2016.Kanpur","ICC16682","Desi",74,46.6,128,34.2,12.09,6.09,4,1,3,2,3,NA
2016,"Kanpur","2016.Kanpur","ICC4918NN","Desi",72,53.2,126,36.2,11.33,9.36,5,4,3,3,3,3
2016,"Kanpur","2016.Kanpur","ICC4923","Desi",75.9999995,39.59995271,125.0000329,36.60055559,12.60030155,3.880081078,4,4,3,4,3,NA
2016,"Kanpur","2016.Kanpur","ICC4928","Kabuli",80,56.4,123,76.8,23.4,20.22,4,5,3,1,3,NA
2016,"Kanpur","2016.Kanpur","ICC4938","Desi",71,35.4,123,75.4,11.5,47.86,5,2,3,2,3,NA
2016,"Kanpur","2016.Kanpur","ICC4946","Desi",75,42,121,76.2,11.69,20.68,5,3,3,2,3,NA
2016,"Kanpur","2016.Kanpur","ICC4947","Desi",78,44,114,71.2,14.67,11.32,2,5,3,4,3,NA
2016,"Kanpur","2016.Kanpur","ICC4948HN","Desi",70,38.8,116,73.2,16.16,11.14,4,5,3,1,3,NA
2016,"Kanpur","2016.Kanpur","ICC4948LN","Desi",72,54.8,119,104.2,13.21,19.26,4,1,3,1,3,NA
2016,"Kanpur","2016.Kanpur","ICC4954","Desi",65,32.4,112,56,12.16,9.51,2,1,3,3,3,3
2016,"Kanpur","2016.Kanpur","ICC4957N","Desi",75.999858,57.99610118,127.0045084,64.16107921,20.5290301,25.13979946,5,3,3,2,3,NA
2016,"Kanpur","2016.Kanpur","ICC4969","Desi",80,44.4,123,57.2,10.09000002,13.07,2,5,3,1,3,NA
2016,"Kanpur","2016.Kanpur","ICC4991","Desi",65,40.40000082,115.9999963,54.9999152,11.43999816,10.27000237,4,5,3,3,3,3
2016,"Kanpur","2016.Kanpur","ICC4992","Desi",82,46,126,100.8,14.15,24.67,4,2,3,2,3,NA
2016,"Kanpur","2016.Kanpur","ICC5003","Desi",67,52.4,114,64.4,31.34,21.83,5,4,3,2,3,NA
2016,"Kanpur","2016.Kanpur","ICC5003HN","Desi",65,42,114,33.8,30.45,11.99,1,1,3,5,3,NA
2016,"Kanpur","2016.Kanpur","ICC5003LN","Desi",69,32.4,117,74.6,26.1,11.88,4,2,3,3,3,3
2016,"Kanpur","2016.Kanpur","ICC5020","Desi",66,40.4,116,102.2,14.62,16.55,5,5,3,2,3,NA
2016,"Kanpur","2016.Kanpur","ICC5036","Desi",84,36.8,122,25,12.76,2.9,4,3,3,1,3,NA
2016,"Kanpur","2016.Kanpur","ICC5038","Kabuli",84,48.8,125,73.2,16.22,10.1,4,3,3,1,3,NA
2016,"Kanpur","2016.Kanpur","ICC5055","Kabuli",84,47.2,123,46.6,23.46,20.16,3,3,3,4,3,NA
2016,"Kanpur","2016.Kanpur","ICC5135","Desi",82,43.6,124,46.6,13.64,15.1,1,1,3,1,3,NA
2016,"Kanpur","2016.Kanpur","ICC5146","Desi",78,38.2,121,58.4,12.56,18.87,4,5,3,3,3,3
2016,"Kanpur","2016.Kanpur","ICC5151","Desi",76,52.4,123,125.2,11.7,13.2,3,2,3,3,3,3
2016,"Kanpur","2016.Kanpur","ICC5152","Desi",63,38.8,116,24,17.31,5.91,5,1,3,3,3,3
2016,"Kanpur","2016.Kanpur","ICC5169","Desi",70,43.2,113,123,14.64,21.38,4,3,3,3,3,3
2016,"Kanpur","2016.Kanpur","ICC5172","Desi",75,34.4,113,67.2,12.39,6.22,1,2,3,1,3,NA
2016,"Kanpur","2016.Kanpur","ICC5178","Desi",79,27.8,112.9999995,42.20000741,11.34000207,6.510000302,5,4,3,3,3,3
2016,"Kanpur","2016.Kanpur","ICC5221","Desi",71,36.8,116,78.8,12.45,10.38,3,4,3,5,3,NA
2016,"Kanpur","2016.Kanpur","ICC5233","Desi",69,51.6,112,113,13.99,12.99,3,5,3,3,3,3
2016,"Kanpur","2016.Kanpur","ICC5239","Desi",65,35.6,111,65.8,13.64,11.37,3,1,3,2,3,NA
2016,"Kanpur","2016.Kanpur","ICC5409","Desi",60,46,112,49.2,14.88,14.95,4,4,3,4,3,NA
2016,"Kanpur","2016.Kanpur","ICC5455","Desi",76,48,123,110.4,10.48,16.83,5,1,3,5,3,NA
2016,"Kanpur","2016.Kanpur","ICC5458","Desi",67.99990764,30.40021562,110.998888,19.25738558,22.25811311,5.44547167,1,3,3,5,3,NA
2016,"Kanpur","2016.Kanpur","ICC5592","Desi",60,36.8,111,40.2,14.02,6.79,2,5,3,1,3,NA
2016,"Kanpur","2016.Kanpur","ICC5593","Desi",71,40,123,67.2,19.33,15.27,1,4,3,1,3,NA
2016,"Kanpur","2016.Kanpur","ICC5710","Desi",64,42,112,63.2,18.36,14.69,3,3,3,5,3,NA
2016,"Kanpur","2016.Kanpur","ICC5722","Desi",83,50.8,121,107,13.1,20.03,1,4,3,4,3,NA
2016,"Kanpur","2016.Kanpur","ICC5743","Desi",74,54.8,113,58.8,19.69,17.52,2,5,3,2,3,NA
2016,"Kanpur","2016.Kanpur","ICC5752","Desi",72,49,130,87.4,12.06,17.06,1,1,3,1,3,NA
2016,"Kanpur","2016.Kanpur","ICC5755","Desi",65,48.8,116,45.8,17.27,8.6,4,1,3,2,3,NA
2016,"Kanpur","2016.Kanpur","ICC5780","Desi",57,44,123,121.6,13.15,16.19,1,4,3,2,3,NA
2016,"Kanpur","2016.Kanpur","ICC5783","Desi",63,41.2,112,58.75,14.29,14.41,2,4,3,5,3,NA
2016,"Kanpur","2016.Kanpur","ICC5810","Desi",55,46.4,109,64.40000001,15.58,14.56,3,5,3,2,3,NA
2016,"Kanpur","2016.Kanpur","ICC5811","Kabuli",65,43.2,121,59.2,10.16,7.86,5,1,3,4,3,NA
2016,"Kanpur","2016.Kanpur","ICC5851","Desi",68,44.99999989,116.9999991,45.99998016,18.68000133,9.629999412,2,4,3,5,3,NA
2016,"Kanpur","2016.Kanpur","ICC6098","Desi",68,48,113,47.6,18.33,13.96,3,3,3,2,3,NA
2016,"Kanpur","2016.Kanpur","ICC6128","Desi",70,38.4,121,93.75,20.53,16.76,1,5,3,3,3,3
2016,"Kanpur","2016.Kanpur","ICC7204","Kabuli",62.99999672,50.00017338,112.9987154,50.80928199,14.29957706,14.18097521,1,5,3,5,3,NA
2016,"Kanpur","2016.Kanpur","ICC7207","Kabuli",73,42.2,113,43.75,11.96,7.01,5,1,3,4,3,NA
2016,"Kanpur","2016.Kanpur","ICC7225","Kabuli",64.99999971,45.20003378,111.9996886,32.20267851,13.37987912,7.10024794,5,5,3,2,3,NA
2016,"Kanpur","2016.Kanpur","ICC7380","Desi",80,36.6,121,53.2,13.85,7.78,4,4,3,1,3,NA
2016,"Kanpur","2016.Kanpur","ICC7541","Desi",64,48,114,79,12.66,15.22,3,5,3,5,3,NA
2016,"Kanpur","2016.Kanpur","ICC8276","Desi",72,38.4,124,40.2,12.42,6.84,2,1,3,2,3,NA
2016,"Kanpur","2016.Kanpur","ICC8284","Kabuli",76,58,116,33.4,12.08,14.25,5,2,3,5,3,NA
2016,"Kanpur","2016.Kanpur","ICC8330","Desi",76,38,124,68,16.59,13.41,4,5,3,2,3,NA
2016,"Kanpur","2016.Kanpur","ICC8332","Desi",71.99999996,39.79997707,112.9999364,45.40032093,16.9100797,10.88999286,3,2,3,4,3,NA
2016,"Kanpur","2016.Kanpur","ICC8336","Desi",63,36,116,59.4,14.57,6.27,3,1,3,4,3,NA
2016,"Kanpur","2016.Kanpur","ICC8402","Desi",69,36.4,112,80.8,13.28,5.23,5,3,3,2,3,NA
2016,"Kanpur","2016.Kanpur","ICCC37","Desi",75,53.6,113,23.2,19.55,8.06,2,1,3,3,3,3
2016,"Kanpur","2016.Kanpur","ICCL81248","Desi",64,40.8,112,57.2,13.3,10.94,1,4,3,3,3,3
2016,"Kanpur","2016.Kanpur","ICCL82108","Desi",71,50.4,125,47.8,16.45,14.72,2,2,3,4,3,NA
2016,"Kanpur","2016.Kanpur","ICCL82115","Desi",55,38.8,109,42,17.45,12.29,1,1,3,3,3,3
2016,"Kanpur","2016.Kanpur","ICCL83135","Desi",55,41,100,69.6,25.31,19.11,3,2,3,4,3,NA
2016,"Kanpur","2016.Kanpur","ICCL83149","Desi",63,42,113,61.4,21.6,23.3,4,2,3,4,3,NA
2016,"Kanpur","2016.Kanpur","ICCL85222","Desi",62,45.6,123,44,12.74,10.62,5,1,3,1,3,NA
2016,"Kanpur","2016.Kanpur","ICCV2","Kabuli",63,42.8,113,44.2,26.54,14.26,2,5,3,5,3,NA
2016,"Kanpur","2016.Kanpur","ICCV2NN","Kabuli",55,47.6,114,43.8,30.75,17.03,2,1,3,1,3,NA
2016,"Kanpur","2016.Kanpur","ICCV88202","Desi",62,42,112,27.2,20.06,8.44,1,1,3,3,3,3
2016,"Kanpur","2016.Kanpur","ICCV88503","Desi",59,47.6,111,81,14.09,20.44,3,3,3,4,3,NA
2016,"Kanpur","2016.Kanpur","ICCV89314","Desi",73,35.2,113,63.2,15.47,10.04,3,5,3,2,3,NA
2016,"Kanpur","2016.Kanpur","ICCV89509","Kabuli",74,52.8,115,50.8,26.24,21.84,1,3,3,4,3,NA
2016,"Kanpur","2016.Kanpur","ICCV91106","Desi",63,42.6,112,59.6,14.54,14.2,1,1,3,4,3,NA
2016,"Kanpur","2016.Kanpur","ICCV91302","Kabuli",63,32,120,36.8,22.09,12.55,2,3,3,5,3,NA
2016,"Kanpur","2016.Kanpur","ICCV91902","Desi",68,51.6,122,76.6,32.37,18.13,5,3,3,2,3,NA
2016,"Kanpur","2016.Kanpur","ICCV92311","Kabuli",55,34.8,116,26,41.15,10.33,5,2,3,2,3,NA
2016,"Kanpur","2016.Kanpur","ICCV92503","Desi",55,50.6,112,59.8,22.08,19.73,5,4,3,2,3,NA
2016,"Kanpur","2016.Kanpur","ICCV92944","Desi",71,41.6,112,49.40000001,26.79,18.62,2,1,3,1,3,NA
2016,"Kanpur","2016.Kanpur","ICCV93954","Desi",65,48,127,71.6,11.69,10.18,2,1,3,2,3,NA
2016,"Kanpur","2016.Kanpur","ICCV93958","Desi",69,36,122,60.4,22.03,7.16,4,4,3,2,3,NA
2016,"Kanpur","2016.Kanpur","ICCV94954","Desi",62.99116868,47.16326325,112.0982493,69.25642601,20.4278425,20.02180093,1,1,3,4,3,NA
2016,"Kanpur","2016.Kanpur","ICCV95334","Kabuli",60,51.6,121,26.2,41.64,12.56,2,3,3,4,3,NA
2016,"Kanpur","2016.Kanpur","ICCV95605","Desi",70.99999999,49.80000266,119.9999812,67.00021215,14.72003398,20.6500087,3,4,3,2,3,NA
2016,"Kanpur","2016.Kanpur","ICCV95705","Desi",65,36.8,114,81.4,16.83,22.17,5,1,3,4,3,NA
2016,"Kanpur","2016.Kanpur","ICCV95981","Desi",65,35.4,121,97.4,24.17,22.42,4,5,3,1,3,NA
2016,"Kanpur","2016.Kanpur","ICCV95982","Desi",62,59.4,113,52.8,27.67,24.08,5,3,3,1,3,NA
2016,"Kanpur","2016.Kanpur","ICCV96030","Desi",55,56.8,103,40.6,17.67,18.01,2,5,3,2,3,NA
2016,"Kanpur","2016.Kanpur","ICCV96970","Desi",76,50,126,43.4,12.72,8.54,4,4,3,5,3,NA
2016,"Kanpur","2016.Kanpur","IG10360","Kabuli",65,33.6,123,91.6,15.07,14.32,5,3,3,2,3,NA
2016,"Kanpur","2016.Kanpur","IG6367","Kabuli",63,50,113,73.4,9.43,21.13,1,1,3,3,3,3
2016,"Kanpur","2016.Kanpur","IG6394","Kabuli",72,48.40000001,111.9999999,88.8000071,14.74000121,9.530000228,5,1,3,5,3,NA
2016,"Kanpur","2016.Kanpur","IG69343","Kabuli",71,80,121,54.2,27.32,15.09,1,4,3,3,3,3
2016,"Kanpur","2016.Kanpur","IG69348","Kabuli",75.99999947,59.20002265,121.9999311,60.40354692,29.74063346,12.12021498,2,4,3,2,3,NA
2016,"Kanpur","2016.Kanpur","IG69352","Kabuli",79,55.2,123,31.8,21.34,5.34,3,2,3,3,3,3
2016,"Kanpur","2016.Kanpur","IG69355","Kabuli",69,56.8,112,24.6,21.74,7.28,5,2,3,3,3,3
2016,"Kanpur","2016.Kanpur","IG69388","Kabuli",82,67,123,60.6,24.19,9.89,4,4,3,4,3,NA
2016,"Kanpur","2016.Kanpur","IG69409","Kabuli",75,65.2,113,42.6,24.51,11.97,1,2,3,3,3,3
2016,"Kanpur","2016.Kanpur","IG69843","Kabuli",81,60.8,123,42,21.65,5.59,5,3,3,2,3,NA
2016,"Kanpur","2016.Kanpur","IG70855","Kabuli",63,36.4,114,13.8,NA,5.27,1,4,3,4,3,NA
2016,"Kanpur","2016.Kanpur","IG70881","Kabuli",73,54.4,117,47.8,11.51,7.97,2,5,3,1,3,NA
2016,"Kanpur","2016.Kanpur","IG75740","Kabuli",67,48.4,116,41.4,30.4,17.01,3,5,3,1,3,NA
2016,"Kanpur","2016.Kanpur","IG9729","Kabuli",74,48.8,130,41,32.66,13.81,4,5,3,5,3,NA
2016,"Kanpur","2016.Kanpur","IG9750","Kabuli",76,56.4,124,32.8,27.94,7.99,3,5,3,3,3,3
2016,"Kanpur","2016.Kanpur","IG9766","Kabuli",77,74.2,123,50.4,31.38,11.61,1,3,3,5,3,NA
2016,"Kanpur","2016.Kanpur","IG9793","Kabuli",81,54,127,50.8,25.82,14.87,3,4,3,1,3,NA
2016,"Patancheru","2016.Patancheru","GG2","Desi",21.84671995,35.7870025,99.50910658,45.86133203,34.20641007,13.11162988,3,2,4,2,4,NA
2016,"Patancheru","2016.Patancheru","ICC11312","Desi",46.69303416,40.27553135,103.2081162,92.44194248,10.65407149,11.40028222,1,5,4,4,4,4
2016,"Patancheru","2016.Patancheru","ICC11316","Desi",57.30716613,30.49909369,98.40461745,84.12629264,12.72920119,10.5312723,2,4,4,1,4,NA
2016,"Patancheru","2016.Patancheru","ICC11318","Desi",67.8469186,33.92198181,125.060371,123.678604,10.09907194,12.67694483,4,5,4,2,4,NA
2016,"Patancheru","2016.Patancheru","ICC11321","Desi",49.89193936,37.04381275,114.7516862,25.99944792,20.01157402,9.330779889,3,5,4,3,4,NA
2016,"Patancheru","2016.Patancheru","ICC11322","Desi",42.22056402,37.86485522,104.378921,72.44227477,13.23721628,9.698294222,1,4,4,1,4,NA
2016,"Patancheru","2016.Patancheru","ICC11324","Desi",68.64480358,34.0171236,125.6296492,50.50029143,11.37899752,7.640189156,4,4,4,1,4,NA
2016,"Patancheru","2016.Patancheru","ICC11498","Desi",58.1389895,41.76548521,118.2582519,122.7937873,11.46786004,15.5265578,2,4,4,5,4,NA
2016,"Patancheru","2016.Patancheru","ICC11502","Desi",57.97008561,43.04287408,116.6798531,109.6350143,14.91399634,18.34164687,4,4,4,3,4,NA
2016,"Patancheru","2016.Patancheru","ICC11504","Desi",76.57492446,44.05869964,129.4972268,86.3218637,11.37155429,11.16118511,4,4,4,3,4,NA
2016,"Patancheru","2016.Patancheru","ICC11507","Desi",75.37052978,43.62828877,138.3244279,81.21814765,11.16980761,13.0609903,2,5,4,5,4,NA
2016,"Patancheru","2016.Patancheru","ICC11510","Desi",73.20816417,52.01694628,124.1822125,55.75818896,18.42360706,12.47105987,2,5,4,5,4,NA
2016,"Patancheru","2016.Patancheru","ICC11524","Desi",62.67837955,43.68993722,128.2340013,195.2165752,14.48167812,32.66788401,5,4,4,2,4,NA
2016,"Patancheru","2016.Patancheru","ICC11525","Desi",61.98501078,48.89938721,112.4864784,218.2975179,19.42125401,27.84612355,3,3,4,2,4,NA
2016,"Patancheru","2016.Patancheru","ICC11535","Desi",63.33164837,41.57825722,127.1503704,46.39335837,15.65707281,9.054733944,4,5,4,3,4,NA
2016,"Patancheru","2016.Patancheru","ICC11536","Desi",66.76024482,45.06746546,118.8863042,118.1265737,13.96145583,16.4379194,1,3,4,3,4,NA
2016,"Patancheru","2016.Patancheru","ICC11823","Kabuli",94.35375361,55.87991329,135.6957331,66.99696419,29.80648187,17.41711427,5,1,4,5,4,NA
2016,"Patancheru","2016.Patancheru","ICC11879","Kabuli",63.45782601,63.94965572,130.6913646,47.96626746,22.27502142,6.93900032,3,1,4,4,4,4
2016,"Patancheru","2016.Patancheru","ICC12228","Desi",69.2424061,41.91374328,128.3663532,98.11425255,11.18919721,13.8105404,1,4,4,5,4,NA
2016,"Patancheru","2016.Patancheru","ICC12233","Desi",57.9019595,41.05474182,125.7918007,133.5859973,13.26555335,18.91351348,5,3,4,1,4,NA
2016,"Patancheru","2016.Patancheru","ICC12235","Desi",49.43895392,40.5770125,110.0801519,114.5459863,12.81323206,17.49074891,3,3,4,4,4,4
2016,"Patancheru","2016.Patancheru","ICC12242","Desi",63.61659701,32.77866773,119.6535066,122.08051,8.674812769,17.41008369,3,1,4,1,4,NA
2016,"Patancheru","2016.Patancheru","ICC12246","Desi",57.59699678,36.05410264,111.8561935,147.6152225,12.11301213,23.65902224,3,5,4,3,4,NA
2016,"Patancheru","2016.Patancheru","ICC12248","Desi",75.66270607,32.85205186,133.9874652,48.4033869,12.29839281,5.302164239,3,5,4,4,4,4
2016,"Patancheru","2016.Patancheru","ICC12251","Desi",65.73585789,37.13420092,112.183219,129.4244558,8.662390202,21.79855736,4,5,4,3,4,NA
2016,"Patancheru","2016.Patancheru","ICC12258","Desi",47.77663957,42.95880651,110.5164234,75.55370818,12.98443495,11.05066686,1,2,4,2,4,NA
2016,"Patancheru","2016.Patancheru","ICC12259","Desi",65.60148989,35.99536785,119.3876887,86.79874014,12.69657037,14.0773156,4,5,4,4,4,4
2016,"Patancheru","2016.Patancheru","ICC12267","Desi",49.57352979,37.1955277,110.9514179,135.2912756,12.15227225,17.15506145,5,3,4,5,4,NA
2016,"Patancheru","2016.Patancheru","ICC12268","Desi",59.76541192,34.31203779,105.2780351,123.1499158,11.76209266,18.04723889,1,3,4,3,4,NA
2016,"Patancheru","2016.Patancheru","ICC12269","Desi",32.40368763,42.03598299,93.94530061,147.2671535,20.97502792,29.52917086,5,3,4,4,4,4
2016,"Patancheru","2016.Patancheru","ICC12270","Desi",57.66038381,37.47403668,105.4869949,127.8792565,13.23191628,17.32106242,5,4,4,3,4,NA
2016,"Patancheru","2016.Patancheru","ICC12273","Desi",40.70847624,30.15182308,99.15307088,56.40592801,15.31644132,9.408625418,1,4,4,1,4,NA
2016,"Patancheru","2016.Patancheru","ICC12274","Desi",57.65198673,34.61501787,114.8266766,104.8076535,14.54997516,14.4914564,3,2,4,4,4,4
2016,"Patancheru","2016.Patancheru","ICC12337","Desi",58.39677682,33.92062525,103.7410526,148.6469469,15.21984897,17.3212142,1,5,4,5,4,NA
2016,"Patancheru","2016.Patancheru","ICC12348","Desi",84.34791368,44.66511012,131.1637716,133.9439782,11.51646836,25.07665417,4,2,4,2,4,NA
2016,"Patancheru","2016.Patancheru","ICC12361","Desi",48.58000341,28.88150799,110.3637554,69.4524767,10.02889868,13.3630817,1,2,4,3,4,NA
2016,"Patancheru","2016.Patancheru","ICC12368","Desi",39.54413346,39.57952277,91.72996461,81.33057725,16.29006266,9.589097603,4,3,4,5,4,NA
2016,"Patancheru","2016.Patancheru","ICC12424","Desi",32.17093314,42.76742486,102.5467191,60.5310921,16.19207924,9.705757113,3,3,4,1,4,NA
2016,"Patancheru","2016.Patancheru","ICC12426","Desi",43.66841604,31.81574114,103.972339,60.69173329,17.04947801,11.97479746,5,3,4,4,4,4
2016,"Patancheru","2016.Patancheru","ICC12428","Kabuli",67.3431217,43.93300191,121.4351033,89.33665438,10.90069719,13.00332281,4,1,4,1,4,NA
2016,"Patancheru","2016.Patancheru","ICC12433","Kabuli",47.09247777,38.14539905,106.8565696,107.6502989,9.345251864,13.97643427,4,5,4,2,4,NA
2016,"Patancheru","2016.Patancheru","ICC12434","Kabuli",45.85641118,44.92383723,121.2651608,77.88719387,11.47611759,11.34615809,3,1,4,4,4,4
2016,"Patancheru","2016.Patancheru","ICC12437","Desi",52.67666281,39.47261775,112.0816677,86.37592238,7.715018316,17.76171917,2,3,4,4,4,4
2016,"Patancheru","2016.Patancheru","ICC12452","Desi",74.02763897,34.3671231,124.3059884,79.37568619,11.2970693,14.4926947,3,4,4,1,4,NA
2016,"Patancheru","2016.Patancheru","ICC12458","Desi",49.89883201,38.63773163,108.7694103,157.8540596,19.87905443,17.02896884,5,2,4,4,4,4
2016,"Patancheru","2016.Patancheru","ICC12461","Kabuli",65.62039089,43.28767778,125.1749455,37.37744755,17.48519293,9.773564043,2,2,4,5,4,NA
2016,"Patancheru","2016.Patancheru","ICC12463","Desi",88.85019672,46.98497807,141.7043436,141.5625713,9.111843102,19.74868512,4,1,4,5,4,NA
2016,"Patancheru","2016.Patancheru","ICC12464","Desi",102.0552482,40.56313496,139.7849096,49.14105551,12.86703663,4.713375223,1,1,4,1,4,NA
2016,"Patancheru","2016.Patancheru","ICC12471","Desi",56.16700044,35.71070335,115.896635,127.9254265,18.89567522,18.45726653,1,1,4,3,4,NA
2016,"Patancheru","2016.Patancheru","ICC12472","Desi",63.74951863,33.40771971,123.892441,81.50006608,16.21417445,14.0993884,5,3,4,3,4,NA
2016,"Patancheru","2016.Patancheru","ICC12476","Desi",61.15457501,47.99369385,110.4882264,144.5004291,16.82031664,25.21840145,5,4,4,1,4,NA
2016,"Patancheru","2016.Patancheru","ICC12479","Desi",55.78011022,37.77683268,108.4086172,15.18433834,3.45713713,2.215228805,3,2,4,3,4,NA
2016,"Patancheru","2016.Patancheru","ICC12480","Desi",42.24199224,35.54808266,107.7543774,58.45978085,12.27548451,8.210020311,4,5,4,5,4,NA
2016,"Patancheru","2016.Patancheru","ICC12486","Desi",51.13779098,34.96515648,105.8746244,59.34384216,14.67233636,9.789681282,5,4,4,4,4,4
2016,"Patancheru","2016.Patancheru","ICC12487","Desi",73.52796256,46.98468354,129.403248,115.6663327,11.60039637,23.2993637,4,5,4,3,4,NA
2016,"Patancheru","2016.Patancheru","ICC12488","Desi",73.29813364,48.06603516,119.4497191,40.98414576,17.92162934,6.774108676,2,5,4,4,4,4
2016,"Patancheru","2016.Patancheru","ICC12490","Desi",86.05531538,38.89869662,136.6282921,75.35794365,5.955982504,12.82790462,5,3,4,4,4,4
2016,"Patancheru","2016.Patancheru","ICC12492","Kabuli",67.0169938,51.01943901,123.9778133,62.54039873,17.70149844,10.73286256,2,3,4,4,4,4
2016,"Patancheru","2016.Patancheru","ICC12493","Kabuli",73.40615449,48.95113981,125.5027802,121.6753084,16.45045458,19.57245977,5,1,4,5,4,NA
2016,"Patancheru","2016.Patancheru","ICC12495","Kabuli",60.28384288,61.98849879,120.4573679,80.98109898,23.64711604,19.67589645,2,5,4,5,4,NA
2016,"Patancheru","2016.Patancheru","ICC12496","Kabuli",45.47415231,41.58716794,108.9205967,74.87146736,23.0750278,15.45654795,4,3,4,3,4,NA
2016,"Patancheru","2016.Patancheru","ICC12986","Desi",55.57941115,39.76188933,118.9073675,150.2498142,14.77725438,24.95323686,2,4,4,3,4,NA
2016,"Patancheru","2016.Patancheru","ICC13812","Desi",64.04381735,37.12961475,121.9621811,102.3147306,12.18164866,12.99908187,2,5,4,2,4,NA
2016,"Patancheru","2016.Patancheru","ICC13816","Kabuli",87.61180089,41.81689419,138.9348938,39.35583408,23.32687405,10.71736098,4,2,4,1,4,NA
2016,"Patancheru","2016.Patancheru","ICC14199","Kabuli",72.46402187,50.70589428,135.7555376,54.62434343,35.56389528,13.04558363,5,4,4,3,4,NA
2016,"Patancheru","2016.Patancheru","ICC14302","Desi",60.35392575,35.87957957,114.7327277,95.70787451,13.29696339,11.30792719,2,3,4,4,4,4
2016,"Patancheru","2016.Patancheru","ICC14304","Desi",61.25748749,35.46562278,107.8787246,70.88665989,15.12849109,7.475529002,1,3,4,1,4,NA
2016,"Patancheru","2016.Patancheru","ICC14315","Desi",31.65028122,42.9340669,96.9536362,97.53686155,12.46639125,17.66645276,2,5,4,5,4,NA
2016,"Patancheru","2016.Patancheru","ICC14316","Desi",44.89093325,36.77198119,98.4097976,87.20490575,12.75432612,13.01562469,3,4,4,5,4,NA
2016,"Patancheru","2016.Patancheru","ICC14321","Desi",27.40495824,30.26836601,87.80115282,125.0127892,17.48251182,21.09083687,3,2,4,1,4,NA
2016,"Patancheru","2016.Patancheru","ICC14327","Desi",44.97453111,33.95147157,109.4560292,81.68290934,14.40926827,12.57976488,1,3,4,4,4,4
2016,"Patancheru","2016.Patancheru","ICC14331","Desi",45.71422956,41.16081591,108.1441548,152.4605744,24.66028089,19.86553403,1,2,4,1,4,NA
2016,"Patancheru","2016.Patancheru","ICC14333","Desi",46.64084338,30.52508492,113.8143124,143.1336235,11.94745113,21.03623858,5,2,4,5,4,NA
2016,"Patancheru","2016.Patancheru","ICC14334","Desi",34.4169268,31.4698923,106.8811012,51.78922399,11.54835585,5.854965231,1,1,4,1,4,NA
2016,"Patancheru","2016.Patancheru","ICC14335","Desi",43.54136165,46.06682859,102.0236887,23.48258645,31.06247853,10.4909629,1,4,4,2,4,NA
2016,"Patancheru","2016.Patancheru","ICC14344","Desi",66.89477184,39.87766615,121.0176965,34.08061902,18.36658383,8.117635643,1,1,4,4,4,4
2016,"Patancheru","2016.Patancheru","ICC14354","Desi",65.97795644,50.19704854,122.2947023,177.2944472,14.527692,28.62235107,5,1,4,5,4,NA
2016,"Patancheru","2016.Patancheru","ICC14356","Desi",43.86471036,36.27220022,100.1091619,127.1774656,12.74927814,16.81843486,2,5,4,2,4,NA
2016,"Patancheru","2016.Patancheru","ICC14364","Desi",50.5434941,30.11371098,123.242457,60.80774166,13.6623388,7.499091652,5,3,4,2,4,NA
2016,"Patancheru","2016.Patancheru","ICC14366","Desi",50.14348599,41.62368463,124.4626511,NA,14.35817488,NA,2,1,4,5,4,NA
2016,"Patancheru","2016.Patancheru","ICC14368","Desi",36.95837669,38.46305383,102.4639614,101.7067304,16.86642353,17.50298966,2,1,4,5,4,NA
2016,"Patancheru","2016.Patancheru","ICC14369","Desi",54.65252057,33.80179082,103.0386364,94.16801746,12.94644786,13.13768142,3,5,4,5,4,NA
2016,"Patancheru","2016.Patancheru","ICC14371","Desi",63.81583963,35.28748803,117.9685644,108.2039621,9.875547865,15.06148958,1,4,4,1,4,NA
2016,"Patancheru","2016.Patancheru","ICC14374","Desi",45.26463656,41.32066049,102.310937,67.80619553,20.12254439,13.03526068,4,3,4,2,4,NA
2016,"Patancheru","2016.Patancheru","ICC14385","Desi",39.7560576,43.05018838,98.5255382,87.93459008,14.06154971,13.61029527,3,3,4,4,4,4
2016,"Patancheru","2016.Patancheru","ICC14390","Desi",46.82420989,38.33310823,103.9327868,75.06037036,13.67818248,10.77038152,2,5,4,5,4,NA
2016,"Patancheru","2016.Patancheru","ICC14391","Desi",50.64034809,35.87092214,107.4908555,109.8741298,13.8812321,15.59134932,2,2,4,3,4,NA
2016,"Patancheru","2016.Patancheru","ICC14393","Desi",39.26464447,39.27318653,94.4890394,53.29726107,13.69349314,8.145909878,4,4,4,1,4,NA
2016,"Patancheru","2016.Patancheru","ICC14394","Desi",55.90719851,38.94648453,116.6748503,127.5362806,10.49149752,16.16571546,3,5,4,2,4,NA
2016,"Patancheru","2016.Patancheru","ICC14396","Desi",45.38071777,33.05513487,104.3913333,82.508409,15.67874946,12.19537898,4,2,4,3,4,NA
2016,"Patancheru","2016.Patancheru","ICC14402","Desi",50.85875108,39.34911698,102.0142324,81.95052451,14.43468902,11.2616643,4,2,4,5,4,NA
2016,"Patancheru","2016.Patancheru","ICC14411","Desi",58.41507731,39.82754101,112.8517524,104.3810289,10.55453777,13.08566403,3,1,4,4,4,4
2016,"Patancheru","2016.Patancheru","ICC14423","Desi",53.96428387,38.7738405,112.148054,162.053774,12.79229829,21.52106146,3,5,4,5,4,NA
2016,"Patancheru","2016.Patancheru","ICC14425","Desi",61.95618526,37.95200737,116.6376432,147.0037679,13.23666597,24.2512972,2,5,4,5,4,NA
2016,"Patancheru","2016.Patancheru","ICC14426","Desi",57.63620478,41.31583434,113.291356,110.9107175,11.12759163,18.53731169,2,3,4,1,4,NA
2016,"Patancheru","2016.Patancheru","ICC14432","Desi",69.20798627,39.58880778,132.5420625,144.8032892,6.732453074,27.58347018,2,3,4,4,4,4
2016,"Patancheru","2016.Patancheru","ICC14436","Desi",62.40182647,42.76371185,121.7007296,63.54852068,18.38836112,17.70039202,2,3,4,3,4,NA
2016,"Patancheru","2016.Patancheru","ICC14871","Desi",90.16038492,44.99224369,136.3554835,59.5910428,18.6208888,14.91003105,3,5,4,3,4,NA
2016,"Patancheru","2016.Patancheru","ICC14872","Desi",68.77315061,30.02245153,120.1910458,72.93645499,10.94307893,7.442331632,2,1,4,2,4,NA
2016,"Patancheru","2016.Patancheru","ICC15553","Desi",53.23193177,49.1203606,109.843839,216.5095149,16.7118708,30.64034151,1,1,4,4,4,4
2016,"Patancheru","2016.Patancheru","ICC15574","Desi",55.27995391,48.49924569,129.8048088,44.00604756,43.20495597,12.31046001,3,5,4,5,4,NA
2016,"Patancheru","2016.Patancheru","ICC15577","Desi",74.69620715,46.3484317,125.9240452,87.21869892,10.24580362,11.52653193,1,2,4,1,4,NA
2016,"Patancheru","2016.Patancheru","ICC15966","Desi",48.79480185,43.03262405,105.0293312,89.42172763,18.87303571,15.48138264,3,3,4,1,4,NA
2016,"Patancheru","2016.Patancheru","ICC16374","Desi",27.47409677,68.7484665,102.261073,73.7295284,25.03070893,17.28329167,1,2,4,1,4,NA
2016,"Patancheru","2016.Patancheru","ICC16682","Desi",55.20140716,42.65061219,129.1438522,74.54245201,11.60461554,11.65851489,4,4,4,2,4,NA
2016,"Patancheru","2016.Patancheru","ICC4918NN","Desi",46.2386118,35.75640203,99.89170713,71.60108109,18.07523976,15.90356951,5,5,4,3,4,NA
2016,"Patancheru","2016.Patancheru","ICC4923","Desi",73.97902307,46.07763322,129.8157366,135.557062,12.64153852,19.61849129,4,1,4,4,4,4
2016,"Patancheru","2016.Patancheru","ICC4928","Kabuli",76.80470826,41.13475945,132.9113051,103.0116086,19.63506306,20.7131967,4,4,4,1,4,NA
2016,"Patancheru","2016.Patancheru","ICC4938","Desi",76.51648925,39.35221186,129.6716455,117.7999757,10.42179829,13.47631161,5,1,4,2,4,NA
2016,"Patancheru","2016.Patancheru","ICC4946","Desi",79.02573221,54.8555644,130.7147472,121.1625616,10.7452295,15.2428775,5,2,4,2,4,NA
2016,"Patancheru","2016.Patancheru","ICC4947","Desi",82.25123843,50.55907021,132.5966293,108.0731785,11.93631052,13.89809684,2,5,4,4,4,4
2016,"Patancheru","2016.Patancheru","ICC4948HN","Desi",77.98479226,51.84411599,128.7818755,148.9132067,13.78139939,26.40702739,4,1,4,1,4,NA
2016,"Patancheru","2016.Patancheru","ICC4948LN","Desi",57.03080949,44.41172545,118.0876472,115.6464722,17.90064007,17.2094216,4,1,4,1,4,NA
2016,"Patancheru","2016.Patancheru","ICC4954","Desi",66.20130164,45.25869121,127.152658,109.0218437,14.6569267,17.2141156,2,4,4,3,4,NA
2016,"Patancheru","2016.Patancheru","ICC4957N","Desi",45.9813257,45.2972628,121.175228,72.77544545,23.05126051,10.92876844,5,4,4,2,4,NA
2016,"Patancheru","2016.Patancheru","ICC4969","Desi",88.70139836,40.19714631,134.0746466,85.84125317,10.57187332,9.747966516,2,1,4,1,4,NA
2016,"Patancheru","2016.Patancheru","ICC4991","Desi",60.74525383,43.73611761,115.8259975,89.89474093,10.40044549,13.41150405,4,4,4,3,4,NA
2016,"Patancheru","2016.Patancheru","ICC4992","Desi",71.49505146,53.08406017,123.4331254,96.34959182,12.0349391,12.04162721,4,4,4,2,4,NA
2016,"Patancheru","2016.Patancheru","ICC5003","Desi",56.81471706,40.26394014,109.9962453,92.9819518,29.69666045,22.61642643,5,3,4,2,4,NA
2016,"Patancheru","2016.Patancheru","ICC5003HN","Desi",53.09357636,45.90592654,111.1056412,79.34324472,29.71192259,20.28926968,1,4,4,5,4,NA
2016,"Patancheru","2016.Patancheru","ICC5003LN","Desi",63.70268628,42.54910714,122.2839791,58.49401367,30.88236405,13.45842011,4,1,4,3,4,NA
2016,"Patancheru","2016.Patancheru","ICC5020","Desi",68.06547104,45.54124685,127.7063001,110.0910858,11.77221698,17.49903423,5,4,4,2,4,NA
2016,"Patancheru","2016.Patancheru","ICC5036","Desi",81.31288684,52.16614349,124.8445381,121.9126554,13.07283431,15.1097979,4,5,4,1,4,NA
2016,"Patancheru","2016.Patancheru","ICC5038","Kabuli",86.23776605,42.99346529,126.5224331,49.9817155,18.8947687,9.269794139,4,2,4,1,4,NA
2016,"Patancheru","2016.Patancheru","ICC5055","Kabuli",80.17742261,43.95271918,132.9153401,56.17800016,19.94150879,9.940075909,3,3,4,4,4,4
2016,"Patancheru","2016.Patancheru","ICC5135","Desi",71.15643576,45.8263389,122.3032774,165.2802776,16.19299707,23.37573626,1,3,4,1,4,NA
2016,"Patancheru","2016.Patancheru","ICC5146","Desi",80.55089597,50.05559489,127.2807421,92.7609185,13.59924778,13.84097686,4,2,4,3,4,NA
2016,"Patancheru","2016.Patancheru","ICC5151","Desi",80.89596419,57.95992263,126.3646082,85.16954479,12.79336985,13.66173157,3,4,4,3,4,NA
2016,"Patancheru","2016.Patancheru","ICC5152","Desi",65.51356227,35.1596939,115.0673882,88.5921255,8.69967208,19.45242114,5,2,4,3,4,NA
2016,"Patancheru","2016.Patancheru","ICC5169","Desi",71.36788702,51.46356298,120.0399853,142.0315191,14.77020271,17.02928697,4,1,4,3,4,NA
2016,"Patancheru","2016.Patancheru","ICC5172","Desi",77.84674388,47.22996835,130.6733829,157.1146149,10.6048183,22.80572058,1,2,4,1,4,NA
2016,"Patancheru","2016.Patancheru","ICC5178","Desi",91.03530891,49.06047718,136.1013727,84.31579361,6.547581168,12.04187071,5,3,4,3,4,NA
2016,"Patancheru","2016.Patancheru","ICC5221","Desi",62.54315461,29.49962085,114.0027368,22.23191094,7.078951556,0.723819501,3,3,4,5,4,NA
2016,"Patancheru","2016.Patancheru","ICC5233","Desi",68.36374193,43.03088102,120.5945037,95.99540931,9.186407159,15.93994465,3,5,4,3,4,NA
2016,"Patancheru","2016.Patancheru","ICC5239","Desi",77.23609481,43.91748433,132.196726,139.8695035,2.824208468,25.60809939,3,1,4,2,4,NA
2016,"Patancheru","2016.Patancheru","ICC5409","Desi",55.17929529,39.24918868,105.515957,116.1274995,10.85241765,18.61348047,4,3,4,4,4,4
2016,"Patancheru","2016.Patancheru","ICC5455","Desi",63.05534845,47.93866063,123.2310115,126.7428527,9.519212598,13.91258901,5,3,4,5,4,NA
2016,"Patancheru","2016.Patancheru","ICC5458","Desi",71.88498667,50.58650756,131.359549,53.97899,23.43553666,13.59358432,1,3,4,5,4,NA
2016,"Patancheru","2016.Patancheru","ICC5592","Desi",56.14247559,34.36592951,99.18434952,47.98898711,12.46656493,7.603405236,2,4,4,1,4,NA
2016,"Patancheru","2016.Patancheru","ICC5593","Desi",45.32679203,33.34854032,109.2528953,97.33269369,13.71090257,14.51327639,1,1,4,1,4,NA
2016,"Patancheru","2016.Patancheru","ICC5710","Desi",50.86287171,41.09224039,104.9736633,136.0524309,13.36872649,20.51288347,3,2,4,5,4,NA
2016,"Patancheru","2016.Patancheru","ICC5722","Desi",75.12912204,49.36047014,128.2109779,100.282583,10.95008593,17.33686901,1,2,4,4,4,4
2016,"Patancheru","2016.Patancheru","ICC5743","Desi",44.20156671,39.70170036,99.036989,49.26957952,17.81500264,10.52678942,2,2,4,2,4,NA
2016,"Patancheru","2016.Patancheru","ICC5752","Desi",53.02040788,30.45997862,111.9693628,103.8282041,15.15838687,15.23827998,1,4,4,1,4,NA
2016,"Patancheru","2016.Patancheru","ICC5755","Desi",46.25122295,35.68721867,91.14022609,100.471075,20.00990805,13.07520808,4,3,4,2,4,NA
2016,"Patancheru","2016.Patancheru","ICC5780","Desi",60.35504207,31.70900811,106.1083376,126.0837413,11.25622678,17.76466305,1,3,4,2,4,NA
2016,"Patancheru","2016.Patancheru","ICC5783","Desi",23.60654215,37.36535902,83.87577101,115.3381863,15.09121574,16.5555851,2,4,4,5,4,NA
2016,"Patancheru","2016.Patancheru","ICC5810","Desi",30.48828166,35.06805103,99.55252797,44.72379943,15.92673352,7.934060054,3,3,4,2,4,NA
2016,"Patancheru","2016.Patancheru","ICC5811","Kabuli",52.82174901,40.74530705,107.720102,98.21943447,10.4108581,13.38417951,5,4,4,4,4,4
2016,"Patancheru","2016.Patancheru","ICC5851","Desi",66.39830069,52.17641478,127.7187249,110.711052,20.2546234,20.28105851,2,4,4,5,4,NA
2016,"Patancheru","2016.Patancheru","ICC6098","Desi",55.28413261,35.33905571,110.957451,56.18320883,13.67385638,9.287450642,3,5,4,2,4,NA
2016,"Patancheru","2016.Patancheru","ICC6128","Desi",62.77188048,41.88547462,114.1911254,68.03992608,18.32676591,11.7678157,1,2,4,3,4,NA
2016,"Patancheru","2016.Patancheru","ICC7204","Kabuli",48.55152599,47.79306557,114.5974458,56.40977295,9.780615571,7.37237996,1,2,4,5,4,NA
2016,"Patancheru","2016.Patancheru","ICC7207","Kabuli",52.92844886,61.40241045,114.5148418,112.8556731,18.60169049,13.96597194,5,3,4,4,4,4
2016,"Patancheru","2016.Patancheru","ICC7225","Kabuli",64.88049834,51.17876364,135.5924678,96.83421454,6.459920993,11.989392,5,2,4,2,4,NA
2016,"Patancheru","2016.Patancheru","ICC7380","Desi",59.79737169,32.89591452,112.9567301,61.97696359,13.35260683,8.147915709,4,3,4,1,4,NA
2016,"Patancheru","2016.Patancheru","ICC7541","Desi",42.17949567,45.96745302,99.30560318,95.18544523,16.60194455,13.41620512,3,5,4,5,4,NA
2016,"Patancheru","2016.Patancheru","ICC8276","Desi",61.18099873,39.14509108,110.3352667,146.760447,19.92747705,19.05100717,2,1,4,2,4,NA
2016,"Patancheru","2016.Patancheru","ICC8284","Kabuli",62.53222637,52.05149145,109.5107669,88.07628101,22.5150565,22.11042126,5,1,4,5,4,NA
2016,"Patancheru","2016.Patancheru","ICC8330","Desi",52.581648,31.16481243,106.9912296,75.5844126,6.707004613,15.82838726,4,2,4,2,4,NA
2016,"Patancheru","2016.Patancheru","ICC8332","Desi",53.78441497,41.09184193,109.7229498,40.66664114,13.9578248,7.033992898,3,5,4,4,4,4
2016,"Patancheru","2016.Patancheru","ICC8336","Desi",75.21661158,38.06952084,134.0465976,103.677519,9.303296976,12.13077356,3,4,4,4,4,4
2016,"Patancheru","2016.Patancheru","ICC8402","Desi",60.68326491,34.90849351,126.8249518,118.4962956,16.78720095,20.51914061,5,5,4,2,4,NA
2016,"Patancheru","2016.Patancheru","ICCC37","Desi",25.20783838,45.25336965,102.75474,44.70875773,40.82109942,17.0690372,2,5,4,3,4,NA
2016,"Patancheru","2016.Patancheru","ICCL81248","Desi",42.02903333,35.28334875,101.1685294,72.21330852,12.15426448,8.040686058,1,3,4,3,4,NA
2016,"Patancheru","2016.Patancheru","ICCL82108","Desi",65.4254454,45.74338066,122.7164013,113.1548892,9.838793676,19.5269618,2,3,4,4,4,4
2016,"Patancheru","2016.Patancheru","ICCL82115","Desi",36.44221081,37.80901697,97.26330646,82.42928278,21.99304059,13.06875723,1,2,4,3,4,NA
2016,"Patancheru","2016.Patancheru","ICCL83135","Desi",47.81250199,38.34640356,105.1213393,95.59166402,18.00984669,18.92432112,3,1,4,4,4,4
2016,"Patancheru","2016.Patancheru","ICCL83149","Desi",33.76957852,31.79261042,96.35753914,55.90584364,18.10093099,11.88837379,4,3,4,4,4,4
2016,"Patancheru","2016.Patancheru","ICCL85222","Desi",36.51519069,40.98304009,103.437407,120.7889324,13.56817183,18.40785121,5,3,4,1,4,NA
2016,"Patancheru","2016.Patancheru","ICCV2","Kabuli",40.7720891,28.53855613,89.39091822,12.9760173,19.61576461,2.18465571,2,3,4,5,4,NA
2016,"Patancheru","2016.Patancheru","ICCV2NN","Kabuli",33.2785271,38.80854508,92.24520981,49.36382022,21.34105924,11.91500082,2,2,4,1,4,NA
2016,"Patancheru","2016.Patancheru","ICCV88202","Desi",37.74846271,40.60985857,86.54820018,51.94116976,20.5536766,13.94004504,1,5,4,3,4,NA
2016,"Patancheru","2016.Patancheru","ICCV88503","Desi",36.90695751,42.09189915,95.86017546,76.61346134,17.40976127,16.22034643,3,2,4,4,4,4
2016,"Patancheru","2016.Patancheru","ICCV89314","Desi",61.10434014,44.94036021,114.7363304,75.64432172,10.89123621,11.98189307,3,4,4,2,4,NA
2016,"Patancheru","2016.Patancheru","ICCV89509","Kabuli",61.92740831,47.09716559,121.0492588,142.5648956,26.00671786,35.78950877,1,2,4,4,4,4
2016,"Patancheru","2016.Patancheru","ICCV91106","Desi",24.34422582,34.85562627,91.05760745,26.92270623,17.25750346,7.516999009,1,1,4,4,4,4
2016,"Patancheru","2016.Patancheru","ICCV91302","Kabuli",69.72472847,49.90524283,123.1077463,93.87570139,22.85915981,17.9603409,2,5,4,5,4,NA
2016,"Patancheru","2016.Patancheru","ICCV91902","Desi",33.16321588,40.2374433,90.91965558,46.54610608,35.01108702,14.75564967,5,3,4,2,4,NA
2016,"Patancheru","2016.Patancheru","ICCV92311","Kabuli",35.27206592,38.87817975,90.33945644,45.1506062,39.72884776,14.48331481,5,3,4,2,4,NA
2016,"Patancheru","2016.Patancheru","ICCV92503","Desi",37.86719699,37.97349939,89.18314305,36.94612376,17.94789773,9.498468879,5,4,4,2,4,NA
2016,"Patancheru","2016.Patancheru","ICCV92944","Desi",35.62708198,39.27976657,93.43774445,55.4426258,26.36872559,15.97155835,2,5,4,1,4,NA
2016,"Patancheru","2016.Patancheru","ICCV93954","Desi",30.47602425,34.60325426,99.85678769,19.72577523,26.83783673,6.930992244,2,2,4,2,4,NA
2016,"Patancheru","2016.Patancheru","ICCV93958","Desi",52.86387523,37.64479245,100.7439926,51.86114307,24.57412553,10.86856506,4,4,4,2,4,NA
2016,"Patancheru","2016.Patancheru","ICCV94954","Desi",46.15752661,39.01324886,99.9089952,58.19381998,26.15849109,15.87558964,1,5,4,4,4,4
2016,"Patancheru","2016.Patancheru","ICCV95334","Kabuli",38.06800735,51.87170291,104.0193298,7.475873822,52.79017782,8.170965542,2,2,4,4,4,4
2016,"Patancheru","2016.Patancheru","ICCV95605","Desi",65.19909882,37.51168068,115.2958798,119.118508,12.50429133,18.11716384,3,2,4,2,4,NA
2016,"Patancheru","2016.Patancheru","ICCV95705","Desi",62.9112428,43.12654708,116.9108015,150.4326085,16.47017889,32.98262139,5,2,4,4,4,4
2016,"Patancheru","2016.Patancheru","ICCV95981","Desi",44.09309714,28.45586579,110.165254,20.03783034,16.44821274,11.66660813,4,2,4,1,4,NA
2016,"Patancheru","2016.Patancheru","ICCV95982","Desi",35.12839357,38.59898862,98.62942741,66.83343686,25.19331118,12.66382538,5,1,4,1,4,NA
2016,"Patancheru","2016.Patancheru","ICCV96030","Desi",14.4358367,35.00658042,66.33715872,NA,23.71830081,0.155364618,2,2,4,2,4,NA
2016,"Patancheru","2016.Patancheru","ICCV96970","Desi",61.4847091,32.80997201,114.7306021,78.19669826,15.17562484,16.27983421,4,1,4,5,4,NA
2016,"Patancheru","2016.Patancheru","IG10360","Kabuli",61.55788783,51.00754766,108.843888,114.6981166,18.00191139,18.57645003,5,5,4,2,4,NA
2016,"Patancheru","2016.Patancheru","IG6367","Kabuli",87.13695326,55.71617318,143.9915611,50.72471109,20.42872095,10.78467029,1,2,4,3,4,NA
2016,"Patancheru","2016.Patancheru","IG6394","Kabuli",60.05525137,54.60856157,120.837027,102.3034115,10.27812012,14.16353529,5,1,4,5,4,NA
2016,"Patancheru","2016.Patancheru","IG69343","Kabuli",103.2778572,72.14244029,132.5677628,39.49545344,21.77361253,6.832545463,1,2,4,3,4,NA
2016,"Patancheru","2016.Patancheru","IG69348","Kabuli",99.7423046,53.65677508,136.8797423,16.23102404,24.26828757,3.753990276,2,2,4,2,4,NA
2016,"Patancheru","2016.Patancheru","IG69352","Kabuli",51.12227747,70.99148111,108.2253658,71.12184081,24.43626501,17.37494037,3,1,4,3,4,NA
2016,"Patancheru","2016.Patancheru","IG69355","Kabuli",93.48303533,76.01045427,135.1114193,47.67870999,26.37464713,10.85947063,5,5,4,3,4,NA
2016,"Patancheru","2016.Patancheru","IG69388","Kabuli",65.52675249,69.80962277,120.9273692,107.4435819,34.9640947,25.64145058,4,4,4,4,4,4
2016,"Patancheru","2016.Patancheru","IG69409","Kabuli",59.27829459,73.12017381,118.4949918,70.73986869,36.17086423,13.98850622,1,4,4,3,4,NA
2016,"Patancheru","2016.Patancheru","IG69843","Kabuli",108.1359299,81.08933424,141.0208422,35.30251045,23.59497939,4.999162373,5,3,4,2,4,NA
2016,"Patancheru","2016.Patancheru","IG70855","Kabuli",69.18495229,48.51124679,133.6527433,7.454922285,32.67839956,16.18272421,1,2,4,4,4,4
2016,"Patancheru","2016.Patancheru","IG70881","Kabuli",95.35569555,56.99522146,130.1434515,59.12485709,47.60102189,21.64562693,2,5,4,1,4,NA
2016,"Patancheru","2016.Patancheru","IG75740","Kabuli",70.36106299,58.79134372,126.1143394,73.5723359,23.60838265,13.15117264,3,2,4,1,4,NA
2016,"Patancheru","2016.Patancheru","IG9729","Kabuli",87.15031443,64.43038235,128.9467678,55.71432121,35.49603156,16.81566467,4,5,4,5,4,NA
2016,"Patancheru","2016.Patancheru","IG9750","Kabuli",94.66843622,52.60997276,127.6275193,16.61306699,25.4853931,5.587479689,3,5,4,3,4,NA
2016,"Patancheru","2016.Patancheru","IG9766","Kabuli",100.7659334,66.87374215,135.1373936,35.13272738,31.41025287,11.18047098,1,1,4,5,4,NA
2016,"Patancheru","2016.Patancheru","IG9793","Kabuli",83.04697586,53.75621764,134.1698011,31.7519766,33.07463446,9.781676578,3,1,4,1,4,NA
2016,"Sehore","2016.Sehore","GG2","Desi",66.4358019,34.54201943,110.9386379,47.52429938,28.70292616,9.499879279,3,4,3,2,1,NA
2016,"Sehore","2016.Sehore","ICC11312","Desi",65.25107908,35.79669431,113.4409607,15.1398376,11.94394539,4.066172391,1,4,3,4,1,NA
2016,"Sehore","2016.Sehore","ICC11316","Desi",66.8636546,28.89566796,119.7599382,20.32405953,12.21900743,2.207174201,2,5,3,1,1,1
2016,"Sehore","2016.Sehore","ICC11318","Desi",67.59836726,33.90039975,107.232618,77.88691878,13.55372399,6.497756728,4,5,3,2,1,NA
2016,"Sehore","2016.Sehore","ICC11321","Desi",78.78153857,37.4892462,121.2411047,21.71509243,24.96905835,1.462325989,3,2,3,3,1,NA
2016,"Sehore","2016.Sehore","ICC11322","Desi",64.99852358,39.54573278,112.6211162,67.36641205,14.15410083,7.398450847,1,1,3,1,1,1
2016,"Sehore","2016.Sehore","ICC11324","Desi",65.85717625,41.96056587,106.1279194,25.63205041,12.03338911,2.101069043,4,3,3,1,1,1
2016,"Sehore","2016.Sehore","ICC11498","Desi",71.42140778,36.00727956,112.2353531,51.0372885,11.60320806,3.900329044,2,4,3,5,1,NA
2016,"Sehore","2016.Sehore","ICC11502","Desi",72.68006172,32.86095464,121.8759627,59.79901854,12.19148858,5.604562982,4,5,3,3,1,NA
2016,"Sehore","2016.Sehore","ICC11504","Desi",72.00282189,35.80120604,111.1541987,9.328786479,13.05177705,2.84245143,4,5,3,3,1,NA
2016,"Sehore","2016.Sehore","ICC11507","Desi",73.34565132,34.36677472,113.7625437,16.67930762,11.04224157,1.220321472,2,2,3,5,1,NA
2016,"Sehore","2016.Sehore","ICC11510","Desi",78.74997069,40.30584461,110.7180006,8.073898318,13.79108507,1.198706932,2,3,3,5,1,NA
2016,"Sehore","2016.Sehore","ICC11524","Desi",67.31172151,33.50008194,118.8966346,27.66410006,12.59170486,3.001077657,5,5,3,2,1,NA
2016,"Sehore","2016.Sehore","ICC11525","Desi",75.56350549,43.17080453,122.3839821,35.87943569,19.10078968,3.900265581,3,2,3,2,1,NA
2016,"Sehore","2016.Sehore","ICC11535","Desi",66.39807458,46.66946309,117.0804848,38.82917832,17.90586855,6.099738286,4,5,3,3,1,NA
2016,"Sehore","2016.Sehore","ICC11536","Desi",64.95933941,34.8089966,111.7431956,17.42429252,11.52589064,1.939528528,1,5,3,3,1,NA
2016,"Sehore","2016.Sehore","ICC11823","Kabuli",74.71723889,49.29426898,113.9795322,12.57527,27.12224146,2.261797792,5,1,3,5,1,NA
2016,"Sehore","2016.Sehore","ICC11879","Kabuli",69.42960132,47.61608214,118.2831626,18.81252022,28.51186568,4.501242685,3,4,3,4,1,NA
2016,"Sehore","2016.Sehore","ICC12228","Desi",74.37222052,33.08877032,109.0420594,10.16422418,12.44256985,0.947547621,1,3,3,5,1,NA
2016,"Sehore","2016.Sehore","ICC12233","Desi",65.29303762,32.47722093,107.941793,24.91075728,13.21508433,2.911107434,5,4,3,1,1,1
2016,"Sehore","2016.Sehore","ICC12235","Desi",65.5719067,31.5017129,109.4819367,62.14751477,11.38366355,6.190378616,3,4,3,4,1,NA
2016,"Sehore","2016.Sehore","ICC12242","Desi",74.04040615,28.27320855,113.4500244,30.62925293,11.67747851,3.400744987,3,5,3,1,1,1
2016,"Sehore","2016.Sehore","ICC12246","Desi",66.76433102,34.77988691,104.0136402,52.88521507,13.38704608,5.644092511,3,2,3,3,1,NA
2016,"Sehore","2016.Sehore","ICC12248","Desi",67.72505957,28.81775201,111.7281172,42.8952748,10.84460125,3.798706826,3,2,3,4,1,NA
2016,"Sehore","2016.Sehore","ICC12251","Desi",65.5205027,33.18152323,110.5116099,51.85662275,12.29296754,5.201105437,4,2,3,3,1,NA
2016,"Sehore","2016.Sehore","ICC12258","Desi",66.29269004,31.69717555,99.34424402,35.23220926,11.81407427,2.849703726,1,1,3,2,1,NA
2016,"Sehore","2016.Sehore","ICC12259","Desi",66.14246686,29.84326925,72.67253032,38.65507032,11.91291333,3.336729064,4,4,3,4,1,NA
2016,"Sehore","2016.Sehore","ICC12267","Desi",74.41448917,26.14657353,109.4006378,45.49290321,11.28632183,3.421910643,5,5,3,5,1,NA
2016,"Sehore","2016.Sehore","ICC12268","Desi",62.01027943,34.93438472,115.2835959,53.74288436,13.10458659,5.604156548,1,2,3,3,1,NA
2016,"Sehore","2016.Sehore","ICC12269","Desi",66.97052817,42.30695018,111.8736361,21.84534816,16.10256113,3.300223923,5,1,3,4,1,NA
2016,"Sehore","2016.Sehore","ICC12270","Desi",67.41375496,32.99324413,109.7531445,55.65202729,12.79589415,4.962182251,5,5,3,3,1,NA
2016,"Sehore","2016.Sehore","ICC12273","Desi",68.08027499,32.67143977,107.1195846,36.95147727,14.23091282,4.642745215,1,4,3,1,1,1
2016,"Sehore","2016.Sehore","ICC12274","Desi",78.2675106,30.73944604,108.0126094,81.57937091,13.59751647,8.501082626,3,3,3,4,1,NA
2016,"Sehore","2016.Sehore","ICC12337","Desi",71.2817635,35.10469213,112.030663,77.75856921,10.19696641,5.401005676,1,5,3,5,1,NA
2016,"Sehore","2016.Sehore","ICC12348","Desi",69.8217338,41.35450263,112.3429924,28.07866803,14.40498814,3.201019728,4,4,3,2,1,NA
2016,"Sehore","2016.Sehore","ICC12361","Desi",68.22827112,26.73981145,110.7360778,45.13986927,10.15595716,3.333937719,1,4,3,3,1,NA
2016,"Sehore","2016.Sehore","ICC12368","Desi",66.31200959,34.74535184,110.1063647,35.25858178,12.00345104,3.20006454,4,5,3,5,1,NA
2016,"Sehore","2016.Sehore","ICC12424","Desi",51.05689709,40.32960606,129.603335,78.75652375,12.02550366,9.378519084,3,3,3,1,1,1
2016,"Sehore","2016.Sehore","ICC12426","Desi",67.27207865,34.31971381,105.6299318,19.64469199,14.55897632,3.635523133,5,3,3,4,1,NA
2016,"Sehore","2016.Sehore","ICC12428","Kabuli",72.24495696,36.74854741,110.007275,19.77727202,10.3200717,2.083803128,4,2,3,1,1,1
2016,"Sehore","2016.Sehore","ICC12433","Kabuli",71.6627657,41.12988771,112.2100514,30.36573728,10.99958087,3.200147441,4,5,3,2,1,NA
2016,"Sehore","2016.Sehore","ICC12434","Kabuli",67.13918365,36.35459005,112.0967355,39.17378536,11.20922234,3.701066759,3,2,3,4,1,NA
2016,"Sehore","2016.Sehore","ICC12437","Desi",67.80228909,31.60593414,106.2813735,27.89074859,12.51090971,2.999307057,2,1,3,4,1,NA
2016,"Sehore","2016.Sehore","ICC12452","Desi",67.82687114,30.82466784,108.3164093,17.88565594,11.20041395,1.700395278,3,2,3,1,1,1
2016,"Sehore","2016.Sehore","ICC12458","Desi",70.58945806,31.85274443,117.0857591,19.10020914,24.51370608,2.351281991,5,5,3,4,1,NA
2016,"Sehore","2016.Sehore","ICC12461","Kabuli",76.84511876,33.78575091,107.5470118,35.93791581,10.08626319,3.761018461,2,5,3,5,1,NA
2016,"Sehore","2016.Sehore","ICC12463","Desi",79.31443577,41.02252935,122.4381107,20.77822631,14.03975564,1.978456248,4,3,3,5,1,NA
2016,"Sehore","2016.Sehore","ICC12464","Desi",70.82029016,40.33874466,111.7484976,29.35741737,14.77348544,2.093109493,1,1,3,1,1,1
2016,"Sehore","2016.Sehore","ICC12471","Desi",70.21149672,33.05043576,121.2932609,45.35305151,10.99623766,4.000426599,1,1,3,3,1,NA
2016,"Sehore","2016.Sehore","ICC12472","Desi",62.97332401,32.8263697,113.9671854,39.15063746,12.98469124,4.121205497,5,1,3,3,1,NA
2016,"Sehore","2016.Sehore","ICC12476","Desi",67.45041754,41.39523542,110.9829588,56.1944062,14.06898217,5.516383546,5,1,3,1,1,1
2016,"Sehore","2016.Sehore","ICC12479","Desi",73.07737652,32.90863826,108.7538036,49.0278061,12.80570297,4.898343836,3,4,3,3,1,NA
2016,"Sehore","2016.Sehore","ICC12480","Desi",74.85684898,42.09978861,121.6849227,10.07590623,NA,1.200191012,4,2,3,5,1,NA
2016,"Sehore","2016.Sehore","ICC12486","Desi",66.88638459,27.4868206,110.2983805,32.30753801,13.80523238,3.303215197,5,2,3,4,1,NA
2016,"Sehore","2016.Sehore","ICC12487","Desi",65.36821501,37.86349077,116.682496,45.16084173,17.19603284,3.603387433,4,3,3,3,1,NA
2016,"Sehore","2016.Sehore","ICC12488","Desi",88.13217581,33.61856028,117.9422376,33.00668433,8.30051318,2.10757521,2,3,3,4,1,NA
2016,"Sehore","2016.Sehore","ICC12490","Desi",68.26724146,36.06540254,112.6738197,52.59313095,11.84111264,5.420189904,5,5,3,4,1,NA
2016,"Sehore","2016.Sehore","ICC12492","Kabuli",67.8540809,37.38441106,120.3540861,22.3677931,16.80133608,2.799999175,2,2,3,4,1,NA
2016,"Sehore","2016.Sehore","ICC12493","Kabuli",76.0167228,33.24454442,123.5012815,43.27680475,12.10569966,3.500309348,5,5,3,5,1,NA
2016,"Sehore","2016.Sehore","ICC12495","Kabuli",71.58828257,34.23616362,123.0744706,12.09112378,23.03021104,1.358449892,2,3,3,5,1,NA
2016,"Sehore","2016.Sehore","ICC12496","Kabuli",62.2150898,36.70926388,108.3789582,17.57836812,17.3120681,2.297684355,4,2,3,3,1,NA
2016,"Sehore","2016.Sehore","ICC12986","Desi",74.80587986,28.43267575,121.7266086,36.36627092,11.09957897,3.10001622,2,2,3,3,1,NA
2016,"Sehore","2016.Sehore","ICC13812","Desi",66.69119888,30.24486634,115.3201898,35.52893448,13.6031572,4.600095017,2,1,3,2,1,NA
2016,"Sehore","2016.Sehore","ICC13816","Kabuli",85.72579967,37.94549898,117.1465661,NA,19.52658885,0.243575893,4,1,3,1,1,1
2016,"Sehore","2016.Sehore","ICC14199","Kabuli",67.54595994,44.87732214,116.4704289,30.30828746,38.83606989,3.884852409,5,1,3,3,1,NA
2016,"Sehore","2016.Sehore","ICC14302","Desi",66.36116426,42.82585479,115.6299938,30.44430509,13.0978599,3.399566939,2,5,3,4,1,NA
2016,"Sehore","2016.Sehore","ICC14304","Desi",69.24417419,38.02186689,113.6442971,47.6244994,14.837531,7.406193054,1,3,3,1,1,1
2016,"Sehore","2016.Sehore","ICC14315","Desi",67.01917003,35.66068966,104.1133454,57.46057787,10.72323575,5.190933572,2,4,3,5,1,NA
2016,"Sehore","2016.Sehore","ICC14316","Desi",65.65642227,23.88498802,112.0392536,16.4855829,12.30874696,1.40628147,3,2,3,5,1,NA
2016,"Sehore","2016.Sehore","ICC14321","Desi",71.92551894,23.45080195,106.8214034,17.43263218,12.47633018,1.337217143,3,4,3,1,1,1
2016,"Sehore","2016.Sehore","ICC14327","Desi",66.86610404,33.70275186,120.7803362,19.63262656,11.89244514,1.99931918,1,5,3,4,1,NA
2016,"Sehore","2016.Sehore","ICC14331","Desi",73.76543472,28.13246079,119.2883202,16.23264544,9.120749006,1.198260608,1,5,3,1,1,1
2016,"Sehore","2016.Sehore","ICC14333","Desi",70.27620052,27.84180459,113.500336,26.388368,11.23944587,2.121437865,5,5,3,5,1,NA
2016,"Sehore","2016.Sehore","ICC14334","Desi",70.12521094,25.33381306,108.6514862,32.55105395,12.89919493,4.002409841,1,5,3,1,1,1
2016,"Sehore","2016.Sehore","ICC14335","Desi",67.63686254,42.58356991,114.3246782,44.60536589,21.38047791,5.176308705,1,2,3,2,1,NA
2016,"Sehore","2016.Sehore","ICC14344","Desi",66.0756274,32.56152247,118.6373893,25.33128859,19.06720165,2.723994563,1,1,3,4,1,NA
2016,"Sehore","2016.Sehore","ICC14354","Desi",72.43562134,34.89507421,130.4668396,10.91328509,0.002864508,0.001851936,5,1,3,5,1,NA
2016,"Sehore","2016.Sehore","ICC14356","Desi",74.06211159,32.86974709,115.0057258,17.0711522,14.93599617,2.000790386,2,3,3,2,1,NA
2016,"Sehore","2016.Sehore","ICC14364","Desi",64.34704812,30.4988629,108.7466407,41.11523384,12.00111005,3.799751366,5,3,3,2,1,NA
2016,"Sehore","2016.Sehore","ICC14366","Desi",62.41247622,30.29600522,114.5809473,2.645632546,NA,0.720391376,2,4,3,5,1,NA
2016,"Sehore","2016.Sehore","ICC14368","Desi",77.17028315,32.99480657,108.7208193,36.09937041,11.75308814,2.94658189,2,1,3,5,1,NA
2016,"Sehore","2016.Sehore","ICC14369","Desi",62.71177617,42.19189477,112.0527513,52.68212204,14.29020093,4.746428915,3,3,3,5,1,NA
2016,"Sehore","2016.Sehore","ICC14371","Desi",63.24998188,33.10238536,106.2222114,31.42943912,11.99772339,3.554793806,1,4,3,1,1,1
2016,"Sehore","2016.Sehore","ICC14374","Desi",70.81946845,37.80134556,109.1921616,20.32921367,11.89035402,1.600651834,4,4,3,2,1,NA
2016,"Sehore","2016.Sehore","ICC14385","Desi",77.16090673,39.06459931,113.616973,36.21170805,10.27440059,4.428616682,3,2,3,4,1,NA
2016,"Sehore","2016.Sehore","ICC14390","Desi",66.87410166,30.0459087,111.3071132,30.06063983,18.53531374,4.318041338,2,3,3,5,1,NA
2016,"Sehore","2016.Sehore","ICC14391","Desi",64.30147608,37.28041311,108.349978,43.08687175,12.90145145,4.600422828,2,3,3,3,1,NA
2016,"Sehore","2016.Sehore","ICC14393","Desi",62.35459128,32.25175416,104.0301719,64.04334948,16.02851291,7.313078426,4,4,3,1,1,1
2016,"Sehore","2016.Sehore","ICC14394","Desi",60.39947755,32.25653253,110.6608408,39.32751499,21.84685802,5.69089389,3,1,3,2,1,NA
2016,"Sehore","2016.Sehore","ICC14396","Desi",69.93025988,30.91719086,109.9175392,46.47264482,13.50649028,4.900004732,4,5,3,3,1,NA
2016,"Sehore","2016.Sehore","ICC14402","Desi",65.41612814,32.19604555,115.6345968,35.64796167,14.78569126,4.052505843,4,1,3,5,1,NA
2016,"Sehore","2016.Sehore","ICC14411","Desi",65.22676853,32.593736,109.7780562,53.06070623,11.55992765,4.952089183,3,1,3,4,1,NA
2016,"Sehore","2016.Sehore","ICC14423","Desi",60.25495099,38.57239417,113.0591287,40.90352867,16.63999095,3.307708452,3,5,3,5,1,NA
2016,"Sehore","2016.Sehore","ICC14425","Desi",67.08921205,40.32867308,117.1376467,86.33911363,11.97911437,7.924613572,2,1,3,5,1,NA
2016,"Sehore","2016.Sehore","ICC14426","Desi",68.10622991,31.00097915,108.746212,26.14133608,12.78530059,2.213139638,2,5,3,1,1,1
2016,"Sehore","2016.Sehore","ICC14432","Desi",61.77905662,30.86692795,115.1067462,14.66208412,17.2986065,1.997481493,2,1,3,4,1,NA
2016,"Sehore","2016.Sehore","ICC14436","Desi",75.49677087,37.8242301,118.4329618,17.64705569,13.97631825,1.599215913,2,1,3,3,1,NA
2016,"Sehore","2016.Sehore","ICC14871","Desi",69.86613976,35.07844715,121.7161337,NA,NA,0.707637726,3,3,3,3,1,NA
2016,"Sehore","2016.Sehore","ICC14872","Desi",64.9204232,NA,116.9486599,58.18695174,10.31633313,3.627744016,2,1,3,2,1,NA
2016,"Sehore","2016.Sehore","ICC15553","Desi",71.76811034,28.37015799,112.1242635,35.96808301,12.40441602,3.6002691,1,3,3,4,1,NA
2016,"Sehore","2016.Sehore","ICC15574","Desi",69.32957776,36.15402322,108.0334066,15.080411,NA,1.764202099,3,1,3,5,1,NA
2016,"Sehore","2016.Sehore","ICC15577","Desi",72.9338813,40.96150726,131.8700465,5.570015985,NA,0.016444665,1,4,3,1,1,1
2016,"Sehore","2016.Sehore","ICC15966","Desi",66.48506022,29.86942125,110.3903422,53.21313928,13.29396676,6.297084321,3,3,3,1,1,1
2016,"Sehore","2016.Sehore","ICC16374","Desi",64.29627421,31.06676211,121.2793055,58.90747492,12.60494802,5.817713057,1,3,3,1,1,1
2016,"Sehore","2016.Sehore","ICC16682","Desi",65.0599969,38.02355,125.8917452,41.02906789,11.29160478,3.33916256,4,4,3,2,1,NA
2016,"Sehore","2016.Sehore","ICC4918NN","Desi",71.33639267,34.58637998,112.0799831,45.19562732,11.61389882,3.756619464,5,3,3,3,1,NA
2016,"Sehore","2016.Sehore","ICC4923","Desi",68.02438806,31.36528069,110.6420993,76.45019776,11.67923265,8.005874919,4,2,3,4,1,NA
2016,"Sehore","2016.Sehore","ICC4928","Kabuli",71.0587656,43.16920542,115.9533298,10.63261262,22.15545964,3.795744203,4,4,3,1,1,1
2016,"Sehore","2016.Sehore","ICC4938","Desi",75.14132379,28.52462286,123.1905264,18.58872444,8.873458807,1.936953815,5,1,3,2,1,NA
2016,"Sehore","2016.Sehore","ICC4946","Desi",76.57237742,37.83868132,121.4876028,89.32706336,11.39778593,9.096368111,5,2,3,2,1,NA
2016,"Sehore","2016.Sehore","ICC4947","Desi",75.75644353,35.8656715,124.2854565,14.49604723,15.20151069,1.500253821,2,5,3,4,1,NA
2016,"Sehore","2016.Sehore","ICC4948HN","Desi",73.00228176,35.87863217,110.5268528,23.42689075,14.70458746,3.400074682,4,4,3,1,1,1
2016,"Sehore","2016.Sehore","ICC4948LN","Desi",73.03968633,40.11369211,117.4260459,31.98319818,13.39013428,3.499471566,4,3,3,1,1,1
2016,"Sehore","2016.Sehore","ICC4954","Desi",61.32342791,36.50729387,124.6543155,92.95206848,11.01290976,7.810246488,2,2,3,3,1,NA
2016,"Sehore","2016.Sehore","ICC4957N","Desi",66.90999938,32.67893264,133.9917645,4.369876411,3.5753861,NA,5,2,3,2,1,NA
2016,"Sehore","2016.Sehore","ICC4969","Desi",71.35812425,29.69078633,121.1586262,16.51503258,9.990994445,1.333287412,2,3,3,1,1,1
2016,"Sehore","2016.Sehore","ICC4991","Desi",72.39273777,42.14237099,107.8739645,31.92845927,9.277599968,2.127877443,4,5,3,3,1,NA
2016,"Sehore","2016.Sehore","ICC4992","Desi",73.19854822,38.96816603,116.8380442,29.05917693,14.29308717,3.69970165,4,4,3,2,1,NA
2016,"Sehore","2016.Sehore","ICC5003","Desi",72.8452286,35.404074,125.942442,16.51590583,NA,NA,5,5,3,2,1,NA
2016,"Sehore","2016.Sehore","ICC5003HN","Desi",83.98131546,35.667244,113.7286841,60.19928314,23.0711647,11.46624631,1,5,3,5,1,NA
2016,"Sehore","2016.Sehore","ICC5003LN","Desi",68.19309444,32.34434703,125.2011028,32.52937538,32.39700961,7.801589683,4,3,3,3,1,NA
2016,"Sehore","2016.Sehore","ICC5020","Desi",71.49627705,31.38993281,114.8879058,26.18480812,13.4200213,2.521030999,5,2,3,2,1,NA
2016,"Sehore","2016.Sehore","ICC5036","Desi",70.13730391,35.35561435,126.5516031,19.15470164,14.1516824,2.021440476,4,2,3,1,1,1
2016,"Sehore","2016.Sehore","ICC5038","Kabuli",78.76918934,44.54108709,116.6511328,20.01531302,14.39965367,2.699207418,4,4,3,1,1,1
2016,"Sehore","2016.Sehore","ICC5055","Kabuli",75.9135877,29.72683491,102.314147,27.580083,12.39277342,2.508088528,3,3,3,4,1,NA
2016,"Sehore","2016.Sehore","ICC5135","Desi",71.19946206,40.92952988,124.6689646,25.76252137,14.30688193,2.897729301,1,5,3,1,1,1
2016,"Sehore","2016.Sehore","ICC5146","Desi",78.81584396,40.51849849,115.6949051,NA,12.19352339,1.278885618,4,4,3,3,1,NA
2016,"Sehore","2016.Sehore","ICC5151","Desi",80.59209245,37.00247707,123.7698803,18.3054742,9.844988699,1.443304283,3,4,3,3,1,NA
2016,"Sehore","2016.Sehore","ICC5152","Desi",63.32305375,43.19094429,112.6704686,49.36347547,15.61061649,4.99289861,5,3,3,3,1,NA
2016,"Sehore","2016.Sehore","ICC5169","Desi",66.61222737,37.31299854,109.964288,74.85099126,13.35377286,7.716419938,4,2,3,3,1,NA
2016,"Sehore","2016.Sehore","ICC5172","Desi",76.2819593,44.46591345,114.9284046,25.55945036,28.30381169,4.502390698,1,1,3,1,1,1
2016,"Sehore","2016.Sehore","ICC5178","Desi",78.14932714,40.75360245,122.3894892,11.73965981,13.50114343,1.200041176,5,5,3,3,1,NA
2016,"Sehore","2016.Sehore","ICC5221","Desi",70.90251987,34.63848732,111.0718083,35.37077462,10.72045036,3.000570926,3,2,3,5,1,NA
2016,"Sehore","2016.Sehore","ICC5233","Desi",69.30060314,31.77789948,116.3059594,19.49976148,11.83938892,3.525354404,3,1,3,3,1,NA
2016,"Sehore","2016.Sehore","ICC5239","Desi",67.04350456,44.1922708,113.0429943,2.946077047,11.55468764,2.903594364,3,5,3,2,1,NA
2016,"Sehore","2016.Sehore","ICC5409","Desi",66.55289003,34.87558395,113.463414,40.52894849,12.33043654,4.097467477,4,4,3,4,1,NA
2016,"Sehore","2016.Sehore","ICC5455","Desi",68.10259483,42.02031421,119.1620973,66.59910233,12.28720446,4.946687834,5,1,3,5,1,NA
2016,"Sehore","2016.Sehore","ICC5458","Desi",77.09376967,33.86059941,121.002792,11.92205054,22.40604661,1.698627958,1,5,3,5,1,NA
2016,"Sehore","2016.Sehore","ICC5592","Desi",84.94358507,31.70904153,112.2668758,42.16317958,10.04875647,4.036680673,2,1,3,1,1,1
2016,"Sehore","2016.Sehore","ICC5593","Desi",70.72812824,39.77321529,109.1734747,116.4988732,13.20037362,12.69974992,1,2,3,1,1,1
2016,"Sehore","2016.Sehore","ICC5710","Desi",65.10969733,30.83859347,111.6310001,58.53085793,14.67245434,6.242166152,3,2,3,5,1,NA
2016,"Sehore","2016.Sehore","ICC5722","Desi",69.7408739,38.74545025,116.3622514,15.13845123,12.52531658,3.677402793,1,5,3,4,1,NA
2016,"Sehore","2016.Sehore","ICC5743","Desi",71.38838205,31.94278311,111.9269472,24.68053917,19.80279913,4.17025726,2,5,3,2,1,NA
2016,"Sehore","2016.Sehore","ICC5752","Desi",72.52365645,29.00281736,113.5004655,50.57058428,11.59662235,4.497551738,1,1,3,1,1,1
2016,"Sehore","2016.Sehore","ICC5755","Desi",69.983454,40.47984868,138.0649066,8.695429093,0.557589718,0.11892258,4,1,3,2,1,NA
2016,"Sehore","2016.Sehore","ICC5780","Desi",64.99332275,29.59673759,121.6284241,17.46803561,11.03408478,0.804970264,1,5,3,2,1,NA
2016,"Sehore","2016.Sehore","ICC5783","Desi",61.83728285,30.15989648,103.4995601,54.29325417,12.30231162,5.600798561,2,3,3,5,1,NA
2016,"Sehore","2016.Sehore","ICC5810","Desi",70.28432403,33.89074975,104.5505668,60.0477567,13.60244937,6.200084237,3,2,3,2,1,NA
2016,"Sehore","2016.Sehore","ICC5811","Kabuli",69.30670057,37.80368127,114.0480322,92.27143883,11.04657362,8.351388757,5,1,3,4,1,NA
2016,"Sehore","2016.Sehore","ICC5851","Desi",70.80419676,37.85003198,114.771345,23.92675286,18.10983811,2.205120923,2,1,3,5,1,NA
2016,"Sehore","2016.Sehore","ICC6098","Desi",70.89937905,31.58486052,114.6793707,NA,NA,1.263414461,3,2,3,2,1,NA
2016,"Sehore","2016.Sehore","ICC6128","Desi",68.120844,33.95272786,119.955933,43.65553367,16.81958937,6.595853086,1,4,3,3,1,NA
2016,"Sehore","2016.Sehore","ICC7204","Kabuli",64.29327999,41.33238304,107.0950939,26.99127765,13.16995241,2.24067663,1,5,3,5,1,NA
2016,"Sehore","2016.Sehore","ICC7207","Kabuli",77.28930107,37.85791807,118.6597176,42.89939939,9.154429718,4.016510216,5,5,3,4,1,NA
2016,"Sehore","2016.Sehore","ICC7225","Kabuli",63.43197421,44.2460759,125.9800673,37.37801841,9.69970186,3.100577387,5,3,3,2,1,NA
2016,"Sehore","2016.Sehore","ICC7380","Desi",70.32164127,30.66253773,116.3332891,17.24544329,17.97860245,2.73120679,4,2,3,1,1,1
2016,"Sehore","2016.Sehore","ICC7541","Desi",65.01905183,34.81146403,126.0345367,NA,NA,NA,3,4,3,5,1,NA
2016,"Sehore","2016.Sehore","ICC8276","Desi",72.705478,35.48638103,135.5669433,NA,0.089135795,0.011735009,2,4,3,2,1,NA
2016,"Sehore","2016.Sehore","ICC8284","Kabuli",68.31738414,48.0226955,114.7615648,27.46756154,18.7332159,3.799715402,5,4,3,5,1,NA
2016,"Sehore","2016.Sehore","ICC8330","Desi",64.80246601,30.52512703,108.8683918,11.82986363,13.20426552,1.099865982,4,4,3,2,1,NA
2016,"Sehore","2016.Sehore","ICC8332","Desi",65.37930135,34.41240022,103.4008385,38.20237005,18.52916354,5.8000328,3,3,3,4,1,NA
2016,"Sehore","2016.Sehore","ICC8336","Desi",74.05467305,25.96226037,116.0820939,8.887295216,9.002425902,0.900273886,3,5,3,4,1,NA
2016,"Sehore","2016.Sehore","ICC8402","Desi",69.2004084,34.32252129,112.837591,12.74384985,15.61159834,1.302327314,5,5,3,2,1,NA
2016,"Sehore","2016.Sehore","ICCC37","Desi",66.63921746,29.95671467,122.211841,65.53123801,11.80597094,6.400291298,2,5,3,3,1,NA
2016,"Sehore","2016.Sehore","ICCL81248","Desi",NA,35.0688146,NA,62.45799768,10.59363498,5.350196333,1,4,3,3,1,NA
2016,"Sehore","2016.Sehore","ICCL82108","Desi",59.41077436,39.87939442,110.9008238,5.06721528,14.20240943,5.053152967,2,4,3,4,1,NA
2016,"Sehore","2016.Sehore","ICCL82115","Desi",65.56754766,39.12589642,105.4816305,50.70005505,14.7378413,5.908385364,1,5,3,3,1,NA
2016,"Sehore","2016.Sehore","ICCL83135","Desi",66.28616509,37.39604966,110.598778,24.88123121,19.71024582,4.401370095,3,1,3,4,1,NA
2016,"Sehore","2016.Sehore","ICCL83149","Desi",68.14594086,34.09567191,118.4089691,52.59655315,15.51452023,6.10839718,4,3,3,4,1,NA
2016,"Sehore","2016.Sehore","ICCL85222","Desi",66.35374168,25.67642087,112.4590889,42.18952528,12.89658987,3.614029379,5,5,3,1,1,1
2016,"Sehore","2016.Sehore","ICCV2","Kabuli",61.30580934,32.86490104,113.3829659,28.29330309,26.56145903,4.122127934,2,4,3,5,1,NA
2016,"Sehore","2016.Sehore","ICCV2NN","Kabuli",NA,33.26008756,NA,22.44598643,23.48917431,3.370049283,2,2,3,1,1,1
2016,"Sehore","2016.Sehore","ICCV88202","Desi",64.66599271,33.70368575,105.925581,34.56466677,22.50073917,5.500244566,1,2,3,3,1,NA
2016,"Sehore","2016.Sehore","ICCV88503","Desi",63.30321359,46.00067169,106.4847143,90.75486381,9.295539734,8.106042817,3,5,3,4,1,NA
2016,"Sehore","2016.Sehore","ICCV89314","Desi",73.67160231,48.81862974,113.7624702,65.92694912,12.17813062,6.301027027,3,2,3,2,1,NA
2016,"Sehore","2016.Sehore","ICCV89509","Kabuli",74.28013536,33.96456261,115.7412281,28.16427391,23.45392566,4.818996453,1,2,3,4,1,NA
2016,"Sehore","2016.Sehore","ICCV91106","Desi",68.75069811,31.7716233,113.2909045,29.33341144,17.10482018,4.084103259,1,1,3,4,1,NA
2016,"Sehore","2016.Sehore","ICCV91302","Kabuli",68.07527745,39.07190049,107.8592654,35.10064993,44.0964067,2.899699344,2,5,3,5,1,NA
2016,"Sehore","2016.Sehore","ICCV91902","Desi",61.80108556,29.78590081,120.6584077,25.7732659,24.25514146,6.390133511,5,4,3,2,1,NA
2016,"Sehore","2016.Sehore","ICCV92311","Kabuli",69.12687593,32.30018405,111.4339423,38.39493464,30.96546877,8.902409003,5,1,3,2,1,NA
2016,"Sehore","2016.Sehore","ICCV92503","Desi",52.1361379,34.17022127,105.6978597,58.8045526,14.85444774,8.561840363,5,5,3,2,1,NA
2016,"Sehore","2016.Sehore","ICCV92944","Desi",59.02304814,43.46657053,106.7050597,49.53553891,23.80918849,8.396899716,2,1,3,1,1,1
2016,"Sehore","2016.Sehore","ICCV93954","Desi",70.30707006,30.64379974,109.6188859,52.40103753,19.53025054,8.286328679,2,3,3,2,1,NA
2016,"Sehore","2016.Sehore","ICCV93958","Desi",62.88460024,39.79861699,110.198388,38.15932071,24.76706207,9.39448125,4,4,3,2,1,NA
2016,"Sehore","2016.Sehore","ICCV94954","Desi",71.96047022,39.10776201,127.380579,0.365841722,0.003640236,NA,1,1,3,4,1,NA
2016,"Sehore","2016.Sehore","ICCV95334","Kabuli",79.26673415,38.36904759,105.0150412,31.37403551,38.71668688,6.41890122,2,1,3,4,1,NA
2016,"Sehore","2016.Sehore","ICCV95605","Desi",64.50968995,34.66345348,112.4789712,18.58605904,38.59490968,3.698817916,3,2,3,2,1,NA
2016,"Sehore","2016.Sehore","ICCV95705","Desi",85.34287733,33.74938948,115.7340078,104.4865384,9.261740018,7.835550357,5,2,3,4,1,NA
2016,"Sehore","2016.Sehore","ICCV95981","Desi",75.38297456,34.64731692,115.2136673,39.67953795,18.47085898,5.829174375,4,5,3,1,1,1
2016,"Sehore","2016.Sehore","ICCV95982","Desi",69.90998104,33.33118418,115.6320024,59.92765043,23.04545601,11.40584832,5,5,3,1,1,1
2016,"Sehore","2016.Sehore","ICCV96030","Desi",52.6613425,30.34569997,103.4097974,10.23921253,16.58933054,4.951440063,2,2,3,2,1,NA
2016,"Sehore","2016.Sehore","ICCV96970","Desi",66.91573947,33.7553147,109.5529631,33.94517889,16.41102276,5.603286958,4,5,3,5,1,NA
2016,"Sehore","2016.Sehore","IG10360","Kabuli",69.62328714,37.44109414,114.3896423,18.3906568,16.47083928,2.808292934,5,5,3,2,1,NA
2016,"Sehore","2016.Sehore","IG6367","Kabuli",72.83468154,47.35297034,113.9698148,27.71891521,19.47340431,2.410976706,1,2,3,3,1,NA
2016,"Sehore","2016.Sehore","IG6394","Kabuli",63.80084887,33.5281748,102.8599412,25.53082852,11.18638148,2.695261527,5,5,3,5,1,NA
2016,"Sehore","2016.Sehore","IG69343","Kabuli",83.01317648,55.75177224,105.87847,25.17563815,25.69973829,4.599893184,1,5,3,3,1,NA
2016,"Sehore","2016.Sehore","IG69348","Kabuli",79.44555782,48.6635673,113.7533343,22.57090785,NA,1.393374162,2,1,3,2,1,NA
2016,"Sehore","2016.Sehore","IG69352","Kabuli",69.14940951,54.0400926,115.6400092,19.714825,20.47928597,1.999831738,3,4,3,3,1,NA
2016,"Sehore","2016.Sehore","IG69355","Kabuli",68.67491569,65.66911489,121.3804929,16.41423922,NA,0.500147258,5,3,3,3,1,NA
2016,"Sehore","2016.Sehore","IG69388","Kabuli",79.4479415,52.92871669,133.7713968,0.636173212,NA,0.00095158,4,5,3,4,1,NA
2016,"Sehore","2016.Sehore","IG69409","Kabuli",71.42132694,51.2209408,120.8787442,11.21632486,NA,1.096547732,1,1,3,3,1,NA
2016,"Sehore","2016.Sehore","IG69843","Kabuli",79.51042158,71.41161267,127.5202502,0.808289769,NA,NA,5,1,3,2,1,NA
2016,"Sehore","2016.Sehore","IG70855","Kabuli",73.14976165,54.11974629,109.0896308,NA,30.9748645,3.237479168,1,2,3,4,1,NA
2016,"Sehore","2016.Sehore","IG70881","Kabuli",74.99949097,53.25775829,127.1333968,19.75575527,9.047403109,0.91016222,2,1,3,1,1,1
2016,"Sehore","2016.Sehore","IG75740","Kabuli",66.69661909,48.54774017,112.4527039,NA,26.72768078,2.478674537,3,2,3,1,1,1
2016,"Sehore","2016.Sehore","IG9729","Kabuli",88.94864972,38.40644898,115.5600049,14.93575358,NA,0.600530212,4,4,3,5,1,NA
2016,"Sehore","2016.Sehore","IG9750","Kabuli",72.0580048,43.24031907,119.5731084,37.91742456,25.09531084,2.428760345,3,1,3,3,1,NA
2016,"Sehore","2016.Sehore","IG9766","Kabuli",70.21055252,44.42679399,130.6813649,10.77367604,0.132349574,0.012284098,1,2,3,5,1,NA
2016,"Sehore","2016.Sehore","IG9793","Kabuli",66.49274877,44.62043872,109.4583706,14.34919703,NA,0.999875682,3,4,3,1,1,1
